
> 10is-ball@4.1.1 verify:e2e /Users/liubavskii/.codex/worktrees/c870/tab10
> node scripts/verify/run-prodlike-e2e.mjs


> Build production API and web artifacts

> 10is-ball@4.1.1 build /Users/liubavskii/.codex/worktrees/c870/tab10
> pnpm -r run build

Scope: 5 of 6 workspace projects
packages/ic-kit build$ echo 'ic-kit vendored; no build'
packages/shared build$ tsc -p tsconfig.json
packages/test-utils build$ tsc -p tsconfig.json
packages/ic-kit build: ic-kit vendored; no build
packages/ic-kit build: Done
packages/test-utils build: Done
packages/shared build: Done
apps/web build$ tsc -b && vite build && node ../../scripts/release/write-web-release.mjs --output dist/release.json
apps/api build$ tsc -p tsconfig.json
apps/web build: vite v6.4.3 building for production...
apps/web build: transforming...
apps/api build: Done
apps/web build: ✓ 115 modules transformed.
apps/web build: rendering chunks...
apps/web build: computing gzip size...
apps/web build: dist/index.html                     0.46 kB │ gzip:     0.30 kB
apps/web build: dist/assets/index-DTlCYQWR.css    717.60 kB │ gzip:   306.36 kB
apps/web build: dist/assets/index-BpjgHcCr.js   4,713.39 kB │ gzip: 1,350.81 kB
apps/web build: ✓ built in 1.19s
apps/web build: (!) Some chunks are larger than 500 kB after minification. Consider:
apps/web build: - Using dynamic import() to code-split the application
apps/web build: - Use build.rollupOptions.output.manualChunks to improve chunking: https://rollupjs.org/configuration-options/#output-manualchunks
apps/web build: - Adjust chunk size limit for this warning via build.chunkSizeWarningLimit.
apps/web build: {"written":"/Users/liubavskii/.codex/worktrees/c870/tab10/apps/web/dist/release.json","release":{"sha":"0123456789abcdef0123456789abcdef01234567","version":"4.1.1","environment":"test","dirty":false}}
apps/web build: Done

> Write deterministic web release metadata
{"written":"/Users/liubavskii/.codex/worktrees/c870/tab10/apps/web/dist/release.json","release":{"sha":"0123456789abcdef0123456789abcdef01234567","version":"4.1.1","environment":"test","dirty":false}}

> Apply compiled migrations before startup

> Exercise the checked-in local PostgreSQL role initializer

> Apply the checked-in local role policy
Local PostgreSQL runtime-role policy applied

> Apply hosted migration contract to the exact local init roles

> 10is-ball@4.1.1 db:migrate /Users/liubavskii/.codex/worktrees/c870/tab10
> node scripts/bin/run-compiled-migration.mjs "--" "--mode=apply"

{
  severity_local: 'NOTICE',
  severity: 'NOTICE',
  code: '42P06',
  message: 'schema "drizzle" already exists, skipping',
  file: 'schemacmds.c',
  line: '132',
  routine: 'CreateSchemaCommand'
}
{
  severity_local: 'NOTICE',
  severity: 'NOTICE',
  code: '42701',
  message: 'column "judge_display_flipped" of relation "matches" already exists, skipping',
  file: 'tablecmds.c',
  line: '7349',
  routine: 'check_for_column_name_collision'
}
{
  severity_local: 'NOTICE',
  severity: 'NOTICE',
  code: '42701',
  message: 'column "tournament_slot_id" of relation "matches" already exists, skipping',
  file: 'tablecmds.c',
  line: '7349',
  routine: 'check_for_column_name_collision'
}
{
  severity_local: 'NOTICE',
  severity: 'NOTICE',
  code: '42701',
  message: 'column "tournament_bracket_match_id" of relation "matches" already exists, skipping',
  file: 'tablecmds.c',
  line: '7349',
  routine: 'check_for_column_name_collision'
}
{
  severity_local: 'NOTICE',
  severity: 'NOTICE',
  code: '42701',
  message: 'column "guest_avatar_key" of relation "match_participants" already exists, skipping',
  file: 'tablecmds.c',
  line: '7349',
  routine: 'check_for_column_name_collision'
}
{
  severity_local: 'NOTICE',
  severity: 'NOTICE',
  code: '42701',
  message: 'column "guest_avatar_key" of relation "tournament_participants" already exists, skipping',
  file: 'tablecmds.c',
  line: '7349',
  routine: 'check_for_column_name_collision'
}
{
  severity_local: 'NOTICE',
  severity: 'NOTICE',
  code: '42701',
  message: 'column "status" of relation "tournament_participants" already exists, skipping',
  file: 'tablecmds.c',
  line: '7349',
  routine: 'check_for_column_name_collision'
}
{
  severity_local: 'NOTICE',
  severity: 'NOTICE',
  code: '42701',
  message: 'column "organizer_participates" of relation "tournaments" already exists, skipping',
  file: 'tablecmds.c',
  line: '7349',
  routine: 'check_for_column_name_collision'
}
{
  severity_local: 'NOTICE',
  severity: 'NOTICE',
  code: '42701',
  message: 'column "points_to_win" of relation "tournaments" already exists, skipping',
  file: 'tablecmds.c',
  line: '7349',
  routine: 'check_for_column_name_collision'
}
{
  severity_local: 'NOTICE',
  severity: 'NOTICE',
  code: '42701',
  message: 'column "mercy_enabled" of relation "tournaments" already exists, skipping',
  file: 'tablecmds.c',
  line: '7349',
  routine: 'check_for_column_name_collision'
}
{
  severity_local: 'NOTICE',
  severity: 'NOTICE',
  code: '42701',
  message: 'column "mercy_points" of relation "tournaments" already exists, skipping',
  file: 'tablecmds.c',
  line: '7349',
  routine: 'check_for_column_name_collision'
}
{
  severity_local: 'NOTICE',
  severity: 'NOTICE',
  code: '42701',
  message: 'column "stop_reason_code" of relation "tournaments" already exists, skipping',
  file: 'tablecmds.c',
  line: '7349',
  routine: 'check_for_column_name_collision'
}
{
  severity_local: 'NOTICE',
  severity: 'NOTICE',
  code: '42701',
  message: 'column "stop_reason_text" of relation "tournaments" already exists, skipping',
  file: 'tablecmds.c',
  line: '7349',
  routine: 'check_for_column_name_collision'
}
{
  severity_local: 'NOTICE',
  severity: 'NOTICE',
  code: '42701',
  message: 'column "started_at" of relation "tournaments" already exists, skipping',
  file: 'tablecmds.c',
  line: '7349',
  routine: 'check_for_column_name_collision'
}
{
  severity_local: 'NOTICE',
  severity: 'NOTICE',
  code: '42701',
  message: 'column "finished_at" of relation "tournaments" already exists, skipping',
  file: 'tablecmds.c',
  line: '7349',
  routine: 'check_for_column_name_collision'
}
{
  severity_local: 'NOTICE',
  severity: 'NOTICE',
  code: '42701',
  message: 'column "bracket_state_version" of relation "tournaments" already exists, skipping',
  file: 'tablecmds.c',
  line: '7349',
  routine: 'check_for_column_name_collision'
}
{
  severity_local: 'NOTICE',
  severity: 'NOTICE',
  code: '42701',
  message: 'column "third_place_enabled" of relation "tournaments" already exists, skipping',
  file: 'tablecmds.c',
  line: '7349',
  routine: 'check_for_column_name_collision'
}
{
  severity_local: 'NOTICE',
  severity: 'NOTICE',
  code: '42701',
  message: 'column "bracket_construction_algorithm" of relation "tournaments" already exists, skipping',
  file: 'tablecmds.c',
  line: '7349',
  routine: 'check_for_column_name_collision'
}
{
  severity_local: 'NOTICE',
  severity: 'NOTICE',
  code: '42701',
  message: 'column "generated_avatar_key" of relation "users" already exists, skipping',
  file: 'tablecmds.c',
  line: '7349',
  routine: 'check_for_column_name_collision'
}
PostgreSQL migrations completed and verified (apply)
Local init parity: 4 passed, 0 failed, 0 skipped, 0 todo, 0 interrupted

> Provision separate disposable migration and runtime roles
{
  severity_local: 'NOTICE',
  severity: 'NOTICE',
  code: '42P06',
  message: 'schema "drizzle" already exists, skipping',
  file: 'schemacmds.c',
  line: '132',
  routine: 'CreateSchemaCommand'
}
Disposable database roles provisioned: migrator=tab10_test, runtime=tab10_runtime_test

> Compiled PostgreSQL migration (idempotent pass)

> 10is-ball@4.1.1 db:migrate /Users/liubavskii/.codex/worktrees/c870/tab10
> node scripts/bin/run-compiled-migration.mjs "--" "--mode=apply"

{
  severity_local: 'NOTICE',
  severity: 'NOTICE',
  code: '42P06',
  message: 'schema "drizzle" already exists, skipping',
  file: 'schemacmds.c',
  line: '132',
  routine: 'CreateSchemaCommand'
}
{
  severity_local: 'NOTICE',
  severity: 'NOTICE',
  code: '42P07',
  message: 'relation "__drizzle_migrations" already exists, skipping',
  file: 'parse_utilcmd.c',
  line: '207',
  routine: 'transformCreateStmt'
}
PostgreSQL migrations completed and verified (apply)

> Verify limited runtime DML and denied DDL/ledger writes
{
  severity_local: 'NOTICE',
  severity: 'NOTICE',
  code: '00000',
  message: 'table "__tab10_runtime_ddl_probe" does not exist, skipping',
  file: 'tablecmds.c',
  line: '1326',
  routine: 'DropErrorMsgNonExistent'
}
Runtime role: 4 passed, 0 failed, 0 skipped, 0 todo, 0 interrupted
Migration foundation: 9 passed, 0 failed, 0 skipped, 0 todo, 0 interrupted
  ➜  Local:   http://localhost:4273/
Database migration ledger verified
3:13:15 AM [vite] http proxy error: /health
Error: connect ECONNREFUSED 127.0.0.1:3101
    at TCPConnectWrap.afterConnect [as oncomplete] (node:net:2017:16)
Bootstrap admin provisioning completed (ade562bf-92e0-4458-ad48-a4c854efb580). Bootstrap never rotates passwords for pre-existing accounts.
{"level":30,"time":1789776795233,"pid":15891,"hostname":"Glebs-MacBook-Pro.local","msg":"Server listening at http://127.0.0.1:3101"}
Tab-10 API listening
CORS origin policy configured
{"level":30,"time":1789776795416,"pid":15891,"hostname":"Glebs-MacBook-Pro.local","reqId":"76a00721-b437-4a88-9d1e-cf4130163ac1","event":"request_completed","requestId":"76a00721-b437-4a88-9d1e-cf4130163ac1","method":"GET","route":"/health","statusCode":200,"latencyMs":2.851,"msg":"request completed"}

> Playwright compiled same-origin smoke

Running 60 tests using 1 worker

(node:15921) Warning: The 'NO_COLOR' env is ignored due to the 'FORCE_COLOR' env being set.
(Use `node --trace-warnings ...` to show where the warning was created)
{"level":30,"time":1789776796626,"pid":15891,"hostname":"Glebs-MacBook-Pro.local","reqId":"625c275e-5f79-409b-bbe6-774d45ede769","event":"request_completed","requestId":"625c275e-5f79-409b-bbe6-774d45ede769","method":"GET","route":"/health","statusCode":200,"latencyMs":0.248,"msg":"request completed"}
{"level":30,"time":1789776796671,"pid":15891,"hostname":"Glebs-MacBook-Pro.local","reqId":"d826dc2f-963d-459d-83c3-151376e2095b","event":"request_completed","requestId":"d826dc2f-963d-459d-83c3-151376e2095b","method":"POST","route":"/api/v1/auth/login","statusCode":200,"latencyMs":36.424,"msg":"request completed"}
{"level":30,"time":1789776796691,"pid":15891,"hostname":"Glebs-MacBook-Pro.local","reqId":"7ad9ece5-f1bd-4596-8fbb-b77c4596a066","event":"request_completed","requestId":"7ad9ece5-f1bd-4596-8fbb-b77c4596a066","method":"PATCH","route":"/api/v1/me/onboarding","statusCode":200,"latencyMs":15.257,"msg":"request completed"}
{"level":30,"time":1789776796709,"pid":15891,"hostname":"Glebs-MacBook-Pro.local","reqId":"ea90004c-56cb-481e-a49f-951c587ec687","event":"request_completed","requestId":"ea90004c-56cb-481e-a49f-951c587ec687","method":"POST","route":"/api/v1/auth/logout","statusCode":200,"latencyMs":13.804,"msg":"request completed"}
{"level":30,"time":1789776797026,"pid":15891,"hostname":"Glebs-MacBook-Pro.local","reqId":"16e5f4c7-f15a-4524-b1b0-d33496e729a3","event":"request_completed","requestId":"16e5f4c7-f15a-4524-b1b0-d33496e729a3","method":"GET","route":"/api/v1/auth/me","statusCode":401,"latencyMs":0.312,"msg":"request completed"}
  ✘   1 [chromium-desktop] › tests/e2e/critical.spec.ts:109:5 › E2E_auth_match_judge__AT-MATCH-001_005_008_AT-JUDGE-001_003_006_007__finishes_disposable_match (1.2s)
(node:15942) Warning: The 'NO_COLOR' env is ignored due to the 'FORCE_COLOR' env being set.
(Use `node --trace-warnings ...` to show where the warning was created)
{"level":30,"time":1789776798304,"pid":15891,"hostname":"Glebs-MacBook-Pro.local","reqId":"b09a755c-4066-4462-8ccd-08ae36d9f75c","event":"request_completed","requestId":"b09a755c-4066-4462-8ccd-08ae36d9f75c","method":"GET","route":"/health","statusCode":200,"latencyMs":0.237,"msg":"request completed"}
{"level":30,"time":1789776798349,"pid":15891,"hostname":"Glebs-MacBook-Pro.local","reqId":"883f6c91-6a9f-4350-b6a5-2a27a7ae3404","event":"request_completed","requestId":"883f6c91-6a9f-4350-b6a5-2a27a7ae3404","method":"POST","route":"/api/v1/auth/login","statusCode":200,"latencyMs":36.999,"msg":"request completed"}
{"level":30,"time":1789776798370,"pid":15891,"hostname":"Glebs-MacBook-Pro.local","reqId":"b89a340c-3249-4695-93e1-80b3b07ec098","event":"request_completed","requestId":"b89a340c-3249-4695-93e1-80b3b07ec098","method":"PATCH","route":"/api/v1/me/onboarding","statusCode":200,"latencyMs":16.034,"msg":"request completed"}
{"level":30,"time":1789776798391,"pid":15891,"hostname":"Glebs-MacBook-Pro.local","reqId":"46d72768-1eb7-488f-b0cb-a8b2066bf90b","event":"request_completed","requestId":"46d72768-1eb7-488f-b0cb-a8b2066bf90b","method":"POST","route":"/api/v1/auth/logout","statusCode":200,"latencyMs":16.789,"msg":"request completed"}
{"level":30,"time":1789776798670,"pid":15891,"hostname":"Glebs-MacBook-Pro.local","reqId":"efb99521-1c27-4b9b-ae6b-ada59d91c54c","event":"request_completed","requestId":"efb99521-1c27-4b9b-ae6b-ada59d91c54c","method":"GET","route":"/api/v1/auth/me","statusCode":401,"latencyMs":0.65,"msg":"request completed"}
  ✘   2 [chromium-desktop] › tests/e2e/critical.spec.ts:157:5 › E2E_runtime_session_recovery__AT-AUTH-009__preserves_route_and_draft_without_replaying_mutation (1.0s)
(node:15952) Warning: The 'NO_COLOR' env is ignored due to the 'FORCE_COLOR' env being set.
(Use `node --trace-warnings ...` to show where the warning was created)
{"level":30,"time":1789776799819,"pid":15891,"hostname":"Glebs-MacBook-Pro.local","reqId":"4502003b-b05a-4e5e-9b5b-58822b054dd6","event":"request_completed","requestId":"4502003b-b05a-4e5e-9b5b-58822b054dd6","method":"POST","route":"/api/v1/auth/login","statusCode":200,"latencyMs":24.207,"msg":"request completed"}
{"level":30,"time":1789776799833,"pid":15891,"hostname":"Glebs-MacBook-Pro.local","reqId":"023b0ccd-2bf7-401f-975d-1e3b83d56b7e","event":"request_completed","requestId":"023b0ccd-2bf7-401f-975d-1e3b83d56b7e","method":"PATCH","route":"/api/v1/me/onboarding","statusCode":200,"latencyMs":5.162,"msg":"request completed"}
{"level":30,"time":1789776799869,"pid":15891,"hostname":"Glebs-MacBook-Pro.local","reqId":"1c5ca03e-f5e9-45b2-93e1-71084669aa0b","event":"request_completed","requestId":"1c5ca03e-f5e9-45b2-93e1-71084669aa0b","method":"POST","route":"/api/v1/admin/users","statusCode":200,"latencyMs":30.223,"msg":"request completed"}
{"level":30,"time":1789776799897,"pid":15891,"hostname":"Glebs-MacBook-Pro.local","reqId":"33c5c202-6dee-43c2-bd04-4ad442109fe8","event":"request_completed","requestId":"33c5c202-6dee-43c2-bd04-4ad442109fe8","method":"POST","route":"/api/v1/auth/login","statusCode":200,"latencyMs":22.467,"msg":"request completed"}
{"level":30,"time":1789776799934,"pid":15891,"hostname":"Glebs-MacBook-Pro.local","reqId":"aadee944-ae3d-455a-8249-a3df23bad62e","event":"request_completed","requestId":"aadee944-ae3d-455a-8249-a3df23bad62e","method":"POST","route":"/api/v1/auth/password/first-change","statusCode":200,"latencyMs":32.42,"msg":"request completed"}
{"level":30,"time":1789776799944,"pid":15891,"hostname":"Glebs-MacBook-Pro.local","reqId":"0779b533-5e17-4547-a529-c6b5158288c4","event":"request_completed","requestId":"0779b533-5e17-4547-a529-c6b5158288c4","method":"PATCH","route":"/api/v1/me/onboarding","statusCode":200,"latencyMs":5.584,"msg":"request completed"}
{"level":30,"time":1789776799981,"pid":15891,"hostname":"Glebs-MacBook-Pro.local","reqId":"978a5464-5098-4122-8ac7-7725481c4f73","event":"request_completed","requestId":"978a5464-5098-4122-8ac7-7725481c4f73","method":"POST","route":"/api/v1/admin/users","statusCode":200,"latencyMs":30.784,"msg":"request completed"}
{"level":30,"time":1789776800292,"pid":15891,"hostname":"Glebs-MacBook-Pro.local","reqId":"d8a7cbb7-74a8-49f1-8dad-0bfbbc0bbb6d","event":"request_completed","requestId":"d8a7cbb7-74a8-49f1-8dad-0bfbbc0bbb6d","method":"GET","route":"/api/v1/auth/me","statusCode":401,"latencyMs":0.174,"msg":"request completed"}
{"level":30,"time":1789776800490,"pid":15891,"hostname":"Glebs-MacBook-Pro.local","reqId":"1bfffa22-47f0-4c7b-b823-5710eebf21fd","event":"request_completed","requestId":"1bfffa22-47f0-4c7b-b823-5710eebf21fd","method":"POST","route":"/api/v1/auth/login","statusCode":200,"latencyMs":29.749,"msg":"request completed"}
{"level":30,"time":1789776800514,"pid":15891,"hostname":"Glebs-MacBook-Pro.local","reqId":"032bbf28-62b9-4a7e-a1ee-b27c648de1e8","event":"request_completed","requestId":"032bbf28-62b9-4a7e-a1ee-b27c648de1e8","method":"GET","route":"/api/v1/auth/me","statusCode":200,"latencyMs":21.8,"msg":"request completed"}
{"level":30,"time":1789776800547,"pid":15891,"hostname":"Glebs-MacBook-Pro.local","reqId":"a17732a6-7707-4c83-9d51-acbf7c365395","event":"request_completed","requestId":"a17732a6-7707-4c83-9d51-acbf7c365395","method":"GET","route":"/api/v1/notifications","statusCode":200,"latencyMs":52.629,"msg":"request completed"}
{"level":30,"time":1789776800557,"pid":15891,"hostname":"Glebs-MacBook-Pro.local","reqId":"846fe180-e03a-4bb3-aa87-6e420cab5573","event":"request_completed","requestId":"846fe180-e03a-4bb3-aa87-6e420cab5573","method":"GET","route":"/api/v1/home","statusCode":200,"latencyMs":59.826,"msg":"request completed"}
{"level":30,"time":1789776800573,"pid":15891,"hostname":"Glebs-MacBook-Pro.local","reqId":"9e99531e-b20b-4fe3-ac05-8d6d6ae9ba90","event":"request_completed","requestId":"9e99531e-b20b-4fe3-ac05-8d6d6ae9ba90","method":"GET","route":"/api/v1/auth/me","statusCode":200,"latencyMs":6.08,"msg":"request completed"}
{"level":30,"time":1789776800589,"pid":15891,"hostname":"Glebs-MacBook-Pro.local","reqId":"5eeec7e7-1526-44a0-8a8e-02aa97e053d0","event":"request_completed","requestId":"5eeec7e7-1526-44a0-8a8e-02aa97e053d0","method":"GET","route":"/api/v1/tournaments","statusCode":200,"latencyMs":9,"msg":"request completed"}
{"level":30,"time":1789776800597,"pid":15891,"hostname":"Glebs-MacBook-Pro.local","reqId":"e8258a7b-08cc-4f63-b0a6-c93d470e14e2","event":"request_completed","requestId":"e8258a7b-08cc-4f63-b0a6-c93d470e14e2","method":"GET","route":"/api/v1/notifications","statusCode":200,"latencyMs":18.22,"msg":"request completed"}
{"level":30,"time":1789776800600,"pid":15891,"hostname":"Glebs-MacBook-Pro.local","reqId":"29f50b37-c70d-4504-b5ae-16095875eac3","event":"request_completed","requestId":"29f50b37-c70d-4504-b5ae-16095875eac3","method":"POST","route":"/api/v1/tournaments","statusCode":200,"latencyMs":17.586,"msg":"request completed"}
{"level":30,"time":1789776800621,"pid":15891,"hostname":"Glebs-MacBook-Pro.local","reqId":"a553a5d8-15c9-4984-8cca-a73958918dbb","event":"request_completed","requestId":"a553a5d8-15c9-4984-8cca-a73958918dbb","method":"GET","route":"/api/v1/auth/me","statusCode":200,"latencyMs":5.632,"msg":"request completed"}
{"level":30,"time":1789776800646,"pid":15891,"hostname":"Glebs-MacBook-Pro.local","reqId":"0b2f9634-3079-4563-b83d-136d2e2fc475","event":"request_completed","requestId":"0b2f9634-3079-4563-b83d-136d2e2fc475","method":"GET","route":"/api/v1/notifications","statusCode":200,"latencyMs":17.019,"msg":"request completed"}
{"level":30,"time":1789776800650,"pid":15891,"hostname":"Glebs-MacBook-Pro.local","reqId":"540be0d5-2673-4242-96ac-3f2244b179f0","event":"request_completed","requestId":"540be0d5-2673-4242-96ac-3f2244b179f0","method":"GET","route":"/api/v1/tournaments/:id","statusCode":200,"latencyMs":19.561,"msg":"request completed"}
{"level":30,"time":1789776800658,"pid":15891,"hostname":"Glebs-MacBook-Pro.local","reqId":"81ad130f-ca6c-479b-94cc-5339b9008889","event":"request_completed","requestId":"81ad130f-ca6c-479b-94cc-5339b9008889","method":"GET","route":"/api/v1/users/directory","statusCode":200,"latencyMs":5.121,"msg":"request completed"}
{"level":30,"time":1789776800670,"pid":15891,"hostname":"Glebs-MacBook-Pro.local","reqId":"edc9e83c-8d1a-460a-b9ca-fe327c578f68","event":"request_completed","requestId":"edc9e83c-8d1a-460a-b9ca-fe327c578f68","method":"POST","route":"/api/v1/tournaments/:id/participants","statusCode":200,"latencyMs":32.034,"msg":"request completed"}
{"level":30,"time":1789776800701,"pid":15891,"hostname":"Glebs-MacBook-Pro.local","reqId":"cd35eb36-6f06-4db4-9d12-3ecf123fbf69","event":"request_completed","requestId":"cd35eb36-6f06-4db4-9d12-3ecf123fbf69","method":"POST","route":"/api/v1/tournaments/:id/participants","statusCode":200,"latencyMs":27.319,"msg":"request completed"}
{"level":30,"time":1789776800731,"pid":15891,"hostname":"Glebs-MacBook-Pro.local","reqId":"70ef4f51-619d-44b8-bb6e-b27db3aec7ca","event":"request_completed","requestId":"70ef4f51-619d-44b8-bb6e-b27db3aec7ca","method":"POST","route":"/api/v1/tournaments/:id/participants","statusCode":200,"latencyMs":24.839,"msg":"request completed"}
{"level":30,"time":1789776800754,"pid":15891,"hostname":"Glebs-MacBook-Pro.local","reqId":"8bb8406a-8ebf-45d4-9dc6-caa2f621954d","event":"request_completed","requestId":"8bb8406a-8ebf-45d4-9dc6-caa2f621954d","method":"POST","route":"/api/v1/tournaments/:id/bracket","statusCode":200,"latencyMs":18.602,"msg":"request completed"}
{"level":30,"time":1789776800771,"pid":15891,"hostname":"Glebs-MacBook-Pro.local","reqId":"39a1e1b7-379b-4cbf-879a-78601caade82","event":"request_completed","requestId":"39a1e1b7-379b-4cbf-879a-78601caade82","method":"GET","route":"/api/v1/tournaments/:id","statusCode":200,"latencyMs":12.437,"msg":"request completed"}
{"level":30,"time":1789776801052,"pid":15891,"hostname":"Glebs-MacBook-Pro.local","reqId":"413e05fb-2913-46d1-b28f-e1527b136bef","event":"request_completed","requestId":"413e05fb-2913-46d1-b28f-e1527b136bef","method":"GET","route":"/api/v1/auth/me","statusCode":200,"latencyMs":12.173,"msg":"request completed"}
{"level":30,"time":1789776801120,"pid":15891,"hostname":"Glebs-MacBook-Pro.local","reqId":"15b7b176-c9cc-42b3-8c93-df23337b24be","event":"request_completed","requestId":"15b7b176-c9cc-42b3-8c93-df23337b24be","method":"GET","route":"/api/v1/notifications","statusCode":200,"latencyMs":35.443,"msg":"request completed"}
{"level":30,"time":1789776801122,"pid":15891,"hostname":"Glebs-MacBook-Pro.local","reqId":"fc5dabd7-1a91-4499-976a-4fdc0193281a","event":"request_completed","requestId":"fc5dabd7-1a91-4499-976a-4fdc0193281a","method":"GET","route":"/api/v1/tournaments/:id","statusCode":200,"latencyMs":36.903,"msg":"request completed"}
{"level":30,"time":1789776801128,"pid":15891,"hostname":"Glebs-MacBook-Pro.local","reqId":"4cf491aa-dc8c-47d3-b41b-96c25f274c62","event":"request_completed","requestId":"4cf491aa-dc8c-47d3-b41b-96c25f274c62","method":"GET","route":"/api/v1/users/directory","statusCode":200,"latencyMs":4.938,"msg":"request completed"}
{"level":30,"time":1789776801131,"pid":15891,"hostname":"Glebs-MacBook-Pro.local","reqId":"ea8b000f-3553-4a35-a057-a7bea802ebc7","event":"request_completed","requestId":"ea8b000f-3553-4a35-a057-a7bea802ebc7","method":"GET","route":"/api/v1/users/directory","statusCode":200,"latencyMs":5.078,"msg":"request completed"}
{"level":30,"time":1789776801328,"pid":15891,"hostname":"Glebs-MacBook-Pro.local","reqId":"30885d00-2e69-4aa8-b569-5ad86e911f6e","event":"request_completed","requestId":"30885d00-2e69-4aa8-b569-5ad86e911f6e","method":"POST","route":"/api/v1/tournaments/:id/participants","statusCode":200,"latencyMs":112.139,"msg":"request completed"}
{"level":30,"time":1789776801343,"pid":15891,"hostname":"Glebs-MacBook-Pro.local","reqId":"27085683-84cc-40c3-843b-2371c82eb003","event":"request_completed","requestId":"27085683-84cc-40c3-843b-2371c82eb003","method":"GET","route":"/api/v1/users/directory","statusCode":200,"latencyMs":10.539,"msg":"request completed"}
{"level":30,"time":1789776801459,"pid":15891,"hostname":"Glebs-MacBook-Pro.local","reqId":"04b9b112-4588-4117-a0b8-bc1b598be0d3","event":"request_completed","requestId":"04b9b112-4588-4117-a0b8-bc1b598be0d3","method":"GET","route":"/api/v1/tournaments/:id","statusCode":200,"latencyMs":50.919,"msg":"request completed"}
  ✓   3 [chromium-desktop] › tests/e2e/gap-012.spec.ts:53:5 › GAP-012 immutable consent policy and scoped admin post-bracket add (1.9s)
{"level":30,"time":1789776801677,"pid":15891,"hostname":"Glebs-MacBook-Pro.local","reqId":"2e75e107-5b61-4c2e-ac03-9a9fd7f51762","event":"request_completed","requestId":"2e75e107-5b61-4c2e-ac03-9a9fd7f51762","method":"GET","route":"/health","statusCode":200,"latencyMs":0.133,"msg":"request completed"}
{"level":30,"time":1789776801684,"pid":15891,"hostname":"Glebs-MacBook-Pro.local","reqId":"22fe452d-a5ef-43b7-97ef-df627ab43c1b","event":"request_completed","requestId":"22fe452d-a5ef-43b7-97ef-df627ab43c1b","method":"GET","route":"/ready","statusCode":200,"latencyMs":2.384,"msg":"request completed"}
{"level":30,"time":1789776801693,"pid":15891,"hostname":"Glebs-MacBook-Pro.local","reqId":"e68c8ec0-718a-4512-be38-c9d2e8005e32","event":"request_completed","requestId":"e68c8ec0-718a-4512-be38-c9d2e8005e32","method":"GET","route":"/api/v1/openapi.json","statusCode":200,"latencyMs":2.659,"msg":"request completed"}
{"level":30,"time":1789776801961,"pid":15891,"hostname":"Glebs-MacBook-Pro.local","reqId":"aa03f93f-b4ad-4229-9afb-ec1be61f9b3d","event":"request_completed","requestId":"aa03f93f-b4ad-4229-9afb-ec1be61f9b3d","method":"GET","route":"/api/v1/auth/me","statusCode":401,"latencyMs":0.344,"msg":"request completed"}
  ✘   4 [chromium-desktop] › tests/e2e/production-smoke.spec.ts:13:5 › compiled web and API work through the same-origin production-like proxy (530ms)
(node:15962) Warning: The 'NO_COLOR' env is ignored due to the 'FORCE_COLOR' env being set.
(Use `node --trace-warnings ...` to show where the warning was created)
{"level":30,"time":1789776802894,"pid":15891,"hostname":"Glebs-MacBook-Pro.local","reqId":"f9ac373c-4e2c-45d0-b843-f8b10df86418","event":"request_completed","requestId":"f9ac373c-4e2c-45d0-b843-f8b10df86418","method":"GET","route":"/api/v1/auth/me","statusCode":401,"latencyMs":0.383,"msg":"request completed"}
  ✘   5 [chromium-desktop] › tests/e2e/stage2-home.spec.ts:7:5 › AT-HOME-003 Home keeps direct actions and all secondary routes at mobile and desktop (533ms)
(node:15968) Warning: The 'NO_COLOR' env is ignored due to the 'FORCE_COLOR' env being set.
(Use `node --trace-warnings ...` to show where the warning was created)
{"level":30,"time":1789776803828,"pid":15891,"hostname":"Glebs-MacBook-Pro.local","reqId":"da4f1800-774f-415a-be32-eb13c6efb48d","event":"request_completed","requestId":"da4f1800-774f-415a-be32-eb13c6efb48d","method":"GET","route":"/api/v1/auth/me","statusCode":401,"latencyMs":0.16,"msg":"request completed"}
  ✘   6 [chromium-desktop] › tests/e2e/stage2-home.spec.ts:63:5 › AT-HOME-003 Home keeps navigation after a fetch error (530ms)
(node:15974) Warning: The 'NO_COLOR' env is ignored due to the 'FORCE_COLOR' env being set.
(Use `node --trace-warnings ...` to show where the warning was created)
{"level":30,"time":1789776804754,"pid":15891,"hostname":"Glebs-MacBook-Pro.local","reqId":"d2544649-e790-4e77-968e-625af827fd85","event":"request_completed","requestId":"d2544649-e790-4e77-968e-625af827fd85","method":"GET","route":"/api/v1/auth/me","statusCode":401,"latencyMs":0.224,"msg":"request completed"}
  ✘   7 [chromium-desktop] › tests/e2e/stage2-home.spec.ts:83:5 › HOME-007 finished match keeps sides and score first with a side-specific winner mark (533ms)
(node:15982) Warning: The 'NO_COLOR' env is ignored due to the 'FORCE_COLOR' env being set.
(Use `node --trace-warnings ...` to show where the warning was created)
{"level":30,"time":1789776805676,"pid":15891,"hostname":"Glebs-MacBook-Pro.local","reqId":"9149038b-89f1-448b-a548-bb9bb5682d1d","event":"request_completed","requestId":"9149038b-89f1-448b-a548-bb9bb5682d1d","method":"GET","route":"/api/v1/auth/me","statusCode":401,"latencyMs":0.225,"msg":"request completed"}
  ✘   8 [chromium-desktop] › tests/e2e/stage2-home.spec.ts:139:5 › GAP-031 keeps overflow tasks collapsed until requested (531ms)
(node:15988) Warning: The 'NO_COLOR' env is ignored due to the 'FORCE_COLOR' env being set.
(Use `node --trace-warnings ...` to show where the warning was created)
{"level":30,"time":1789776806595,"pid":15891,"hostname":"Glebs-MacBook-Pro.local","reqId":"1fe651e4-6e70-45b7-a534-dbc5bdbb5a30","event":"request_completed","requestId":"1fe651e4-6e70-45b7-a534-dbc5bdbb5a30","method":"GET","route":"/api/v1/auth/me","statusCode":401,"latencyMs":0.24,"msg":"request completed"}
  ✘   9 [chromium-desktop] › tests/e2e/stage2-home.spec.ts:161:5 › GAP-030 explicit Home releases judge slot; Browser Back is measured separately (533ms)
(node:15994) Warning: The 'NO_COLOR' env is ignored due to the 'FORCE_COLOR' env being set.
(Use `node --trace-warnings ...` to show where the warning was created)
{"level":30,"time":1789776807289,"pid":15891,"hostname":"Glebs-MacBook-Pro.local","reqId":"a82f2653-ff33-4a65-8b7d-ad3e36b6a45d","event":"request_completed","requestId":"a82f2653-ff33-4a65-8b7d-ad3e36b6a45d","method":"GET","route":"/health","statusCode":200,"latencyMs":0.136,"msg":"request completed"}
{"level":30,"time":1789776807333,"pid":15891,"hostname":"Glebs-MacBook-Pro.local","reqId":"58320642-66e3-484d-b8dc-0140245be5df","event":"request_completed","requestId":"58320642-66e3-484d-b8dc-0140245be5df","method":"POST","route":"/api/v1/auth/login","statusCode":200,"latencyMs":36.441,"msg":"request completed"}
{"level":30,"time":1789776807351,"pid":15891,"hostname":"Glebs-MacBook-Pro.local","reqId":"274d8378-4a78-406c-8011-7a7114e43068","event":"request_completed","requestId":"274d8378-4a78-406c-8011-7a7114e43068","method":"PATCH","route":"/api/v1/me/onboarding","statusCode":200,"latencyMs":13.795,"msg":"request completed"}
{"level":30,"time":1789776807356,"pid":15891,"hostname":"Glebs-MacBook-Pro.local","reqId":"419f0951-0671-42d5-888d-41f7f08e4369","event":"request_completed","requestId":"419f0951-0671-42d5-888d-41f7f08e4369","method":"GET","route":"/health","statusCode":200,"latencyMs":0.13,"msg":"request completed"}
{"level":30,"time":1789776807391,"pid":15891,"hostname":"Glebs-MacBook-Pro.local","reqId":"eb130829-2a46-4a35-8288-d0d14800dc31","event":"request_completed","requestId":"eb130829-2a46-4a35-8288-d0d14800dc31","method":"POST","route":"/api/v1/auth/login","statusCode":200,"latencyMs":31.361,"msg":"request completed"}
{"level":30,"time":1789776807407,"pid":15891,"hostname":"Glebs-MacBook-Pro.local","reqId":"c14c2851-3e69-42d7-aca5-7e4cd3f894c3","event":"request_completed","requestId":"c14c2851-3e69-42d7-aca5-7e4cd3f894c3","method":"PATCH","route":"/api/v1/me/onboarding","statusCode":200,"latencyMs":12.533,"msg":"request completed"}
{"level":30,"time":1789776807455,"pid":15891,"hostname":"Glebs-MacBook-Pro.local","reqId":"e6b0b60a-0dce-4420-85da-38581d81013e","event":"request_completed","requestId":"e6b0b60a-0dce-4420-85da-38581d81013e","method":"POST","route":"/api/v1/admin/users","statusCode":200,"latencyMs":44.332,"msg":"request completed"}
{"level":30,"time":1789776807490,"pid":15891,"hostname":"Glebs-MacBook-Pro.local","reqId":"125bbe24-1e15-4868-aaf7-f8b70421344f","event":"request_completed","requestId":"125bbe24-1e15-4868-aaf7-f8b70421344f","method":"POST","route":"/api/v1/auth/login","statusCode":200,"latencyMs":29.955,"msg":"request completed"}
{"level":30,"time":1789776807540,"pid":15891,"hostname":"Glebs-MacBook-Pro.local","reqId":"b606fbff-6b84-451e-8ce9-553e6b5ccd6d","event":"request_completed","requestId":"b606fbff-6b84-451e-8ce9-553e6b5ccd6d","method":"POST","route":"/api/v1/auth/password/first-change","statusCode":200,"latencyMs":46.233,"msg":"request completed"}
{"level":30,"time":1789776807576,"pid":15891,"hostname":"Glebs-MacBook-Pro.local","reqId":"441b0b8b-8a6d-4805-a07d-8e4bfe066886","event":"request_completed","requestId":"441b0b8b-8a6d-4805-a07d-8e4bfe066886","method":"POST","route":"/api/v1/teams","statusCode":200,"latencyMs":31.921,"msg":"request completed"}
{"level":30,"time":1789776807846,"pid":15891,"hostname":"Glebs-MacBook-Pro.local","reqId":"95df0304-b42a-4aa1-a787-859a22d11b27","event":"request_completed","requestId":"95df0304-b42a-4aa1-a787-859a22d11b27","method":"GET","route":"/api/v1/auth/me","statusCode":401,"latencyMs":0.153,"msg":"request completed"}
  ✘  10 [chromium-desktop] › tests/e2e/wave-b.spec.ts:44:5 › Wave B AT-PROFILE-001..005 AT-RANK-005..006 own edit, revoke, team and private public card (843ms)
(node:16000) Warning: The 'NO_COLOR' env is ignored due to the 'FORCE_COLOR' env being set.
(Use `node --trace-warnings ...` to show where the warning was created)
{"level":30,"time":1789776808525,"pid":15891,"hostname":"Glebs-MacBook-Pro.local","reqId":"72566b4a-b91f-4dff-9300-a3ba0cc010b1","event":"request_completed","requestId":"72566b4a-b91f-4dff-9300-a3ba0cc010b1","method":"GET","route":"/health","statusCode":200,"latencyMs":0.134,"msg":"request completed"}
{"level":30,"time":1789776808564,"pid":15891,"hostname":"Glebs-MacBook-Pro.local","reqId":"60207a95-c6e9-4afe-aa81-5c0a5f3f9a76","event":"request_completed","requestId":"60207a95-c6e9-4afe-aa81-5c0a5f3f9a76","method":"POST","route":"/api/v1/auth/login","statusCode":200,"latencyMs":32.061,"msg":"request completed"}
{"level":30,"time":1789776808582,"pid":15891,"hostname":"Glebs-MacBook-Pro.local","reqId":"4b90d0c4-0d24-4bf5-a23b-54b853dadca1","event":"request_completed","requestId":"4b90d0c4-0d24-4bf5-a23b-54b853dadca1","method":"PATCH","route":"/api/v1/me/onboarding","statusCode":200,"latencyMs":13.455,"msg":"request completed"}
{"level":30,"time":1789776808644,"pid":15891,"hostname":"Glebs-MacBook-Pro.local","reqId":"4c12a04b-eb4a-43f4-ab9c-8dd7e320f8ba","event":"request_completed","requestId":"4c12a04b-eb4a-43f4-ab9c-8dd7e320f8ba","method":"POST","route":"/api/v1/matches","statusCode":200,"latencyMs":58.836,"msg":"request completed"}
{"level":30,"time":1789776808685,"pid":15891,"hostname":"Glebs-MacBook-Pro.local","reqId":"bcd87803-2068-4d17-bb64-7261159b702c","event":"request_completed","requestId":"bcd87803-2068-4d17-bb64-7261159b702c","method":"POST","route":"/api/v1/matches/:matchId/cancel","statusCode":200,"latencyMs":36.783,"msg":"request completed"}
{"level":30,"time":1789776808725,"pid":15891,"hostname":"Glebs-MacBook-Pro.local","reqId":"6e9527e6-ad8b-4f92-a817-d11a068de6a6","event":"request_completed","requestId":"6e9527e6-ad8b-4f92-a817-d11a068de6a6","method":"POST","route":"/api/v1/matches","statusCode":200,"latencyMs":35.042,"msg":"request completed"}
{"level":30,"time":1789776808758,"pid":15891,"hostname":"Glebs-MacBook-Pro.local","reqId":"85fa86e3-59d7-48b0-bf14-c4530a8adcdc","event":"request_completed","requestId":"85fa86e3-59d7-48b0-bf14-c4530a8adcdc","method":"POST","route":"/api/v1/matches/:matchId/cancel","statusCode":200,"latencyMs":28.262,"msg":"request completed"}
{"level":30,"time":1789776808786,"pid":15891,"hostname":"Glebs-MacBook-Pro.local","reqId":"ef6abe78-af3a-4bcb-b55c-a47a3be96710","event":"request_completed","requestId":"ef6abe78-af3a-4bcb-b55c-a47a3be96710","method":"POST","route":"/api/v1/matches","statusCode":200,"latencyMs":23.589,"msg":"request completed"}
{"level":30,"time":1789776808815,"pid":15891,"hostname":"Glebs-MacBook-Pro.local","reqId":"d85c4c5b-cb5f-4912-88fc-3a393d9426ed","event":"request_completed","requestId":"d85c4c5b-cb5f-4912-88fc-3a393d9426ed","method":"POST","route":"/api/v1/matches/:matchId/cancel","statusCode":200,"latencyMs":24.893,"msg":"request completed"}
{"level":30,"time":1789776808847,"pid":15891,"hostname":"Glebs-MacBook-Pro.local","reqId":"4362341b-7483-4e0f-a8e2-84dd09267fa4","event":"request_completed","requestId":"4362341b-7483-4e0f-a8e2-84dd09267fa4","method":"POST","route":"/api/v1/matches","statusCode":200,"latencyMs":27.489,"msg":"request completed"}
{"level":30,"time":1789776808875,"pid":15891,"hostname":"Glebs-MacBook-Pro.local","reqId":"d2ef229d-4500-4498-8b80-d42a47c3bf08","event":"request_completed","requestId":"d2ef229d-4500-4498-8b80-d42a47c3bf08","method":"POST","route":"/api/v1/matches/:matchId/cancel","statusCode":200,"latencyMs":23.961,"msg":"request completed"}
{"level":30,"time":1789776808899,"pid":15891,"hostname":"Glebs-MacBook-Pro.local","reqId":"d76bb3d9-8963-4390-8e43-0b94e63d7caf","event":"request_completed","requestId":"d76bb3d9-8963-4390-8e43-0b94e63d7caf","method":"POST","route":"/api/v1/matches","statusCode":200,"latencyMs":19.352,"msg":"request completed"}
{"level":30,"time":1789776808929,"pid":15891,"hostname":"Glebs-MacBook-Pro.local","reqId":"3f28135e-37ce-4244-b7c5-e489baa48b78","event":"request_completed","requestId":"3f28135e-37ce-4244-b7c5-e489baa48b78","method":"POST","route":"/api/v1/matches/:matchId/cancel","statusCode":200,"latencyMs":25.757,"msg":"request completed"}
{"level":30,"time":1789776808950,"pid":15891,"hostname":"Glebs-MacBook-Pro.local","reqId":"9f6bb37d-01fb-4e0a-be1e-6cbe669312fb","event":"request_completed","requestId":"9f6bb37d-01fb-4e0a-be1e-6cbe669312fb","method":"POST","route":"/api/v1/matches","statusCode":200,"latencyMs":16.539,"msg":"request completed"}
{"level":30,"time":1789776808977,"pid":15891,"hostname":"Glebs-MacBook-Pro.local","reqId":"d5b69185-266e-44f1-b9e1-ac27e4e3abd7","event":"request_completed","requestId":"d5b69185-266e-44f1-b9e1-ac27e4e3abd7","method":"POST","route":"/api/v1/matches/:matchId/cancel","statusCode":200,"latencyMs":23.119,"msg":"request completed"}
{"level":30,"time":1789776809001,"pid":15891,"hostname":"Glebs-MacBook-Pro.local","reqId":"95781ed1-d02d-462d-adb9-3fac5bb071ca","event":"request_completed","requestId":"95781ed1-d02d-462d-adb9-3fac5bb071ca","method":"POST","route":"/api/v1/matches","statusCode":200,"latencyMs":18.101,"msg":"request completed"}
{"level":30,"time":1789776809030,"pid":15891,"hostname":"Glebs-MacBook-Pro.local","reqId":"9299b34c-089c-4501-a6f9-6a92c241a28a","event":"request_completed","requestId":"9299b34c-089c-4501-a6f9-6a92c241a28a","method":"POST","route":"/api/v1/matches/:matchId/cancel","statusCode":200,"latencyMs":24.734,"msg":"request completed"}
{"level":30,"time":1789776809052,"pid":15891,"hostname":"Glebs-MacBook-Pro.local","reqId":"35b54945-b91a-4dac-83c0-f1b57b099a90","event":"request_completed","requestId":"35b54945-b91a-4dac-83c0-f1b57b099a90","method":"POST","route":"/api/v1/matches","statusCode":200,"latencyMs":18.123,"msg":"request completed"}
{"level":30,"time":1789776809079,"pid":15891,"hostname":"Glebs-MacBook-Pro.local","reqId":"16dafca3-1f8d-45b9-80f0-0baa9a9d2f24","event":"request_completed","requestId":"16dafca3-1f8d-45b9-80f0-0baa9a9d2f24","method":"POST","route":"/api/v1/matches/:matchId/cancel","statusCode":200,"latencyMs":23.085,"msg":"request completed"}
{"level":30,"time":1789776809101,"pid":15891,"hostname":"Glebs-MacBook-Pro.local","reqId":"32d2da7f-a960-4a94-b188-1c7abdc93624","event":"request_completed","requestId":"32d2da7f-a960-4a94-b188-1c7abdc93624","method":"POST","route":"/api/v1/matches","statusCode":200,"latencyMs":17.843,"msg":"request completed"}
{"level":30,"time":1789776809129,"pid":15891,"hostname":"Glebs-MacBook-Pro.local","reqId":"1c93fa55-ed23-4090-88b0-89d861cef5f9","event":"request_completed","requestId":"1c93fa55-ed23-4090-88b0-89d861cef5f9","method":"POST","route":"/api/v1/matches/:matchId/cancel","statusCode":200,"latencyMs":25.258,"msg":"request completed"}
{"level":30,"time":1789776809152,"pid":15891,"hostname":"Glebs-MacBook-Pro.local","reqId":"dd0a8892-a0d9-45e5-b92d-f1dbc6562df6","event":"request_completed","requestId":"dd0a8892-a0d9-45e5-b92d-f1dbc6562df6","method":"POST","route":"/api/v1/matches","statusCode":200,"latencyMs":18.099,"msg":"request completed"}
{"level":30,"time":1789776809179,"pid":15891,"hostname":"Glebs-MacBook-Pro.local","reqId":"7f384a22-b48d-4f1c-bfc8-0c2609e2c6e6","event":"request_completed","requestId":"7f384a22-b48d-4f1c-bfc8-0c2609e2c6e6","method":"POST","route":"/api/v1/matches/:matchId/cancel","statusCode":200,"latencyMs":22.876,"msg":"request completed"}
{"level":30,"time":1789776809200,"pid":15891,"hostname":"Glebs-MacBook-Pro.local","reqId":"57681d84-d754-4562-a954-dfc0e537b4f8","event":"request_completed","requestId":"57681d84-d754-4562-a954-dfc0e537b4f8","method":"POST","route":"/api/v1/matches","statusCode":200,"latencyMs":17.078,"msg":"request completed"}
{"level":30,"time":1789776809228,"pid":15891,"hostname":"Glebs-MacBook-Pro.local","reqId":"552bc7b3-2865-4cd6-a453-2a4efd9aadc2","event":"request_completed","requestId":"552bc7b3-2865-4cd6-a453-2a4efd9aadc2","method":"POST","route":"/api/v1/matches/:matchId/cancel","statusCode":200,"latencyMs":24.13,"msg":"request completed"}
{"level":30,"time":1789776809250,"pid":15891,"hostname":"Glebs-MacBook-Pro.local","reqId":"34997d2a-66c4-40f1-bbeb-293a0a01bde5","event":"request_completed","requestId":"34997d2a-66c4-40f1-bbeb-293a0a01bde5","method":"POST","route":"/api/v1/matches","statusCode":200,"latencyMs":18.909,"msg":"request completed"}
{"level":30,"time":1789776809286,"pid":15891,"hostname":"Glebs-MacBook-Pro.local","reqId":"dbb84662-03bd-4ad0-95c7-bad3ef9de054","event":"request_completed","requestId":"dbb84662-03bd-4ad0-95c7-bad3ef9de054","method":"POST","route":"/api/v1/matches/:matchId/cancel","statusCode":200,"latencyMs":30.559,"msg":"request completed"}
{"level":30,"time":1789776809309,"pid":15891,"hostname":"Glebs-MacBook-Pro.local","reqId":"da48fd25-519e-4b29-8d94-ebb6248b08f0","event":"request_completed","requestId":"da48fd25-519e-4b29-8d94-ebb6248b08f0","method":"POST","route":"/api/v1/matches","statusCode":200,"latencyMs":19.199,"msg":"request completed"}
{"level":30,"time":1789776814359,"pid":15891,"hostname":"Glebs-MacBook-Pro.local","reqId":"633a6b94-f00a-4e93-bd99-157acfc29c25","event":"request_completed","requestId":"633a6b94-f00a-4e93-bd99-157acfc29c25","method":"POST","route":"/api/v1/matches/:matchId/cancel","statusCode":200,"latencyMs":41.214,"msg":"request completed"}
{"level":30,"time":1789776814402,"pid":15891,"hostname":"Glebs-MacBook-Pro.local","reqId":"fb44404f-781b-48ae-8ccf-898d493e1e04","event":"request_completed","requestId":"fb44404f-781b-48ae-8ccf-898d493e1e04","method":"POST","route":"/api/v1/matches","statusCode":200,"latencyMs":36.563,"msg":"request completed"}
{"level":30,"time":1789776814459,"pid":15891,"hostname":"Glebs-MacBook-Pro.local","reqId":"bf3f2496-07fe-4b26-9bd3-4f03a59481b4","event":"request_completed","requestId":"bf3f2496-07fe-4b26-9bd3-4f03a59481b4","method":"POST","route":"/api/v1/matches/:matchId/cancel","statusCode":200,"latencyMs":49.09,"msg":"request completed"}
{"level":30,"time":1789776814503,"pid":15891,"hostname":"Glebs-MacBook-Pro.local","reqId":"a08981ef-8f86-4cee-a334-358fccf484ea","event":"request_completed","requestId":"a08981ef-8f86-4cee-a334-358fccf484ea","method":"POST","route":"/api/v1/matches","statusCode":200,"latencyMs":35.127,"msg":"request completed"}
{"level":30,"time":1789776814546,"pid":15891,"hostname":"Glebs-MacBook-Pro.local","reqId":"8c48cf8b-3729-4259-838c-e6f83f69bd30","event":"request_completed","requestId":"8c48cf8b-3729-4259-838c-e6f83f69bd30","method":"POST","route":"/api/v1/matches/:matchId/cancel","statusCode":200,"latencyMs":30.729,"msg":"request completed"}
{"level":30,"time":1789776814577,"pid":15891,"hostname":"Glebs-MacBook-Pro.local","reqId":"1a390303-e372-4463-8fff-a6da6398e56c","event":"request_completed","requestId":"1a390303-e372-4463-8fff-a6da6398e56c","method":"POST","route":"/api/v1/matches","statusCode":200,"latencyMs":26.238,"msg":"request completed"}
{"level":30,"time":1789776814607,"pid":15891,"hostname":"Glebs-MacBook-Pro.local","reqId":"00f7a5c7-8622-4ab9-993c-09158f0959ee","event":"request_completed","requestId":"00f7a5c7-8622-4ab9-993c-09158f0959ee","method":"POST","route":"/api/v1/matches/:matchId/cancel","statusCode":200,"latencyMs":25.781,"msg":"request completed"}
{"level":30,"time":1789776814632,"pid":15891,"hostname":"Glebs-MacBook-Pro.local","reqId":"07e69434-eba9-4623-aa88-67408e7397dc","event":"request_completed","requestId":"07e69434-eba9-4623-aa88-67408e7397dc","method":"POST","route":"/api/v1/matches","statusCode":200,"latencyMs":20.871,"msg":"request completed"}
{"level":30,"time":1789776814662,"pid":15891,"hostname":"Glebs-MacBook-Pro.local","reqId":"cd060057-8e84-4dd9-a921-83faef02d328","event":"request_completed","requestId":"cd060057-8e84-4dd9-a921-83faef02d328","method":"POST","route":"/api/v1/matches/:matchId/cancel","statusCode":200,"latencyMs":26.134,"msg":"request completed"}
{"level":30,"time":1789776819738,"pid":15891,"hostname":"Glebs-MacBook-Pro.local","reqId":"6fd28381-f582-4113-b28c-bbc54a9f2ff2","event":"request_completed","requestId":"6fd28381-f582-4113-b28c-bbc54a9f2ff2","method":"POST","route":"/api/v1/matches","statusCode":200,"latencyMs":69.416,"msg":"request completed"}
{"level":30,"time":1789776819769,"pid":15891,"hostname":"Glebs-MacBook-Pro.local","reqId":"7eb29f41-e417-4129-9ea5-77af8b48c300","event":"request_completed","requestId":"7eb29f41-e417-4129-9ea5-77af8b48c300","method":"POST","route":"/api/v1/matches/:matchId/cancel","statusCode":200,"latencyMs":25.765,"msg":"request completed"}
{"level":30,"time":1789776819803,"pid":15891,"hostname":"Glebs-MacBook-Pro.local","reqId":"bedee639-771a-4e11-8ea6-c9b30c931064","event":"request_completed","requestId":"bedee639-771a-4e11-8ea6-c9b30c931064","method":"POST","route":"/api/v1/matches","statusCode":200,"latencyMs":29.719,"msg":"request completed"}
{"level":30,"time":1789776819827,"pid":15891,"hostname":"Glebs-MacBook-Pro.local","reqId":"0edc2148-1b7a-4b57-8654-e4757ba5dfff","event":"request_completed","requestId":"0edc2148-1b7a-4b57-8654-e4757ba5dfff","method":"POST","route":"/api/v1/matches/:matchId/cancel","statusCode":200,"latencyMs":20.5,"msg":"request completed"}
{"level":30,"time":1789776819852,"pid":15891,"hostname":"Glebs-MacBook-Pro.local","reqId":"5f475627-7066-4497-8a66-124361972aac","event":"request_completed","requestId":"5f475627-7066-4497-8a66-124361972aac","method":"POST","route":"/api/v1/matches","statusCode":200,"latencyMs":22.263,"msg":"request completed"}
{"level":30,"time":1789776819878,"pid":15891,"hostname":"Glebs-MacBook-Pro.local","reqId":"e421c036-430d-480d-b7dc-a68a0d650d36","event":"request_completed","requestId":"e421c036-430d-480d-b7dc-a68a0d650d36","method":"POST","route":"/api/v1/matches/:matchId/cancel","statusCode":200,"latencyMs":22.139,"msg":"request completed"}
{"level":30,"time":1789776819900,"pid":15891,"hostname":"Glebs-MacBook-Pro.local","reqId":"4b404c22-0985-4146-b4be-041d41a281ea","event":"request_completed","requestId":"4b404c22-0985-4146-b4be-041d41a281ea","method":"POST","route":"/api/v1/matches","statusCode":200,"latencyMs":17.833,"msg":"request completed"}
{"level":30,"time":1789776819927,"pid":15891,"hostname":"Glebs-MacBook-Pro.local","reqId":"9b3d6b6d-a587-4d50-aa23-451d10590740","event":"request_completed","requestId":"9b3d6b6d-a587-4d50-aa23-451d10590740","method":"POST","route":"/api/v1/matches/:matchId/cancel","statusCode":200,"latencyMs":23.047,"msg":"request completed"}
{"level":30,"time":1789776820202,"pid":15891,"hostname":"Glebs-MacBook-Pro.local","reqId":"3b79862d-33fb-470f-9f6c-6ad8d2671345","event":"request_completed","requestId":"3b79862d-33fb-470f-9f6c-6ad8d2671345","method":"GET","route":"/api/v1/auth/me","statusCode":401,"latencyMs":0.266,"msg":"request completed"}
  ✘  11 [chromium-desktop] › tests/e2e/wave-b.spec.ts:124:5 › Wave B AT-VIS-003 history pagination and detail return keep context (12.0s)
(node:16011) Warning: The 'NO_COLOR' env is ignored due to the 'FORCE_COLOR' env being set.
(Use `node --trace-warnings ...` to show where the warning was created)
{"level":30,"time":1789776820978,"pid":15891,"hostname":"Glebs-MacBook-Pro.local","reqId":"60778367-8eb1-4735-9e3d-2df2286bcf21","event":"request_completed","requestId":"60778367-8eb1-4735-9e3d-2df2286bcf21","method":"GET","route":"/health","statusCode":200,"latencyMs":0.145,"msg":"request completed"}
{"level":30,"time":1789776821015,"pid":15891,"hostname":"Glebs-MacBook-Pro.local","reqId":"408d813d-d160-4d4e-9459-2b32be184ad3","event":"request_completed","requestId":"408d813d-d160-4d4e-9459-2b32be184ad3","method":"POST","route":"/api/v1/auth/login","statusCode":200,"latencyMs":30.122,"msg":"request completed"}
{"level":30,"time":1789776821033,"pid":15891,"hostname":"Glebs-MacBook-Pro.local","reqId":"73af5f1c-1bf8-4d56-9c3a-c2083d70fbb8","event":"request_completed","requestId":"73af5f1c-1bf8-4d56-9c3a-c2083d70fbb8","method":"PATCH","route":"/api/v1/me/onboarding","statusCode":200,"latencyMs":13.682,"msg":"request completed"}
{"level":30,"time":1789776821073,"pid":15891,"hostname":"Glebs-MacBook-Pro.local","reqId":"c35cf2cc-7917-4c6b-bc5a-1d85dad00c8b","event":"request_completed","requestId":"c35cf2cc-7917-4c6b-bc5a-1d85dad00c8b","method":"POST","route":"/api/v1/admin/users","statusCode":200,"latencyMs":36.468,"msg":"request completed"}
{"level":30,"time":1789776821104,"pid":15891,"hostname":"Glebs-MacBook-Pro.local","reqId":"5f29ceef-251b-4849-85da-8b080cd62922","event":"request_completed","requestId":"5f29ceef-251b-4849-85da-8b080cd62922","method":"POST","route":"/api/v1/auth/login","statusCode":200,"latencyMs":25.824,"msg":"request completed"}
{"level":30,"time":1789776821146,"pid":15891,"hostname":"Glebs-MacBook-Pro.local","reqId":"95d95dda-883c-433f-a17f-098338bcf3ea","event":"request_completed","requestId":"95d95dda-883c-433f-a17f-098338bcf3ea","method":"POST","route":"/api/v1/auth/password/first-change","statusCode":200,"latencyMs":38.167,"msg":"request completed"}
{"level":30,"time":1789776821165,"pid":15891,"hostname":"Glebs-MacBook-Pro.local","reqId":"fb6e8747-36d3-40e2-bdef-7d78d0d9f09d","event":"request_completed","requestId":"fb6e8747-36d3-40e2-bdef-7d78d0d9f09d","method":"PATCH","route":"/api/v1/me/onboarding","statusCode":200,"latencyMs":15.22,"msg":"request completed"}
{"level":30,"time":1789776821213,"pid":15891,"hostname":"Glebs-MacBook-Pro.local","reqId":"f9a41443-ccdc-4562-8a73-e1ffa27a44d2","event":"request_completed","requestId":"f9a41443-ccdc-4562-8a73-e1ffa27a44d2","method":"POST","route":"/api/v1/teams","statusCode":200,"latencyMs":44.369,"msg":"request completed"}
{"level":30,"time":1789776821238,"pid":15891,"hostname":"Glebs-MacBook-Pro.local","reqId":"cf915b56-9cea-4841-ac6d-7778a1f5eb4d","event":"request_completed","requestId":"cf915b56-9cea-4841-ac6d-7778a1f5eb4d","method":"POST","route":"/api/v1/teams/:id/invite","statusCode":200,"latencyMs":21.023,"msg":"request completed"}
{"level":30,"time":1789776821264,"pid":15891,"hostname":"Glebs-MacBook-Pro.local","reqId":"3ed42e86-8969-4328-a61a-ac311e2a33a7","event":"request_completed","requestId":"3ed42e86-8969-4328-a61a-ac311e2a33a7","method":"POST","route":"/api/v1/team-invitations/:id/respond","statusCode":200,"latencyMs":20.883,"msg":"request completed"}
{"level":30,"time":1789776821532,"pid":15891,"hostname":"Glebs-MacBook-Pro.local","reqId":"1e7791d9-03ab-40b8-8102-8269269a26b4","event":"request_completed","requestId":"1e7791d9-03ab-40b8-8102-8269269a26b4","method":"GET","route":"/api/v1/auth/me","statusCode":401,"latencyMs":0.139,"msg":"request completed"}
  ✘  12 [chromium-desktop] › tests/e2e/wave-c.spec.ts:38:5 › Wave C AT-MATCH-013_016 2v2 team selection, rules, no-show and hidden revenge (845ms)
(node:16017) Warning: The 'NO_COLOR' env is ignored due to the 'FORCE_COLOR' env being set.
(Use `node --trace-warnings ...` to show where the warning was created)
{"level":30,"time":1789776822217,"pid":15891,"hostname":"Glebs-MacBook-Pro.local","reqId":"d2cbf635-7157-413a-bd23-534c5e5cf485","event":"request_completed","requestId":"d2cbf635-7157-413a-bd23-534c5e5cf485","method":"GET","route":"/health","statusCode":200,"latencyMs":0.143,"msg":"request completed"}
{"level":30,"time":1789776822258,"pid":15891,"hostname":"Glebs-MacBook-Pro.local","reqId":"be37d1ad-f396-40eb-8400-88fb51ca11b6","event":"request_completed","requestId":"be37d1ad-f396-40eb-8400-88fb51ca11b6","method":"POST","route":"/api/v1/auth/login","statusCode":200,"latencyMs":34.022,"msg":"request completed"}
{"level":30,"time":1789776822275,"pid":15891,"hostname":"Glebs-MacBook-Pro.local","reqId":"856337a2-5959-4218-9a29-360fa58f3124","event":"request_completed","requestId":"856337a2-5959-4218-9a29-360fa58f3124","method":"PATCH","route":"/api/v1/me/onboarding","statusCode":200,"latencyMs":11.808,"msg":"request completed"}
{"level":30,"time":1789776822316,"pid":15891,"hostname":"Glebs-MacBook-Pro.local","reqId":"813273d6-f5e4-4884-ae9c-97e10f3c1c39","event":"request_completed","requestId":"813273d6-f5e4-4884-ae9c-97e10f3c1c39","method":"POST","route":"/api/v1/admin/users","statusCode":200,"latencyMs":37.571,"msg":"request completed"}
{"level":30,"time":1789776822348,"pid":15891,"hostname":"Glebs-MacBook-Pro.local","reqId":"1f52c630-3e36-49c4-b630-1b9ee58cc2b7","event":"request_completed","requestId":"1f52c630-3e36-49c4-b630-1b9ee58cc2b7","method":"POST","route":"/api/v1/auth/login","statusCode":200,"latencyMs":26.776,"msg":"request completed"}
{"level":30,"time":1789776822404,"pid":15891,"hostname":"Glebs-MacBook-Pro.local","reqId":"71e78101-d071-4171-bfdf-19c4280c6d8a","event":"request_completed","requestId":"71e78101-d071-4171-bfdf-19c4280c6d8a","method":"POST","route":"/api/v1/auth/password/first-change","statusCode":200,"latencyMs":50.938,"msg":"request completed"}
{"level":30,"time":1789776822420,"pid":15891,"hostname":"Glebs-MacBook-Pro.local","reqId":"33898468-90a1-4a2b-8564-f854a2a79338","event":"request_completed","requestId":"33898468-90a1-4a2b-8564-f854a2a79338","method":"PATCH","route":"/api/v1/me/onboarding","statusCode":200,"latencyMs":12.432,"msg":"request completed"}
{"level":30,"time":1789776822486,"pid":15891,"hostname":"Glebs-MacBook-Pro.local","reqId":"239a99cf-4100-4315-a6a0-b20bc6dc9fc4","event":"request_completed","requestId":"239a99cf-4100-4315-a6a0-b20bc6dc9fc4","method":"GET","route":"/api/v1/profile/me","statusCode":200,"latencyMs":19.777,"msg":"request completed"}
{"level":30,"time":1789776822508,"pid":15891,"hostname":"Glebs-MacBook-Pro.local","reqId":"141153a1-1b6e-4f49-bdf8-c315073cfe31","event":"request_completed","requestId":"141153a1-1b6e-4f49-bdf8-c315073cfe31","method":"POST","route":"/api/v1/matches","statusCode":200,"latencyMs":18.729,"msg":"request completed"}
{"level":30,"time":1789776822776,"pid":15891,"hostname":"Glebs-MacBook-Pro.local","reqId":"aa2a0daa-3662-4e6d-ae5f-f3a0fd28f82d","event":"request_completed","requestId":"aa2a0daa-3662-4e6d-ae5f-f3a0fd28f82d","method":"GET","route":"/api/v1/auth/me","statusCode":401,"latencyMs":0.131,"msg":"request completed"}
  ✘  13 [chromium-desktop] › tests/e2e/wave-c.spec.ts:79:5 › Wave C AT-JUDGE-004_010 correction, undo and two-client handover preserve authority (851ms)
(node:16024) Warning: The 'NO_COLOR' env is ignored due to the 'FORCE_COLOR' env being set.
(Use `node --trace-warnings ...` to show where the warning was created)
{"level":30,"time":1789776823469,"pid":15891,"hostname":"Glebs-MacBook-Pro.local","reqId":"9351e1d1-f89e-4f7c-aea8-fb58ac8c2f49","event":"request_completed","requestId":"9351e1d1-f89e-4f7c-aea8-fb58ac8c2f49","method":"GET","route":"/health","statusCode":200,"latencyMs":0.133,"msg":"request completed"}
{"level":30,"time":1789776823508,"pid":15891,"hostname":"Glebs-MacBook-Pro.local","reqId":"bf60d5ee-9bac-49cb-ac03-0127a65aa823","event":"request_completed","requestId":"bf60d5ee-9bac-49cb-ac03-0127a65aa823","method":"POST","route":"/api/v1/auth/login","statusCode":200,"latencyMs":32.243,"msg":"request completed"}
{"level":30,"time":1789776823523,"pid":15891,"hostname":"Glebs-MacBook-Pro.local","reqId":"1e82bbb9-544e-4c44-bd4f-3a4519670132","event":"request_completed","requestId":"1e82bbb9-544e-4c44-bd4f-3a4519670132","method":"PATCH","route":"/api/v1/me/onboarding","statusCode":200,"latencyMs":10.47,"msg":"request completed"}
{"level":30,"time":1789776823567,"pid":15891,"hostname":"Glebs-MacBook-Pro.local","reqId":"437c51d0-0c45-44ac-afca-0d1e93f8594a","event":"request_completed","requestId":"437c51d0-0c45-44ac-afca-0d1e93f8594a","method":"POST","route":"/api/v1/admin/users","statusCode":200,"latencyMs":40.194,"msg":"request completed"}
{"level":30,"time":1789776823600,"pid":15891,"hostname":"Glebs-MacBook-Pro.local","reqId":"89609ae6-ee40-4051-989d-9f176b92925d","event":"request_completed","requestId":"89609ae6-ee40-4051-989d-9f176b92925d","method":"POST","route":"/api/v1/auth/login","statusCode":200,"latencyMs":27.596,"msg":"request completed"}
{"level":30,"time":1789776823643,"pid":15891,"hostname":"Glebs-MacBook-Pro.local","reqId":"0971b5f4-7fa8-4775-8338-0fe43fb67966","event":"request_completed","requestId":"0971b5f4-7fa8-4775-8338-0fe43fb67966","method":"POST","route":"/api/v1/auth/password/first-change","statusCode":200,"latencyMs":38.355,"msg":"request completed"}
{"level":30,"time":1789776823662,"pid":15891,"hostname":"Glebs-MacBook-Pro.local","reqId":"a78535c2-5baf-4bc2-bc8f-46f64c36903d","event":"request_completed","requestId":"a78535c2-5baf-4bc2-bc8f-46f64c36903d","method":"PATCH","route":"/api/v1/me/onboarding","statusCode":200,"latencyMs":15.045,"msg":"request completed"}
{"level":30,"time":1789776823748,"pid":15891,"hostname":"Glebs-MacBook-Pro.local","reqId":"ae3c02c4-241a-4945-84c3-da351935b3cb","event":"request_completed","requestId":"ae3c02c4-241a-4945-84c3-da351935b3cb","method":"POST","route":"/api/v1/matches","statusCode":200,"latencyMs":43.619,"msg":"request completed"}
{"level":30,"time":1789776824024,"pid":15891,"hostname":"Glebs-MacBook-Pro.local","reqId":"8c24f678-0be9-438a-9c84-92ec6ab155ff","event":"request_completed","requestId":"8c24f678-0be9-438a-9c84-92ec6ab155ff","method":"GET","route":"/api/v1/auth/me","statusCode":200,"latencyMs":9.147,"msg":"request completed"}
{"level":30,"time":1789776824085,"pid":15891,"hostname":"Glebs-MacBook-Pro.local","reqId":"da94a00b-4e0a-40ee-ae7e-7cea8a82e31f","event":"request_completed","requestId":"da94a00b-4e0a-40ee-ae7e-7cea8a82e31f","method":"GET","route":"/api/v1/matches/:matchId","statusCode":403,"latencyMs":24.535,"msg":"request completed"}
{"level":30,"time":1789776824131,"pid":15891,"hostname":"Glebs-MacBook-Pro.local","reqId":"f78c3c55-268d-424e-81d5-3f79617bad79","event":"request_completed","requestId":"f78c3c55-268d-424e-81d5-3f79617bad79","method":"POST","route":"/api/v1/matches/:matchId/judge/acquire","statusCode":200,"latencyMs":44.114,"msg":"request completed"}
{"level":30,"time":1789776824146,"pid":15891,"hostname":"Glebs-MacBook-Pro.local","reqId":"227811fa-b87d-4c87-8323-63068f8e15ea","event":"request_completed","requestId":"227811fa-b87d-4c87-8323-63068f8e15ea","method":"GET","route":"/api/v1/matches/:matchId","statusCode":200,"latencyMs":12.829,"msg":"request completed"}
{"level":30,"time":1789776824168,"pid":15891,"hostname":"Glebs-MacBook-Pro.local","reqId":"716cb09c-cb91-4279-8e0c-7765483f7237","event":"request_completed","requestId":"716cb09c-cb91-4279-8e0c-7765483f7237","method":"POST","route":"/api/v1/matches/:matchId/judge/heartbeat","statusCode":200,"latencyMs":13.239,"msg":"request completed"}
{"level":30,"time":1789776824195,"pid":15891,"hostname":"Glebs-MacBook-Pro.local","reqId":"f470ec48-7fdb-4e06-8f7e-849987af9a50","event":"request_completed","requestId":"f470ec48-7fdb-4e06-8f7e-849987af9a50","method":"GET","route":"/api/v1/matches/:matchId","statusCode":200,"latencyMs":24.907,"msg":"request completed"}
{"level":30,"time":1789776824324,"pid":15891,"hostname":"Glebs-MacBook-Pro.local","reqId":"06ce691c-f285-4921-babe-382513a572fe","event":"request_completed","requestId":"06ce691c-f285-4921-babe-382513a572fe","method":"POST","route":"/api/v1/matches/:matchId/judge/setup","statusCode":200,"latencyMs":59.478,"msg":"request completed"}
{"level":30,"time":1789776824343,"pid":15891,"hostname":"Glebs-MacBook-Pro.local","reqId":"c1ab5495-306a-4585-8813-637205f08d3a","event":"request_completed","requestId":"c1ab5495-306a-4585-8813-637205f08d3a","method":"POST","route":"/api/v1/matches/:matchId/judge/heartbeat","statusCode":200,"latencyMs":15.069,"msg":"request completed"}
{"level":30,"time":1789776824363,"pid":15891,"hostname":"Glebs-MacBook-Pro.local","reqId":"d669b0e6-402a-403d-9c7d-cb0702f60154","event":"request_completed","requestId":"d669b0e6-402a-403d-9c7d-cb0702f60154","method":"GET","route":"/api/v1/matches/:matchId","statusCode":200,"latencyMs":17.598,"msg":"request completed"}
{"level":30,"time":1789776824367,"pid":15891,"hostname":"Glebs-MacBook-Pro.local","reqId":"3d8c2310-c9f4-4baf-9e2f-90111eaab7bc","event":"request_completed","requestId":"3d8c2310-c9f4-4baf-9e2f-90111eaab7bc","method":"GET","route":"/api/v1/matches/:matchId","statusCode":200,"latencyMs":15.717,"msg":"request completed"}
{"level":30,"time":1789776824638,"pid":15891,"hostname":"Glebs-MacBook-Pro.local","reqId":"23ccaab2-3db7-4425-8ad1-401e69a3fcdc","event":"request_completed","requestId":"23ccaab2-3db7-4425-8ad1-401e69a3fcdc","method":"GET","route":"/api/v1/auth/me","statusCode":401,"latencyMs":0.205,"msg":"request completed"}
  ✘  14 [chromium-desktop] › tests/e2e/wave-c.spec.ts:135:5 › Wave C AT-JUDGE-001 creator starts while another club judge retains the slot (1.5s)
(node:16032) Warning: The 'NO_COLOR' env is ignored due to the 'FORCE_COLOR' env being set.
(Use `node --trace-warnings ...` to show where the warning was created)
{"level":30,"time":1789776825364,"pid":15891,"hostname":"Glebs-MacBook-Pro.local","reqId":"11ec3483-eb15-4c30-acc0-8ac5bfebeb36","event":"request_completed","requestId":"11ec3483-eb15-4c30-acc0-8ac5bfebeb36","method":"GET","route":"/health","statusCode":200,"latencyMs":0.154,"msg":"request completed"}
{"level":30,"time":1789776825410,"pid":15891,"hostname":"Glebs-MacBook-Pro.local","reqId":"43f973ab-7b28-4e7c-b2eb-cb8bad7f83d2","event":"request_completed","requestId":"43f973ab-7b28-4e7c-b2eb-cb8bad7f83d2","method":"POST","route":"/api/v1/auth/login","statusCode":200,"latencyMs":38.652,"msg":"request completed"}
{"level":30,"time":1789776825428,"pid":15891,"hostname":"Glebs-MacBook-Pro.local","reqId":"6e56ac96-3b3a-42d5-9245-9b2f4e7d9f9a","event":"request_completed","requestId":"6e56ac96-3b3a-42d5-9245-9b2f4e7d9f9a","method":"PATCH","route":"/api/v1/me/onboarding","statusCode":200,"latencyMs":13.539,"msg":"request completed"}
{"level":30,"time":1789776825479,"pid":15891,"hostname":"Glebs-MacBook-Pro.local","reqId":"bc3263c8-e73c-4e6f-9be8-8165205ea8dd","event":"request_completed","requestId":"bc3263c8-e73c-4e6f-9be8-8165205ea8dd","method":"POST","route":"/api/v1/admin/users","statusCode":200,"latencyMs":46.959,"msg":"request completed"}
{"level":30,"time":1789776825509,"pid":15891,"hostname":"Glebs-MacBook-Pro.local","reqId":"cfe572f6-60a6-43e8-8c79-05f14ef304f5","event":"request_completed","requestId":"cfe572f6-60a6-43e8-8c79-05f14ef304f5","method":"POST","route":"/api/v1/auth/login","statusCode":200,"latencyMs":25.147,"msg":"request completed"}
{"level":30,"time":1789776825550,"pid":15891,"hostname":"Glebs-MacBook-Pro.local","reqId":"6aa7d236-ef89-49c6-8d62-a816c48fbd98","event":"request_completed","requestId":"6aa7d236-ef89-49c6-8d62-a816c48fbd98","method":"POST","route":"/api/v1/auth/password/first-change","statusCode":200,"latencyMs":36.271,"msg":"request completed"}
{"level":30,"time":1789776825565,"pid":15891,"hostname":"Glebs-MacBook-Pro.local","reqId":"cf7719e3-2af3-4563-ada6-c4595669eae3","event":"request_completed","requestId":"cf7719e3-2af3-4563-ada6-c4595669eae3","method":"PATCH","route":"/api/v1/me/onboarding","statusCode":200,"latencyMs":11.016,"msg":"request completed"}
{"level":30,"time":1789776825609,"pid":15891,"hostname":"Glebs-MacBook-Pro.local","reqId":"ca99f8b4-0f33-442e-b4b7-1e60e2006e97","event":"request_completed","requestId":"ca99f8b4-0f33-442e-b4b7-1e60e2006e97","method":"POST","route":"/api/v1/admin/users","statusCode":200,"latencyMs":40.587,"msg":"request completed"}
{"level":30,"time":1789776825639,"pid":15891,"hostname":"Glebs-MacBook-Pro.local","reqId":"2898c6ab-b89e-4036-8c55-87de27931726","event":"request_completed","requestId":"2898c6ab-b89e-4036-8c55-87de27931726","method":"POST","route":"/api/v1/auth/login","statusCode":200,"latencyMs":26.046,"msg":"request completed"}
{"level":30,"time":1789776825680,"pid":15891,"hostname":"Glebs-MacBook-Pro.local","reqId":"3a81fe8c-2ce5-4ffd-b828-81a8f5b320be","event":"request_completed","requestId":"3a81fe8c-2ce5-4ffd-b828-81a8f5b320be","method":"POST","route":"/api/v1/auth/password/first-change","statusCode":200,"latencyMs":35.861,"msg":"request completed"}
{"level":30,"time":1789776825695,"pid":15891,"hostname":"Glebs-MacBook-Pro.local","reqId":"6e0976b1-fd83-4fe9-a76e-e489722f73eb","event":"request_completed","requestId":"6e0976b1-fd83-4fe9-a76e-e489722f73eb","method":"PATCH","route":"/api/v1/me/onboarding","statusCode":200,"latencyMs":10.857,"msg":"request completed"}
{"level":30,"time":1789776825999,"pid":15891,"hostname":"Glebs-MacBook-Pro.local","reqId":"3dbe68a2-96bf-4d7e-8fc2-a2f147e2006d","event":"request_completed","requestId":"3dbe68a2-96bf-4d7e-8fc2-a2f147e2006d","method":"GET","route":"/api/v1/auth/me","statusCode":401,"latencyMs":0.126,"msg":"request completed"}
  ✘  15 [chromium-desktop] › tests/e2e/wave-d-teams.spec.ts:23:5 › Wave D AT-TEAM-001..007 create, accept welcome, transfer, leave and automatic archive (928ms)
(node:16040) Warning: The 'NO_COLOR' env is ignored due to the 'FORCE_COLOR' env being set.
(Use `node --trace-warnings ...` to show where the warning was created)
{"level":30,"time":1789776826704,"pid":15891,"hostname":"Glebs-MacBook-Pro.local","reqId":"edc2a24d-d598-4c97-880a-d5992cbc89ec","event":"request_completed","requestId":"edc2a24d-d598-4c97-880a-d5992cbc89ec","method":"GET","route":"/health","statusCode":200,"latencyMs":0.14,"msg":"request completed"}
{"level":30,"time":1789776826742,"pid":15891,"hostname":"Glebs-MacBook-Pro.local","reqId":"bc5ddf04-fa4d-467f-b753-8b9ec17946df","event":"request_completed","requestId":"bc5ddf04-fa4d-467f-b753-8b9ec17946df","method":"POST","route":"/api/v1/auth/login","statusCode":200,"latencyMs":31.694,"msg":"request completed"}
{"level":30,"time":1789776826760,"pid":15891,"hostname":"Glebs-MacBook-Pro.local","reqId":"227c9ed9-77c3-4aeb-b9cf-a5b298b61818","event":"request_completed","requestId":"227c9ed9-77c3-4aeb-b9cf-a5b298b61818","method":"PATCH","route":"/api/v1/me/onboarding","statusCode":200,"latencyMs":11.813,"msg":"request completed"}
{"level":30,"time":1789776827025,"pid":15891,"hostname":"Glebs-MacBook-Pro.local","reqId":"e44caba3-732d-4855-a4c8-3dab58ddc192","event":"request_completed","requestId":"e44caba3-732d-4855-a4c8-3dab58ddc192","method":"GET","route":"/api/v1/auth/me","statusCode":401,"latencyMs":0.189,"msg":"request completed"}
  ✘  16 [chromium-desktop] › tests/e2e/wave-d-tournaments.spec.ts:19:7 › Wave D tournament single_elimination/3 roster, seed edit, complete and results (583ms)
(node:16046) Warning: The 'NO_COLOR' env is ignored due to the 'FORCE_COLOR' env being set.
(Use `node --trace-warnings ...` to show where the warning was created)
{"level":30,"time":1789776827686,"pid":15891,"hostname":"Glebs-MacBook-Pro.local","reqId":"d55b8781-9581-4332-bc6c-b457deb8e813","event":"request_completed","requestId":"d55b8781-9581-4332-bc6c-b457deb8e813","method":"GET","route":"/health","statusCode":200,"latencyMs":0.142,"msg":"request completed"}
{"level":30,"time":1789776827732,"pid":15891,"hostname":"Glebs-MacBook-Pro.local","reqId":"2485522d-539e-4a6a-a23f-32b22ce45dd3","event":"request_completed","requestId":"2485522d-539e-4a6a-a23f-32b22ce45dd3","method":"POST","route":"/api/v1/auth/login","statusCode":200,"latencyMs":39.171,"msg":"request completed"}
{"level":30,"time":1789776827751,"pid":15891,"hostname":"Glebs-MacBook-Pro.local","reqId":"9c1e9034-e37e-498e-ac30-a039e2c8a079","event":"request_completed","requestId":"9c1e9034-e37e-498e-ac30-a039e2c8a079","method":"PATCH","route":"/api/v1/me/onboarding","statusCode":200,"latencyMs":14.364,"msg":"request completed"}
{"level":30,"time":1789776828017,"pid":15891,"hostname":"Glebs-MacBook-Pro.local","reqId":"3f0ba22f-7997-4ba4-8d85-30e23979159e","event":"request_completed","requestId":"3f0ba22f-7997-4ba4-8d85-30e23979159e","method":"GET","route":"/api/v1/auth/me","statusCode":401,"latencyMs":0.156,"msg":"request completed"}
  ✘  17 [chromium-desktop] › tests/e2e/wave-d-tournaments.spec.ts:19:7 › Wave D tournament single_elimination/5 roster, seed edit, complete and results (595ms)
(node:16052) Warning: The 'NO_COLOR' env is ignored due to the 'FORCE_COLOR' env being set.
(Use `node --trace-warnings ...` to show where the warning was created)
{"level":30,"time":1789776828685,"pid":15891,"hostname":"Glebs-MacBook-Pro.local","reqId":"07b48421-da9e-44bb-8dfb-afabc45cf50f","event":"request_completed","requestId":"07b48421-da9e-44bb-8dfb-afabc45cf50f","method":"GET","route":"/health","statusCode":200,"latencyMs":0.146,"msg":"request completed"}
{"level":30,"time":1789776828713,"pid":15891,"hostname":"Glebs-MacBook-Pro.local","reqId":"1adf0995-50d1-475a-8584-af7939e72e92","event":"request_completed","requestId":"1adf0995-50d1-475a-8584-af7939e72e92","method":"POST","route":"/api/v1/auth/login","statusCode":200,"latencyMs":21.596,"msg":"request completed"}
{"level":30,"time":1789776828724,"pid":15891,"hostname":"Glebs-MacBook-Pro.local","reqId":"9109dae8-acc3-4f38-b2fb-5752ec137128","event":"request_completed","requestId":"9109dae8-acc3-4f38-b2fb-5752ec137128","method":"PATCH","route":"/api/v1/me/onboarding","statusCode":200,"latencyMs":5.695,"msg":"request completed"}
{"level":30,"time":1789776828989,"pid":15891,"hostname":"Glebs-MacBook-Pro.local","reqId":"7715f942-9b62-40fc-b35b-ebe3e5c539e2","event":"request_completed","requestId":"7715f942-9b62-40fc-b35b-ebe3e5c539e2","method":"GET","route":"/api/v1/auth/me","statusCode":401,"latencyMs":0.25,"msg":"request completed"}
  ✘  18 [chromium-desktop] › tests/e2e/wave-d-tournaments.spec.ts:19:7 › Wave D tournament single_elimination/8 roster, seed edit, complete and results (570ms)
(node:16058) Warning: The 'NO_COLOR' env is ignored due to the 'FORCE_COLOR' env being set.
(Use `node --trace-warnings ...` to show where the warning was created)
{"level":30,"time":1789776829657,"pid":15891,"hostname":"Glebs-MacBook-Pro.local","reqId":"99c8720a-b719-4b88-ab53-0260be8c8e48","event":"request_completed","requestId":"99c8720a-b719-4b88-ab53-0260be8c8e48","method":"GET","route":"/health","statusCode":200,"latencyMs":0.127,"msg":"request completed"}
{"level":30,"time":1789776829697,"pid":15891,"hostname":"Glebs-MacBook-Pro.local","reqId":"0f5990ab-f2f9-4a45-a178-1ef3f1755847","event":"request_completed","requestId":"0f5990ab-f2f9-4a45-a178-1ef3f1755847","method":"POST","route":"/api/v1/auth/login","statusCode":200,"latencyMs":32.671,"msg":"request completed"}
{"level":30,"time":1789776829715,"pid":15891,"hostname":"Glebs-MacBook-Pro.local","reqId":"614fe824-a6ca-4b9f-80ac-27c7515c1a78","event":"request_completed","requestId":"614fe824-a6ca-4b9f-80ac-27c7515c1a78","method":"PATCH","route":"/api/v1/me/onboarding","statusCode":200,"latencyMs":13.572,"msg":"request completed"}
{"level":30,"time":1789776829984,"pid":15891,"hostname":"Glebs-MacBook-Pro.local","reqId":"2b9ec5da-83f9-4f71-a1c7-cb7ca43c93ca","event":"request_completed","requestId":"2b9ec5da-83f9-4f71-a1c7-cb7ca43c93ca","method":"GET","route":"/api/v1/auth/me","statusCode":401,"latencyMs":0.142,"msg":"request completed"}
  ✘  19 [chromium-desktop] › tests/e2e/wave-d-tournaments.spec.ts:19:7 › Wave D tournament double_elimination/3 roster, seed edit, complete and results (608ms)
(node:16066) Warning: The 'NO_COLOR' env is ignored due to the 'FORCE_COLOR' env being set.
(Use `node --trace-warnings ...` to show where the warning was created)
{"level":30,"time":1789776830666,"pid":15891,"hostname":"Glebs-MacBook-Pro.local","reqId":"f5e45a66-4efa-4fc6-820f-f784176abcf2","event":"request_completed","requestId":"f5e45a66-4efa-4fc6-820f-f784176abcf2","method":"GET","route":"/health","statusCode":200,"latencyMs":0.148,"msg":"request completed"}
{"level":30,"time":1789776830695,"pid":15891,"hostname":"Glebs-MacBook-Pro.local","reqId":"40316155-2ebc-4a92-8d54-16b7ce305b46","event":"request_completed","requestId":"40316155-2ebc-4a92-8d54-16b7ce305b46","method":"POST","route":"/api/v1/auth/login","statusCode":200,"latencyMs":20.956,"msg":"request completed"}
{"level":30,"time":1789776830706,"pid":15891,"hostname":"Glebs-MacBook-Pro.local","reqId":"12a132a9-60ec-45f1-883f-649f155ab61f","event":"request_completed","requestId":"12a132a9-60ec-45f1-883f-649f155ab61f","method":"PATCH","route":"/api/v1/me/onboarding","statusCode":200,"latencyMs":5.529,"msg":"request completed"}
{"level":30,"time":1789776830974,"pid":15891,"hostname":"Glebs-MacBook-Pro.local","reqId":"aa477080-9d47-4267-8e93-bae5fe67cd16","event":"request_completed","requestId":"aa477080-9d47-4267-8e93-bae5fe67cd16","method":"GET","route":"/api/v1/auth/me","statusCode":401,"latencyMs":0.116,"msg":"request completed"}
  ✘  20 [chromium-desktop] › tests/e2e/wave-d-tournaments.spec.ts:19:7 › Wave D tournament double_elimination/5 roster, seed edit, complete and results (587ms)
(node:16072) Warning: The 'NO_COLOR' env is ignored due to the 'FORCE_COLOR' env being set.
(Use `node --trace-warnings ...` to show where the warning was created)
{"level":30,"time":1789776831649,"pid":15891,"hostname":"Glebs-MacBook-Pro.local","reqId":"7396992f-df60-498e-b71c-eed1cc95ab16","event":"request_completed","requestId":"7396992f-df60-498e-b71c-eed1cc95ab16","method":"GET","route":"/health","statusCode":200,"latencyMs":0.245,"msg":"request completed"}
{"level":30,"time":1789776831688,"pid":15891,"hostname":"Glebs-MacBook-Pro.local","reqId":"1d0e4a67-f1ad-4505-9558-8565de19c957","event":"request_completed","requestId":"1d0e4a67-f1ad-4505-9558-8565de19c957","method":"POST","route":"/api/v1/auth/login","statusCode":200,"latencyMs":32.321,"msg":"request completed"}
{"level":30,"time":1789776831707,"pid":15891,"hostname":"Glebs-MacBook-Pro.local","reqId":"83b031f0-f6bb-4d4e-a48f-6061ac58503f","event":"request_completed","requestId":"83b031f0-f6bb-4d4e-a48f-6061ac58503f","method":"PATCH","route":"/api/v1/me/onboarding","statusCode":200,"latencyMs":13.576,"msg":"request completed"}
{"level":30,"time":1789776831971,"pid":15891,"hostname":"Glebs-MacBook-Pro.local","reqId":"100342df-03b3-4968-a3ee-7343d9f10c23","event":"request_completed","requestId":"100342df-03b3-4968-a3ee-7343d9f10c23","method":"GET","route":"/api/v1/auth/me","statusCode":401,"latencyMs":0.124,"msg":"request completed"}
  ✘  21 [chromium-desktop] › tests/e2e/wave-d-tournaments.spec.ts:19:7 › Wave D tournament double_elimination/8 roster, seed edit, complete and results (586ms)
(node:16078) Warning: The 'NO_COLOR' env is ignored due to the 'FORCE_COLOR' env being set.
(Use `node --trace-warnings ...` to show where the warning was created)
{"level":30,"time":1789776832628,"pid":15891,"hostname":"Glebs-MacBook-Pro.local","reqId":"df9ab950-a82d-4af1-8ad2-ce6f399e9eff","event":"request_completed","requestId":"df9ab950-a82d-4af1-8ad2-ce6f399e9eff","method":"GET","route":"/health","statusCode":200,"latencyMs":0.15,"msg":"request completed"}
{"level":30,"time":1789776832675,"pid":15891,"hostname":"Glebs-MacBook-Pro.local","reqId":"0eb2979c-b382-4770-9927-6ef66c6ebb73","event":"request_completed","requestId":"0eb2979c-b382-4770-9927-6ef66c6ebb73","method":"POST","route":"/api/v1/auth/login","statusCode":200,"latencyMs":39.881,"msg":"request completed"}
{"level":30,"time":1789776832686,"pid":15891,"hostname":"Glebs-MacBook-Pro.local","reqId":"1dae7bfe-ee9b-4b30-a1d5-077843510896","event":"request_completed","requestId":"1dae7bfe-ee9b-4b30-a1d5-077843510896","method":"PATCH","route":"/api/v1/me/onboarding","statusCode":200,"latencyMs":5.643,"msg":"request completed"}
{"level":30,"time":1789776832956,"pid":15891,"hostname":"Glebs-MacBook-Pro.local","reqId":"1a70d8b6-d1f9-4a48-b567-725591916c40","event":"request_completed","requestId":"1a70d8b6-d1f9-4a48-b567-725591916c40","method":"GET","route":"/api/v1/auth/me","statusCode":401,"latencyMs":0.125,"msg":"request completed"}
  ✘  22 [chromium-desktop] › tests/e2e/wave-d-tournaments.spec.ts:103:5 › Wave D tournament invalidation, dissolve, cancel and reasoned stop (607ms)
(node:16084) Warning: The 'NO_COLOR' env is ignored due to the 'FORCE_COLOR' env being set.
(Use `node --trace-warnings ...` to show where the warning was created)
{"level":30,"time":1789776833635,"pid":15891,"hostname":"Glebs-MacBook-Pro.local","reqId":"f9646476-0f51-4ff5-aca4-72a9797fcede","event":"request_completed","requestId":"f9646476-0f51-4ff5-aca4-72a9797fcede","method":"GET","route":"/health","statusCode":200,"latencyMs":0.139,"msg":"request completed"}
{"level":30,"time":1789776833677,"pid":15891,"hostname":"Glebs-MacBook-Pro.local","reqId":"3f5d0ab3-34d0-4090-92e1-ec1179a80de8","event":"request_completed","requestId":"3f5d0ab3-34d0-4090-92e1-ec1179a80de8","method":"POST","route":"/api/v1/auth/login","statusCode":200,"latencyMs":33.312,"msg":"request completed"}
{"level":30,"time":1789776833699,"pid":15891,"hostname":"Glebs-MacBook-Pro.local","reqId":"df1790f8-c2c8-4b6e-8c30-7ba70a3e8651","event":"request_completed","requestId":"df1790f8-c2c8-4b6e-8c30-7ba70a3e8651","method":"PATCH","route":"/api/v1/me/onboarding","statusCode":200,"latencyMs":16.631,"msg":"request completed"}
{"level":30,"time":1789776834003,"pid":15891,"hostname":"Glebs-MacBook-Pro.local","reqId":"5e435372-76e7-466d-8f3b-cacae39dc50f","event":"request_completed","requestId":"5e435372-76e7-466d-8f3b-cacae39dc50f","method":"GET","route":"/api/v1/auth/me","statusCode":401,"latencyMs":0.134,"msg":"request completed"}
{"level":30,"time":1789776834189,"pid":15891,"hostname":"Glebs-MacBook-Pro.local","reqId":"acc9817e-26d4-4b37-b6bb-a0b65da5d502","event":"request_completed","requestId":"acc9817e-26d4-4b37-b6bb-a0b65da5d502","method":"POST","route":"/api/v1/auth/login","statusCode":200,"latencyMs":34.37,"msg":"request completed"}
{"level":30,"time":1789776834206,"pid":15891,"hostname":"Glebs-MacBook-Pro.local","reqId":"63f42e29-b196-4eb0-a739-106e04cfed71","event":"request_completed","requestId":"63f42e29-b196-4eb0-a739-106e04cfed71","method":"GET","route":"/api/v1/auth/me","statusCode":200,"latencyMs":14.914,"msg":"request completed"}
{"level":30,"time":1789776834231,"pid":15891,"hostname":"Glebs-MacBook-Pro.local","reqId":"9be0278c-0bca-41eb-855a-ab3f9b48ddd1","event":"request_completed","requestId":"9be0278c-0bca-41eb-855a-ab3f9b48ddd1","method":"GET","route":"/api/v1/notifications","statusCode":200,"latencyMs":38.972,"msg":"request completed"}
{"level":30,"time":1789776834265,"pid":15891,"hostname":"Glebs-MacBook-Pro.local","reqId":"130a1dc7-a78f-4a44-8fb1-abe3b8ea12a5","event":"request_completed","requestId":"130a1dc7-a78f-4a44-8fb1-abe3b8ea12a5","method":"GET","route":"/api/v1/home","statusCode":200,"latencyMs":69.912,"msg":"request completed"}
{"level":30,"time":1789776834266,"pid":15891,"hostname":"Glebs-MacBook-Pro.local","reqId":"a446a453-e0b1-4f27-a73a-0d77210462e3","event":"request_completed","requestId":"a446a453-e0b1-4f27-a73a-0d77210462e3","method":"GET","route":"/api/v1/auth/me","statusCode":200,"latencyMs":4.329,"msg":"request completed"}
{"level":30,"time":1789776834287,"pid":15891,"hostname":"Glebs-MacBook-Pro.local","reqId":"bd5a6157-e313-4759-a120-56d50c59bb53","event":"request_completed","requestId":"bd5a6157-e313-4759-a120-56d50c59bb53","method":"GET","route":"/api/v1/admin/users","statusCode":200,"latencyMs":7.106,"msg":"request completed"}
{"level":30,"time":1789776834294,"pid":15891,"hostname":"Glebs-MacBook-Pro.local","reqId":"c6a30a8e-8974-4714-8a13-38e35b0043ad","event":"request_completed","requestId":"c6a30a8e-8974-4714-8a13-38e35b0043ad","method":"GET","route":"/api/v1/notifications","statusCode":200,"latencyMs":15.328,"msg":"request completed"}
{"level":30,"time":1789776834376,"pid":15891,"hostname":"Glebs-MacBook-Pro.local","reqId":"20b787d8-dd8d-4cf3-8f92-4a164be4ca5b","event":"request_completed","requestId":"20b787d8-dd8d-4cf3-8f92-4a164be4ca5b","method":"POST","route":"/api/v1/admin/users","statusCode":200,"latencyMs":41.45,"msg":"request completed"}
{"level":30,"time":1789776834394,"pid":15891,"hostname":"Glebs-MacBook-Pro.local","reqId":"f31a2b7e-545d-40ff-b911-f912776872a7","event":"request_completed","requestId":"f31a2b7e-545d-40ff-b911-f912776872a7","method":"GET","route":"/api/v1/admin/users","statusCode":200,"latencyMs":15.921,"msg":"request completed"}
{"level":30,"time":1789776834495,"pid":15891,"hostname":"Glebs-MacBook-Pro.local","reqId":"9ddad89c-32be-48fd-9e18-10742f8b3117","event":"request_completed","requestId":"9ddad89c-32be-48fd-9e18-10742f8b3117","method":"GET","route":"/api/v1/admin/users","statusCode":200,"latencyMs":11.97,"msg":"request completed"}
{"level":30,"time":1789776834767,"pid":15891,"hostname":"Glebs-MacBook-Pro.local","reqId":"38ff6e8c-f338-4baf-a082-42390c7a5178","event":"request_completed","requestId":"38ff6e8c-f338-4baf-a082-42390c7a5178","method":"GET","route":"/api/v1/auth/me","statusCode":401,"latencyMs":0.133,"msg":"request completed"}
{"level":30,"time":1789776834934,"pid":15891,"hostname":"Glebs-MacBook-Pro.local","reqId":"4757b2b2-897a-4479-a711-c6dd00ae10e7","event":"request_completed","requestId":"4757b2b2-897a-4479-a711-c6dd00ae10e7","method":"POST","route":"/api/v1/auth/login","statusCode":200,"latencyMs":26.701,"msg":"request completed"}
{"level":30,"time":1789776835079,"pid":15891,"hostname":"Glebs-MacBook-Pro.local","reqId":"83e4bc97-c86c-4b0f-856f-30792fb45efc","event":"request_completed","requestId":"83e4bc97-c86c-4b0f-856f-30792fb45efc","method":"POST","route":"/api/v1/auth/password/first-change","statusCode":200,"latencyMs":39.23,"msg":"request completed"}
{"level":30,"time":1789776835092,"pid":15891,"hostname":"Glebs-MacBook-Pro.local","reqId":"14702866-8661-4846-a105-4fbb8f1b7d35","event":"request_completed","requestId":"14702866-8661-4846-a105-4fbb8f1b7d35","method":"GET","route":"/api/v1/auth/me","statusCode":200,"latencyMs":10.974,"msg":"request completed"}
{"level":30,"time":1789776835156,"pid":15891,"hostname":"Glebs-MacBook-Pro.local","reqId":"ec9e08e6-b789-494f-b013-c80e5dfb28ca","event":"request_completed","requestId":"ec9e08e6-b789-494f-b013-c80e5dfb28ca","method":"PATCH","route":"/api/v1/me/onboarding","statusCode":200,"latencyMs":16.189,"msg":"request completed"}
{"level":30,"time":1789776835187,"pid":15891,"hostname":"Glebs-MacBook-Pro.local","reqId":"a0bc2db1-5fce-4421-bc55-fdb91a8ada9a","event":"request_completed","requestId":"a0bc2db1-5fce-4421-bc55-fdb91a8ada9a","method":"GET","route":"/api/v1/admin/users","statusCode":403,"latencyMs":17.758,"msg":"request completed"}
{"level":30,"time":1789776835199,"pid":15891,"hostname":"Glebs-MacBook-Pro.local","reqId":"bbbce95f-05a9-4518-9c43-9410fbf4fcda","event":"request_completed","requestId":"bbbce95f-05a9-4518-9c43-9410fbf4fcda","method":"GET","route":"/api/v1/notifications","statusCode":200,"latencyMs":37.688,"msg":"request completed"}
{"level":30,"time":1789776835207,"pid":15891,"hostname":"Glebs-MacBook-Pro.local","reqId":"cdab905d-e269-4e6e-9b02-8791b2c5a48e","event":"request_completed","requestId":"cdab905d-e269-4e6e-9b02-8791b2c5a48e","method":"GET","route":"/api/v1/home","statusCode":200,"latencyMs":45.574,"msg":"request completed"}
{"level":30,"time":1789776835310,"pid":15891,"hostname":"Glebs-MacBook-Pro.local","reqId":"2c27d3ba-6b56-4c0e-8256-51293c0a657d","event":"request_completed","requestId":"2c27d3ba-6b56-4c0e-8256-51293c0a657d","method":"PATCH","route":"/api/v1/admin/users/:userId","statusCode":200,"latencyMs":26.205,"msg":"request completed"}
{"level":30,"time":1789776835324,"pid":15891,"hostname":"Glebs-MacBook-Pro.local","reqId":"9729680d-82f6-4083-baec-f4d45094ccf1","event":"request_completed","requestId":"9729680d-82f6-4083-baec-f4d45094ccf1","method":"GET","route":"/api/v1/admin/users","statusCode":200,"latencyMs":12.309,"msg":"request completed"}
{"level":30,"time":1789776835377,"pid":15891,"hostname":"Glebs-MacBook-Pro.local","reqId":"3876e790-3a9b-48a5-8037-02345c95ba85","event":"request_completed","requestId":"3876e790-3a9b-48a5-8037-02345c95ba85","method":"GET","route":"/api/v1/admin/users","statusCode":200,"latencyMs":12.004,"msg":"request completed"}
{"level":30,"time":1789776835394,"pid":15891,"hostname":"Glebs-MacBook-Pro.local","reqId":"29242edb-0990-41fe-ba6e-bf2b33f592f2","event":"request_completed","requestId":"29242edb-0990-41fe-ba6e-bf2b33f592f2","method":"GET","route":"/api/v1/auth/me","statusCode":200,"latencyMs":10.996,"msg":"request completed"}
{"level":30,"time":1789776835482,"pid":15891,"hostname":"Glebs-MacBook-Pro.local","reqId":"f1fd9bf4-982a-43e5-b878-98b54d98c444","event":"request_completed","requestId":"f1fd9bf4-982a-43e5-b878-98b54d98c444","method":"PATCH","route":"/api/v1/admin/users/:userId","statusCode":200,"latencyMs":32.712,"msg":"request completed"}
{"level":30,"time":1789776835497,"pid":15891,"hostname":"Glebs-MacBook-Pro.local","reqId":"335a4b78-e9a3-4340-8d0f-e461c68518a8","event":"request_completed","requestId":"335a4b78-e9a3-4340-8d0f-e461c68518a8","method":"GET","route":"/api/v1/admin/users","statusCode":200,"latencyMs":13.033,"msg":"request completed"}
{"level":30,"time":1789776835542,"pid":15891,"hostname":"Glebs-MacBook-Pro.local","reqId":"14647444-30b7-4836-9788-379ec05e5988","event":"request_completed","requestId":"14647444-30b7-4836-9788-379ec05e5988","method":"GET","route":"/api/v1/auth/me","statusCode":401,"latencyMs":3.782,"msg":"request completed"}
{"level":30,"time":1789776835649,"pid":15891,"hostname":"Glebs-MacBook-Pro.local","reqId":"a9b505bf-c68e-456b-a518-7311691c882f","event":"request_completed","requestId":"a9b505bf-c68e-456b-a518-7311691c882f","method":"PATCH","route":"/api/v1/admin/users/:userId","statusCode":200,"latencyMs":33.919,"msg":"request completed"}
{"level":30,"time":1789776835666,"pid":15891,"hostname":"Glebs-MacBook-Pro.local","reqId":"c131ac03-2da8-48a4-9427-ee5cd1fa32dd","event":"request_completed","requestId":"c131ac03-2da8-48a4-9427-ee5cd1fa32dd","method":"GET","route":"/api/v1/admin/users","statusCode":200,"latencyMs":14.894,"msg":"request completed"}
{"level":30,"time":1789776835791,"pid":15891,"hostname":"Glebs-MacBook-Pro.local","reqId":"a8bf7d8e-ad04-4bf7-b1b6-c334baf086df","event":"request_completed","requestId":"a8bf7d8e-ad04-4bf7-b1b6-c334baf086df","method":"POST","route":"/api/v1/admin/users/:userId/block","statusCode":200,"latencyMs":42.871,"msg":"request completed"}
{"level":30,"time":1789776835804,"pid":15891,"hostname":"Glebs-MacBook-Pro.local","reqId":"22f2b7fc-4f15-42a7-988c-095a731311d9","event":"request_completed","requestId":"22f2b7fc-4f15-42a7-988c-095a731311d9","method":"GET","route":"/api/v1/admin/users","statusCode":200,"latencyMs":10.122,"msg":"request completed"}
{"level":30,"time":1789776835850,"pid":15891,"hostname":"Glebs-MacBook-Pro.local","reqId":"35ede18a-086c-414a-a361-dab3720999d3","event":"request_completed","requestId":"35ede18a-086c-414a-a361-dab3720999d3","method":"GET","route":"/api/v1/admin/users","statusCode":200,"latencyMs":12.073,"msg":"request completed"}
{"level":30,"time":1789776835925,"pid":15891,"hostname":"Glebs-MacBook-Pro.local","reqId":"2bb015c0-4085-4850-8125-cd7205256a16","event":"request_completed","requestId":"2bb015c0-4085-4850-8125-cd7205256a16","method":"POST","route":"/api/v1/admin/users/:userId/unblock","statusCode":200,"latencyMs":22.075,"msg":"request completed"}
{"level":30,"time":1789776835937,"pid":15891,"hostname":"Glebs-MacBook-Pro.local","reqId":"59a130b8-8c4e-4277-86cb-d359db8e0feb","event":"request_completed","requestId":"59a130b8-8c4e-4277-86cb-d359db8e0feb","method":"GET","route":"/api/v1/admin/users","statusCode":200,"latencyMs":9.582,"msg":"request completed"}
{"level":30,"time":1789776836021,"pid":15891,"hostname":"Glebs-MacBook-Pro.local","reqId":"6ff32a64-6dac-4b40-92dd-85236b6b2356","event":"request_completed","requestId":"6ff32a64-6dac-4b40-92dd-85236b6b2356","method":"GET","route":"/api/v1/admin/users","statusCode":200,"latencyMs":30.188,"msg":"request completed"}
{"level":30,"time":1789776836082,"pid":15891,"hostname":"Glebs-MacBook-Pro.local","reqId":"6827ce2d-fac7-4478-a735-f2129b84316e","event":"request_completed","requestId":"6827ce2d-fac7-4478-a735-f2129b84316e","method":"GET","route":"/api/v1/auth/me","statusCode":401,"latencyMs":9.476,"msg":"request completed"}
  ✓  23 [chromium-desktop] › tests/e2e/wave-e-admin.spec.ts:10:5 › Wave E ADM catalog, first login, profile, role and block lifecycle (2.7s)
{"level":30,"time":1789776836317,"pid":15891,"hostname":"Glebs-MacBook-Pro.local","reqId":"edc17526-50a2-4730-9fb0-c5e833e90440","event":"request_completed","requestId":"edc17526-50a2-4730-9fb0-c5e833e90440","method":"GET","route":"/health","statusCode":200,"latencyMs":0.126,"msg":"request completed"}
{"level":30,"time":1789776836346,"pid":15891,"hostname":"Glebs-MacBook-Pro.local","reqId":"1441d6ee-64a8-4624-8653-1926b122c213","event":"request_completed","requestId":"1441d6ee-64a8-4624-8653-1926b122c213","method":"POST","route":"/api/v1/auth/login","statusCode":200,"latencyMs":25.258,"msg":"request completed"}
{"level":30,"time":1789776836363,"pid":15891,"hostname":"Glebs-MacBook-Pro.local","reqId":"8bb46947-9850-48e2-a01d-e6d37c94b25d","event":"request_completed","requestId":"8bb46947-9850-48e2-a01d-e6d37c94b25d","method":"PATCH","route":"/api/v1/me/onboarding","statusCode":200,"latencyMs":12.407,"msg":"request completed"}
{"level":30,"time":1789776836408,"pid":15891,"hostname":"Glebs-MacBook-Pro.local","reqId":"92735df2-daeb-4e86-89b9-c019ed8a7db3","event":"request_completed","requestId":"92735df2-daeb-4e86-89b9-c019ed8a7db3","method":"POST","route":"/api/v1/admin/users","statusCode":200,"latencyMs":40.792,"msg":"request completed"}
{"level":30,"time":1789776836442,"pid":15891,"hostname":"Glebs-MacBook-Pro.local","reqId":"adcbb70a-d7b8-483e-acb8-3456d9d45044","event":"request_completed","requestId":"adcbb70a-d7b8-483e-acb8-3456d9d45044","method":"POST","route":"/api/v1/auth/login","statusCode":200,"latencyMs":29.871,"msg":"request completed"}
{"level":30,"time":1789776836487,"pid":15891,"hostname":"Glebs-MacBook-Pro.local","reqId":"31d24aed-4337-4493-a9fe-1a48bf3c7c51","event":"request_completed","requestId":"31d24aed-4337-4493-a9fe-1a48bf3c7c51","method":"POST","route":"/api/v1/auth/password/first-change","statusCode":200,"latencyMs":41.094,"msg":"request completed"}
{"level":30,"time":1789776836503,"pid":15891,"hostname":"Glebs-MacBook-Pro.local","reqId":"73ddb64e-8801-46e2-b8e3-6a1edc7816dd","event":"request_completed","requestId":"73ddb64e-8801-46e2-b8e3-6a1edc7816dd","method":"PATCH","route":"/api/v1/me/onboarding","statusCode":200,"latencyMs":12.62,"msg":"request completed"}
{"level":30,"time":1789776836552,"pid":15891,"hostname":"Glebs-MacBook-Pro.local","reqId":"bde8284c-0600-4209-8e0d-dc1903edca2a","event":"request_completed","requestId":"bde8284c-0600-4209-8e0d-dc1903edca2a","method":"POST","route":"/api/v1/admin/users","statusCode":200,"latencyMs":45.207,"msg":"request completed"}
{"level":30,"time":1789776836596,"pid":15891,"hostname":"Glebs-MacBook-Pro.local","reqId":"4669973b-e3e7-4dfa-8e7f-357b325cfd4b","event":"request_completed","requestId":"4669973b-e3e7-4dfa-8e7f-357b325cfd4b","method":"POST","route":"/api/v1/auth/login","statusCode":200,"latencyMs":34.345,"msg":"request completed"}
{"level":30,"time":1789776836638,"pid":15891,"hostname":"Glebs-MacBook-Pro.local","reqId":"6aefad78-7f46-46ed-83a7-bff24a76605a","event":"request_completed","requestId":"6aefad78-7f46-46ed-83a7-bff24a76605a","method":"POST","route":"/api/v1/auth/password/first-change","statusCode":200,"latencyMs":37.572,"msg":"request completed"}
{"level":30,"time":1789776836655,"pid":15891,"hostname":"Glebs-MacBook-Pro.local","reqId":"b18e86ec-a1d5-43c4-b9b0-09b1ec1384f8","event":"request_completed","requestId":"b18e86ec-a1d5-43c4-b9b0-09b1ec1384f8","method":"PATCH","route":"/api/v1/me/onboarding","statusCode":200,"latencyMs":13.223,"msg":"request completed"}
{"level":30,"time":1789776836698,"pid":15891,"hostname":"Glebs-MacBook-Pro.local","reqId":"bd8386bd-d11f-449a-bd93-bad53459e032","event":"request_completed","requestId":"bd8386bd-d11f-449a-bd93-bad53459e032","method":"POST","route":"/api/v1/admin/users","statusCode":200,"latencyMs":39.889,"msg":"request completed"}
{"level":30,"time":1789776836730,"pid":15891,"hostname":"Glebs-MacBook-Pro.local","reqId":"e1b0a6c0-5db7-4850-ab35-6d5acff989f0","event":"request_completed","requestId":"e1b0a6c0-5db7-4850-ab35-6d5acff989f0","method":"POST","route":"/api/v1/auth/login","statusCode":200,"latencyMs":26.981,"msg":"request completed"}
{"level":30,"time":1789776836770,"pid":15891,"hostname":"Glebs-MacBook-Pro.local","reqId":"088e5a53-a5b3-44eb-a79e-8c04cc10da75","event":"request_completed","requestId":"088e5a53-a5b3-44eb-a79e-8c04cc10da75","method":"POST","route":"/api/v1/auth/password/first-change","statusCode":200,"latencyMs":36.883,"msg":"request completed"}
{"level":30,"time":1789776836805,"pid":15891,"hostname":"Glebs-MacBook-Pro.local","reqId":"74b1316d-2dcd-4f7d-ac2e-1e6a0060cce1","event":"request_completed","requestId":"74b1316d-2dcd-4f7d-ac2e-1e6a0060cce1","method":"PATCH","route":"/api/v1/me/onboarding","statusCode":200,"latencyMs":31.081,"msg":"request completed"}
{"level":30,"time":1789776837077,"pid":15891,"hostname":"Glebs-MacBook-Pro.local","reqId":"65b52a7a-0a38-4cd8-94ba-db622770ac9f","event":"request_completed","requestId":"65b52a7a-0a38-4cd8-94ba-db622770ac9f","method":"GET","route":"/api/v1/auth/me","statusCode":401,"latencyMs":0.146,"msg":"request completed"}
{"level":30,"time":1789776837258,"pid":15891,"hostname":"Glebs-MacBook-Pro.local","reqId":"a12e73c8-16e7-4a63-bccb-319cd15e1c91","event":"request_completed","requestId":"a12e73c8-16e7-4a63-bccb-319cd15e1c91","method":"POST","route":"/api/v1/auth/login","statusCode":200,"latencyMs":35.999,"msg":"request completed"}
{"level":30,"time":1789776837272,"pid":15891,"hostname":"Glebs-MacBook-Pro.local","reqId":"dca95381-bf09-4195-8152-8135b54b918b","event":"request_completed","requestId":"dca95381-bf09-4195-8152-8135b54b918b","method":"GET","route":"/api/v1/auth/me","statusCode":200,"latencyMs":12.157,"msg":"request completed"}
{"level":30,"time":1789776837296,"pid":15891,"hostname":"Glebs-MacBook-Pro.local","reqId":"dce850ed-7d7d-42c8-aa76-4cd7c81ae39c","event":"request_completed","requestId":"dce850ed-7d7d-42c8-aa76-4cd7c81ae39c","method":"GET","route":"/api/v1/notifications","statusCode":200,"latencyMs":34.965,"msg":"request completed"}
{"level":30,"time":1789776837324,"pid":15891,"hostname":"Glebs-MacBook-Pro.local","reqId":"1eb972be-362f-4b94-a249-8def647422b5","event":"request_completed","requestId":"1eb972be-362f-4b94-a249-8def647422b5","method":"GET","route":"/api/v1/home","statusCode":200,"latencyMs":59.988,"msg":"request completed"}
{"level":30,"time":1789776837335,"pid":15891,"hostname":"Glebs-MacBook-Pro.local","reqId":"d2eaabf6-a177-4e3e-8b98-8df517058dc0","event":"request_completed","requestId":"d2eaabf6-a177-4e3e-8b98-8df517058dc0","method":"GET","route":"/api/v1/auth/me","statusCode":200,"latencyMs":4.098,"msg":"request completed"}
{"level":30,"time":1789776837359,"pid":15891,"hostname":"Glebs-MacBook-Pro.local","reqId":"c126b67b-2257-4955-a548-89350cc00041","event":"request_completed","requestId":"c126b67b-2257-4955-a548-89350cc00041","method":"GET","route":"/api/v1/matches/create-options","statusCode":200,"latencyMs":12.628,"msg":"request completed"}
{"level":30,"time":1789776837363,"pid":15891,"hostname":"Glebs-MacBook-Pro.local","reqId":"d0334a6f-ab72-433a-b207-19126a5c1a0d","event":"request_completed","requestId":"d0334a6f-ab72-433a-b207-19126a5c1a0d","method":"GET","route":"/api/v1/notifications","statusCode":200,"latencyMs":16.762,"msg":"request completed"}
{"level":30,"time":1789776837514,"pid":15891,"hostname":"Glebs-MacBook-Pro.local","reqId":"75c2d475-f561-4cc6-9cc1-d18d402f9b56","event":"request_completed","requestId":"75c2d475-f561-4cc6-9cc1-d18d402f9b56","method":"POST","route":"/api/v1/matches","statusCode":200,"latencyMs":49.01,"msg":"request completed"}
{"level":30,"time":1789776837530,"pid":15891,"hostname":"Glebs-MacBook-Pro.local","reqId":"f88dfafb-12e5-47a9-91b6-dedbacc11a3d","event":"request_completed","requestId":"f88dfafb-12e5-47a9-91b6-dedbacc11a3d","method":"GET","route":"/api/v1/matches/:matchId","statusCode":200,"latencyMs":11.37,"msg":"request completed"}
{"level":30,"time":1789776837593,"pid":15891,"hostname":"Glebs-MacBook-Pro.local","reqId":"740ba87a-fbe6-435a-9764-65e83b85522c","event":"request_completed","requestId":"740ba87a-fbe6-435a-9764-65e83b85522c","method":"GET","route":"/api/v1/matches/:matchId","statusCode":200,"latencyMs":36.372,"msg":"request completed"}
{"level":30,"time":1789776837625,"pid":15891,"hostname":"Glebs-MacBook-Pro.local","reqId":"b8c9d390-7cd5-40fb-9d93-365d735a57ff","event":"request_completed","requestId":"b8c9d390-7cd5-40fb-9d93-365d735a57ff","method":"POST","route":"/api/v1/matches/:matchId/invitations","statusCode":200,"latencyMs":27.443,"msg":"request completed"}
{"level":30,"time":1789776837673,"pid":15891,"hostname":"Glebs-MacBook-Pro.local","reqId":"6104e98d-1f67-4977-a893-61f1406ba832","event":"request_completed","requestId":"6104e98d-1f67-4977-a893-61f1406ba832","method":"GET","route":"/api/v1/matches/create-options","statusCode":200,"latencyMs":22.761,"msg":"request completed"}
{"level":30,"time":1789776837784,"pid":15891,"hostname":"Glebs-MacBook-Pro.local","reqId":"2d766153-f66c-40f4-a0d3-772988d90bd0","event":"request_completed","requestId":"2d766153-f66c-40f4-a0d3-772988d90bd0","method":"PATCH","route":"/api/v1/matches/:matchId","statusCode":200,"latencyMs":68.318,"msg":"request completed"}
{"level":30,"time":1789776837819,"pid":15891,"hostname":"Glebs-MacBook-Pro.local","reqId":"d0282df3-ffb3-4a6d-a21a-acbabcc495f5","event":"request_completed","requestId":"d0282df3-ffb3-4a6d-a21a-acbabcc495f5","method":"GET","route":"/api/v1/matches/:matchId","statusCode":200,"latencyMs":21.623,"msg":"request completed"}
{"level":30,"time":1789776837977,"pid":15891,"hostname":"Glebs-MacBook-Pro.local","reqId":"7b358b31-bfe9-494d-8bbb-2471a2ca33c0","event":"request_completed","requestId":"7b358b31-bfe9-494d-8bbb-2471a2ca33c0","method":"POST","route":"/api/v1/matches/:matchId/start","statusCode":200,"latencyMs":78.576,"msg":"request completed"}
{"level":30,"time":1789776838007,"pid":15891,"hostname":"Glebs-MacBook-Pro.local","reqId":"158fb7cb-cc90-44b5-a0e0-6d2deae018d9","event":"request_completed","requestId":"158fb7cb-cc90-44b5-a0e0-6d2deae018d9","method":"GET","route":"/api/v1/matches/:matchId","statusCode":200,"latencyMs":24.322,"msg":"request completed"}
{"level":30,"time":1789776838023,"pid":15891,"hostname":"Glebs-MacBook-Pro.local","reqId":"3e8efd23-686a-4d7a-bd34-68ddce89d611","event":"request_completed","requestId":"3e8efd23-686a-4d7a-bd34-68ddce89d611","method":"GET","route":"/api/v1/notifications","statusCode":200,"latencyMs":11.936,"msg":"request completed"}
{"level":30,"time":1789776838113,"pid":15891,"hostname":"Glebs-MacBook-Pro.local","reqId":"19328a3a-0120-4f79-a670-c64cced8a80e","event":"request_completed","requestId":"19328a3a-0120-4f79-a670-c64cced8a80e","method":"GET","route":"/api/v1/matches/:matchId","statusCode":200,"latencyMs":31.004,"msg":"request completed"}
  ✓  24 [chromium-desktop] › tests/e2e/wave-e-user.spec.ts:95:5 › GAP-012 operator creates A-vs-B, edits it and starts without player consent (1.9s)
{"level":30,"time":1789776838244,"pid":15891,"hostname":"Glebs-MacBook-Pro.local","reqId":"31c7bc12-16ef-4390-ad58-58769b0d18b3","event":"request_completed","requestId":"31c7bc12-16ef-4390-ad58-58769b0d18b3","method":"GET","route":"/health","statusCode":200,"latencyMs":0.138,"msg":"request completed"}
{"level":30,"time":1789776838276,"pid":15891,"hostname":"Glebs-MacBook-Pro.local","reqId":"3677a0ef-3136-4aec-97fe-b8f1a769ef84","event":"request_completed","requestId":"3677a0ef-3136-4aec-97fe-b8f1a769ef84","method":"POST","route":"/api/v1/auth/login","statusCode":200,"latencyMs":29.513,"msg":"request completed"}
{"level":30,"time":1789776838290,"pid":15891,"hostname":"Glebs-MacBook-Pro.local","reqId":"5d2687af-6df3-41f4-ae88-6498a24859d2","event":"request_completed","requestId":"5d2687af-6df3-41f4-ae88-6498a24859d2","method":"PATCH","route":"/api/v1/me/onboarding","statusCode":200,"latencyMs":10.292,"msg":"request completed"}
{"level":30,"time":1789776838331,"pid":15891,"hostname":"Glebs-MacBook-Pro.local","reqId":"31e82170-c870-4c58-92c3-88da739fd26b","event":"request_completed","requestId":"31e82170-c870-4c58-92c3-88da739fd26b","method":"POST","route":"/api/v1/admin/users","statusCode":200,"latencyMs":38.558,"msg":"request completed"}
{"level":30,"time":1789776838597,"pid":15891,"hostname":"Glebs-MacBook-Pro.local","reqId":"e5521d02-52c2-46a9-8a97-e557160ed6c8","event":"request_completed","requestId":"e5521d02-52c2-46a9-8a97-e557160ed6c8","method":"GET","route":"/api/v1/auth/me","statusCode":401,"latencyMs":0.117,"msg":"request completed"}
{"level":30,"time":1789776838757,"pid":15891,"hostname":"Glebs-MacBook-Pro.local","reqId":"549a3d6e-0050-430c-8b9c-15091301dcb1","event":"request_completed","requestId":"549a3d6e-0050-430c-8b9c-15091301dcb1","method":"POST","route":"/api/v1/auth/login","statusCode":200,"latencyMs":28.037,"msg":"request completed"}
{"level":30,"time":1789776838853,"pid":15891,"hostname":"Glebs-MacBook-Pro.local","reqId":"98c27d42-2c27-45cc-bb86-58f204a38eb4","event":"request_completed","requestId":"98c27d42-2c27-45cc-bb86-58f204a38eb4","method":"POST","route":"/api/v1/auth/password/first-change","statusCode":200,"latencyMs":58.359,"msg":"request completed"}
{"level":30,"time":1789776838859,"pid":15891,"hostname":"Glebs-MacBook-Pro.local","reqId":"c22b6d99-f0a7-4255-9088-2464e5fc7c63","event":"request_completed","requestId":"c22b6d99-f0a7-4255-9088-2464e5fc7c63","method":"GET","route":"/api/v1/auth/me","statusCode":200,"latencyMs":4.374,"msg":"request completed"}
{"level":30,"time":1789776838918,"pid":15891,"hostname":"Glebs-MacBook-Pro.local","reqId":"b6beadeb-3fe3-4674-95c2-1b96b717ecf9","event":"request_completed","requestId":"b6beadeb-3fe3-4674-95c2-1b96b717ecf9","method":"PATCH","route":"/api/v1/me/onboarding","statusCode":200,"latencyMs":5.999,"msg":"request completed"}
{"level":30,"time":1789776838987,"pid":15891,"hostname":"Glebs-MacBook-Pro.local","reqId":"96d1be3b-a078-4520-8f38-869e477dcfd6","event":"request_completed","requestId":"96d1be3b-a078-4520-8f38-869e477dcfd6","method":"PATCH","route":"/api/v1/me/onboarding","statusCode":200,"latencyMs":6.812,"msg":"request completed"}
{"level":30,"time":1789776839050,"pid":15891,"hostname":"Glebs-MacBook-Pro.local","reqId":"edd44e59-b6c1-43e4-a1f8-1e32cb47aebb","event":"request_completed","requestId":"edd44e59-b6c1-43e4-a1f8-1e32cb47aebb","method":"PATCH","route":"/api/v1/me/onboarding","statusCode":200,"latencyMs":5.76,"msg":"request completed"}
{"level":30,"time":1789776839123,"pid":15891,"hostname":"Glebs-MacBook-Pro.local","reqId":"db467050-8aed-4d4a-99e5-87417847551d","event":"request_completed","requestId":"db467050-8aed-4d4a-99e5-87417847551d","method":"PATCH","route":"/api/v1/me/onboarding","statusCode":200,"latencyMs":11.915,"msg":"request completed"}
{"level":30,"time":1789776839178,"pid":15891,"hostname":"Glebs-MacBook-Pro.local","reqId":"8b7c2a0f-0a13-490f-a1dd-6e04ec5b6da1","event":"request_completed","requestId":"8b7c2a0f-0a13-490f-a1dd-6e04ec5b6da1","method":"GET","route":"/api/v1/auth/me","statusCode":200,"latencyMs":10.338,"msg":"request completed"}
{"level":30,"time":1789776839231,"pid":15891,"hostname":"Glebs-MacBook-Pro.local","reqId":"66c51103-8ea8-436e-b791-1bd7f3d6f32f","event":"request_completed","requestId":"66c51103-8ea8-436e-b791-1bd7f3d6f32f","method":"PATCH","route":"/api/v1/me/onboarding","statusCode":200,"latencyMs":12.961,"msg":"request completed"}
{"level":30,"time":1789776839297,"pid":15891,"hostname":"Glebs-MacBook-Pro.local","reqId":"40a4675c-7dad-43d2-95d0-6e2e782feb2c","event":"request_completed","requestId":"40a4675c-7dad-43d2-95d0-6e2e782feb2c","method":"PATCH","route":"/api/v1/me/onboarding","statusCode":200,"latencyMs":12.675,"msg":"request completed"}
{"level":30,"time":1789776839347,"pid":15891,"hostname":"Glebs-MacBook-Pro.local","reqId":"b9ace18e-2ad0-4e90-81dc-724d6338e827","event":"request_completed","requestId":"b9ace18e-2ad0-4e90-81dc-724d6338e827","method":"PATCH","route":"/api/v1/me/onboarding","statusCode":200,"latencyMs":11.867,"msg":"request completed"}
{"level":30,"time":1789776839386,"pid":15891,"hostname":"Glebs-MacBook-Pro.local","reqId":"f3faaab3-2b6f-4916-8db3-4c4dff0136ed","event":"request_completed","requestId":"f3faaab3-2b6f-4916-8db3-4c4dff0136ed","method":"POST","route":"/api/v1/matches/tutorial","statusCode":200,"latencyMs":36.853,"msg":"request completed"}
{"level":30,"time":1789776839418,"pid":15891,"hostname":"Glebs-MacBook-Pro.local","reqId":"85b55b54-a2f3-4afa-8f0d-10c518255476","event":"request_completed","requestId":"85b55b54-a2f3-4afa-8f0d-10c518255476","method":"GET","route":"/api/v1/matches/:matchId","statusCode":200,"latencyMs":27.627,"msg":"request completed"}
{"level":30,"time":1789776839449,"pid":15891,"hostname":"Glebs-MacBook-Pro.local","reqId":"d17e9a39-11ff-4d02-9222-c8b633ee77d5","event":"request_completed","requestId":"d17e9a39-11ff-4d02-9222-c8b633ee77d5","method":"POST","route":"/api/v1/matches/:matchId/judge/acquire","statusCode":200,"latencyMs":25.798,"msg":"request completed"}
{"level":30,"time":1789776839463,"pid":15891,"hostname":"Glebs-MacBook-Pro.local","reqId":"6887d957-2cf3-446e-9b59-cf689e13ffcd","event":"request_completed","requestId":"6887d957-2cf3-446e-9b59-cf689e13ffcd","method":"GET","route":"/api/v1/matches/:matchId","statusCode":200,"latencyMs":12.046,"msg":"request completed"}
{"level":30,"time":1789776839476,"pid":15891,"hostname":"Glebs-MacBook-Pro.local","reqId":"053ad845-6d15-4fb8-9ef0-50b0293b0d00","event":"request_completed","requestId":"053ad845-6d15-4fb8-9ef0-50b0293b0d00","method":"POST","route":"/api/v1/matches/:matchId/judge/heartbeat","statusCode":200,"latencyMs":7.774,"msg":"request completed"}
{"level":30,"time":1789776839492,"pid":15891,"hostname":"Glebs-MacBook-Pro.local","reqId":"a10f1357-230f-4975-939f-ef68e87c2f37","event":"request_completed","requestId":"a10f1357-230f-4975-939f-ef68e87c2f37","method":"GET","route":"/api/v1/matches/:matchId","statusCode":200,"latencyMs":14.102,"msg":"request completed"}
{"level":30,"time":1789776839551,"pid":15891,"hostname":"Glebs-MacBook-Pro.local","reqId":"70409dcc-b764-4777-a6c4-6c3d9e0a09cd","event":"request_completed","requestId":"70409dcc-b764-4777-a6c4-6c3d9e0a09cd","method":"POST","route":"/api/v1/matches/:matchId/judge/release","statusCode":200,"latencyMs":32.113,"msg":"request completed"}
{"level":30,"time":1789776839618,"pid":15891,"hostname":"Glebs-MacBook-Pro.local","reqId":"0e1e7a1b-f47a-4392-ab24-8b5fccd27cfe","event":"request_completed","requestId":"0e1e7a1b-f47a-4392-ab24-8b5fccd27cfe","method":"GET","route":"/api/v1/auth/me","statusCode":200,"latencyMs":11.891,"msg":"request completed"}
{"level":30,"time":1789776839648,"pid":15891,"hostname":"Glebs-MacBook-Pro.local","reqId":"ca34d8de-b547-4d8d-89e0-f9ba34242c0b","event":"request_completed","requestId":"ca34d8de-b547-4d8d-89e0-f9ba34242c0b","method":"PATCH","route":"/api/v1/me/onboarding","statusCode":200,"latencyMs":10.446,"msg":"request completed"}
{"level":30,"time":1789776839691,"pid":15891,"hostname":"Glebs-MacBook-Pro.local","reqId":"ad9862ae-3ae5-4d47-8df5-d8e4cfde4b1d","event":"request_completed","requestId":"ad9862ae-3ae5-4d47-8df5-d8e4cfde4b1d","method":"GET","route":"/api/v1/auth/me","statusCode":200,"latencyMs":17.085,"msg":"request completed"}
{"level":30,"time":1789776839698,"pid":15891,"hostname":"Glebs-MacBook-Pro.local","reqId":"aeabc956-2cf0-4964-86cc-c88f1f27994c","event":"request_completed","requestId":"aeabc956-2cf0-4964-86cc-c88f1f27994c","method":"GET","route":"/api/v1/notifications","statusCode":200,"latencyMs":42.455,"msg":"request completed"}
{"level":30,"time":1789776839707,"pid":15891,"hostname":"Glebs-MacBook-Pro.local","reqId":"123098f0-0d97-46f5-af4e-6ca04b9a4cfa","event":"request_completed","requestId":"123098f0-0d97-46f5-af4e-6ca04b9a4cfa","method":"GET","route":"/api/v1/auth/sessions","statusCode":200,"latencyMs":10.57,"msg":"request completed"}
{"level":30,"time":1789776839715,"pid":15891,"hostname":"Glebs-MacBook-Pro.local","reqId":"7b738466-ae10-4df3-84cf-70aea9d692e0","event":"request_completed","requestId":"7b738466-ae10-4df3-84cf-70aea9d692e0","method":"GET","route":"/api/v1/home","statusCode":200,"latencyMs":59.515,"msg":"request completed"}
{"level":30,"time":1789776839717,"pid":15891,"hostname":"Glebs-MacBook-Pro.local","reqId":"e3de8e28-78fe-45fd-988e-d5ffd34f7274","event":"request_completed","requestId":"e3de8e28-78fe-45fd-988e-d5ffd34f7274","method":"GET","route":"/api/v1/notifications","statusCode":200,"latencyMs":20.869,"msg":"request completed"}
{"level":30,"time":1789776839719,"pid":15891,"hostname":"Glebs-MacBook-Pro.local","reqId":"710c205f-d1ad-476c-81d5-6646e68df10b","event":"request_completed","requestId":"710c205f-d1ad-476c-81d5-6646e68df10b","method":"GET","route":"/api/v1/profile/me","statusCode":200,"latencyMs":22.534,"msg":"request completed"}
{"level":30,"time":1789776839729,"pid":15891,"hostname":"Glebs-MacBook-Pro.local","reqId":"9cfe5df3-54ce-4a70-adf4-21a3a8324569","event":"request_completed","requestId":"9cfe5df3-54ce-4a70-adf4-21a3a8324569","method":"GET","route":"/api/v1/home","statusCode":200,"latencyMs":32.409,"msg":"request completed"}
{"level":30,"time":1789776839805,"pid":15891,"hostname":"Glebs-MacBook-Pro.local","reqId":"047002bf-0e5b-48db-8659-5e8c86bfa340","event":"request_completed","requestId":"047002bf-0e5b-48db-8659-5e8c86bfa340","method":"PATCH","route":"/api/v1/me/onboarding","statusCode":200,"latencyMs":14.201,"msg":"request completed"}
{"level":30,"time":1789776839869,"pid":15891,"hostname":"Glebs-MacBook-Pro.local","reqId":"57b39a00-430d-41c4-b1f9-d5298a2dbfd2","event":"request_completed","requestId":"57b39a00-430d-41c4-b1f9-d5298a2dbfd2","method":"PATCH","route":"/api/v1/me/onboarding","statusCode":200,"latencyMs":13.29,"msg":"request completed"}
{"level":30,"time":1789776839902,"pid":15891,"hostname":"Glebs-MacBook-Pro.local","reqId":"7b6bd013-3607-40c7-8145-4c99a38ce56b","event":"request_completed","requestId":"7b6bd013-3607-40c7-8145-4c99a38ce56b","method":"GET","route":"/api/v1/auth/me","statusCode":200,"latencyMs":6.471,"msg":"request completed"}
{"level":30,"time":1789776839904,"pid":15891,"hostname":"Glebs-MacBook-Pro.local","reqId":"4e65d722-9c94-492d-8f7c-d171918f4a6c","event":"request_completed","requestId":"4e65d722-9c94-492d-8f7c-d171918f4a6c","method":"GET","route":"/api/v1/notifications","statusCode":200,"latencyMs":30.753,"msg":"request completed"}
{"level":30,"time":1789776839919,"pid":15891,"hostname":"Glebs-MacBook-Pro.local","reqId":"9b288f76-20f0-4e75-b2ab-0c9266898466","event":"request_completed","requestId":"9b288f76-20f0-4e75-b2ab-0c9266898466","method":"GET","route":"/api/v1/home","statusCode":200,"latencyMs":45.337,"msg":"request completed"}
{"level":30,"time":1789776839924,"pid":15891,"hostname":"Glebs-MacBook-Pro.local","reqId":"afb54321-afaa-4e39-959c-7887f54bad02","event":"request_completed","requestId":"afb54321-afaa-4e39-959c-7887f54bad02","method":"GET","route":"/api/v1/notifications","statusCode":200,"latencyMs":13.622,"msg":"request completed"}
{"level":30,"time":1789776839929,"pid":15891,"hostname":"Glebs-MacBook-Pro.local","reqId":"d93a5376-1548-4380-b50c-d02ee6144f5f","event":"request_completed","requestId":"d93a5376-1548-4380-b50c-d02ee6144f5f","method":"GET","route":"/api/v1/faq","statusCode":200,"latencyMs":18.213,"msg":"request completed"}
{"level":30,"time":1789776840014,"pid":15891,"hostname":"Glebs-MacBook-Pro.local","reqId":"14726135-e61c-4d59-a128-16943b00167c","event":"request_completed","requestId":"14726135-e61c-4d59-a128-16943b00167c","method":"POST","route":"/api/v1/feedback","statusCode":200,"latencyMs":18.828,"msg":"request completed"}
  ✓  25 [chromium-desktop] › tests/e2e/wave-e-user.spec.ts:182:5 › Wave E onboarding resume, tutorial return, restart and Help feedback (2.0s)
{"level":30,"time":1789776840618,"pid":15891,"hostname":"Glebs-MacBook-Pro.local","reqId":"325894ed-c391-455d-9c76-fd66d2ae6f9a","event":"request_completed","requestId":"325894ed-c391-455d-9c76-fd66d2ae6f9a","method":"GET","route":"/api/v1/auth/me","statusCode":401,"latencyMs":0.133,"msg":"request completed"}
{"level":30,"time":1789776840681,"pid":15891,"hostname":"Glebs-MacBook-Pro.local","reqId":"105204c4-fb0b-49bc-8852-c8b5c4001f9c","event":"request_completed","requestId":"105204c4-fb0b-49bc-8852-c8b5c4001f9c","method":"GET","route":"/api/v1/auth/me","statusCode":401,"latencyMs":0.131,"msg":"request completed"}
{"level":30,"time":1789776841142,"pid":15891,"hostname":"Glebs-MacBook-Pro.local","reqId":"fe6616bc-74a7-4ae2-8713-468cd219854f","event":"request_completed","requestId":"fe6616bc-74a7-4ae2-8713-468cd219854f","method":"GET","route":"/api/v1/auth/me","statusCode":401,"latencyMs":0.138,"msg":"request completed"}
{"level":30,"time":1789776841475,"pid":15891,"hostname":"Glebs-MacBook-Pro.local","reqId":"7f07ce77-2028-4120-ae90-7467baa6fac6","event":"request_completed","requestId":"7f07ce77-2028-4120-ae90-7467baa6fac6","method":"GET","route":"/api/v1/auth/me","statusCode":401,"latencyMs":0.12,"msg":"request completed"}
{"level":30,"time":1789776841966,"pid":15891,"hostname":"Glebs-MacBook-Pro.local","reqId":"40062139-b607-4fa8-a746-2ac223d5ebbe","event":"request_completed","requestId":"40062139-b607-4fa8-a746-2ac223d5ebbe","method":"GET","route":"/api/v1/auth/me","statusCode":401,"latencyMs":0.12,"msg":"request completed"}
{"level":30,"time":1789776842381,"pid":15891,"hostname":"Glebs-MacBook-Pro.local","reqId":"6389314e-478b-4ff7-9fa6-0fb55a91fdf5","event":"request_completed","requestId":"6389314e-478b-4ff7-9fa6-0fb55a91fdf5","method":"GET","route":"/api/v1/auth/me","statusCode":401,"latencyMs":0.142,"msg":"request completed"}
{"level":30,"time":1789776842717,"pid":15891,"hostname":"Glebs-MacBook-Pro.local","reqId":"cfb57a6f-99e8-4104-9d86-a734f67bb173","event":"request_completed","requestId":"cfb57a6f-99e8-4104-9d86-a734f67bb173","method":"GET","route":"/api/v1/auth/me","statusCode":401,"latencyMs":0.127,"msg":"request completed"}
{"level":30,"time":1789776842757,"pid":15891,"hostname":"Glebs-MacBook-Pro.local","reqId":"a6aa2b82-f796-421f-9adc-a6a21d4ff832","event":"request_completed","requestId":"a6aa2b82-f796-421f-9adc-a6a21d4ff832","method":"GET","route":"/health","statusCode":200,"latencyMs":0.115,"msg":"request completed"}
{"level":30,"time":1789776842794,"pid":15891,"hostname":"Glebs-MacBook-Pro.local","reqId":"0bbffe74-070c-4a4f-a111-fa424075551e","event":"request_completed","requestId":"0bbffe74-070c-4a4f-a111-fa424075551e","method":"POST","route":"/api/v1/auth/login","statusCode":200,"latencyMs":34.002,"msg":"request completed"}
{"level":30,"time":1789776842808,"pid":15891,"hostname":"Glebs-MacBook-Pro.local","reqId":"983a8321-cbc4-409c-b08a-083c87ece742","event":"request_completed","requestId":"983a8321-cbc4-409c-b08a-083c87ece742","method":"PATCH","route":"/api/v1/me/onboarding","statusCode":200,"latencyMs":10.618,"msg":"request completed"}
{"level":30,"time":1789776842848,"pid":15891,"hostname":"Glebs-MacBook-Pro.local","reqId":"93127709-c57c-4a66-b368-a07108aac76f","event":"request_completed","requestId":"93127709-c57c-4a66-b368-a07108aac76f","method":"POST","route":"/api/v1/admin/users","statusCode":200,"latencyMs":35.766,"msg":"request completed"}
{"level":30,"time":1789776842895,"pid":15891,"hostname":"Glebs-MacBook-Pro.local","reqId":"3bef1486-dcc5-499b-815b-4f26fdc91bdc","event":"request_completed","requestId":"3bef1486-dcc5-499b-815b-4f26fdc91bdc","method":"POST","route":"/api/v1/admin/users","statusCode":200,"latencyMs":43.473,"msg":"request completed"}
{"level":30,"time":1789776842931,"pid":15891,"hostname":"Glebs-MacBook-Pro.local","reqId":"50f45f77-6d5b-4d92-87c5-32b9d37544a1","event":"request_completed","requestId":"50f45f77-6d5b-4d92-87c5-32b9d37544a1","method":"POST","route":"/api/v1/admin/users","statusCode":200,"latencyMs":32.691,"msg":"request completed"}
{"level":30,"time":1789776842948,"pid":15891,"hostname":"Glebs-MacBook-Pro.local","reqId":"2dcbd4a5-594f-41e8-8457-6e736ae20824","event":"request_completed","requestId":"2dcbd4a5-594f-41e8-8457-6e736ae20824","method":"GET","route":"/api/v1/auth/me","statusCode":401,"latencyMs":0.126,"msg":"request completed"}
  ✘  26 [chromium-desktop] › tests/e2e/wave-f-a11y.spec.ts:55:5 › Wave F auth geometry contrast and admin readable rows (3.1s)
(node:16111) Warning: The 'NO_COLOR' env is ignored due to the 'FORCE_COLOR' env being set.
(Use `node --trace-warnings ...` to show where the warning was created)
{"level":30,"time":1789776844064,"pid":15891,"hostname":"Glebs-MacBook-Pro.local","reqId":"5cb0ae7a-f95d-40e5-af6f-c13d196a81dd","event":"request_completed","requestId":"5cb0ae7a-f95d-40e5-af6f-c13d196a81dd","method":"GET","route":"/health","statusCode":200,"latencyMs":0.151,"msg":"request completed"}
{"level":30,"time":1789776844101,"pid":15891,"hostname":"Glebs-MacBook-Pro.local","reqId":"a8b5c841-4a64-4b00-83fa-bc5ab0ed745a","event":"request_completed","requestId":"a8b5c841-4a64-4b00-83fa-bc5ab0ed745a","method":"POST","route":"/api/v1/auth/login","statusCode":200,"latencyMs":30.22,"msg":"request completed"}
{"level":30,"time":1789776844117,"pid":15891,"hostname":"Glebs-MacBook-Pro.local","reqId":"17dfaaa2-6dba-4243-a389-43f09647e070","event":"request_completed","requestId":"17dfaaa2-6dba-4243-a389-43f09647e070","method":"PATCH","route":"/api/v1/me/onboarding","statusCode":200,"latencyMs":10.543,"msg":"request completed"}
{"level":30,"time":1789776844146,"pid":15891,"hostname":"Glebs-MacBook-Pro.local","reqId":"893e8304-825f-498e-b250-d201e1ff6327","event":"request_completed","requestId":"893e8304-825f-498e-b250-d201e1ff6327","method":"POST","route":"/api/v1/tournaments","statusCode":200,"latencyMs":24.891,"msg":"request completed"}
{"level":30,"time":1789776844190,"pid":15891,"hostname":"Glebs-MacBook-Pro.local","reqId":"ce37ec19-e753-4713-824e-0d8972ddf318","event":"request_completed","requestId":"ce37ec19-e753-4713-824e-0d8972ddf318","method":"POST","route":"/api/v1/tournaments/:id/participants","statusCode":200,"latencyMs":39.865,"msg":"request completed"}
{"level":30,"time":1789776844220,"pid":15891,"hostname":"Glebs-MacBook-Pro.local","reqId":"c31533e1-1221-450b-9167-7dd27e0eee82","event":"request_completed","requestId":"c31533e1-1221-450b-9167-7dd27e0eee82","method":"POST","route":"/api/v1/tournaments/:id/participants","statusCode":200,"latencyMs":25.316,"msg":"request completed"}
{"level":30,"time":1789776844253,"pid":15891,"hostname":"Glebs-MacBook-Pro.local","reqId":"40727c89-33e3-4b6b-aaa9-b44428f9267c","event":"request_completed","requestId":"40727c89-33e3-4b6b-aaa9-b44428f9267c","method":"POST","route":"/api/v1/tournaments/:id/participants","statusCode":200,"latencyMs":28.119,"msg":"request completed"}
{"level":30,"time":1789776844281,"pid":15891,"hostname":"Glebs-MacBook-Pro.local","reqId":"e085a2a9-633d-4aca-a256-6ea1c94b0284","event":"request_completed","requestId":"e085a2a9-633d-4aca-a256-6ea1c94b0284","method":"POST","route":"/api/v1/tournaments/:id/participants","statusCode":200,"latencyMs":24.185,"msg":"request completed"}
{"level":30,"time":1789776844318,"pid":15891,"hostname":"Glebs-MacBook-Pro.local","reqId":"7f729e78-76b5-486b-a98d-ba7b6b60d803","event":"request_completed","requestId":"7f729e78-76b5-486b-a98d-ba7b6b60d803","method":"POST","route":"/api/v1/tournaments/:id/participants","statusCode":200,"latencyMs":31.661,"msg":"request completed"}
{"level":30,"time":1789776844345,"pid":15891,"hostname":"Glebs-MacBook-Pro.local","reqId":"33891d9d-e798-4b9e-9145-f95e0a52b372","event":"request_completed","requestId":"33891d9d-e798-4b9e-9145-f95e0a52b372","method":"POST","route":"/api/v1/tournaments/:id/participants","statusCode":200,"latencyMs":22.805,"msg":"request completed"}
{"level":30,"time":1789776844376,"pid":15891,"hostname":"Glebs-MacBook-Pro.local","reqId":"5e62fac8-78f8-4ac7-a86f-926be564ed25","event":"request_completed","requestId":"5e62fac8-78f8-4ac7-a86f-926be564ed25","method":"POST","route":"/api/v1/tournaments/:id/participants","statusCode":200,"latencyMs":26.415,"msg":"request completed"}
{"level":30,"time":1789776844413,"pid":15891,"hostname":"Glebs-MacBook-Pro.local","reqId":"554e4c1b-96d8-401e-9025-0b6d80b2276e","event":"request_completed","requestId":"554e4c1b-96d8-401e-9025-0b6d80b2276e","method":"POST","route":"/api/v1/tournaments/:id/participants","statusCode":200,"latencyMs":33.251,"msg":"request completed"}
{"level":30,"time":1789776844680,"pid":15891,"hostname":"Glebs-MacBook-Pro.local","reqId":"227f2676-88fc-4803-be59-dae894bd65c2","event":"request_completed","requestId":"227f2676-88fc-4803-be59-dae894bd65c2","method":"GET","route":"/api/v1/auth/me","statusCode":401,"latencyMs":0.129,"msg":"request completed"}
  ✘  27 [chromium-desktop] › tests/e2e/wave-f-a11y.spec.ts:113:5 › Wave F algorithm focus and bracket keyboard geometry (894ms)
(node:16117) Warning: The 'NO_COLOR' env is ignored due to the 'FORCE_COLOR' env being set.
(Use `node --trace-warnings ...` to show where the warning was created)
{"level":30,"time":1789776845385,"pid":15891,"hostname":"Glebs-MacBook-Pro.local","reqId":"b1f402dd-1f66-4aba-8a87-a93789c60051","event":"request_completed","requestId":"b1f402dd-1f66-4aba-8a87-a93789c60051","method":"GET","route":"/health","statusCode":200,"latencyMs":0.132,"msg":"request completed"}
{"level":30,"time":1789776845423,"pid":15891,"hostname":"Glebs-MacBook-Pro.local","reqId":"b02faca9-d0e6-4a9f-9c25-c65ece7c9e2f","event":"request_completed","requestId":"b02faca9-d0e6-4a9f-9c25-c65ece7c9e2f","method":"POST","route":"/api/v1/auth/login","statusCode":200,"latencyMs":30.662,"msg":"request completed"}
{"level":30,"time":1789776845452,"pid":15891,"hostname":"Glebs-MacBook-Pro.local","reqId":"c5ee2421-62f1-4dad-bd13-516cecfff9c5","event":"request_completed","requestId":"c5ee2421-62f1-4dad-bd13-516cecfff9c5","method":"PATCH","route":"/api/v1/me/onboarding","statusCode":200,"latencyMs":24.128,"msg":"request completed"}
{"level":30,"time":1789776845722,"pid":15891,"hostname":"Glebs-MacBook-Pro.local","reqId":"c3565676-158f-4b29-bd77-c436d0a5f786","event":"request_completed","requestId":"c3565676-158f-4b29-bd77-c436d0a5f786","method":"GET","route":"/api/v1/auth/me","statusCode":401,"latencyMs":0.133,"msg":"request completed"}
  ✘  28 [chromium-desktop] › tests/e2e/wave-f-a11y.spec.ts:149:5 › Wave F judge disclosure score and landscape (623ms)
(node:16125) Warning: The 'NO_COLOR' env is ignored due to the 'FORCE_COLOR' env being set.
(Use `node --trace-warnings ...` to show where the warning was created)
{"level":30,"time":1789776846443,"pid":15891,"hostname":"Glebs-MacBook-Pro.local","reqId":"c4f8ba54-a038-4e35-9bc2-60ae3c898257","event":"request_completed","requestId":"c4f8ba54-a038-4e35-9bc2-60ae3c898257","method":"GET","route":"/health","statusCode":200,"latencyMs":0.129,"msg":"request completed"}
{"level":30,"time":1789776846485,"pid":15891,"hostname":"Glebs-MacBook-Pro.local","reqId":"78c707c6-1440-4f8a-8eb4-7c712b617ab9","event":"request_completed","requestId":"78c707c6-1440-4f8a-8eb4-7c712b617ab9","method":"POST","route":"/api/v1/auth/login","statusCode":200,"latencyMs":32.513,"msg":"request completed"}
{"level":30,"time":1789776846506,"pid":15891,"hostname":"Glebs-MacBook-Pro.local","reqId":"7750d297-fe00-4b3a-aa93-4a91ca2e2fb1","event":"request_completed","requestId":"7750d297-fe00-4b3a-aa93-4a91ca2e2fb1","method":"PATCH","route":"/api/v1/me/onboarding","statusCode":200,"latencyMs":15.676,"msg":"request completed"}
{"level":30,"time":1789776846529,"pid":15891,"hostname":"Glebs-MacBook-Pro.local","reqId":"59977771-aac7-484e-b3d1-ee10cf45d886","event":"request_completed","requestId":"59977771-aac7-484e-b3d1-ee10cf45d886","method":"PATCH","route":"/api/v1/me/onboarding","statusCode":200,"latencyMs":17.68,"msg":"request completed"}
{"level":30,"time":1789776846801,"pid":15891,"hostname":"Glebs-MacBook-Pro.local","reqId":"578bd184-2c1f-4618-be51-17ed63e2fd63","event":"request_completed","requestId":"578bd184-2c1f-4618-be51-17ed63e2fd63","method":"GET","route":"/api/v1/auth/me","statusCode":401,"latencyMs":0.178,"msg":"request completed"}
  ✘  29 [chromium-desktop] › tests/e2e/wave-f-a11y.spec.ts:165:5 › Wave F onboarding heading and recovery states keep keyboard context (638ms)
(node:16131) Warning: The 'NO_COLOR' env is ignored due to the 'FORCE_COLOR' env being set.
(Use `node --trace-warnings ...` to show where the warning was created)
{"level":30,"time":1789776847515,"pid":15891,"hostname":"Glebs-MacBook-Pro.local","reqId":"6922459b-abf3-4ece-8f0b-b50b23c54b14","event":"request_completed","requestId":"6922459b-abf3-4ece-8f0b-b50b23c54b14","method":"GET","route":"/health","statusCode":200,"latencyMs":0.163,"msg":"request completed"}
{"level":30,"time":1789776847554,"pid":15891,"hostname":"Glebs-MacBook-Pro.local","reqId":"bf24dcb4-0ec0-4d39-9cbf-58ec9864040b","event":"request_completed","requestId":"bf24dcb4-0ec0-4d39-9cbf-58ec9864040b","method":"POST","route":"/api/v1/auth/login","statusCode":200,"latencyMs":31.934,"msg":"request completed"}
{"level":30,"time":1789776847572,"pid":15891,"hostname":"Glebs-MacBook-Pro.local","reqId":"5e961a9e-f815-4c2d-b0d6-f9f8fd4767ab","event":"request_completed","requestId":"5e961a9e-f815-4c2d-b0d6-f9f8fd4767ab","method":"PATCH","route":"/api/v1/me/onboarding","statusCode":200,"latencyMs":12.755,"msg":"request completed"}
{"level":30,"time":1789776847602,"pid":15891,"hostname":"Glebs-MacBook-Pro.local","reqId":"248571b1-688e-48ca-86ac-3cd7f23478ff","event":"request_completed","requestId":"248571b1-688e-48ca-86ac-3cd7f23478ff","method":"POST","route":"/api/v1/tournaments","statusCode":200,"latencyMs":25.617,"msg":"request completed"}
{"level":30,"time":1789776847640,"pid":15891,"hostname":"Glebs-MacBook-Pro.local","reqId":"5ab6f2a9-06e2-4e1a-8f00-fdc5549d55f7","event":"request_completed","requestId":"5ab6f2a9-06e2-4e1a-8f00-fdc5549d55f7","method":"POST","route":"/api/v1/tournaments/:id/participants","statusCode":200,"latencyMs":33.514,"msg":"request completed"}
{"level":30,"time":1789776847670,"pid":15891,"hostname":"Glebs-MacBook-Pro.local","reqId":"df791375-8fe2-4737-9784-185d399aaa2c","event":"request_completed","requestId":"df791375-8fe2-4737-9784-185d399aaa2c","method":"POST","route":"/api/v1/tournaments/:id/participants","statusCode":200,"latencyMs":25.576,"msg":"request completed"}
{"level":30,"time":1789776847702,"pid":15891,"hostname":"Glebs-MacBook-Pro.local","reqId":"30edfebe-3032-40b9-a8c8-32b01ec38d9d","event":"request_completed","requestId":"30edfebe-3032-40b9-a8c8-32b01ec38d9d","method":"POST","route":"/api/v1/tournaments/:id/participants","statusCode":200,"latencyMs":27.354,"msg":"request completed"}
{"level":30,"time":1789776848042,"pid":15891,"hostname":"Glebs-MacBook-Pro.local","reqId":"41136f31-05f6-4287-b0a1-6c1e69019e4b","event":"request_completed","requestId":"41136f31-05f6-4287-b0a1-6c1e69019e4b","method":"GET","route":"/api/v1/auth/me","statusCode":401,"latencyMs":0.14,"msg":"request completed"}
  ✘  30 [chromium-desktop] › tests/e2e/wave-f-a11y.spec.ts:187:5 › Wave F dialog review recovers hidden removed and busy focus (809ms)
(node:16137) Warning: The 'NO_COLOR' env is ignored due to the 'FORCE_COLOR' env being set.
(Use `node --trace-warnings ...` to show where the warning was created)
{"level":30,"time":1789776848747,"pid":15891,"hostname":"Glebs-MacBook-Pro.local","reqId":"f64891a8-5378-46fe-ad76-73e6d8bf8181","event":"request_completed","requestId":"f64891a8-5378-46fe-ad76-73e6d8bf8181","method":"GET","route":"/health","statusCode":200,"latencyMs":0.119,"msg":"request completed"}
{"level":30,"time":1789776848786,"pid":15891,"hostname":"Glebs-MacBook-Pro.local","reqId":"9a25368d-d357-4062-946d-bc7d4fbc022d","event":"request_completed","requestId":"9a25368d-d357-4062-946d-bc7d4fbc022d","method":"POST","route":"/api/v1/auth/login","statusCode":200,"latencyMs":31.755,"msg":"request completed"}
{"level":30,"time":1789776848802,"pid":15891,"hostname":"Glebs-MacBook-Pro.local","reqId":"b7256ee6-9b4a-4a12-ab93-cf4e41653699","event":"request_completed","requestId":"b7256ee6-9b4a-4a12-ab93-cf4e41653699","method":"PATCH","route":"/api/v1/me/onboarding","statusCode":200,"latencyMs":11.043,"msg":"request completed"}
{"level":30,"time":1789776848819,"pid":15891,"hostname":"Glebs-MacBook-Pro.local","reqId":"6cf34c9d-e66d-4da9-8dc5-420f4c7b022a","event":"request_completed","requestId":"6cf34c9d-e66d-4da9-8dc5-420f4c7b022a","method":"POST","route":"/api/v1/auth/logout","statusCode":200,"latencyMs":13.783,"msg":"request completed"}
{"level":30,"time":1789776849098,"pid":15891,"hostname":"Glebs-MacBook-Pro.local","reqId":"846ba457-04fe-4883-a1ca-425fc76d7b6c","event":"request_completed","requestId":"846ba457-04fe-4883-a1ca-425fc76d7b6c","method":"GET","route":"/api/v1/auth/me","statusCode":401,"latencyMs":0.142,"msg":"request completed"}
  ✘  31 [chromium-mobile-390] › tests/e2e/critical.spec.ts:109:5 › E2E_auth_match_judge__AT-MATCH-001_005_008_AT-JUDGE-001_003_006_007__finishes_disposable_match (983ms)
(node:16145) Warning: The 'NO_COLOR' env is ignored due to the 'FORCE_COLOR' env being set.
(Use `node --trace-warnings ...` to show where the warning was created)
{"level":30,"time":1789776850212,"pid":15891,"hostname":"Glebs-MacBook-Pro.local","reqId":"88ae812e-81ae-4701-ad60-e4ddab1e867f","event":"request_completed","requestId":"88ae812e-81ae-4701-ad60-e4ddab1e867f","method":"GET","route":"/health","statusCode":200,"latencyMs":0.172,"msg":"request completed"}
{"level":30,"time":1789776850248,"pid":15891,"hostname":"Glebs-MacBook-Pro.local","reqId":"f7633749-b19e-431b-ba95-0c22da7c6a86","event":"request_completed","requestId":"f7633749-b19e-431b-ba95-0c22da7c6a86","method":"POST","route":"/api/v1/auth/login","statusCode":200,"latencyMs":27.342,"msg":"request completed"}
{"level":30,"time":1789776850263,"pid":15891,"hostname":"Glebs-MacBook-Pro.local","reqId":"fe52a4f3-5955-47cd-90b8-3ce9e9e6b7fd","event":"request_completed","requestId":"fe52a4f3-5955-47cd-90b8-3ce9e9e6b7fd","method":"PATCH","route":"/api/v1/me/onboarding","statusCode":200,"latencyMs":10.967,"msg":"request completed"}
{"level":30,"time":1789776850282,"pid":15891,"hostname":"Glebs-MacBook-Pro.local","reqId":"9cc2bbc1-1813-423c-ad1d-5ae8a7050bb2","event":"request_completed","requestId":"9cc2bbc1-1813-423c-ad1d-5ae8a7050bb2","method":"POST","route":"/api/v1/auth/logout","statusCode":200,"latencyMs":15.702,"msg":"request completed"}
{"level":30,"time":1789776850561,"pid":15891,"hostname":"Glebs-MacBook-Pro.local","reqId":"b63c7c1c-1d6d-434a-af72-75d4f46a534c","event":"request_completed","requestId":"b63c7c1c-1d6d-434a-af72-75d4f46a534c","method":"GET","route":"/api/v1/auth/me","statusCode":401,"latencyMs":0.126,"msg":"request completed"}
  ✘  32 [chromium-mobile-390] › tests/e2e/critical.spec.ts:157:5 › E2E_runtime_session_recovery__AT-AUTH-009__preserves_route_and_draft_without_replaying_mutation (987ms)
(node:16155) Warning: The 'NO_COLOR' env is ignored due to the 'FORCE_COLOR' env being set.
(Use `node --trace-warnings ...` to show where the warning was created)
{"level":30,"time":1789776851693,"pid":15891,"hostname":"Glebs-MacBook-Pro.local","reqId":"9b4f421d-cc82-4f5c-8160-e47618b021a8","event":"request_completed","requestId":"9b4f421d-cc82-4f5c-8160-e47618b021a8","method":"POST","route":"/api/v1/auth/login","statusCode":200,"latencyMs":29.344,"msg":"request completed"}
{"level":30,"time":1789776851716,"pid":15891,"hostname":"Glebs-MacBook-Pro.local","reqId":"ae79f64f-502f-4c10-83d4-e7acb4c29e5b","event":"request_completed","requestId":"ae79f64f-502f-4c10-83d4-e7acb4c29e5b","method":"PATCH","route":"/api/v1/me/onboarding","statusCode":200,"latencyMs":14.48,"msg":"request completed"}
{"level":30,"time":1789776851761,"pid":15891,"hostname":"Glebs-MacBook-Pro.local","reqId":"e6b0b260-c901-470a-af67-b537fad05a79","event":"request_completed","requestId":"e6b0b260-c901-470a-af67-b537fad05a79","method":"POST","route":"/api/v1/admin/users","statusCode":200,"latencyMs":40.348,"msg":"request completed"}
{"level":30,"time":1789776851790,"pid":15891,"hostname":"Glebs-MacBook-Pro.local","reqId":"baf6be91-a013-416c-9237-3f4ef0e10a7d","event":"request_completed","requestId":"baf6be91-a013-416c-9237-3f4ef0e10a7d","method":"POST","route":"/api/v1/auth/login","statusCode":200,"latencyMs":24.484,"msg":"request completed"}
{"level":30,"time":1789776851833,"pid":15891,"hostname":"Glebs-MacBook-Pro.local","reqId":"8e843aa0-1ee8-45c1-a5a5-133d6d9516bc","event":"request_completed","requestId":"8e843aa0-1ee8-45c1-a5a5-133d6d9516bc","method":"POST","route":"/api/v1/auth/password/first-change","statusCode":200,"latencyMs":38.262,"msg":"request completed"}
{"level":30,"time":1789776851848,"pid":15891,"hostname":"Glebs-MacBook-Pro.local","reqId":"56a7f583-f47f-4f5b-adcf-e574c287b406","event":"request_completed","requestId":"56a7f583-f47f-4f5b-adcf-e574c287b406","method":"PATCH","route":"/api/v1/me/onboarding","statusCode":200,"latencyMs":10.696,"msg":"request completed"}
{"level":30,"time":1789776851894,"pid":15891,"hostname":"Glebs-MacBook-Pro.local","reqId":"6b2fdc15-b84f-460e-8ea6-919aea5032a9","event":"request_completed","requestId":"6b2fdc15-b84f-460e-8ea6-919aea5032a9","method":"POST","route":"/api/v1/admin/users","statusCode":200,"latencyMs":41.846,"msg":"request completed"}
{"level":30,"time":1789776852198,"pid":15891,"hostname":"Glebs-MacBook-Pro.local","reqId":"f93f3934-3a83-447b-a0e7-26cd5285441c","event":"request_completed","requestId":"f93f3934-3a83-447b-a0e7-26cd5285441c","method":"GET","route":"/api/v1/auth/me","statusCode":401,"latencyMs":0.145,"msg":"request completed"}
{"level":30,"time":1789776852402,"pid":15891,"hostname":"Glebs-MacBook-Pro.local","reqId":"54543ee7-3dd8-4758-be3f-2ba613871e3c","event":"request_completed","requestId":"54543ee7-3dd8-4758-be3f-2ba613871e3c","method":"POST","route":"/api/v1/auth/login","statusCode":200,"latencyMs":35.005,"msg":"request completed"}
{"level":30,"time":1789776852417,"pid":15891,"hostname":"Glebs-MacBook-Pro.local","reqId":"2313d6bb-7198-44a2-bfe5-ab5178d2af3a","event":"request_completed","requestId":"2313d6bb-7198-44a2-bfe5-ab5178d2af3a","method":"GET","route":"/api/v1/auth/me","statusCode":200,"latencyMs":12.832,"msg":"request completed"}
{"level":30,"time":1789776852430,"pid":15891,"hostname":"Glebs-MacBook-Pro.local","reqId":"3442b6d6-ceda-47bd-aa38-dc03e9e533bc","event":"request_completed","requestId":"3442b6d6-ceda-47bd-aa38-dc03e9e533bc","method":"GET","route":"/api/v1/notifications","statusCode":200,"latencyMs":24.181,"msg":"request completed"}
{"level":30,"time":1789776852442,"pid":15891,"hostname":"Glebs-MacBook-Pro.local","reqId":"a84a0a20-7f88-4a4d-8d7f-bd3eda48b7dd","event":"request_completed","requestId":"a84a0a20-7f88-4a4d-8d7f-bd3eda48b7dd","method":"GET","route":"/api/v1/home","statusCode":200,"latencyMs":34.327,"msg":"request completed"}
{"level":30,"time":1789776852486,"pid":15891,"hostname":"Glebs-MacBook-Pro.local","reqId":"34bc5ba9-e2c2-4179-9bd8-95d368e3e011","event":"request_completed","requestId":"34bc5ba9-e2c2-4179-9bd8-95d368e3e011","method":"GET","route":"/api/v1/auth/me","statusCode":200,"latencyMs":9.892,"msg":"request completed"}
{"level":30,"time":1789776852501,"pid":15891,"hostname":"Glebs-MacBook-Pro.local","reqId":"b552e06f-c20c-4b34-98cc-ce7a9e1d4175","event":"request_completed","requestId":"b552e06f-c20c-4b34-98cc-ce7a9e1d4175","method":"GET","route":"/api/v1/tournaments","statusCode":200,"latencyMs":11.804,"msg":"request completed"}
{"level":30,"time":1789776852507,"pid":15891,"hostname":"Glebs-MacBook-Pro.local","reqId":"5102e5d1-ab03-49a1-9182-00d2a4516af0","event":"request_completed","requestId":"5102e5d1-ab03-49a1-9182-00d2a4516af0","method":"POST","route":"/api/v1/tournaments","statusCode":200,"latencyMs":18.835,"msg":"request completed"}
{"level":30,"time":1789776852507,"pid":15891,"hostname":"Glebs-MacBook-Pro.local","reqId":"bd402723-f49a-4d95-b6c4-3f209df73820","event":"request_completed","requestId":"bd402723-f49a-4d95-b6c4-3f209df73820","method":"GET","route":"/api/v1/notifications","statusCode":200,"latencyMs":18.345,"msg":"request completed"}
{"level":30,"time":1789776852533,"pid":15891,"hostname":"Glebs-MacBook-Pro.local","reqId":"660a2a05-58f0-4cc7-b68c-0435b468df43","event":"request_completed","requestId":"660a2a05-58f0-4cc7-b68c-0435b468df43","method":"GET","route":"/api/v1/auth/me","statusCode":200,"latencyMs":9.737,"msg":"request completed"}
{"level":30,"time":1789776852562,"pid":15891,"hostname":"Glebs-MacBook-Pro.local","reqId":"4686264c-2901-4bb4-b350-7faf64c2b592","event":"request_completed","requestId":"4686264c-2901-4bb4-b350-7faf64c2b592","method":"GET","route":"/api/v1/notifications","statusCode":200,"latencyMs":22.064,"msg":"request completed"}
{"level":30,"time":1789776852563,"pid":15891,"hostname":"Glebs-MacBook-Pro.local","reqId":"44c97e42-51cb-4af9-8ad0-25ee1c0242bf","event":"request_completed","requestId":"44c97e42-51cb-4af9-8ad0-25ee1c0242bf","method":"GET","route":"/api/v1/tournaments/:id","statusCode":200,"latencyMs":22.982,"msg":"request completed"}
{"level":30,"time":1789776852571,"pid":15891,"hostname":"Glebs-MacBook-Pro.local","reqId":"6096c1f4-d7f7-4c09-8932-01711db267c1","event":"request_completed","requestId":"6096c1f4-d7f7-4c09-8932-01711db267c1","method":"GET","route":"/api/v1/users/directory","statusCode":200,"latencyMs":4.752,"msg":"request completed"}
{"level":30,"time":1789776852578,"pid":15891,"hostname":"Glebs-MacBook-Pro.local","reqId":"36a2545a-d0d2-4bee-b81a-d6e9a9ce54bf","event":"request_completed","requestId":"36a2545a-d0d2-4bee-b81a-d6e9a9ce54bf","method":"POST","route":"/api/v1/tournaments/:id/participants","statusCode":200,"latencyMs":34.428,"msg":"request completed"}
{"level":30,"time":1789776852605,"pid":15891,"hostname":"Glebs-MacBook-Pro.local","reqId":"8fe1b96f-02d2-4da9-8281-42609fc1add9","event":"request_completed","requestId":"8fe1b96f-02d2-4da9-8281-42609fc1add9","method":"POST","route":"/api/v1/tournaments/:id/participants","statusCode":200,"latencyMs":21.606,"msg":"request completed"}
{"level":30,"time":1789776852638,"pid":15891,"hostname":"Glebs-MacBook-Pro.local","reqId":"eed5aa4a-86cd-4bd8-99e4-7812dc8888f7","event":"request_completed","requestId":"eed5aa4a-86cd-4bd8-99e4-7812dc8888f7","method":"POST","route":"/api/v1/tournaments/:id/participants","statusCode":200,"latencyMs":28.641,"msg":"request completed"}
{"level":30,"time":1789776852657,"pid":15891,"hostname":"Glebs-MacBook-Pro.local","reqId":"88f25ce9-8469-4a11-a183-2581e45c99e6","event":"request_completed","requestId":"88f25ce9-8469-4a11-a183-2581e45c99e6","method":"POST","route":"/api/v1/tournaments/:id/bracket","statusCode":200,"latencyMs":15.861,"msg":"request completed"}
{"level":30,"time":1789776852672,"pid":15891,"hostname":"Glebs-MacBook-Pro.local","reqId":"d5790888-376b-4083-aeb2-029489089369","event":"request_completed","requestId":"d5790888-376b-4083-aeb2-029489089369","method":"GET","route":"/api/v1/tournaments/:id","statusCode":200,"latencyMs":11.237,"msg":"request completed"}
{"level":30,"time":1789776852946,"pid":15891,"hostname":"Glebs-MacBook-Pro.local","reqId":"61a5476e-6a4d-40a3-9634-5bfaab8ed754","event":"request_completed","requestId":"61a5476e-6a4d-40a3-9634-5bfaab8ed754","method":"GET","route":"/api/v1/auth/me","statusCode":200,"latencyMs":11.389,"msg":"request completed"}
{"level":30,"time":1789776853015,"pid":15891,"hostname":"Glebs-MacBook-Pro.local","reqId":"3482e7a9-6df2-464d-9dfb-52a44fc6cace","event":"request_completed","requestId":"3482e7a9-6df2-464d-9dfb-52a44fc6cace","method":"GET","route":"/api/v1/notifications","statusCode":200,"latencyMs":35.444,"msg":"request completed"}
{"level":30,"time":1789776853017,"pid":15891,"hostname":"Glebs-MacBook-Pro.local","reqId":"8f01027c-ee40-452f-ab81-8438d8aeb64b","event":"request_completed","requestId":"8f01027c-ee40-452f-ab81-8438d8aeb64b","method":"GET","route":"/api/v1/tournaments/:id","statusCode":200,"latencyMs":37.011,"msg":"request completed"}
{"level":30,"time":1789776853018,"pid":15891,"hostname":"Glebs-MacBook-Pro.local","reqId":"b5d73675-fca9-475f-af8b-fa4f88b26c6e","event":"request_completed","requestId":"b5d73675-fca9-475f-af8b-fa4f88b26c6e","method":"GET","route":"/api/v1/users/directory","statusCode":200,"latencyMs":6.472,"msg":"request completed"}
{"level":30,"time":1789776853026,"pid":15891,"hostname":"Glebs-MacBook-Pro.local","reqId":"84b542cb-5796-4197-9a58-a3033d4fcac5","event":"request_completed","requestId":"84b542cb-5796-4197-9a58-a3033d4fcac5","method":"GET","route":"/api/v1/users/directory","statusCode":200,"latencyMs":6.031,"msg":"request completed"}
{"level":30,"time":1789776853221,"pid":15891,"hostname":"Glebs-MacBook-Pro.local","reqId":"c1c86159-0ac8-4064-bccf-a97808b18452","event":"request_completed","requestId":"c1c86159-0ac8-4064-bccf-a97808b18452","method":"POST","route":"/api/v1/tournaments/:id/participants","statusCode":200,"latencyMs":86.669,"msg":"request completed"}
{"level":30,"time":1789776853228,"pid":15891,"hostname":"Glebs-MacBook-Pro.local","reqId":"e02116d0-46c3-42d8-a6fb-cbf7d1a360a6","event":"request_completed","requestId":"e02116d0-46c3-42d8-a6fb-cbf7d1a360a6","method":"GET","route":"/api/v1/users/directory","statusCode":200,"latencyMs":4.19,"msg":"request completed"}
{"level":30,"time":1789776853336,"pid":15891,"hostname":"Glebs-MacBook-Pro.local","reqId":"b0579c2c-9398-470e-a872-7fced8894737","event":"request_completed","requestId":"b0579c2c-9398-470e-a872-7fced8894737","method":"GET","route":"/api/v1/tournaments/:id","statusCode":200,"latencyMs":15.395,"msg":"request completed"}
  ✓  33 [chromium-mobile-390] › tests/e2e/gap-012.spec.ts:53:5 › GAP-012 immutable consent policy and scoped admin post-bracket add (1.9s)
{"level":30,"time":1789776853546,"pid":15891,"hostname":"Glebs-MacBook-Pro.local","reqId":"db56f442-681c-4676-ac2f-a673079d3c3b","event":"request_completed","requestId":"db56f442-681c-4676-ac2f-a673079d3c3b","method":"GET","route":"/health","statusCode":200,"latencyMs":0.125,"msg":"request completed"}
{"level":30,"time":1789776853552,"pid":15891,"hostname":"Glebs-MacBook-Pro.local","reqId":"f2cedb39-5a54-485d-8e5a-60cf9b37a759","event":"request_completed","requestId":"f2cedb39-5a54-485d-8e5a-60cf9b37a759","method":"GET","route":"/ready","statusCode":200,"latencyMs":2.152,"msg":"request completed"}
{"level":30,"time":1789776853559,"pid":15891,"hostname":"Glebs-MacBook-Pro.local","reqId":"504f687d-d6cd-4fda-984e-88de99039ad2","event":"request_completed","requestId":"504f687d-d6cd-4fda-984e-88de99039ad2","method":"GET","route":"/api/v1/openapi.json","statusCode":200,"latencyMs":1.674,"msg":"request completed"}
{"level":30,"time":1789776853829,"pid":15891,"hostname":"Glebs-MacBook-Pro.local","reqId":"cb58d0a2-d2b5-42ee-9121-329b9b77ec19","event":"request_completed","requestId":"cb58d0a2-d2b5-42ee-9121-329b9b77ec19","method":"GET","route":"/api/v1/auth/me","statusCode":401,"latencyMs":0.141,"msg":"request completed"}
  ✘  34 [chromium-mobile-390] › tests/e2e/production-smoke.spec.ts:13:5 › compiled web and API work through the same-origin production-like proxy (513ms)
(node:16164) Warning: The 'NO_COLOR' env is ignored due to the 'FORCE_COLOR' env being set.
(Use `node --trace-warnings ...` to show where the warning was created)
{"level":30,"time":1789776854745,"pid":15891,"hostname":"Glebs-MacBook-Pro.local","reqId":"e5f31c2b-7f41-4c03-9e6f-2b20f1677262","event":"request_completed","requestId":"e5f31c2b-7f41-4c03-9e6f-2b20f1677262","method":"GET","route":"/api/v1/auth/me","statusCode":401,"latencyMs":0.24,"msg":"request completed"}
  ✘  35 [chromium-mobile-390] › tests/e2e/stage2-home.spec.ts:7:5 › AT-HOME-003 Home keeps direct actions and all secondary routes at mobile and desktop (512ms)
(node:16170) Warning: The 'NO_COLOR' env is ignored due to the 'FORCE_COLOR' env being set.
(Use `node --trace-warnings ...` to show where the warning was created)
{"level":30,"time":1789776855655,"pid":15891,"hostname":"Glebs-MacBook-Pro.local","reqId":"108a43e0-def4-49df-bb03-c73fc5dc9914","event":"request_completed","requestId":"108a43e0-def4-49df-bb03-c73fc5dc9914","method":"GET","route":"/api/v1/auth/me","statusCode":401,"latencyMs":0.131,"msg":"request completed"}
  ✘  36 [chromium-mobile-390] › tests/e2e/stage2-home.spec.ts:63:5 › AT-HOME-003 Home keeps navigation after a fetch error (510ms)
(node:16178) Warning: The 'NO_COLOR' env is ignored due to the 'FORCE_COLOR' env being set.
(Use `node --trace-warnings ...` to show where the warning was created)
{"level":30,"time":1789776856551,"pid":15891,"hostname":"Glebs-MacBook-Pro.local","reqId":"1c06ec91-5180-4188-98e3-eac65689b4a1","event":"request_completed","requestId":"1c06ec91-5180-4188-98e3-eac65689b4a1","method":"GET","route":"/api/v1/auth/me","statusCode":401,"latencyMs":0.133,"msg":"request completed"}
  ✘  37 [chromium-mobile-390] › tests/e2e/stage2-home.spec.ts:83:5 › HOME-007 finished match keeps sides and score first with a side-specific winner mark (508ms)
(node:16184) Warning: The 'NO_COLOR' env is ignored due to the 'FORCE_COLOR' env being set.
(Use `node --trace-warnings ...` to show where the warning was created)
{"level":30,"time":1789776857454,"pid":15891,"hostname":"Glebs-MacBook-Pro.local","reqId":"21559c7a-5c2f-4b28-b9f9-b576ce2b96d2","event":"request_completed","requestId":"21559c7a-5c2f-4b28-b9f9-b576ce2b96d2","method":"GET","route":"/api/v1/auth/me","statusCode":401,"latencyMs":0.129,"msg":"request completed"}
  ✘  38 [chromium-mobile-390] › tests/e2e/stage2-home.spec.ts:139:5 › GAP-031 keeps overflow tasks collapsed until requested (509ms)
(node:16190) Warning: The 'NO_COLOR' env is ignored due to the 'FORCE_COLOR' env being set.
(Use `node --trace-warnings ...` to show where the warning was created)
{"level":30,"time":1789776858358,"pid":15891,"hostname":"Glebs-MacBook-Pro.local","reqId":"0cb430f1-7f50-4a1d-803b-c3ec23cf2998","event":"request_completed","requestId":"0cb430f1-7f50-4a1d-803b-c3ec23cf2998","method":"GET","route":"/api/v1/auth/me","statusCode":401,"latencyMs":0.165,"msg":"request completed"}
  ✘  39 [chromium-mobile-390] › tests/e2e/stage2-home.spec.ts:161:5 › GAP-030 explicit Home releases judge slot; Browser Back is measured separately (509ms)
(node:16196) Warning: The 'NO_COLOR' env is ignored due to the 'FORCE_COLOR' env being set.
(Use `node --trace-warnings ...` to show where the warning was created)
{"level":30,"time":1789776859007,"pid":15891,"hostname":"Glebs-MacBook-Pro.local","reqId":"64999c10-e32e-40e7-a092-1260526eadcb","event":"request_completed","requestId":"64999c10-e32e-40e7-a092-1260526eadcb","method":"GET","route":"/health","statusCode":200,"latencyMs":0.123,"msg":"request completed"}
{"level":30,"time":1789776859049,"pid":15891,"hostname":"Glebs-MacBook-Pro.local","reqId":"fc8c2c7b-88d5-4182-a4db-cb7bbe61bed3","event":"request_completed","requestId":"fc8c2c7b-88d5-4182-a4db-cb7bbe61bed3","method":"POST","route":"/api/v1/auth/login","statusCode":200,"latencyMs":34.937,"msg":"request completed"}
{"level":30,"time":1789776859070,"pid":15891,"hostname":"Glebs-MacBook-Pro.local","reqId":"5e7caa92-9ceb-4176-9aa9-4cc323dc9751","event":"request_completed","requestId":"5e7caa92-9ceb-4176-9aa9-4cc323dc9751","method":"PATCH","route":"/api/v1/me/onboarding","statusCode":200,"latencyMs":17.318,"msg":"request completed"}
{"level":30,"time":1789776859075,"pid":15891,"hostname":"Glebs-MacBook-Pro.local","reqId":"021acdd9-467d-4f38-8b28-cfad276b4cd9","event":"request_completed","requestId":"021acdd9-467d-4f38-8b28-cfad276b4cd9","method":"GET","route":"/health","statusCode":200,"latencyMs":0.094,"msg":"request completed"}
{"level":30,"time":1789776859108,"pid":15891,"hostname":"Glebs-MacBook-Pro.local","reqId":"5b1dfc30-e1a9-4413-8955-de8ade32e94f","event":"request_completed","requestId":"5b1dfc30-e1a9-4413-8955-de8ade32e94f","method":"POST","route":"/api/v1/auth/login","statusCode":200,"latencyMs":29.861,"msg":"request completed"}
{"level":30,"time":1789776859130,"pid":15891,"hostname":"Glebs-MacBook-Pro.local","reqId":"3206fcf8-539f-4e5a-8c58-5ba6ea11aa50","event":"request_completed","requestId":"3206fcf8-539f-4e5a-8c58-5ba6ea11aa50","method":"PATCH","route":"/api/v1/me/onboarding","statusCode":200,"latencyMs":17.731,"msg":"request completed"}
{"level":30,"time":1789776859172,"pid":15891,"hostname":"Glebs-MacBook-Pro.local","reqId":"d23dbc2c-69b4-4cfb-a276-07ae30b48146","event":"request_completed","requestId":"d23dbc2c-69b4-4cfb-a276-07ae30b48146","method":"POST","route":"/api/v1/admin/users","statusCode":200,"latencyMs":37.761,"msg":"request completed"}
{"level":30,"time":1789776859208,"pid":15891,"hostname":"Glebs-MacBook-Pro.local","reqId":"05356515-489c-4b40-9948-4cf8a8cb3674","event":"request_completed","requestId":"05356515-489c-4b40-9948-4cf8a8cb3674","method":"POST","route":"/api/v1/auth/login","statusCode":200,"latencyMs":31.693,"msg":"request completed"}
{"level":30,"time":1789776859248,"pid":15891,"hostname":"Glebs-MacBook-Pro.local","reqId":"57be0449-3398-4ba2-be89-ffc58b74742d","event":"request_completed","requestId":"57be0449-3398-4ba2-be89-ffc58b74742d","method":"POST","route":"/api/v1/auth/password/first-change","statusCode":200,"latencyMs":37.193,"msg":"request completed"}
{"level":30,"time":1789776859285,"pid":15891,"hostname":"Glebs-MacBook-Pro.local","reqId":"1f39b1e3-cd74-400e-91c5-e2e81dca46e1","event":"request_completed","requestId":"1f39b1e3-cd74-400e-91c5-e2e81dca46e1","method":"POST","route":"/api/v1/teams","statusCode":200,"latencyMs":31.985,"msg":"request completed"}
{"level":30,"time":1789776859553,"pid":15891,"hostname":"Glebs-MacBook-Pro.local","reqId":"05bb76ab-42e4-430e-a18f-7ec51f91e1c6","event":"request_completed","requestId":"05bb76ab-42e4-430e-a18f-7ec51f91e1c6","method":"GET","route":"/api/v1/auth/me","statusCode":401,"latencyMs":0.111,"msg":"request completed"}
  ✘  40 [chromium-mobile-390] › tests/e2e/wave-b.spec.ts:44:5 › Wave B AT-PROFILE-001..005 AT-RANK-005..006 own edit, revoke, team and private public card (905ms)
(node:16202) Warning: The 'NO_COLOR' env is ignored due to the 'FORCE_COLOR' env being set.
(Use `node --trace-warnings ...` to show where the warning was created)
{"level":30,"time":1789776860318,"pid":15891,"hostname":"Glebs-MacBook-Pro.local","reqId":"a00af71d-ef7b-4929-b954-3f0644ba4d84","event":"request_completed","requestId":"a00af71d-ef7b-4929-b954-3f0644ba4d84","method":"GET","route":"/health","statusCode":200,"latencyMs":0.133,"msg":"request completed"}
{"level":30,"time":1789776860353,"pid":15891,"hostname":"Glebs-MacBook-Pro.local","reqId":"e32afc61-3992-4f55-b31f-b2bee5e8c57e","event":"request_completed","requestId":"e32afc61-3992-4f55-b31f-b2bee5e8c57e","method":"POST","route":"/api/v1/auth/login","statusCode":200,"latencyMs":28.453,"msg":"request completed"}
{"level":30,"time":1789776860370,"pid":15891,"hostname":"Glebs-MacBook-Pro.local","reqId":"09531784-5855-4194-9586-7410b526d7f5","event":"request_completed","requestId":"09531784-5855-4194-9586-7410b526d7f5","method":"PATCH","route":"/api/v1/me/onboarding","statusCode":200,"latencyMs":13.204,"msg":"request completed"}
{"level":30,"time":1789776860412,"pid":15891,"hostname":"Glebs-MacBook-Pro.local","reqId":"7d95ad5e-697a-443f-9e53-681633887b2e","event":"request_completed","requestId":"7d95ad5e-697a-443f-9e53-681633887b2e","method":"POST","route":"/api/v1/matches","statusCode":200,"latencyMs":37.822,"msg":"request completed"}
{"level":30,"time":1789776860439,"pid":15891,"hostname":"Glebs-MacBook-Pro.local","reqId":"1e83321d-7bb7-4576-8763-524a2152b422","event":"request_completed","requestId":"1e83321d-7bb7-4576-8763-524a2152b422","method":"POST","route":"/api/v1/matches/:matchId/cancel","statusCode":200,"latencyMs":22.351,"msg":"request completed"}
{"level":30,"time":1789776860465,"pid":15891,"hostname":"Glebs-MacBook-Pro.local","reqId":"1e3340b2-7943-401d-b9c0-2696fc19f4bf","event":"request_completed","requestId":"1e3340b2-7943-401d-b9c0-2696fc19f4bf","method":"POST","route":"/api/v1/matches","statusCode":200,"latencyMs":21.851,"msg":"request completed"}
{"level":30,"time":1789776860494,"pid":15891,"hostname":"Glebs-MacBook-Pro.local","reqId":"9e0db544-a313-49ae-b46c-54a1dc53c05a","event":"request_completed","requestId":"9e0db544-a313-49ae-b46c-54a1dc53c05a","method":"POST","route":"/api/v1/matches/:matchId/cancel","statusCode":200,"latencyMs":24.042,"msg":"request completed"}
{"level":30,"time":1789776860515,"pid":15891,"hostname":"Glebs-MacBook-Pro.local","reqId":"9b802c86-081e-454d-b286-a6faa45895f2","event":"request_completed","requestId":"9b802c86-081e-454d-b286-a6faa45895f2","method":"POST","route":"/api/v1/matches","statusCode":200,"latencyMs":16.517,"msg":"request completed"}
{"level":30,"time":1789776860543,"pid":15891,"hostname":"Glebs-MacBook-Pro.local","reqId":"7437da32-5a8f-4755-b7d4-f2dda2067cfa","event":"request_completed","requestId":"7437da32-5a8f-4755-b7d4-f2dda2067cfa","method":"POST","route":"/api/v1/matches/:matchId/cancel","statusCode":200,"latencyMs":23.547,"msg":"request completed"}
{"level":30,"time":1789776860568,"pid":15891,"hostname":"Glebs-MacBook-Pro.local","reqId":"94068dfe-b65a-4887-b0ac-7cee5ad14f48","event":"request_completed","requestId":"94068dfe-b65a-4887-b0ac-7cee5ad14f48","method":"POST","route":"/api/v1/matches","statusCode":200,"latencyMs":19.302,"msg":"request completed"}
{"level":30,"time":1789776860596,"pid":15891,"hostname":"Glebs-MacBook-Pro.local","reqId":"b71cea26-c3a6-4be5-a4e8-3168aac18172","event":"request_completed","requestId":"b71cea26-c3a6-4be5-a4e8-3168aac18172","method":"POST","route":"/api/v1/matches/:matchId/cancel","statusCode":200,"latencyMs":23.67,"msg":"request completed"}
{"level":30,"time":1789776860619,"pid":15891,"hostname":"Glebs-MacBook-Pro.local","reqId":"154e9e22-3d74-483d-96bb-3708ab56fe14","event":"request_completed","requestId":"154e9e22-3d74-483d-96bb-3708ab56fe14","method":"POST","route":"/api/v1/matches","statusCode":200,"latencyMs":18.575,"msg":"request completed"}
{"level":30,"time":1789776860650,"pid":15891,"hostname":"Glebs-MacBook-Pro.local","reqId":"e89b9e62-4c61-4720-8826-eaaaf654ee15","event":"request_completed","requestId":"e89b9e62-4c61-4720-8826-eaaaf654ee15","method":"POST","route":"/api/v1/matches/:matchId/cancel","statusCode":200,"latencyMs":26.784,"msg":"request completed"}
{"level":30,"time":1789776860672,"pid":15891,"hostname":"Glebs-MacBook-Pro.local","reqId":"d1364f63-8d1c-4cef-93d7-3d055bdbf9ee","event":"request_completed","requestId":"d1364f63-8d1c-4cef-93d7-3d055bdbf9ee","method":"POST","route":"/api/v1/matches","statusCode":200,"latencyMs":17.436,"msg":"request completed"}
{"level":30,"time":1789776860697,"pid":15891,"hostname":"Glebs-MacBook-Pro.local","reqId":"bd69eb82-ba6a-4765-83eb-19a77188b2e9","event":"request_completed","requestId":"bd69eb82-ba6a-4765-83eb-19a77188b2e9","method":"POST","route":"/api/v1/matches/:matchId/cancel","statusCode":200,"latencyMs":21.447,"msg":"request completed"}
{"level":30,"time":1789776860719,"pid":15891,"hostname":"Glebs-MacBook-Pro.local","reqId":"703e1974-b1d5-4943-a5d2-b9572150ee9d","event":"request_completed","requestId":"703e1974-b1d5-4943-a5d2-b9572150ee9d","method":"POST","route":"/api/v1/matches","statusCode":200,"latencyMs":16.205,"msg":"request completed"}
{"level":30,"time":1789776860744,"pid":15891,"hostname":"Glebs-MacBook-Pro.local","reqId":"f851aed6-a18d-42be-a50b-832eb4c116b4","event":"request_completed","requestId":"f851aed6-a18d-42be-a50b-832eb4c116b4","method":"POST","route":"/api/v1/matches/:matchId/cancel","statusCode":200,"latencyMs":21.243,"msg":"request completed"}
{"level":30,"time":1789776860763,"pid":15891,"hostname":"Glebs-MacBook-Pro.local","reqId":"b3b8a3fc-40ad-4187-b148-51097592556d","event":"request_completed","requestId":"b3b8a3fc-40ad-4187-b148-51097592556d","method":"POST","route":"/api/v1/matches","statusCode":200,"latencyMs":14.913,"msg":"request completed"}
{"level":30,"time":1789776860788,"pid":15891,"hostname":"Glebs-MacBook-Pro.local","reqId":"f4a9f8a3-9970-419b-86ec-0c3297db096b","event":"request_completed","requestId":"f4a9f8a3-9970-419b-86ec-0c3297db096b","method":"POST","route":"/api/v1/matches/:matchId/cancel","statusCode":200,"latencyMs":21.441,"msg":"request completed"}
{"level":30,"time":1789776860807,"pid":15891,"hostname":"Glebs-MacBook-Pro.local","reqId":"8b55e4d4-c40b-4a99-b6c6-7d87e969604c","event":"request_completed","requestId":"8b55e4d4-c40b-4a99-b6c6-7d87e969604c","method":"POST","route":"/api/v1/matches","statusCode":200,"latencyMs":16.006,"msg":"request completed"}
{"level":30,"time":1789776860835,"pid":15891,"hostname":"Glebs-MacBook-Pro.local","reqId":"448f6ef7-cabd-493e-a602-465f21d43283","event":"request_completed","requestId":"448f6ef7-cabd-493e-a602-465f21d43283","method":"POST","route":"/api/v1/matches/:matchId/cancel","statusCode":200,"latencyMs":23.506,"msg":"request completed"}
{"level":30,"time":1789776860856,"pid":15891,"hostname":"Glebs-MacBook-Pro.local","reqId":"fe111b18-daa6-4e92-aacc-8ea5a5671749","event":"request_completed","requestId":"fe111b18-daa6-4e92-aacc-8ea5a5671749","method":"POST","route":"/api/v1/matches","statusCode":200,"latencyMs":17.081,"msg":"request completed"}
{"level":30,"time":1789776860881,"pid":15891,"hostname":"Glebs-MacBook-Pro.local","reqId":"a0804b72-7e40-4734-bf12-a81987720643","event":"request_completed","requestId":"a0804b72-7e40-4734-bf12-a81987720643","method":"POST","route":"/api/v1/matches/:matchId/cancel","statusCode":200,"latencyMs":21.369,"msg":"request completed"}
{"level":30,"time":1789776860901,"pid":15891,"hostname":"Glebs-MacBook-Pro.local","reqId":"87992266-8a2c-4aaf-b2b5-8062c3eae427","event":"request_completed","requestId":"87992266-8a2c-4aaf-b2b5-8062c3eae427","method":"POST","route":"/api/v1/matches","statusCode":200,"latencyMs":16.952,"msg":"request completed"}
{"level":30,"time":1789776860925,"pid":15891,"hostname":"Glebs-MacBook-Pro.local","reqId":"ffe77a71-a55f-47e3-80b1-ece514c65b08","event":"request_completed","requestId":"ffe77a71-a55f-47e3-80b1-ece514c65b08","method":"POST","route":"/api/v1/matches/:matchId/cancel","statusCode":200,"latencyMs":20.384,"msg":"request completed"}
{"level":30,"time":1789776860946,"pid":15891,"hostname":"Glebs-MacBook-Pro.local","reqId":"cfa9246a-d85a-40ae-83e4-91dc3b98d85c","event":"request_completed","requestId":"cfa9246a-d85a-40ae-83e4-91dc3b98d85c","method":"POST","route":"/api/v1/matches","statusCode":200,"latencyMs":16.755,"msg":"request completed"}
{"level":30,"time":1789776860975,"pid":15891,"hostname":"Glebs-MacBook-Pro.local","reqId":"dda355af-c5d8-41d2-9d24-f2ec14af0544","event":"request_completed","requestId":"dda355af-c5d8-41d2-9d24-f2ec14af0544","method":"POST","route":"/api/v1/matches/:matchId/cancel","statusCode":200,"latencyMs":23.5,"msg":"request completed"}
{"level":30,"time":1789776860997,"pid":15891,"hostname":"Glebs-MacBook-Pro.local","reqId":"60ba0099-dabe-4d72-9fb0-2695d66cdb2c","event":"request_completed","requestId":"60ba0099-dabe-4d72-9fb0-2695d66cdb2c","method":"POST","route":"/api/v1/matches","statusCode":200,"latencyMs":18.391,"msg":"request completed"}
{"level":30,"time":1789776861024,"pid":15891,"hostname":"Glebs-MacBook-Pro.local","reqId":"e5a24590-1a3e-4877-86a2-95976441efc1","event":"request_completed","requestId":"e5a24590-1a3e-4877-86a2-95976441efc1","method":"POST","route":"/api/v1/matches/:matchId/cancel","statusCode":200,"latencyMs":23.279,"msg":"request completed"}
{"level":30,"time":1789776861052,"pid":15891,"hostname":"Glebs-MacBook-Pro.local","reqId":"6c6f6a3c-8ab7-4ffa-b548-119d98aa35e5","event":"request_completed","requestId":"6c6f6a3c-8ab7-4ffa-b548-119d98aa35e5","method":"POST","route":"/api/v1/matches","statusCode":200,"latencyMs":23.921,"msg":"request completed"}
{"level":30,"time":1789776861080,"pid":15891,"hostname":"Glebs-MacBook-Pro.local","reqId":"4e1cbee9-4f39-4c17-baf3-bd48f418bc2b","event":"request_completed","requestId":"4e1cbee9-4f39-4c17-baf3-bd48f418bc2b","method":"POST","route":"/api/v1/matches/:matchId/cancel","statusCode":200,"latencyMs":24.224,"msg":"request completed"}
{"level":30,"time":1789776861103,"pid":15891,"hostname":"Glebs-MacBook-Pro.local","reqId":"5b73e3d4-7834-464c-bcfb-695cdd201285","event":"request_completed","requestId":"5b73e3d4-7834-464c-bcfb-695cdd201285","method":"POST","route":"/api/v1/matches","statusCode":200,"latencyMs":17.485,"msg":"request completed"}
{"level":30,"time":1789776861133,"pid":15891,"hostname":"Glebs-MacBook-Pro.local","reqId":"f3ba9864-56e1-48de-8ba7-6a0e2c101f50","event":"request_completed","requestId":"f3ba9864-56e1-48de-8ba7-6a0e2c101f50","method":"POST","route":"/api/v1/matches/:matchId/cancel","statusCode":200,"latencyMs":23.329,"msg":"request completed"}
{"level":30,"time":1789776861155,"pid":15891,"hostname":"Glebs-MacBook-Pro.local","reqId":"72432feb-0cda-41a5-9a4a-f3acf11ade72","event":"request_completed","requestId":"72432feb-0cda-41a5-9a4a-f3acf11ade72","method":"POST","route":"/api/v1/matches","statusCode":200,"latencyMs":18.08,"msg":"request completed"}
{"level":30,"time":1789776861182,"pid":15891,"hostname":"Glebs-MacBook-Pro.local","reqId":"5b5030fa-74fb-4403-83e0-94844634b644","event":"request_completed","requestId":"5b5030fa-74fb-4403-83e0-94844634b644","method":"POST","route":"/api/v1/matches/:matchId/cancel","statusCode":200,"latencyMs":23.361,"msg":"request completed"}
{"level":30,"time":1789776861205,"pid":15891,"hostname":"Glebs-MacBook-Pro.local","reqId":"6630ca3e-fcbb-4ef0-9953-33f53fdcb51e","event":"request_completed","requestId":"6630ca3e-fcbb-4ef0-9953-33f53fdcb51e","method":"POST","route":"/api/v1/matches","statusCode":200,"latencyMs":19.31,"msg":"request completed"}
{"level":30,"time":1789776861239,"pid":15891,"hostname":"Glebs-MacBook-Pro.local","reqId":"c3177958-a1ca-464e-a10d-ee635d970489","event":"request_completed","requestId":"c3177958-a1ca-464e-a10d-ee635d970489","method":"POST","route":"/api/v1/matches/:matchId/cancel","statusCode":200,"latencyMs":29.843,"msg":"request completed"}
{"level":30,"time":1789776861259,"pid":15891,"hostname":"Glebs-MacBook-Pro.local","reqId":"a08e66aa-0be1-4af3-a724-1c6e82e1bd96","event":"request_completed","requestId":"a08e66aa-0be1-4af3-a724-1c6e82e1bd96","method":"POST","route":"/api/v1/matches","statusCode":200,"latencyMs":16.745,"msg":"request completed"}
{"level":30,"time":1789776861285,"pid":15891,"hostname":"Glebs-MacBook-Pro.local","reqId":"593f5e88-89f4-44dc-a28a-60d27e1b17c0","event":"request_completed","requestId":"593f5e88-89f4-44dc-a28a-60d27e1b17c0","method":"POST","route":"/api/v1/matches/:matchId/cancel","statusCode":200,"latencyMs":21.693,"msg":"request completed"}
{"level":30,"time":1789776861305,"pid":15891,"hostname":"Glebs-MacBook-Pro.local","reqId":"97d602f1-a3e1-40a6-9bc9-188a9a7a293e","event":"request_completed","requestId":"97d602f1-a3e1-40a6-9bc9-188a9a7a293e","method":"POST","route":"/api/v1/matches","statusCode":200,"latencyMs":16.79,"msg":"request completed"}
{"level":30,"time":1789776861331,"pid":15891,"hostname":"Glebs-MacBook-Pro.local","reqId":"a49928a3-26b0-4760-a701-64d16f3c2fa2","event":"request_completed","requestId":"a49928a3-26b0-4760-a701-64d16f3c2fa2","method":"POST","route":"/api/v1/matches/:matchId/cancel","statusCode":200,"latencyMs":22.853,"msg":"request completed"}
{"level":30,"time":1789776861368,"pid":15891,"hostname":"Glebs-MacBook-Pro.local","reqId":"6e7bb245-8b93-4c4b-90f3-457063a8d9b8","event":"request_completed","requestId":"6e7bb245-8b93-4c4b-90f3-457063a8d9b8","method":"POST","route":"/api/v1/matches","statusCode":200,"latencyMs":32.48,"msg":"request completed"}
{"level":30,"time":1789776861414,"pid":15891,"hostname":"Glebs-MacBook-Pro.local","reqId":"c45012dd-17b1-4959-b5c9-037d41fecb60","event":"request_completed","requestId":"c45012dd-17b1-4959-b5c9-037d41fecb60","method":"POST","route":"/api/v1/matches/:matchId/cancel","statusCode":200,"latencyMs":42.048,"msg":"request completed"}
{"level":30,"time":1789776861435,"pid":15891,"hostname":"Glebs-MacBook-Pro.local","reqId":"c5970db9-80e6-4301-9b9b-34c9ffa705d7","event":"request_completed","requestId":"c5970db9-80e6-4301-9b9b-34c9ffa705d7","method":"POST","route":"/api/v1/matches","statusCode":200,"latencyMs":17.399,"msg":"request completed"}
{"level":30,"time":1789776861460,"pid":15891,"hostname":"Glebs-MacBook-Pro.local","reqId":"9760248b-b69a-473a-91e2-6addd071dd38","event":"request_completed","requestId":"9760248b-b69a-473a-91e2-6addd071dd38","method":"POST","route":"/api/v1/matches/:matchId/cancel","statusCode":200,"latencyMs":21.315,"msg":"request completed"}
{"level":30,"time":1789776861731,"pid":15891,"hostname":"Glebs-MacBook-Pro.local","reqId":"b2d038e9-bc69-4201-9ae6-e36f3819cdcd","event":"request_completed","requestId":"b2d038e9-bc69-4201-9ae6-e36f3819cdcd","method":"GET","route":"/api/v1/auth/me","statusCode":401,"latencyMs":0.116,"msg":"request completed"}
  ✘  41 [chromium-mobile-390] › tests/e2e/wave-b.spec.ts:124:5 › Wave B AT-VIS-003 history pagination and detail return keep context (1.7s)
(node:16210) Warning: The 'NO_COLOR' env is ignored due to the 'FORCE_COLOR' env being set.
(Use `node --trace-warnings ...` to show where the warning was created)
{"level":30,"time":1789776862467,"pid":15891,"hostname":"Glebs-MacBook-Pro.local","reqId":"46b46f45-0854-4278-9d5d-ba1d87bde223","event":"request_completed","requestId":"46b46f45-0854-4278-9d5d-ba1d87bde223","method":"GET","route":"/health","statusCode":200,"latencyMs":0.14,"msg":"request completed"}
{"level":30,"time":1789776862508,"pid":15891,"hostname":"Glebs-MacBook-Pro.local","reqId":"90dc25b8-4f02-4ffd-9a43-64f65bb4bec0","event":"request_completed","requestId":"90dc25b8-4f02-4ffd-9a43-64f65bb4bec0","method":"POST","route":"/api/v1/auth/login","statusCode":200,"latencyMs":34.24,"msg":"request completed"}
{"level":30,"time":1789776862528,"pid":15891,"hostname":"Glebs-MacBook-Pro.local","reqId":"fb0cc9c2-fccb-412e-ab0e-8355667df570","event":"request_completed","requestId":"fb0cc9c2-fccb-412e-ab0e-8355667df570","method":"PATCH","route":"/api/v1/me/onboarding","statusCode":200,"latencyMs":15.951,"msg":"request completed"}
{"level":30,"time":1789776862573,"pid":15891,"hostname":"Glebs-MacBook-Pro.local","reqId":"e3aeb7d7-5509-4cc6-95fc-d4eb8e6dd904","event":"request_completed","requestId":"e3aeb7d7-5509-4cc6-95fc-d4eb8e6dd904","method":"POST","route":"/api/v1/admin/users","statusCode":200,"latencyMs":40.017,"msg":"request completed"}
{"level":30,"time":1789776862603,"pid":15891,"hostname":"Glebs-MacBook-Pro.local","reqId":"f62673da-e59a-48a7-9fbe-b022686c45ef","event":"request_completed","requestId":"f62673da-e59a-48a7-9fbe-b022686c45ef","method":"POST","route":"/api/v1/auth/login","statusCode":200,"latencyMs":25.218,"msg":"request completed"}
{"level":30,"time":1789776862643,"pid":15891,"hostname":"Glebs-MacBook-Pro.local","reqId":"5fff1c06-5b7e-45a8-87ed-52120b96ca27","event":"request_completed","requestId":"5fff1c06-5b7e-45a8-87ed-52120b96ca27","method":"POST","route":"/api/v1/auth/password/first-change","statusCode":200,"latencyMs":35.651,"msg":"request completed"}
{"level":30,"time":1789776862669,"pid":15891,"hostname":"Glebs-MacBook-Pro.local","reqId":"c1d06704-052e-4d42-ac56-bfcb7ca01ea1","event":"request_completed","requestId":"c1d06704-052e-4d42-ac56-bfcb7ca01ea1","method":"PATCH","route":"/api/v1/me/onboarding","statusCode":200,"latencyMs":21.16,"msg":"request completed"}
{"level":30,"time":1789776862709,"pid":15891,"hostname":"Glebs-MacBook-Pro.local","reqId":"fa00e698-ffed-4e11-8669-8878826ad6e5","event":"request_completed","requestId":"fa00e698-ffed-4e11-8669-8878826ad6e5","method":"POST","route":"/api/v1/teams","statusCode":200,"latencyMs":36.49,"msg":"request completed"}
{"level":30,"time":1789776862731,"pid":15891,"hostname":"Glebs-MacBook-Pro.local","reqId":"56f5a143-2d57-44b7-a27b-d16085c357db","event":"request_completed","requestId":"56f5a143-2d57-44b7-a27b-d16085c357db","method":"POST","route":"/api/v1/teams/:id/invite","statusCode":200,"latencyMs":19.022,"msg":"request completed"}
{"level":30,"time":1789776862757,"pid":15891,"hostname":"Glebs-MacBook-Pro.local","reqId":"d1d7b1ac-74e9-498e-8961-b46ac2105e9c","event":"request_completed","requestId":"d1d7b1ac-74e9-498e-8961-b46ac2105e9c","method":"POST","route":"/api/v1/team-invitations/:id/respond","statusCode":200,"latencyMs":20.796,"msg":"request completed"}
{"level":30,"time":1789776863027,"pid":15891,"hostname":"Glebs-MacBook-Pro.local","reqId":"f22b4d53-467b-443e-87f0-3b7809636843","event":"request_completed","requestId":"f22b4d53-467b-443e-87f0-3b7809636843","method":"GET","route":"/api/v1/auth/me","statusCode":401,"latencyMs":0.14,"msg":"request completed"}
  ✘  42 [chromium-mobile-390] › tests/e2e/wave-c.spec.ts:38:5 › Wave C AT-MATCH-013_016 2v2 team selection, rules, no-show and hidden revenge (824ms)
(node:16216) Warning: The 'NO_COLOR' env is ignored due to the 'FORCE_COLOR' env being set.
(Use `node --trace-warnings ...` to show where the warning was created)
{"level":30,"time":1789776863689,"pid":15891,"hostname":"Glebs-MacBook-Pro.local","reqId":"9d9ce7e2-ddc1-44b0-9260-92c663855110","event":"request_completed","requestId":"9d9ce7e2-ddc1-44b0-9260-92c663855110","method":"GET","route":"/health","statusCode":200,"latencyMs":0.16,"msg":"request completed"}
{"level":30,"time":1789776863729,"pid":15891,"hostname":"Glebs-MacBook-Pro.local","reqId":"bd77286f-6008-42e7-a5ab-b393d41ed32a","event":"request_completed","requestId":"bd77286f-6008-42e7-a5ab-b393d41ed32a","method":"POST","route":"/api/v1/auth/login","statusCode":200,"latencyMs":33.72,"msg":"request completed"}
{"level":30,"time":1789776863748,"pid":15891,"hostname":"Glebs-MacBook-Pro.local","reqId":"4727c706-1161-452b-b5ba-e853b8119475","event":"request_completed","requestId":"4727c706-1161-452b-b5ba-e853b8119475","method":"PATCH","route":"/api/v1/me/onboarding","statusCode":200,"latencyMs":14.848,"msg":"request completed"}
{"level":30,"time":1789776863789,"pid":15891,"hostname":"Glebs-MacBook-Pro.local","reqId":"a54821ec-3675-435f-b7e6-91b8c0c71c38","event":"request_completed","requestId":"a54821ec-3675-435f-b7e6-91b8c0c71c38","method":"POST","route":"/api/v1/admin/users","statusCode":200,"latencyMs":37.488,"msg":"request completed"}
{"level":30,"time":1789776863820,"pid":15891,"hostname":"Glebs-MacBook-Pro.local","reqId":"16d6e7e0-0c10-4091-a644-f52356f92824","event":"request_completed","requestId":"16d6e7e0-0c10-4091-a644-f52356f92824","method":"POST","route":"/api/v1/auth/login","statusCode":200,"latencyMs":25.591,"msg":"request completed"}
{"level":30,"time":1789776863864,"pid":15891,"hostname":"Glebs-MacBook-Pro.local","reqId":"19ea79bc-06c6-446a-a7e3-981760fc114c","event":"request_completed","requestId":"19ea79bc-06c6-446a-a7e3-981760fc114c","method":"POST","route":"/api/v1/auth/password/first-change","statusCode":200,"latencyMs":40.078,"msg":"request completed"}
{"level":30,"time":1789776863885,"pid":15891,"hostname":"Glebs-MacBook-Pro.local","reqId":"ae0df87c-0cf8-45af-af94-f39a824a00ed","event":"request_completed","requestId":"ae0df87c-0cf8-45af-af94-f39a824a00ed","method":"PATCH","route":"/api/v1/me/onboarding","statusCode":200,"latencyMs":17.081,"msg":"request completed"}
{"level":30,"time":1789776863966,"pid":15891,"hostname":"Glebs-MacBook-Pro.local","reqId":"a470191a-35ed-4ced-8691-265e62f0e426","event":"request_completed","requestId":"a470191a-35ed-4ced-8691-265e62f0e426","method":"GET","route":"/api/v1/profile/me","statusCode":200,"latencyMs":38.558,"msg":"request completed"}
{"level":30,"time":1789776863989,"pid":15891,"hostname":"Glebs-MacBook-Pro.local","reqId":"384d62f8-f9a1-4af0-b818-282ea5af13cb","event":"request_completed","requestId":"384d62f8-f9a1-4af0-b818-282ea5af13cb","method":"POST","route":"/api/v1/matches","statusCode":200,"latencyMs":18.69,"msg":"request completed"}
{"level":30,"time":1789776864255,"pid":15891,"hostname":"Glebs-MacBook-Pro.local","reqId":"445c7909-1de7-42f0-baa9-b3b91a87672a","event":"request_completed","requestId":"445c7909-1de7-42f0-baa9-b3b91a87672a","method":"GET","route":"/api/v1/auth/me","statusCode":401,"latencyMs":0.138,"msg":"request completed"}
  ✘  43 [chromium-mobile-390] › tests/e2e/wave-c.spec.ts:79:5 › Wave C AT-JUDGE-004_010 correction, undo and two-client handover preserve authority (842ms)
(node:16223) Warning: The 'NO_COLOR' env is ignored due to the 'FORCE_COLOR' env being set.
(Use `node --trace-warnings ...` to show where the warning was created)
{"level":30,"time":1789776864931,"pid":15891,"hostname":"Glebs-MacBook-Pro.local","reqId":"64a5a70f-1c15-410e-ad82-9e2bce05fe51","event":"request_completed","requestId":"64a5a70f-1c15-410e-ad82-9e2bce05fe51","method":"GET","route":"/health","statusCode":200,"latencyMs":0.119,"msg":"request completed"}
{"level":30,"time":1789776864975,"pid":15891,"hostname":"Glebs-MacBook-Pro.local","reqId":"345c18b8-dda0-4af4-b68f-cbf724e90c4d","event":"request_completed","requestId":"345c18b8-dda0-4af4-b68f-cbf724e90c4d","method":"POST","route":"/api/v1/auth/login","statusCode":200,"latencyMs":35.721,"msg":"request completed"}
{"level":30,"time":1789776864996,"pid":15891,"hostname":"Glebs-MacBook-Pro.local","reqId":"1ea4468f-74e4-4d23-bc12-c8b3ae3ca98e","event":"request_completed","requestId":"1ea4468f-74e4-4d23-bc12-c8b3ae3ca98e","method":"PATCH","route":"/api/v1/me/onboarding","statusCode":200,"latencyMs":17.181,"msg":"request completed"}
{"level":30,"time":1789776865041,"pid":15891,"hostname":"Glebs-MacBook-Pro.local","reqId":"6d904ef1-c89f-4776-b4a6-aa2e4d68c565","event":"request_completed","requestId":"6d904ef1-c89f-4776-b4a6-aa2e4d68c565","method":"POST","route":"/api/v1/admin/users","statusCode":200,"latencyMs":40.814,"msg":"request completed"}
{"level":30,"time":1789776865072,"pid":15891,"hostname":"Glebs-MacBook-Pro.local","reqId":"95883498-abc4-423e-ac5f-4ecf242f732c","event":"request_completed","requestId":"95883498-abc4-423e-ac5f-4ecf242f732c","method":"POST","route":"/api/v1/auth/login","statusCode":200,"latencyMs":26.191,"msg":"request completed"}
{"level":30,"time":1789776865116,"pid":15891,"hostname":"Glebs-MacBook-Pro.local","reqId":"18863d7f-70cc-4582-a571-4eecc90d9ac7","event":"request_completed","requestId":"18863d7f-70cc-4582-a571-4eecc90d9ac7","method":"POST","route":"/api/v1/auth/password/first-change","statusCode":200,"latencyMs":40.475,"msg":"request completed"}
{"level":30,"time":1789776865131,"pid":15891,"hostname":"Glebs-MacBook-Pro.local","reqId":"90e2a0dc-8aa2-462d-ad6a-8904e5399f09","event":"request_completed","requestId":"90e2a0dc-8aa2-462d-ad6a-8904e5399f09","method":"PATCH","route":"/api/v1/me/onboarding","statusCode":200,"latencyMs":11.389,"msg":"request completed"}
{"level":30,"time":1789776865218,"pid":15891,"hostname":"Glebs-MacBook-Pro.local","reqId":"24c71646-748c-48bb-9f16-d27dfceb10ae","event":"request_completed","requestId":"24c71646-748c-48bb-9f16-d27dfceb10ae","method":"POST","route":"/api/v1/matches","statusCode":200,"latencyMs":45.856,"msg":"request completed"}
{"level":30,"time":1789776865506,"pid":15891,"hostname":"Glebs-MacBook-Pro.local","reqId":"8fae845f-7f75-48e8-848c-eea1c3dbb454","event":"request_completed","requestId":"8fae845f-7f75-48e8-848c-eea1c3dbb454","method":"GET","route":"/api/v1/auth/me","statusCode":200,"latencyMs":21.892,"msg":"request completed"}
{"level":30,"time":1789776865545,"pid":15891,"hostname":"Glebs-MacBook-Pro.local","reqId":"a9e1cabc-14b0-4b60-9c72-4b1da48f9620","event":"request_completed","requestId":"a9e1cabc-14b0-4b60-9c72-4b1da48f9620","method":"GET","route":"/api/v1/matches/:matchId","statusCode":403,"latencyMs":14.099,"msg":"request completed"}
{"level":30,"time":1789776865575,"pid":15891,"hostname":"Glebs-MacBook-Pro.local","reqId":"3de5419d-0ca0-4063-8d5e-86ad3cea5dba","event":"request_completed","requestId":"3de5419d-0ca0-4063-8d5e-86ad3cea5dba","method":"POST","route":"/api/v1/matches/:matchId/judge/acquire","statusCode":200,"latencyMs":27.611,"msg":"request completed"}
{"level":30,"time":1789776865590,"pid":15891,"hostname":"Glebs-MacBook-Pro.local","reqId":"1a4398da-3ac8-4868-ad1c-8578a961f8b2","event":"request_completed","requestId":"1a4398da-3ac8-4868-ad1c-8578a961f8b2","method":"GET","route":"/api/v1/matches/:matchId","statusCode":200,"latencyMs":12.324,"msg":"request completed"}
{"level":30,"time":1789776865604,"pid":15891,"hostname":"Glebs-MacBook-Pro.local","reqId":"f85030b3-75a5-4758-af0e-64159cd776bf","event":"request_completed","requestId":"f85030b3-75a5-4758-af0e-64159cd776bf","method":"POST","route":"/api/v1/matches/:matchId/judge/heartbeat","statusCode":200,"latencyMs":7.06,"msg":"request completed"}
{"level":30,"time":1789776865618,"pid":15891,"hostname":"Glebs-MacBook-Pro.local","reqId":"dea776c5-eea0-4cbc-86e6-15094b9900da","event":"request_completed","requestId":"dea776c5-eea0-4cbc-86e6-15094b9900da","method":"GET","route":"/api/v1/matches/:matchId","statusCode":200,"latencyMs":11.932,"msg":"request completed"}
{"level":30,"time":1789776865761,"pid":15891,"hostname":"Glebs-MacBook-Pro.local","reqId":"2652b0d4-938d-4d55-b850-743ef83a59ef","event":"request_completed","requestId":"2652b0d4-938d-4d55-b850-743ef83a59ef","method":"POST","route":"/api/v1/matches/:matchId/judge/setup","statusCode":200,"latencyMs":26.81,"msg":"request completed"}
{"level":30,"time":1789776865773,"pid":15891,"hostname":"Glebs-MacBook-Pro.local","reqId":"278e041d-a603-4d11-ac46-50360e10e5cc","event":"request_completed","requestId":"278e041d-a603-4d11-ac46-50360e10e5cc","method":"POST","route":"/api/v1/matches/:matchId/judge/heartbeat","statusCode":200,"latencyMs":8.115,"msg":"request completed"}
{"level":30,"time":1789776865779,"pid":15891,"hostname":"Glebs-MacBook-Pro.local","reqId":"6e7aef87-f258-4501-bab2-d7c2ce22a01a","event":"request_completed","requestId":"6e7aef87-f258-4501-bab2-d7c2ce22a01a","method":"GET","route":"/api/v1/matches/:matchId","statusCode":200,"latencyMs":11.684,"msg":"request completed"}
{"level":30,"time":1789776865788,"pid":15891,"hostname":"Glebs-MacBook-Pro.local","reqId":"2dcff9a5-8bdf-4a4e-879f-6af48739993a","event":"request_completed","requestId":"2dcff9a5-8bdf-4a4e-879f-6af48739993a","method":"GET","route":"/api/v1/matches/:matchId","statusCode":200,"latencyMs":12.367,"msg":"request completed"}
{"level":30,"time":1789776866057,"pid":15891,"hostname":"Glebs-MacBook-Pro.local","reqId":"c07384fd-668c-433b-a5a3-48d99bae1fde","event":"request_completed","requestId":"c07384fd-668c-433b-a5a3-48d99bae1fde","method":"GET","route":"/api/v1/auth/me","statusCode":401,"latencyMs":0.15,"msg":"request completed"}
  ✘  44 [chromium-mobile-390] › tests/e2e/wave-c.spec.ts:135:5 › Wave C AT-JUDGE-001 creator starts while another club judge retains the slot (1.4s)
(node:16232) Warning: The 'NO_COLOR' env is ignored due to the 'FORCE_COLOR' env being set.
(Use `node --trace-warnings ...` to show where the warning was created)
{"level":30,"time":1789776866776,"pid":15891,"hostname":"Glebs-MacBook-Pro.local","reqId":"6177a5fe-ac1e-4cc9-bc95-bd95132a51b9","event":"request_completed","requestId":"6177a5fe-ac1e-4cc9-bc95-bd95132a51b9","method":"GET","route":"/health","statusCode":200,"latencyMs":0.117,"msg":"request completed"}
{"level":30,"time":1789776866816,"pid":15891,"hostname":"Glebs-MacBook-Pro.local","reqId":"4c22d436-099b-4b21-86df-cec1321c4636","event":"request_completed","requestId":"4c22d436-099b-4b21-86df-cec1321c4636","method":"POST","route":"/api/v1/auth/login","statusCode":200,"latencyMs":29.667,"msg":"request completed"}
{"level":30,"time":1789776866836,"pid":15891,"hostname":"Glebs-MacBook-Pro.local","reqId":"fe95c041-c77d-464c-8f1c-acccd478beb0","event":"request_completed","requestId":"fe95c041-c77d-464c-8f1c-acccd478beb0","method":"PATCH","route":"/api/v1/me/onboarding","statusCode":200,"latencyMs":15.492,"msg":"request completed"}
{"level":30,"time":1789776866880,"pid":15891,"hostname":"Glebs-MacBook-Pro.local","reqId":"81ffd830-b6a2-4d87-bb16-f6708457066f","event":"request_completed","requestId":"81ffd830-b6a2-4d87-bb16-f6708457066f","method":"POST","route":"/api/v1/admin/users","statusCode":200,"latencyMs":39.118,"msg":"request completed"}
{"level":30,"time":1789776866911,"pid":15891,"hostname":"Glebs-MacBook-Pro.local","reqId":"f6306f31-a224-4447-8d52-d7f4a50788ab","event":"request_completed","requestId":"f6306f31-a224-4447-8d52-d7f4a50788ab","method":"POST","route":"/api/v1/auth/login","statusCode":200,"latencyMs":26.589,"msg":"request completed"}
{"level":30,"time":1789776866958,"pid":15891,"hostname":"Glebs-MacBook-Pro.local","reqId":"16aeed19-ed76-49a3-a2bc-9711ffb46b1b","event":"request_completed","requestId":"16aeed19-ed76-49a3-a2bc-9711ffb46b1b","method":"POST","route":"/api/v1/auth/password/first-change","statusCode":200,"latencyMs":43.117,"msg":"request completed"}
{"level":30,"time":1789776866978,"pid":15891,"hostname":"Glebs-MacBook-Pro.local","reqId":"005dce66-f575-4520-b57b-2cd5cf8dcb73","event":"request_completed","requestId":"005dce66-f575-4520-b57b-2cd5cf8dcb73","method":"PATCH","route":"/api/v1/me/onboarding","statusCode":200,"latencyMs":16.018,"msg":"request completed"}
{"level":30,"time":1789776867023,"pid":15891,"hostname":"Glebs-MacBook-Pro.local","reqId":"747e0bb0-3e22-442b-9728-e225d5c510b3","event":"request_completed","requestId":"747e0bb0-3e22-442b-9728-e225d5c510b3","method":"POST","route":"/api/v1/admin/users","statusCode":200,"latencyMs":41.317,"msg":"request completed"}
{"level":30,"time":1789776867055,"pid":15891,"hostname":"Glebs-MacBook-Pro.local","reqId":"4b0c735a-60d5-4f67-ba7d-75ab29b2fdd1","event":"request_completed","requestId":"4b0c735a-60d5-4f67-ba7d-75ab29b2fdd1","method":"POST","route":"/api/v1/auth/login","statusCode":200,"latencyMs":26.815,"msg":"request completed"}
{"level":30,"time":1789776867097,"pid":15891,"hostname":"Glebs-MacBook-Pro.local","reqId":"7f50dd7a-808d-4d36-bcc3-60c0d6ff2fd6","event":"request_completed","requestId":"7f50dd7a-808d-4d36-bcc3-60c0d6ff2fd6","method":"POST","route":"/api/v1/auth/password/first-change","statusCode":200,"latencyMs":37.69,"msg":"request completed"}
{"level":30,"time":1789776867116,"pid":15891,"hostname":"Glebs-MacBook-Pro.local","reqId":"578047fa-68dd-401f-a2c0-0f4690306081","event":"request_completed","requestId":"578047fa-68dd-401f-a2c0-0f4690306081","method":"PATCH","route":"/api/v1/me/onboarding","statusCode":200,"latencyMs":14.778,"msg":"request completed"}
{"level":30,"time":1789776867423,"pid":15891,"hostname":"Glebs-MacBook-Pro.local","reqId":"415a084d-595d-4de4-99fa-a68632c4b96e","event":"request_completed","requestId":"415a084d-595d-4de4-99fa-a68632c4b96e","method":"GET","route":"/api/v1/auth/me","statusCode":401,"latencyMs":0.118,"msg":"request completed"}
  ✘  45 [chromium-mobile-390] › tests/e2e/wave-d-teams.spec.ts:23:5 › Wave D AT-TEAM-001..007 create, accept welcome, transfer, leave and automatic archive (922ms)
(node:16239) Warning: The 'NO_COLOR' env is ignored due to the 'FORCE_COLOR' env being set.
(Use `node --trace-warnings ...` to show where the warning was created)
{"level":30,"time":1789776868129,"pid":15891,"hostname":"Glebs-MacBook-Pro.local","reqId":"4ae774b9-558f-4c9e-8ff1-5602699eef6d","event":"request_completed","requestId":"4ae774b9-558f-4c9e-8ff1-5602699eef6d","method":"GET","route":"/health","statusCode":200,"latencyMs":0.171,"msg":"request completed"}
{"level":30,"time":1789776868173,"pid":15891,"hostname":"Glebs-MacBook-Pro.local","reqId":"f8272843-dccd-4228-b1b1-ef9685fc1a45","event":"request_completed","requestId":"f8272843-dccd-4228-b1b1-ef9685fc1a45","method":"POST","route":"/api/v1/auth/login","statusCode":200,"latencyMs":36.359,"msg":"request completed"}
{"level":30,"time":1789776868192,"pid":15891,"hostname":"Glebs-MacBook-Pro.local","reqId":"50257277-8362-4805-a2df-8ec4c899cccf","event":"request_completed","requestId":"50257277-8362-4805-a2df-8ec4c899cccf","method":"PATCH","route":"/api/v1/me/onboarding","statusCode":200,"latencyMs":13.717,"msg":"request completed"}
{"level":30,"time":1789776868466,"pid":15891,"hostname":"Glebs-MacBook-Pro.local","reqId":"ddb10456-7ad3-4289-bdd5-f98632c7d2e6","event":"request_completed","requestId":"ddb10456-7ad3-4289-bdd5-f98632c7d2e6","method":"GET","route":"/api/v1/auth/me","statusCode":401,"latencyMs":0.529,"msg":"request completed"}
  ✘  46 [chromium-mobile-390] › tests/e2e/wave-d-tournaments.spec.ts:19:7 › Wave D tournament single_elimination/3 roster, seed edit, complete and results (604ms)
(node:16245) Warning: The 'NO_COLOR' env is ignored due to the 'FORCE_COLOR' env being set.
(Use `node --trace-warnings ...` to show where the warning was created)
{"level":30,"time":1789776869130,"pid":15891,"hostname":"Glebs-MacBook-Pro.local","reqId":"c28b3361-78fa-47b7-a36e-41fcf80998c6","event":"request_completed","requestId":"c28b3361-78fa-47b7-a36e-41fcf80998c6","method":"GET","route":"/health","statusCode":200,"latencyMs":0.182,"msg":"request completed"}
{"level":30,"time":1789776869173,"pid":15891,"hostname":"Glebs-MacBook-Pro.local","reqId":"1faf51c6-53f9-4d7b-8670-310bd83d3c8f","event":"request_completed","requestId":"1faf51c6-53f9-4d7b-8670-310bd83d3c8f","method":"POST","route":"/api/v1/auth/login","statusCode":200,"latencyMs":35.521,"msg":"request completed"}
{"level":30,"time":1789776869192,"pid":15891,"hostname":"Glebs-MacBook-Pro.local","reqId":"f7e23b54-632c-4925-a2cb-b8363d63454d","event":"request_completed","requestId":"f7e23b54-632c-4925-a2cb-b8363d63454d","method":"PATCH","route":"/api/v1/me/onboarding","statusCode":200,"latencyMs":14.081,"msg":"request completed"}
{"level":30,"time":1789776869461,"pid":15891,"hostname":"Glebs-MacBook-Pro.local","reqId":"b47a2f29-5612-4035-8a48-846d486a537a","event":"request_completed","requestId":"b47a2f29-5612-4035-8a48-846d486a537a","method":"GET","route":"/api/v1/auth/me","statusCode":401,"latencyMs":0.138,"msg":"request completed"}
  ✘  47 [chromium-mobile-390] › tests/e2e/wave-d-tournaments.spec.ts:19:7 › Wave D tournament single_elimination/5 roster, seed edit, complete and results (578ms)
(node:16251) Warning: The 'NO_COLOR' env is ignored due to the 'FORCE_COLOR' env being set.
(Use `node --trace-warnings ...` to show where the warning was created)
{"level":30,"time":1789776870108,"pid":15891,"hostname":"Glebs-MacBook-Pro.local","reqId":"f22a78dd-5564-42fc-ba55-a466fc4b855a","event":"request_completed","requestId":"f22a78dd-5564-42fc-ba55-a466fc4b855a","method":"GET","route":"/health","statusCode":200,"latencyMs":0.148,"msg":"request completed"}
{"level":30,"time":1789776870145,"pid":15891,"hostname":"Glebs-MacBook-Pro.local","reqId":"9666a402-4765-4ce2-9529-1e09f2b1ba13","event":"request_completed","requestId":"9666a402-4765-4ce2-9529-1e09f2b1ba13","method":"POST","route":"/api/v1/auth/login","statusCode":200,"latencyMs":29.999,"msg":"request completed"}
{"level":30,"time":1789776870167,"pid":15891,"hostname":"Glebs-MacBook-Pro.local","reqId":"43d439fe-be0a-4d1c-a7c6-72b32817c1e7","event":"request_completed","requestId":"43d439fe-be0a-4d1c-a7c6-72b32817c1e7","method":"PATCH","route":"/api/v1/me/onboarding","statusCode":200,"latencyMs":15.737,"msg":"request completed"}
{"level":30,"time":1789776870434,"pid":15891,"hostname":"Glebs-MacBook-Pro.local","reqId":"f5978a5b-1725-4c57-90d1-c5138a636797","event":"request_completed","requestId":"f5978a5b-1725-4c57-90d1-c5138a636797","method":"GET","route":"/api/v1/auth/me","statusCode":401,"latencyMs":0.134,"msg":"request completed"}
  ✘  48 [chromium-mobile-390] › tests/e2e/wave-d-tournaments.spec.ts:19:7 › Wave D tournament single_elimination/8 roster, seed edit, complete and results (569ms)
(node:16257) Warning: The 'NO_COLOR' env is ignored due to the 'FORCE_COLOR' env being set.
(Use `node --trace-warnings ...` to show where the warning was created)
{"level":30,"time":1789776871073,"pid":15891,"hostname":"Glebs-MacBook-Pro.local","reqId":"5078dbbc-f3c6-43da-81fd-4814fb33e9e0","event":"request_completed","requestId":"5078dbbc-f3c6-43da-81fd-4814fb33e9e0","method":"GET","route":"/health","statusCode":200,"latencyMs":0.159,"msg":"request completed"}
{"level":30,"time":1789776871111,"pid":15891,"hostname":"Glebs-MacBook-Pro.local","reqId":"23e7db64-a6cd-40b1-a41a-d2ac984bd5c7","event":"request_completed","requestId":"23e7db64-a6cd-40b1-a41a-d2ac984bd5c7","method":"POST","route":"/api/v1/auth/login","statusCode":200,"latencyMs":31.389,"msg":"request completed"}
{"level":30,"time":1789776871132,"pid":15891,"hostname":"Glebs-MacBook-Pro.local","reqId":"de080824-5c50-4510-9710-b1a4bff85755","event":"request_completed","requestId":"de080824-5c50-4510-9710-b1a4bff85755","method":"PATCH","route":"/api/v1/me/onboarding","statusCode":200,"latencyMs":16.139,"msg":"request completed"}
{"level":30,"time":1789776871399,"pid":15891,"hostname":"Glebs-MacBook-Pro.local","reqId":"ff1d4780-9c04-4827-8e96-4f55239ed21f","event":"request_completed","requestId":"ff1d4780-9c04-4827-8e96-4f55239ed21f","method":"GET","route":"/api/v1/auth/me","statusCode":401,"latencyMs":0.137,"msg":"request completed"}
  ✘  49 [chromium-mobile-390] › tests/e2e/wave-d-tournaments.spec.ts:19:7 › Wave D tournament double_elimination/3 roster, seed edit, complete and results (573ms)
(node:16265) Warning: The 'NO_COLOR' env is ignored due to the 'FORCE_COLOR' env being set.
(Use `node --trace-warnings ...` to show where the warning was created)
{"level":30,"time":1789776872047,"pid":15891,"hostname":"Glebs-MacBook-Pro.local","reqId":"2dcc8f44-60c7-4ae8-9afe-4be439dc6b5e","event":"request_completed","requestId":"2dcc8f44-60c7-4ae8-9afe-4be439dc6b5e","method":"GET","route":"/health","statusCode":200,"latencyMs":0.202,"msg":"request completed"}
{"level":30,"time":1789776872088,"pid":15891,"hostname":"Glebs-MacBook-Pro.local","reqId":"14a970ca-138e-4345-a96c-22302cd1246b","event":"request_completed","requestId":"14a970ca-138e-4345-a96c-22302cd1246b","method":"POST","route":"/api/v1/auth/login","statusCode":200,"latencyMs":33.583,"msg":"request completed"}
{"level":30,"time":1789776872105,"pid":15891,"hostname":"Glebs-MacBook-Pro.local","reqId":"a630c7c2-78ca-4fba-b381-8cdceb6c6a0b","event":"request_completed","requestId":"a630c7c2-78ca-4fba-b381-8cdceb6c6a0b","method":"PATCH","route":"/api/v1/me/onboarding","statusCode":200,"latencyMs":12.671,"msg":"request completed"}
{"level":30,"time":1789776872374,"pid":15891,"hostname":"Glebs-MacBook-Pro.local","reqId":"df7c0d97-b1bf-4f7e-949e-ed617e9a10df","event":"request_completed","requestId":"df7c0d97-b1bf-4f7e-949e-ed617e9a10df","method":"GET","route":"/api/v1/auth/me","statusCode":401,"latencyMs":0.131,"msg":"request completed"}
  ✘  50 [chromium-mobile-390] › tests/e2e/wave-d-tournaments.spec.ts:19:7 › Wave D tournament double_elimination/5 roster, seed edit, complete and results (574ms)
(node:16271) Warning: The 'NO_COLOR' env is ignored due to the 'FORCE_COLOR' env being set.
(Use `node --trace-warnings ...` to show where the warning was created)
{"level":30,"time":1789776873017,"pid":15891,"hostname":"Glebs-MacBook-Pro.local","reqId":"cce33fc4-51ec-4d5c-86ce-34ba094888c9","event":"request_completed","requestId":"cce33fc4-51ec-4d5c-86ce-34ba094888c9","method":"GET","route":"/health","statusCode":200,"latencyMs":0.163,"msg":"request completed"}
{"level":30,"time":1789776873053,"pid":15891,"hostname":"Glebs-MacBook-Pro.local","reqId":"48968439-b817-4ba8-af0e-48365223abb1","event":"request_completed","requestId":"48968439-b817-4ba8-af0e-48365223abb1","method":"POST","route":"/api/v1/auth/login","statusCode":200,"latencyMs":28.976,"msg":"request completed"}
{"level":30,"time":1789776873071,"pid":15891,"hostname":"Glebs-MacBook-Pro.local","reqId":"1159cf23-c63a-4c82-a0f1-0d8439504dd3","event":"request_completed","requestId":"1159cf23-c63a-4c82-a0f1-0d8439504dd3","method":"PATCH","route":"/api/v1/me/onboarding","statusCode":200,"latencyMs":13.068,"msg":"request completed"}
{"level":30,"time":1789776873338,"pid":15891,"hostname":"Glebs-MacBook-Pro.local","reqId":"925e5f91-4501-4826-a60c-21d38cc05998","event":"request_completed","requestId":"925e5f91-4501-4826-a60c-21d38cc05998","method":"GET","route":"/api/v1/auth/me","statusCode":401,"latencyMs":0.113,"msg":"request completed"}
  ✘  51 [chromium-mobile-390] › tests/e2e/wave-d-tournaments.spec.ts:19:7 › Wave D tournament double_elimination/8 roster, seed edit, complete and results (580ms)
(node:16277) Warning: The 'NO_COLOR' env is ignored due to the 'FORCE_COLOR' env being set.
(Use `node --trace-warnings ...` to show where the warning was created)
{"level":30,"time":1789776873996,"pid":15891,"hostname":"Glebs-MacBook-Pro.local","reqId":"0757871b-9ac8-48dc-863e-ef36a585a679","event":"request_completed","requestId":"0757871b-9ac8-48dc-863e-ef36a585a679","method":"GET","route":"/health","statusCode":200,"latencyMs":0.163,"msg":"request completed"}
{"level":30,"time":1789776874032,"pid":15891,"hostname":"Glebs-MacBook-Pro.local","reqId":"47f57ba4-36ab-4018-89c5-6c26177367ec","event":"request_completed","requestId":"47f57ba4-36ab-4018-89c5-6c26177367ec","method":"POST","route":"/api/v1/auth/login","statusCode":200,"latencyMs":28.832,"msg":"request completed"}
{"level":30,"time":1789776874058,"pid":15891,"hostname":"Glebs-MacBook-Pro.local","reqId":"f28c8f6e-8a61-4590-bd94-e8317149834f","event":"request_completed","requestId":"f28c8f6e-8a61-4590-bd94-e8317149834f","method":"PATCH","route":"/api/v1/me/onboarding","statusCode":200,"latencyMs":21.22,"msg":"request completed"}
{"level":30,"time":1789776874325,"pid":15891,"hostname":"Glebs-MacBook-Pro.local","reqId":"a8014e83-b896-4edc-a04c-fda5037c73d2","event":"request_completed","requestId":"a8014e83-b896-4edc-a04c-fda5037c73d2","method":"GET","route":"/api/v1/auth/me","statusCode":401,"latencyMs":0.119,"msg":"request completed"}
  ✘  52 [chromium-mobile-390] › tests/e2e/wave-d-tournaments.spec.ts:103:5 › Wave D tournament invalidation, dissolve, cancel and reasoned stop (578ms)
(node:16283) Warning: The 'NO_COLOR' env is ignored due to the 'FORCE_COLOR' env being set.
(Use `node --trace-warnings ...` to show where the warning was created)
{"level":30,"time":1789776874968,"pid":15891,"hostname":"Glebs-MacBook-Pro.local","reqId":"94447312-6756-4fd7-a12a-5ae71b871a8d","event":"request_completed","requestId":"94447312-6756-4fd7-a12a-5ae71b871a8d","method":"GET","route":"/health","statusCode":200,"latencyMs":0.143,"msg":"request completed"}
{"level":30,"time":1789776875013,"pid":15891,"hostname":"Glebs-MacBook-Pro.local","reqId":"d1048f28-dbab-4067-b367-c452fcb11c6e","event":"request_completed","requestId":"d1048f28-dbab-4067-b367-c452fcb11c6e","method":"POST","route":"/api/v1/auth/login","statusCode":200,"latencyMs":37.798,"msg":"request completed"}
{"level":30,"time":1789776875036,"pid":15891,"hostname":"Glebs-MacBook-Pro.local","reqId":"cde7a7fa-bf63-4c53-a6b5-4cc6bbd0c16a","event":"request_completed","requestId":"cde7a7fa-bf63-4c53-a6b5-4cc6bbd0c16a","method":"PATCH","route":"/api/v1/me/onboarding","statusCode":200,"latencyMs":18.078,"msg":"request completed"}
{"level":30,"time":1789776875343,"pid":15891,"hostname":"Glebs-MacBook-Pro.local","reqId":"878922df-cec7-4fa1-8799-ba1280b6b577","event":"request_completed","requestId":"878922df-cec7-4fa1-8799-ba1280b6b577","method":"GET","route":"/api/v1/auth/me","statusCode":401,"latencyMs":0.13,"msg":"request completed"}
{"level":30,"time":1789776875532,"pid":15891,"hostname":"Glebs-MacBook-Pro.local","reqId":"fae86a79-acce-4ee2-8813-c1f7d8460923","event":"request_completed","requestId":"fae86a79-acce-4ee2-8813-c1f7d8460923","method":"POST","route":"/api/v1/auth/login","statusCode":200,"latencyMs":38.749,"msg":"request completed"}
{"level":30,"time":1789776875554,"pid":15891,"hostname":"Glebs-MacBook-Pro.local","reqId":"60d52443-255a-4dfc-8e8b-e0cf9391a68b","event":"request_completed","requestId":"60d52443-255a-4dfc-8e8b-e0cf9391a68b","method":"GET","route":"/api/v1/auth/me","statusCode":200,"latencyMs":19.258,"msg":"request completed"}
{"level":30,"time":1789776875571,"pid":15891,"hostname":"Glebs-MacBook-Pro.local","reqId":"ba58ef14-b98d-49b1-91f3-772e1276ec82","event":"request_completed","requestId":"ba58ef14-b98d-49b1-91f3-772e1276ec82","method":"GET","route":"/api/v1/notifications","statusCode":200,"latencyMs":34.846,"msg":"request completed"}
{"level":30,"time":1789776875605,"pid":15891,"hostname":"Glebs-MacBook-Pro.local","reqId":"e87d228f-941a-4bb1-8b78-605d23564783","event":"request_completed","requestId":"e87d228f-941a-4bb1-8b78-605d23564783","method":"GET","route":"/api/v1/auth/me","statusCode":200,"latencyMs":3.914,"msg":"request completed"}
{"level":30,"time":1789776875611,"pid":15891,"hostname":"Glebs-MacBook-Pro.local","reqId":"69e7b73a-e261-4ef7-9849-c8fd946c0520","event":"request_completed","requestId":"69e7b73a-e261-4ef7-9849-c8fd946c0520","method":"GET","route":"/api/v1/home","statusCode":200,"latencyMs":71.124,"msg":"request completed"}
{"level":30,"time":1789776875625,"pid":15891,"hostname":"Glebs-MacBook-Pro.local","reqId":"09f9b174-9314-4fe6-962e-7e6f095e3bba","event":"request_completed","requestId":"09f9b174-9314-4fe6-962e-7e6f095e3bba","method":"GET","route":"/api/v1/admin/users","statusCode":200,"latencyMs":7.281,"msg":"request completed"}
{"level":30,"time":1789776875632,"pid":15891,"hostname":"Glebs-MacBook-Pro.local","reqId":"679dca70-d395-4689-9baa-910a6ff4cac4","event":"request_completed","requestId":"679dca70-d395-4689-9baa-910a6ff4cac4","method":"GET","route":"/api/v1/notifications","statusCode":200,"latencyMs":13.77,"msg":"request completed"}
{"level":30,"time":1789776875710,"pid":15891,"hostname":"Glebs-MacBook-Pro.local","reqId":"117e261e-0dba-4123-b1fb-487ebc4bd088","event":"request_completed","requestId":"117e261e-0dba-4123-b1fb-487ebc4bd088","method":"POST","route":"/api/v1/admin/users","statusCode":200,"latencyMs":34.838,"msg":"request completed"}
{"level":30,"time":1789776875723,"pid":15891,"hostname":"Glebs-MacBook-Pro.local","reqId":"f60f4343-93a3-4500-9f06-499a5429492e","event":"request_completed","requestId":"f60f4343-93a3-4500-9f06-499a5429492e","method":"GET","route":"/api/v1/admin/users","statusCode":200,"latencyMs":11.028,"msg":"request completed"}
{"level":30,"time":1789776875832,"pid":15891,"hostname":"Glebs-MacBook-Pro.local","reqId":"085692e7-929e-4375-ac01-7177f9bd58f5","event":"request_completed","requestId":"085692e7-929e-4375-ac01-7177f9bd58f5","method":"GET","route":"/api/v1/admin/users","statusCode":200,"latencyMs":6.208,"msg":"request completed"}
{"level":30,"time":1789776876162,"pid":15891,"hostname":"Glebs-MacBook-Pro.local","reqId":"e0e1279a-c3a2-4ae7-b424-899401b15e0a","event":"request_completed","requestId":"e0e1279a-c3a2-4ae7-b424-899401b15e0a","method":"GET","route":"/api/v1/auth/me","statusCode":401,"latencyMs":0.181,"msg":"request completed"}
{"level":30,"time":1789776876340,"pid":15891,"hostname":"Glebs-MacBook-Pro.local","reqId":"8e303019-4bef-4a13-87a5-17aeb9a1779a","event":"request_completed","requestId":"8e303019-4bef-4a13-87a5-17aeb9a1779a","method":"POST","route":"/api/v1/auth/login","statusCode":200,"latencyMs":36.818,"msg":"request completed"}
{"level":30,"time":1789776876483,"pid":15891,"hostname":"Glebs-MacBook-Pro.local","reqId":"c26c2ecc-587a-4f67-ab89-916c58671142","event":"request_completed","requestId":"c26c2ecc-587a-4f67-ab89-916c58671142","method":"POST","route":"/api/v1/auth/password/first-change","statusCode":200,"latencyMs":47.921,"msg":"request completed"}
{"level":30,"time":1789776876498,"pid":15891,"hostname":"Glebs-MacBook-Pro.local","reqId":"8ac473b8-58bd-447b-852c-622900becbc5","event":"request_completed","requestId":"8ac473b8-58bd-447b-852c-622900becbc5","method":"GET","route":"/api/v1/auth/me","statusCode":200,"latencyMs":12.352,"msg":"request completed"}
{"level":30,"time":1789776876566,"pid":15891,"hostname":"Glebs-MacBook-Pro.local","reqId":"9775c524-6a66-496c-a49a-a82094f16188","event":"request_completed","requestId":"9775c524-6a66-496c-a49a-a82094f16188","method":"PATCH","route":"/api/v1/me/onboarding","statusCode":200,"latencyMs":15.02,"msg":"request completed"}
{"level":30,"time":1789776876601,"pid":15891,"hostname":"Glebs-MacBook-Pro.local","reqId":"9e517780-31b2-4492-bf14-a029c5b6c154","event":"request_completed","requestId":"9e517780-31b2-4492-bf14-a029c5b6c154","method":"GET","route":"/api/v1/admin/users","statusCode":403,"latencyMs":21.559,"msg":"request completed"}
{"level":30,"time":1789776876608,"pid":15891,"hostname":"Glebs-MacBook-Pro.local","reqId":"f74a45f2-ba2e-4e8e-98a6-45030adb690e","event":"request_completed","requestId":"f74a45f2-ba2e-4e8e-98a6-45030adb690e","method":"GET","route":"/api/v1/notifications","statusCode":200,"latencyMs":35.029,"msg":"request completed"}
{"level":30,"time":1789776876620,"pid":15891,"hostname":"Glebs-MacBook-Pro.local","reqId":"46e58599-56a8-46ae-b77b-5e397f67641a","event":"request_completed","requestId":"46e58599-56a8-46ae-b77b-5e397f67641a","method":"GET","route":"/api/v1/home","statusCode":200,"latencyMs":46.768,"msg":"request completed"}
{"level":30,"time":1789776876715,"pid":15891,"hostname":"Glebs-MacBook-Pro.local","reqId":"d2f21624-0991-4f59-b8e8-3e79945b72b6","event":"request_completed","requestId":"d2f21624-0991-4f59-b8e8-3e79945b72b6","method":"PATCH","route":"/api/v1/admin/users/:userId","statusCode":200,"latencyMs":25.453,"msg":"request completed"}
{"level":30,"time":1789776876732,"pid":15891,"hostname":"Glebs-MacBook-Pro.local","reqId":"b1f8b21d-f379-4922-8283-84e82ebd62e6","event":"request_completed","requestId":"b1f8b21d-f379-4922-8283-84e82ebd62e6","method":"GET","route":"/api/v1/admin/users","statusCode":200,"latencyMs":14.464,"msg":"request completed"}
{"level":30,"time":1789776876783,"pid":15891,"hostname":"Glebs-MacBook-Pro.local","reqId":"f8af6f22-87d2-46aa-92a1-0ef28d8b0c75","event":"request_completed","requestId":"f8af6f22-87d2-46aa-92a1-0ef28d8b0c75","method":"GET","route":"/api/v1/admin/users","statusCode":200,"latencyMs":10.678,"msg":"request completed"}
{"level":30,"time":1789776876798,"pid":15891,"hostname":"Glebs-MacBook-Pro.local","reqId":"4f1d72c1-a797-4439-97d3-e8853b030ce7","event":"request_completed","requestId":"4f1d72c1-a797-4439-97d3-e8853b030ce7","method":"GET","route":"/api/v1/auth/me","statusCode":200,"latencyMs":11.159,"msg":"request completed"}
{"level":30,"time":1789776876888,"pid":15891,"hostname":"Glebs-MacBook-Pro.local","reqId":"1c81deec-c80e-44ce-9bd8-ce8476050707","event":"request_completed","requestId":"1c81deec-c80e-44ce-9bd8-ce8476050707","method":"PATCH","route":"/api/v1/admin/users/:userId","statusCode":200,"latencyMs":31.459,"msg":"request completed"}
{"level":30,"time":1789776876901,"pid":15891,"hostname":"Glebs-MacBook-Pro.local","reqId":"fe782a4d-5ddc-45cc-a63b-5aca3197f75e","event":"request_completed","requestId":"fe782a4d-5ddc-45cc-a63b-5aca3197f75e","method":"GET","route":"/api/v1/admin/users","statusCode":200,"latencyMs":11.166,"msg":"request completed"}
{"level":30,"time":1789776876957,"pid":15891,"hostname":"Glebs-MacBook-Pro.local","reqId":"14a656a5-c5a9-4615-b797-6c7c34147d70","event":"request_completed","requestId":"14a656a5-c5a9-4615-b797-6c7c34147d70","method":"GET","route":"/api/v1/auth/me","statusCode":401,"latencyMs":6.961,"msg":"request completed"}
{"level":30,"time":1789776877055,"pid":15891,"hostname":"Glebs-MacBook-Pro.local","reqId":"19ae53ea-629d-47b7-976c-79d255877e11","event":"request_completed","requestId":"19ae53ea-629d-47b7-976c-79d255877e11","method":"PATCH","route":"/api/v1/admin/users/:userId","statusCode":200,"latencyMs":32.941,"msg":"request completed"}
{"level":30,"time":1789776877067,"pid":15891,"hostname":"Glebs-MacBook-Pro.local","reqId":"6b9e56ed-fceb-46bf-8477-0c1168041e0a","event":"request_completed","requestId":"6b9e56ed-fceb-46bf-8477-0c1168041e0a","method":"GET","route":"/api/v1/admin/users","statusCode":200,"latencyMs":10.282,"msg":"request completed"}
{"level":30,"time":1789776877153,"pid":15891,"hostname":"Glebs-MacBook-Pro.local","reqId":"c5579536-a83f-4d41-a93d-d25b9829d675","event":"request_completed","requestId":"c5579536-a83f-4d41-a93d-d25b9829d675","method":"POST","route":"/api/v1/admin/users/:userId/block","statusCode":200,"latencyMs":30.667,"msg":"request completed"}
{"level":30,"time":1789776877165,"pid":15891,"hostname":"Glebs-MacBook-Pro.local","reqId":"e03d4724-5065-4d40-9c71-515fe06d0d3d","event":"request_completed","requestId":"e03d4724-5065-4d40-9c71-515fe06d0d3d","method":"GET","route":"/api/v1/admin/users","statusCode":200,"latencyMs":10.629,"msg":"request completed"}
{"level":30,"time":1789776877223,"pid":15891,"hostname":"Glebs-MacBook-Pro.local","reqId":"fca4c434-e192-4fa2-a1f2-e4e28215f51d","event":"request_completed","requestId":"fca4c434-e192-4fa2-a1f2-e4e28215f51d","method":"GET","route":"/api/v1/admin/users","statusCode":200,"latencyMs":11.33,"msg":"request completed"}
{"level":30,"time":1789776877295,"pid":15891,"hostname":"Glebs-MacBook-Pro.local","reqId":"19de02bd-6e23-430b-8e49-6097df885771","event":"request_completed","requestId":"19de02bd-6e23-430b-8e49-6097df885771","method":"POST","route":"/api/v1/admin/users/:userId/unblock","statusCode":200,"latencyMs":22.968,"msg":"request completed"}
{"level":30,"time":1789776877310,"pid":15891,"hostname":"Glebs-MacBook-Pro.local","reqId":"777fb48b-b993-4d5b-90d2-c951e72f9f02","event":"request_completed","requestId":"777fb48b-b993-4d5b-90d2-c951e72f9f02","method":"GET","route":"/api/v1/admin/users","statusCode":200,"latencyMs":13.176,"msg":"request completed"}
{"level":30,"time":1789776877371,"pid":15891,"hostname":"Glebs-MacBook-Pro.local","reqId":"9aa5ea6e-bc5e-4d89-b6af-4724e82289d9","event":"request_completed","requestId":"9aa5ea6e-bc5e-4d89-b6af-4724e82289d9","method":"GET","route":"/api/v1/admin/users","statusCode":200,"latencyMs":10.49,"msg":"request completed"}
{"level":30,"time":1789776877394,"pid":15891,"hostname":"Glebs-MacBook-Pro.local","reqId":"9b613d7e-89c9-4deb-91fb-e399bd429235","event":"request_completed","requestId":"9b613d7e-89c9-4deb-91fb-e399bd429235","method":"GET","route":"/api/v1/auth/me","statusCode":401,"latencyMs":3.807,"msg":"request completed"}
  ✓  53 [chromium-mobile-390] › tests/e2e/wave-e-admin.spec.ts:10:5 › Wave E ADM catalog, first login, profile, role and block lifecycle (2.6s)
{"level":30,"time":1789776877618,"pid":15891,"hostname":"Glebs-MacBook-Pro.local","reqId":"a1d0d5c6-7b56-44e3-a406-88bd72d90ca8","event":"request_completed","requestId":"a1d0d5c6-7b56-44e3-a406-88bd72d90ca8","method":"GET","route":"/health","statusCode":200,"latencyMs":0.143,"msg":"request completed"}
{"level":30,"time":1789776877654,"pid":15891,"hostname":"Glebs-MacBook-Pro.local","reqId":"1169855d-52ea-4609-a87c-036ef96f78ef","event":"request_completed","requestId":"1169855d-52ea-4609-a87c-036ef96f78ef","method":"POST","route":"/api/v1/auth/login","statusCode":200,"latencyMs":28.092,"msg":"request completed"}
{"level":30,"time":1789776877676,"pid":15891,"hostname":"Glebs-MacBook-Pro.local","reqId":"dd81f61d-0d2e-4596-a64c-73f288bb05ce","event":"request_completed","requestId":"dd81f61d-0d2e-4596-a64c-73f288bb05ce","method":"PATCH","route":"/api/v1/me/onboarding","statusCode":200,"latencyMs":18.92,"msg":"request completed"}
{"level":30,"time":1789776877714,"pid":15891,"hostname":"Glebs-MacBook-Pro.local","reqId":"85664533-449d-4126-8962-0ab71bf6cb8a","event":"request_completed","requestId":"85664533-449d-4126-8962-0ab71bf6cb8a","method":"POST","route":"/api/v1/admin/users","statusCode":200,"latencyMs":33.564,"msg":"request completed"}
{"level":30,"time":1789776877743,"pid":15891,"hostname":"Glebs-MacBook-Pro.local","reqId":"2ef70c5b-3437-491c-8eb7-948eb998e6f2","event":"request_completed","requestId":"2ef70c5b-3437-491c-8eb7-948eb998e6f2","method":"POST","route":"/api/v1/auth/login","statusCode":200,"latencyMs":24.139,"msg":"request completed"}
{"level":30,"time":1789776877774,"pid":15891,"hostname":"Glebs-MacBook-Pro.local","reqId":"f8918be1-56d3-4735-a12b-9634174f7d81","event":"request_completed","requestId":"f8918be1-56d3-4735-a12b-9634174f7d81","method":"POST","route":"/api/v1/auth/password/first-change","statusCode":200,"latencyMs":27.196,"msg":"request completed"}
{"level":30,"time":1789776877783,"pid":15891,"hostname":"Glebs-MacBook-Pro.local","reqId":"86474190-91dc-44be-9678-62917dc3d108","event":"request_completed","requestId":"86474190-91dc-44be-9678-62917dc3d108","method":"PATCH","route":"/api/v1/me/onboarding","statusCode":200,"latencyMs":4.294,"msg":"request completed"}
{"level":30,"time":1789776877811,"pid":15891,"hostname":"Glebs-MacBook-Pro.local","reqId":"4cc31ab0-af08-4c8a-81de-ad6956759a49","event":"request_completed","requestId":"4cc31ab0-af08-4c8a-81de-ad6956759a49","method":"POST","route":"/api/v1/admin/users","statusCode":200,"latencyMs":25.298,"msg":"request completed"}
{"level":30,"time":1789776877836,"pid":15891,"hostname":"Glebs-MacBook-Pro.local","reqId":"04a657cc-574a-4503-97a9-d6b3f6b78dad","event":"request_completed","requestId":"04a657cc-574a-4503-97a9-d6b3f6b78dad","method":"POST","route":"/api/v1/auth/login","statusCode":200,"latencyMs":20.497,"msg":"request completed"}
{"level":30,"time":1789776877864,"pid":15891,"hostname":"Glebs-MacBook-Pro.local","reqId":"061f8db0-5bc4-4ce2-bc42-1a9984d67952","event":"request_completed","requestId":"061f8db0-5bc4-4ce2-bc42-1a9984d67952","method":"POST","route":"/api/v1/auth/password/first-change","statusCode":200,"latencyMs":24.769,"msg":"request completed"}
{"level":30,"time":1789776877872,"pid":15891,"hostname":"Glebs-MacBook-Pro.local","reqId":"3750cdf1-05f9-4139-8061-b12a1ad40980","event":"request_completed","requestId":"3750cdf1-05f9-4139-8061-b12a1ad40980","method":"PATCH","route":"/api/v1/me/onboarding","statusCode":200,"latencyMs":5.036,"msg":"request completed"}
{"level":30,"time":1789776877903,"pid":15891,"hostname":"Glebs-MacBook-Pro.local","reqId":"49ace6a9-78f3-4376-ab6c-e93db16241d9","event":"request_completed","requestId":"49ace6a9-78f3-4376-ab6c-e93db16241d9","method":"POST","route":"/api/v1/admin/users","statusCode":200,"latencyMs":25.653,"msg":"request completed"}
{"level":30,"time":1789776877929,"pid":15891,"hostname":"Glebs-MacBook-Pro.local","reqId":"25a5c12c-112e-48d8-b7aa-41d00b6400ff","event":"request_completed","requestId":"25a5c12c-112e-48d8-b7aa-41d00b6400ff","method":"POST","route":"/api/v1/auth/login","statusCode":200,"latencyMs":21.159,"msg":"request completed"}
{"level":30,"time":1789776877959,"pid":15891,"hostname":"Glebs-MacBook-Pro.local","reqId":"51acec02-e853-49e8-9b51-d002314b74b4","event":"request_completed","requestId":"51acec02-e853-49e8-9b51-d002314b74b4","method":"POST","route":"/api/v1/auth/password/first-change","statusCode":200,"latencyMs":25.45,"msg":"request completed"}
{"level":30,"time":1789776877967,"pid":15891,"hostname":"Glebs-MacBook-Pro.local","reqId":"033009d3-aa7b-48d1-bc1e-52d995e74485","event":"request_completed","requestId":"033009d3-aa7b-48d1-bc1e-52d995e74485","method":"PATCH","route":"/api/v1/me/onboarding","statusCode":200,"latencyMs":4.42,"msg":"request completed"}
{"level":30,"time":1789776878232,"pid":15891,"hostname":"Glebs-MacBook-Pro.local","reqId":"68f923d5-5994-475b-9c21-436348e14a26","event":"request_completed","requestId":"68f923d5-5994-475b-9c21-436348e14a26","method":"GET","route":"/api/v1/auth/me","statusCode":401,"latencyMs":0.146,"msg":"request completed"}
{"level":30,"time":1789776878400,"pid":15891,"hostname":"Glebs-MacBook-Pro.local","reqId":"3c58be3f-fa2a-489f-ade7-400396edb142","event":"request_completed","requestId":"3c58be3f-fa2a-489f-ade7-400396edb142","method":"POST","route":"/api/v1/auth/login","statusCode":200,"latencyMs":32.132,"msg":"request completed"}
{"level":30,"time":1789776878413,"pid":15891,"hostname":"Glebs-MacBook-Pro.local","reqId":"60ff4b27-1da3-41ed-aa48-8c3df9d458e0","event":"request_completed","requestId":"60ff4b27-1da3-41ed-aa48-8c3df9d458e0","method":"GET","route":"/api/v1/auth/me","statusCode":200,"latencyMs":11.522,"msg":"request completed"}
{"level":30,"time":1789776878452,"pid":15891,"hostname":"Glebs-MacBook-Pro.local","reqId":"e01f3a0b-e124-4d60-be6a-e7524a949a29","event":"request_completed","requestId":"e01f3a0b-e124-4d60-be6a-e7524a949a29","method":"GET","route":"/api/v1/notifications","statusCode":200,"latencyMs":48.869,"msg":"request completed"}
{"level":30,"time":1789776878477,"pid":15891,"hostname":"Glebs-MacBook-Pro.local","reqId":"936be183-9da1-46fe-a6e3-e821d8259ed7","event":"request_completed","requestId":"936be183-9da1-46fe-a6e3-e821d8259ed7","method":"GET","route":"/api/v1/auth/me","statusCode":200,"latencyMs":4.359,"msg":"request completed"}
{"level":30,"time":1789776878481,"pid":15891,"hostname":"Glebs-MacBook-Pro.local","reqId":"89764e59-f69c-4939-bd61-665219d5dba3","event":"request_completed","requestId":"89764e59-f69c-4939-bd61-665219d5dba3","method":"GET","route":"/api/v1/home","statusCode":200,"latencyMs":75.432,"msg":"request completed"}
{"level":30,"time":1789776878501,"pid":15891,"hostname":"Glebs-MacBook-Pro.local","reqId":"a41ba40a-9373-4838-bf20-ed7c501829fe","event":"request_completed","requestId":"a41ba40a-9373-4838-bf20-ed7c501829fe","method":"GET","route":"/api/v1/matches/create-options","statusCode":200,"latencyMs":12.734,"msg":"request completed"}
{"level":30,"time":1789776878506,"pid":15891,"hostname":"Glebs-MacBook-Pro.local","reqId":"0e4dcf49-56db-4ba6-97ec-03357851d917","event":"request_completed","requestId":"0e4dcf49-56db-4ba6-97ec-03357851d917","method":"GET","route":"/api/v1/notifications","statusCode":200,"latencyMs":17.568,"msg":"request completed"}
{"level":30,"time":1789776878657,"pid":15891,"hostname":"Glebs-MacBook-Pro.local","reqId":"9c439bb0-f52e-4382-a8d4-d883d2cdbdaf","event":"request_completed","requestId":"9c439bb0-f52e-4382-a8d4-d883d2cdbdaf","method":"POST","route":"/api/v1/matches","statusCode":200,"latencyMs":43.596,"msg":"request completed"}
{"level":30,"time":1789776878685,"pid":15891,"hostname":"Glebs-MacBook-Pro.local","reqId":"633295d1-d4e8-4104-aeed-186aecba846b","event":"request_completed","requestId":"633295d1-d4e8-4104-aeed-186aecba846b","method":"GET","route":"/api/v1/matches/:matchId","statusCode":200,"latencyMs":24.007,"msg":"request completed"}
{"level":30,"time":1789776878726,"pid":15891,"hostname":"Glebs-MacBook-Pro.local","reqId":"83494029-3a18-46d1-b0e3-fed3b8b455d7","event":"request_completed","requestId":"83494029-3a18-46d1-b0e3-fed3b8b455d7","method":"GET","route":"/api/v1/matches/:matchId","statusCode":200,"latencyMs":25.327,"msg":"request completed"}
{"level":30,"time":1789776878752,"pid":15891,"hostname":"Glebs-MacBook-Pro.local","reqId":"af17f86d-2cb0-43f6-8bc3-4a16efc472ca","event":"request_completed","requestId":"af17f86d-2cb0-43f6-8bc3-4a16efc472ca","method":"POST","route":"/api/v1/matches/:matchId/invitations","statusCode":200,"latencyMs":21.487,"msg":"request completed"}
{"level":30,"time":1789776878802,"pid":15891,"hostname":"Glebs-MacBook-Pro.local","reqId":"4b97d6ca-f902-4e73-8ded-b10cdab372b8","event":"request_completed","requestId":"4b97d6ca-f902-4e73-8ded-b10cdab372b8","method":"GET","route":"/api/v1/matches/create-options","statusCode":200,"latencyMs":20.73,"msg":"request completed"}
{"level":30,"time":1789776878913,"pid":15891,"hostname":"Glebs-MacBook-Pro.local","reqId":"b5e3a34e-c8ba-4aee-b945-15453791ac00","event":"request_completed","requestId":"b5e3a34e-c8ba-4aee-b945-15453791ac00","method":"PATCH","route":"/api/v1/matches/:matchId","statusCode":200,"latencyMs":68.144,"msg":"request completed"}
{"level":30,"time":1789776878955,"pid":15891,"hostname":"Glebs-MacBook-Pro.local","reqId":"e8da22c1-aacc-4ecd-b67b-5b17ca84a58e","event":"request_completed","requestId":"e8da22c1-aacc-4ecd-b67b-5b17ca84a58e","method":"GET","route":"/api/v1/matches/:matchId","statusCode":200,"latencyMs":28.254,"msg":"request completed"}
{"level":30,"time":1789776879124,"pid":15891,"hostname":"Glebs-MacBook-Pro.local","reqId":"68812db4-a5db-4913-a090-db1f6863749b","event":"request_completed","requestId":"68812db4-a5db-4913-a090-db1f6863749b","method":"POST","route":"/api/v1/matches/:matchId/start","statusCode":200,"latencyMs":62.623,"msg":"request completed"}
{"level":30,"time":1789776879174,"pid":15891,"hostname":"Glebs-MacBook-Pro.local","reqId":"a75daa86-7613-4a58-812a-3edf4fc3f05a","event":"request_completed","requestId":"a75daa86-7613-4a58-812a-3edf4fc3f05a","method":"GET","route":"/api/v1/matches/:matchId","statusCode":200,"latencyMs":24.939,"msg":"request completed"}
{"level":30,"time":1789776879189,"pid":15891,"hostname":"Glebs-MacBook-Pro.local","reqId":"c7e0f4dc-0251-4324-9ee7-fcef70929dcc","event":"request_completed","requestId":"c7e0f4dc-0251-4324-9ee7-fcef70929dcc","method":"GET","route":"/api/v1/notifications","statusCode":200,"latencyMs":10.894,"msg":"request completed"}
{"level":30,"time":1789776879265,"pid":15891,"hostname":"Glebs-MacBook-Pro.local","reqId":"5b1405d9-5b15-466c-a6fd-42d9b25d39d5","event":"request_completed","requestId":"5b1405d9-5b15-466c-a6fd-42d9b25d39d5","method":"GET","route":"/api/v1/matches/:matchId","statusCode":200,"latencyMs":25.398,"msg":"request completed"}
  ✓  54 [chromium-mobile-390] › tests/e2e/wave-e-user.spec.ts:95:5 › GAP-012 operator creates A-vs-B, edits it and starts without player consent (1.8s)
{"level":30,"time":1789776879376,"pid":15891,"hostname":"Glebs-MacBook-Pro.local","reqId":"662bfd06-01d4-4d15-b550-f403d1b98e90","event":"request_completed","requestId":"662bfd06-01d4-4d15-b550-f403d1b98e90","method":"GET","route":"/health","statusCode":200,"latencyMs":0.185,"msg":"request completed"}
{"level":30,"time":1789776879411,"pid":15891,"hostname":"Glebs-MacBook-Pro.local","reqId":"af17206a-ba7b-4c1c-9ea6-f956260718be","event":"request_completed","requestId":"af17206a-ba7b-4c1c-9ea6-f956260718be","method":"POST","route":"/api/v1/auth/login","statusCode":200,"latencyMs":31.523,"msg":"request completed"}
{"level":30,"time":1789776879427,"pid":15891,"hostname":"Glebs-MacBook-Pro.local","reqId":"160c3d65-fcc6-4448-8aab-3dd05de68cf8","event":"request_completed","requestId":"160c3d65-fcc6-4448-8aab-3dd05de68cf8","method":"PATCH","route":"/api/v1/me/onboarding","statusCode":200,"latencyMs":13.005,"msg":"request completed"}
{"level":30,"time":1789776879475,"pid":15891,"hostname":"Glebs-MacBook-Pro.local","reqId":"24faed61-d715-4f99-95f4-2d1e849814f7","event":"request_completed","requestId":"24faed61-d715-4f99-95f4-2d1e849814f7","method":"POST","route":"/api/v1/admin/users","statusCode":200,"latencyMs":44.173,"msg":"request completed"}
{"level":30,"time":1789776879741,"pid":15891,"hostname":"Glebs-MacBook-Pro.local","reqId":"b3167ddb-e819-4719-beec-6ef44897ca3b","event":"request_completed","requestId":"b3167ddb-e819-4719-beec-6ef44897ca3b","method":"GET","route":"/api/v1/auth/me","statusCode":401,"latencyMs":0.206,"msg":"request completed"}
{"level":30,"time":1789776879917,"pid":15891,"hostname":"Glebs-MacBook-Pro.local","reqId":"d3c842b3-a04f-4927-b535-42f3cafa387f","event":"request_completed","requestId":"d3c842b3-a04f-4927-b535-42f3cafa387f","method":"POST","route":"/api/v1/auth/login","statusCode":200,"latencyMs":26.137,"msg":"request completed"}
{"level":30,"time":1789776880014,"pid":15891,"hostname":"Glebs-MacBook-Pro.local","reqId":"43068cfa-e04a-463e-a948-eeffbe57342d","event":"request_completed","requestId":"43068cfa-e04a-463e-a948-eeffbe57342d","method":"POST","route":"/api/v1/auth/password/first-change","statusCode":200,"latencyMs":40.913,"msg":"request completed"}
{"level":30,"time":1789776880024,"pid":15891,"hostname":"Glebs-MacBook-Pro.local","reqId":"ed305937-ad11-4fa8-8923-290c65b82b20","event":"request_completed","requestId":"ed305937-ad11-4fa8-8923-290c65b82b20","method":"GET","route":"/api/v1/auth/me","statusCode":200,"latencyMs":8.136,"msg":"request completed"}
{"level":30,"time":1789776880100,"pid":15891,"hostname":"Glebs-MacBook-Pro.local","reqId":"e90421dc-a3ff-4869-a394-b813b83e137e","event":"request_completed","requestId":"e90421dc-a3ff-4869-a394-b813b83e137e","method":"PATCH","route":"/api/v1/me/onboarding","statusCode":200,"latencyMs":11.806,"msg":"request completed"}
{"level":30,"time":1789776880151,"pid":15891,"hostname":"Glebs-MacBook-Pro.local","reqId":"52db61ed-5fde-40f8-b316-fb4ba2d77939","event":"request_completed","requestId":"52db61ed-5fde-40f8-b316-fb4ba2d77939","method":"PATCH","route":"/api/v1/me/onboarding","statusCode":200,"latencyMs":12.665,"msg":"request completed"}
{"level":30,"time":1789776880201,"pid":15891,"hostname":"Glebs-MacBook-Pro.local","reqId":"106bca12-d945-4424-afde-99930d6e967f","event":"request_completed","requestId":"106bca12-d945-4424-afde-99930d6e967f","method":"PATCH","route":"/api/v1/me/onboarding","statusCode":200,"latencyMs":13.018,"msg":"request completed"}
{"level":30,"time":1789776880269,"pid":15891,"hostname":"Glebs-MacBook-Pro.local","reqId":"03b48d48-3234-4ef8-ba2a-b64c3dd03c5e","event":"request_completed","requestId":"03b48d48-3234-4ef8-ba2a-b64c3dd03c5e","method":"PATCH","route":"/api/v1/me/onboarding","statusCode":200,"latencyMs":13.638,"msg":"request completed"}
{"level":30,"time":1789776880315,"pid":15891,"hostname":"Glebs-MacBook-Pro.local","reqId":"0552310a-b1d9-4a78-8c36-7e276bc20c86","event":"request_completed","requestId":"0552310a-b1d9-4a78-8c36-7e276bc20c86","method":"GET","route":"/api/v1/auth/me","statusCode":200,"latencyMs":9.023,"msg":"request completed"}
{"level":30,"time":1789776880383,"pid":15891,"hostname":"Glebs-MacBook-Pro.local","reqId":"280dffce-9bdc-4962-85b6-58d34469de33","event":"request_completed","requestId":"280dffce-9bdc-4962-85b6-58d34469de33","method":"PATCH","route":"/api/v1/me/onboarding","statusCode":200,"latencyMs":21.768,"msg":"request completed"}
{"level":30,"time":1789776880442,"pid":15891,"hostname":"Glebs-MacBook-Pro.local","reqId":"0d945299-ba1c-4e33-ba85-da63999aa94d","event":"request_completed","requestId":"0d945299-ba1c-4e33-ba85-da63999aa94d","method":"PATCH","route":"/api/v1/me/onboarding","statusCode":200,"latencyMs":15.33,"msg":"request completed"}
{"level":30,"time":1789776880512,"pid":15891,"hostname":"Glebs-MacBook-Pro.local","reqId":"dbc42394-fcbc-4b02-899e-1b18a310638a","event":"request_completed","requestId":"dbc42394-fcbc-4b02-899e-1b18a310638a","method":"PATCH","route":"/api/v1/me/onboarding","statusCode":200,"latencyMs":17.877,"msg":"request completed"}
{"level":30,"time":1789776880559,"pid":15891,"hostname":"Glebs-MacBook-Pro.local","reqId":"5d935811-ef5f-45d7-860f-e39d3b18bb5a","event":"request_completed","requestId":"5d935811-ef5f-45d7-860f-e39d3b18bb5a","method":"POST","route":"/api/v1/matches/tutorial","statusCode":200,"latencyMs":44.471,"msg":"request completed"}
{"level":30,"time":1789776880582,"pid":15891,"hostname":"Glebs-MacBook-Pro.local","reqId":"04d47f85-fcdb-441d-827e-00047ec33cb8","event":"request_completed","requestId":"04d47f85-fcdb-441d-827e-00047ec33cb8","method":"GET","route":"/api/v1/matches/:matchId","statusCode":200,"latencyMs":18.89,"msg":"request completed"}
{"level":30,"time":1789776880608,"pid":15891,"hostname":"Glebs-MacBook-Pro.local","reqId":"c2760602-6f72-4af2-984f-db457b747a37","event":"request_completed","requestId":"c2760602-6f72-4af2-984f-db457b747a37","method":"POST","route":"/api/v1/matches/:matchId/judge/acquire","statusCode":200,"latencyMs":23.845,"msg":"request completed"}
{"level":30,"time":1789776880623,"pid":15891,"hostname":"Glebs-MacBook-Pro.local","reqId":"2ab4d119-f680-4484-9459-44bc64fdc480","event":"request_completed","requestId":"2ab4d119-f680-4484-9459-44bc64fdc480","method":"GET","route":"/api/v1/matches/:matchId","statusCode":200,"latencyMs":12.706,"msg":"request completed"}
{"level":30,"time":1789776880638,"pid":15891,"hostname":"Glebs-MacBook-Pro.local","reqId":"418fd5a4-e732-4aab-bf44-ef17fda93fe8","event":"request_completed","requestId":"418fd5a4-e732-4aab-bf44-ef17fda93fe8","method":"POST","route":"/api/v1/matches/:matchId/judge/heartbeat","statusCode":200,"latencyMs":9.263,"msg":"request completed"}
{"level":30,"time":1789776880657,"pid":15891,"hostname":"Glebs-MacBook-Pro.local","reqId":"c6c1de30-abc8-494e-9134-a1b7ca14d8f1","event":"request_completed","requestId":"c6c1de30-abc8-494e-9134-a1b7ca14d8f1","method":"GET","route":"/api/v1/matches/:matchId","statusCode":200,"latencyMs":16.89,"msg":"request completed"}
{"level":30,"time":1789776880698,"pid":15891,"hostname":"Glebs-MacBook-Pro.local","reqId":"e18edb5b-b663-4eb9-a36f-54cb19db15a8","event":"request_completed","requestId":"e18edb5b-b663-4eb9-a36f-54cb19db15a8","method":"POST","route":"/api/v1/matches/:matchId/judge/release","statusCode":200,"latencyMs":19.157,"msg":"request completed"}
{"level":30,"time":1789776880727,"pid":15891,"hostname":"Glebs-MacBook-Pro.local","reqId":"cd7204f7-8b94-45f2-b71f-5be96b5b28f3","event":"request_completed","requestId":"cd7204f7-8b94-45f2-b71f-5be96b5b28f3","method":"GET","route":"/api/v1/auth/me","statusCode":200,"latencyMs":14.352,"msg":"request completed"}
{"level":30,"time":1789776880757,"pid":15891,"hostname":"Glebs-MacBook-Pro.local","reqId":"8eebe8d4-007c-41b0-8797-f13797247952","event":"request_completed","requestId":"8eebe8d4-007c-41b0-8797-f13797247952","method":"PATCH","route":"/api/v1/me/onboarding","statusCode":200,"latencyMs":13.65,"msg":"request completed"}
{"level":30,"time":1789776880789,"pid":15891,"hostname":"Glebs-MacBook-Pro.local","reqId":"6e8d9380-54cc-457b-93ac-60141f4ee460","event":"request_completed","requestId":"6e8d9380-54cc-457b-93ac-60141f4ee460","method":"GET","route":"/api/v1/auth/me","statusCode":200,"latencyMs":7.632,"msg":"request completed"}
{"level":30,"time":1789776880792,"pid":15891,"hostname":"Glebs-MacBook-Pro.local","reqId":"5324b18b-317a-444c-b687-99d7a088ebce","event":"request_completed","requestId":"5324b18b-317a-444c-b687-99d7a088ebce","method":"GET","route":"/api/v1/notifications","statusCode":200,"latencyMs":28.978,"msg":"request completed"}
{"level":30,"time":1789776880807,"pid":15891,"hostname":"Glebs-MacBook-Pro.local","reqId":"227f54f2-be92-4f8f-b99b-f05c11736d78","event":"request_completed","requestId":"227f54f2-be92-4f8f-b99b-f05c11736d78","method":"GET","route":"/api/v1/auth/sessions","statusCode":200,"latencyMs":7.155,"msg":"request completed"}
{"level":30,"time":1789776880808,"pid":15891,"hostname":"Glebs-MacBook-Pro.local","reqId":"a74648a1-1f34-4a27-9f2b-395d6133df16","event":"request_completed","requestId":"a74648a1-1f34-4a27-9f2b-395d6133df16","method":"GET","route":"/api/v1/home","statusCode":200,"latencyMs":44.308,"msg":"request completed"}
{"level":30,"time":1789776880818,"pid":15891,"hostname":"Glebs-MacBook-Pro.local","reqId":"b99107fa-d502-41e8-a3e9-dfe8f67937c5","event":"request_completed","requestId":"b99107fa-d502-41e8-a3e9-dfe8f67937c5","method":"GET","route":"/api/v1/notifications","statusCode":200,"latencyMs":18.596,"msg":"request completed"}
{"level":30,"time":1789776880821,"pid":15891,"hostname":"Glebs-MacBook-Pro.local","reqId":"4a6eff8c-cd0a-49fa-9c3d-d9ec1164670a","event":"request_completed","requestId":"4a6eff8c-cd0a-49fa-9c3d-d9ec1164670a","method":"GET","route":"/api/v1/profile/me","statusCode":200,"latencyMs":21.822,"msg":"request completed"}
{"level":30,"time":1789776880832,"pid":15891,"hostname":"Glebs-MacBook-Pro.local","reqId":"938b4875-7eb0-4203-948c-166313b1847e","event":"request_completed","requestId":"938b4875-7eb0-4203-948c-166313b1847e","method":"GET","route":"/api/v1/home","statusCode":200,"latencyMs":31.633,"msg":"request completed"}
{"level":30,"time":1789776880912,"pid":15891,"hostname":"Glebs-MacBook-Pro.local","reqId":"62c45a14-295d-40a1-bda7-16808fc20871","event":"request_completed","requestId":"62c45a14-295d-40a1-bda7-16808fc20871","method":"PATCH","route":"/api/v1/me/onboarding","statusCode":200,"latencyMs":13.17,"msg":"request completed"}
{"level":30,"time":1789776880976,"pid":15891,"hostname":"Glebs-MacBook-Pro.local","reqId":"d772ebf9-65c6-42ca-be4b-976c3524cc8c","event":"request_completed","requestId":"d772ebf9-65c6-42ca-be4b-976c3524cc8c","method":"PATCH","route":"/api/v1/me/onboarding","statusCode":200,"latencyMs":12.831,"msg":"request completed"}
{"level":30,"time":1789776881022,"pid":15891,"hostname":"Glebs-MacBook-Pro.local","reqId":"30ff493c-93a5-4bb6-9308-98f3587c018c","event":"request_completed","requestId":"30ff493c-93a5-4bb6-9308-98f3587c018c","method":"GET","route":"/api/v1/auth/me","statusCode":200,"latencyMs":17.993,"msg":"request completed"}
{"level":30,"time":1789776881026,"pid":15891,"hostname":"Glebs-MacBook-Pro.local","reqId":"9650d20a-a333-4225-9516-d91fcd9f6592","event":"request_completed","requestId":"9650d20a-a333-4225-9516-d91fcd9f6592","method":"GET","route":"/api/v1/notifications","statusCode":200,"latencyMs":45.831,"msg":"request completed"}
{"level":30,"time":1789776881039,"pid":15891,"hostname":"Glebs-MacBook-Pro.local","reqId":"a9d88bf3-0238-4797-b2eb-ee6d93593832","event":"request_completed","requestId":"a9d88bf3-0238-4797-b2eb-ee6d93593832","method":"GET","route":"/api/v1/notifications","statusCode":200,"latencyMs":12.885,"msg":"request completed"}
{"level":30,"time":1789776881041,"pid":15891,"hostname":"Glebs-MacBook-Pro.local","reqId":"992270ec-ae6b-4f34-987a-0b391dd9b771","event":"request_completed","requestId":"992270ec-ae6b-4f34-987a-0b391dd9b771","method":"GET","route":"/api/v1/home","statusCode":200,"latencyMs":60.343,"msg":"request completed"}
{"level":30,"time":1789776881044,"pid":15891,"hostname":"Glebs-MacBook-Pro.local","reqId":"3eaba4ef-6935-4467-b7f9-b01da8f9af00","event":"request_completed","requestId":"3eaba4ef-6935-4467-b7f9-b01da8f9af00","method":"GET","route":"/api/v1/faq","statusCode":200,"latencyMs":17.991,"msg":"request completed"}
{"level":30,"time":1789776881169,"pid":15891,"hostname":"Glebs-MacBook-Pro.local","reqId":"2a070eda-ba06-43d6-b608-0be5e0f4abcb","event":"request_completed","requestId":"2a070eda-ba06-43d6-b608-0be5e0f4abcb","method":"POST","route":"/api/v1/feedback","statusCode":200,"latencyMs":16.153,"msg":"request completed"}
  ✓  55 [chromium-mobile-390] › tests/e2e/wave-e-user.spec.ts:182:5 › Wave E onboarding resume, tutorial return, restart and Help feedback (2.0s)
{"level":30,"time":1789776881745,"pid":15891,"hostname":"Glebs-MacBook-Pro.local","reqId":"f53e4f6f-939b-406c-9e99-3f1bf7de2530","event":"request_completed","requestId":"f53e4f6f-939b-406c-9e99-3f1bf7de2530","method":"GET","route":"/api/v1/auth/me","statusCode":401,"latencyMs":0.127,"msg":"request completed"}
{"level":30,"time":1789776881811,"pid":15891,"hostname":"Glebs-MacBook-Pro.local","reqId":"d06e2f26-b85a-4cf2-8f4c-211f533d4325","event":"request_completed","requestId":"d06e2f26-b85a-4cf2-8f4c-211f533d4325","method":"GET","route":"/api/v1/auth/me","statusCode":401,"latencyMs":0.127,"msg":"request completed"}
{"level":30,"time":1789776882208,"pid":15891,"hostname":"Glebs-MacBook-Pro.local","reqId":"57788a94-de3f-41ff-911e-c3fdfafc7912","event":"request_completed","requestId":"57788a94-de3f-41ff-911e-c3fdfafc7912","method":"GET","route":"/api/v1/auth/me","statusCode":401,"latencyMs":0.143,"msg":"request completed"}
{"level":30,"time":1789776882534,"pid":15891,"hostname":"Glebs-MacBook-Pro.local","reqId":"9d0f7050-b7fc-4e28-8fa8-42620d4309af","event":"request_completed","requestId":"9d0f7050-b7fc-4e28-8fa8-42620d4309af","method":"GET","route":"/api/v1/auth/me","statusCode":401,"latencyMs":0.116,"msg":"request completed"}
{"level":30,"time":1789776882970,"pid":15891,"hostname":"Glebs-MacBook-Pro.local","reqId":"aadcd97d-feef-4cba-9634-fa64b2ef8613","event":"request_completed","requestId":"aadcd97d-feef-4cba-9634-fa64b2ef8613","method":"GET","route":"/api/v1/auth/me","statusCode":401,"latencyMs":0.116,"msg":"request completed"}
{"level":30,"time":1789776883371,"pid":15891,"hostname":"Glebs-MacBook-Pro.local","reqId":"75189f7c-b30e-47f7-a7fb-a2465e4cf585","event":"request_completed","requestId":"75189f7c-b30e-47f7-a7fb-a2465e4cf585","method":"GET","route":"/api/v1/auth/me","statusCode":401,"latencyMs":0.141,"msg":"request completed"}
{"level":30,"time":1789776883702,"pid":15891,"hostname":"Glebs-MacBook-Pro.local","reqId":"e904ef84-59d0-4fe0-82ca-1b69527daf56","event":"request_completed","requestId":"e904ef84-59d0-4fe0-82ca-1b69527daf56","method":"GET","route":"/api/v1/auth/me","statusCode":401,"latencyMs":0.11,"msg":"request completed"}
{"level":30,"time":1789776883743,"pid":15891,"hostname":"Glebs-MacBook-Pro.local","reqId":"fb691850-5927-46c0-aa14-bb73e919eb6c","event":"request_completed","requestId":"fb691850-5927-46c0-aa14-bb73e919eb6c","method":"GET","route":"/health","statusCode":200,"latencyMs":0.116,"msg":"request completed"}
{"level":30,"time":1789776883773,"pid":15891,"hostname":"Glebs-MacBook-Pro.local","reqId":"1a31ea73-c919-42aa-a46a-4127d9398aec","event":"request_completed","requestId":"1a31ea73-c919-42aa-a46a-4127d9398aec","method":"POST","route":"/api/v1/auth/login","statusCode":200,"latencyMs":27.233,"msg":"request completed"}
{"level":30,"time":1789776883789,"pid":15891,"hostname":"Glebs-MacBook-Pro.local","reqId":"2ae52b9a-d4af-427e-9a89-7917c8d8b3e7","event":"request_completed","requestId":"2ae52b9a-d4af-427e-9a89-7917c8d8b3e7","method":"PATCH","route":"/api/v1/me/onboarding","statusCode":200,"latencyMs":11.417,"msg":"request completed"}
{"level":30,"time":1789776883832,"pid":15891,"hostname":"Glebs-MacBook-Pro.local","reqId":"7bdd0d6e-936b-475c-8c26-87ece4691838","event":"request_completed","requestId":"7bdd0d6e-936b-475c-8c26-87ece4691838","method":"POST","route":"/api/v1/admin/users","statusCode":200,"latencyMs":39.565,"msg":"request completed"}
{"level":30,"time":1789776883874,"pid":15891,"hostname":"Glebs-MacBook-Pro.local","reqId":"4cd8e00b-1ae5-41d9-8ef9-a3c549620c6a","event":"request_completed","requestId":"4cd8e00b-1ae5-41d9-8ef9-a3c549620c6a","method":"POST","route":"/api/v1/admin/users","statusCode":200,"latencyMs":37.954,"msg":"request completed"}
{"level":30,"time":1789776883918,"pid":15891,"hostname":"Glebs-MacBook-Pro.local","reqId":"f4bad674-85e0-400a-8c4d-5dc290a07495","event":"request_completed","requestId":"f4bad674-85e0-400a-8c4d-5dc290a07495","method":"POST","route":"/api/v1/admin/users","statusCode":200,"latencyMs":40.56,"msg":"request completed"}
{"level":30,"time":1789776883935,"pid":15891,"hostname":"Glebs-MacBook-Pro.local","reqId":"d6c42950-945e-47ec-8a0d-973b46482f85","event":"request_completed","requestId":"d6c42950-945e-47ec-8a0d-973b46482f85","method":"GET","route":"/api/v1/auth/me","statusCode":401,"latencyMs":0.111,"msg":"request completed"}
  ✘  56 [chromium-mobile-390] › tests/e2e/wave-f-a11y.spec.ts:55:5 › Wave F auth geometry contrast and admin readable rows (2.9s)
(node:16312) Warning: The 'NO_COLOR' env is ignored due to the 'FORCE_COLOR' env being set.
(Use `node --trace-warnings ...` to show where the warning was created)
{"level":30,"time":1789776885060,"pid":15891,"hostname":"Glebs-MacBook-Pro.local","reqId":"2f29142c-d92b-4e0b-ba2d-39e6e9e5df27","event":"request_completed","requestId":"2f29142c-d92b-4e0b-ba2d-39e6e9e5df27","method":"GET","route":"/health","statusCode":200,"latencyMs":0.123,"msg":"request completed"}
{"level":30,"time":1789776885101,"pid":15891,"hostname":"Glebs-MacBook-Pro.local","reqId":"7b506d26-f3e1-4938-be90-7a1b685ea2f8","event":"request_completed","requestId":"7b506d26-f3e1-4938-be90-7a1b685ea2f8","method":"POST","route":"/api/v1/auth/login","statusCode":200,"latencyMs":34.294,"msg":"request completed"}
{"level":30,"time":1789776885125,"pid":15891,"hostname":"Glebs-MacBook-Pro.local","reqId":"7412599c-252b-434f-9ba2-1f9bebde68eb","event":"request_completed","requestId":"7412599c-252b-434f-9ba2-1f9bebde68eb","method":"PATCH","route":"/api/v1/me/onboarding","statusCode":200,"latencyMs":19.005,"msg":"request completed"}
{"level":30,"time":1789776885154,"pid":15891,"hostname":"Glebs-MacBook-Pro.local","reqId":"ef17df7d-9f1f-423d-907a-b9278cdd1aa1","event":"request_completed","requestId":"ef17df7d-9f1f-423d-907a-b9278cdd1aa1","method":"POST","route":"/api/v1/tournaments","statusCode":200,"latencyMs":24.481,"msg":"request completed"}
{"level":30,"time":1789776885206,"pid":15891,"hostname":"Glebs-MacBook-Pro.local","reqId":"b1b3a8d1-e37b-462e-97ca-45dd826f0a69","event":"request_completed","requestId":"b1b3a8d1-e37b-462e-97ca-45dd826f0a69","method":"POST","route":"/api/v1/tournaments/:id/participants","statusCode":200,"latencyMs":47.309,"msg":"request completed"}
{"level":30,"time":1789776885238,"pid":15891,"hostname":"Glebs-MacBook-Pro.local","reqId":"68ea61cc-9e46-4f8e-997b-59dabea78eac","event":"request_completed","requestId":"68ea61cc-9e46-4f8e-997b-59dabea78eac","method":"POST","route":"/api/v1/tournaments/:id/participants","statusCode":200,"latencyMs":26.791,"msg":"request completed"}
{"level":30,"time":1789776885265,"pid":15891,"hostname":"Glebs-MacBook-Pro.local","reqId":"dbff280d-ab89-459d-980f-84f9aa6aff1a","event":"request_completed","requestId":"dbff280d-ab89-459d-980f-84f9aa6aff1a","method":"POST","route":"/api/v1/tournaments/:id/participants","statusCode":200,"latencyMs":22.77,"msg":"request completed"}
{"level":30,"time":1789776885299,"pid":15891,"hostname":"Glebs-MacBook-Pro.local","reqId":"3bed81db-d85d-406a-937e-e1e10cd8344b","event":"request_completed","requestId":"3bed81db-d85d-406a-937e-e1e10cd8344b","method":"POST","route":"/api/v1/tournaments/:id/participants","statusCode":200,"latencyMs":29.556,"msg":"request completed"}
{"level":30,"time":1789776885327,"pid":15891,"hostname":"Glebs-MacBook-Pro.local","reqId":"f91afe48-2b56-40f9-85c0-3c6164a637f3","event":"request_completed","requestId":"f91afe48-2b56-40f9-85c0-3c6164a637f3","method":"POST","route":"/api/v1/tournaments/:id/participants","statusCode":200,"latencyMs":24.135,"msg":"request completed"}
{"level":30,"time":1789776885357,"pid":15891,"hostname":"Glebs-MacBook-Pro.local","reqId":"6104d1ca-d4ae-4b7b-be20-667f79ebee52","event":"request_completed","requestId":"6104d1ca-d4ae-4b7b-be20-667f79ebee52","method":"POST","route":"/api/v1/tournaments/:id/participants","statusCode":200,"latencyMs":24.751,"msg":"request completed"}
{"level":30,"time":1789776885385,"pid":15891,"hostname":"Glebs-MacBook-Pro.local","reqId":"09a5d0f1-a742-4109-bb60-8e0ad30985da","event":"request_completed","requestId":"09a5d0f1-a742-4109-bb60-8e0ad30985da","method":"POST","route":"/api/v1/tournaments/:id/participants","statusCode":200,"latencyMs":23.173,"msg":"request completed"}
{"level":30,"time":1789776885412,"pid":15891,"hostname":"Glebs-MacBook-Pro.local","reqId":"2c7439d6-bcb2-4099-b413-504cfb9a857e","event":"request_completed","requestId":"2c7439d6-bcb2-4099-b413-504cfb9a857e","method":"POST","route":"/api/v1/tournaments/:id/participants","statusCode":200,"latencyMs":22.679,"msg":"request completed"}
{"level":30,"time":1789776885681,"pid":15891,"hostname":"Glebs-MacBook-Pro.local","reqId":"e4077ea4-4787-4371-8fd1-9762b679adfd","event":"request_completed","requestId":"e4077ea4-4787-4371-8fd1-9762b679adfd","method":"GET","route":"/api/v1/auth/me","statusCode":401,"latencyMs":0.207,"msg":"request completed"}
  ✘  57 [chromium-mobile-390] › tests/e2e/wave-f-a11y.spec.ts:113:5 › Wave F algorithm focus and bracket keyboard geometry (879ms)
(node:16318) Warning: The 'NO_COLOR' env is ignored due to the 'FORCE_COLOR' env being set.
(Use `node --trace-warnings ...` to show where the warning was created)
{"level":30,"time":1789776886376,"pid":15891,"hostname":"Glebs-MacBook-Pro.local","reqId":"e5ff98fc-3d0f-4d44-8eda-c2b44e9c5ec0","event":"request_completed","requestId":"e5ff98fc-3d0f-4d44-8eda-c2b44e9c5ec0","method":"GET","route":"/health","statusCode":200,"latencyMs":0.16,"msg":"request completed"}
{"level":30,"time":1789776886418,"pid":15891,"hostname":"Glebs-MacBook-Pro.local","reqId":"76d3eccf-8815-439a-a5e1-6ca5ec31da47","event":"request_completed","requestId":"76d3eccf-8815-439a-a5e1-6ca5ec31da47","method":"POST","route":"/api/v1/auth/login","statusCode":200,"latencyMs":34.221,"msg":"request completed"}
{"level":30,"time":1789776886441,"pid":15891,"hostname":"Glebs-MacBook-Pro.local","reqId":"85d3c942-2cbe-4b3b-8fc1-2b1cbff8d4e1","event":"request_completed","requestId":"85d3c942-2cbe-4b3b-8fc1-2b1cbff8d4e1","method":"PATCH","route":"/api/v1/me/onboarding","statusCode":200,"latencyMs":18.133,"msg":"request completed"}
{"level":30,"time":1789776886709,"pid":15891,"hostname":"Glebs-MacBook-Pro.local","reqId":"8bf61554-58f1-4afa-b33e-2e68d70ea7f8","event":"request_completed","requestId":"8bf61554-58f1-4afa-b33e-2e68d70ea7f8","method":"GET","route":"/api/v1/auth/me","statusCode":401,"latencyMs":0.13,"msg":"request completed"}
  ✘  58 [chromium-mobile-390] › tests/e2e/wave-f-a11y.spec.ts:149:5 › Wave F judge disclosure score and landscape (584ms)
(node:16326) Warning: The 'NO_COLOR' env is ignored due to the 'FORCE_COLOR' env being set.
(Use `node --trace-warnings ...` to show where the warning was created)
{"level":30,"time":1789776887384,"pid":15891,"hostname":"Glebs-MacBook-Pro.local","reqId":"40b2a7c7-79f3-4f75-9338-d4f20e15f9f0","event":"request_completed","requestId":"40b2a7c7-79f3-4f75-9338-d4f20e15f9f0","method":"GET","route":"/health","statusCode":200,"latencyMs":0.136,"msg":"request completed"}
{"level":30,"time":1789776887420,"pid":15891,"hostname":"Glebs-MacBook-Pro.local","reqId":"dc3124be-4638-4e96-9914-9e7928ccb650","event":"request_completed","requestId":"dc3124be-4638-4e96-9914-9e7928ccb650","method":"POST","route":"/api/v1/auth/login","statusCode":200,"latencyMs":27.321,"msg":"request completed"}
{"level":30,"time":1789776887435,"pid":15891,"hostname":"Glebs-MacBook-Pro.local","reqId":"7eab79ae-ca71-44a1-8576-f2fab52d747e","event":"request_completed","requestId":"7eab79ae-ca71-44a1-8576-f2fab52d747e","method":"PATCH","route":"/api/v1/me/onboarding","statusCode":200,"latencyMs":10.395,"msg":"request completed"}
{"level":30,"time":1789776887456,"pid":15891,"hostname":"Glebs-MacBook-Pro.local","reqId":"e1d59cd9-4b26-4bbd-af63-de10fcc04614","event":"request_completed","requestId":"e1d59cd9-4b26-4bbd-af63-de10fcc04614","method":"PATCH","route":"/api/v1/me/onboarding","statusCode":200,"latencyMs":17.357,"msg":"request completed"}
{"level":30,"time":1789776887723,"pid":15891,"hostname":"Glebs-MacBook-Pro.local","reqId":"e7253a8f-5eb9-458f-8af1-f8ab1fc1fc11","event":"request_completed","requestId":"e7253a8f-5eb9-458f-8af1-f8ab1fc1fc11","method":"GET","route":"/api/v1/auth/me","statusCode":401,"latencyMs":0.139,"msg":"request completed"}
  ✘  59 [chromium-mobile-390] › tests/e2e/wave-f-a11y.spec.ts:165:5 › Wave F onboarding heading and recovery states keep keyboard context (590ms)
(node:16332) Warning: The 'NO_COLOR' env is ignored due to the 'FORCE_COLOR' env being set.
(Use `node --trace-warnings ...` to show where the warning was created)
{"level":30,"time":1789776888397,"pid":15891,"hostname":"Glebs-MacBook-Pro.local","reqId":"e9298a6a-96a0-4421-81d7-3e9385645d27","event":"request_completed","requestId":"e9298a6a-96a0-4421-81d7-3e9385645d27","method":"GET","route":"/health","statusCode":200,"latencyMs":0.14,"msg":"request completed"}
{"level":30,"time":1789776888441,"pid":15891,"hostname":"Glebs-MacBook-Pro.local","reqId":"82bb440c-17ea-4fa7-87f1-c7dad8bd75d1","event":"request_completed","requestId":"82bb440c-17ea-4fa7-87f1-c7dad8bd75d1","method":"POST","route":"/api/v1/auth/login","statusCode":200,"latencyMs":35.98,"msg":"request completed"}
{"level":30,"time":1789776888466,"pid":15891,"hostname":"Glebs-MacBook-Pro.local","reqId":"a53c2637-472c-4e13-a50a-36371ec7c436","event":"request_completed","requestId":"a53c2637-472c-4e13-a50a-36371ec7c436","method":"PATCH","route":"/api/v1/me/onboarding","statusCode":200,"latencyMs":19.064,"msg":"request completed"}
{"level":30,"time":1789776888494,"pid":15891,"hostname":"Glebs-MacBook-Pro.local","reqId":"4327af03-aecd-486f-970d-9425b573fa74","event":"request_completed","requestId":"4327af03-aecd-486f-970d-9425b573fa74","method":"POST","route":"/api/v1/tournaments","statusCode":200,"latencyMs":23.625,"msg":"request completed"}
{"level":30,"time":1789776888531,"pid":15891,"hostname":"Glebs-MacBook-Pro.local","reqId":"236f5ae1-753b-4340-8793-8d25a0c4af84","event":"request_completed","requestId":"236f5ae1-753b-4340-8793-8d25a0c4af84","method":"POST","route":"/api/v1/tournaments/:id/participants","statusCode":200,"latencyMs":32.923,"msg":"request completed"}
{"level":30,"time":1789776888565,"pid":15891,"hostname":"Glebs-MacBook-Pro.local","reqId":"53c878ec-9be2-4513-8fc2-a4f3392c0803","event":"request_completed","requestId":"53c878ec-9be2-4513-8fc2-a4f3392c0803","method":"POST","route":"/api/v1/tournaments/:id/participants","statusCode":200,"latencyMs":30.325,"msg":"request completed"}
{"level":30,"time":1789776888595,"pid":15891,"hostname":"Glebs-MacBook-Pro.local","reqId":"890a9fa0-5277-473f-bffa-01e854fcdf15","event":"request_completed","requestId":"890a9fa0-5277-473f-bffa-01e854fcdf15","method":"POST","route":"/api/v1/tournaments/:id/participants","statusCode":200,"latencyMs":24.216,"msg":"request completed"}
{"level":30,"time":1789776888863,"pid":15891,"hostname":"Glebs-MacBook-Pro.local","reqId":"eb6467ba-3cf2-428e-bd2d-6187bf7554e3","event":"request_completed","requestId":"eb6467ba-3cf2-428e-bd2d-6187bf7554e3","method":"GET","route":"/api/v1/auth/me","statusCode":401,"latencyMs":0.122,"msg":"request completed"}
  ✘  60 [chromium-mobile-390] › tests/e2e/wave-f-a11y.spec.ts:187:5 › Wave F dialog review recovers hidden removed and busy focus (732ms)


  1) [chromium-desktop] › tests/e2e/critical.spec.ts:109:5 › E2E_auth_match_judge__AT-MATCH-001_005_008_AT-JUDGE-001_003_006_007__finishes_disposable_match 

    Error: locator.fill: Error: strict mode violation: getByLabel('Пароль') resolved to 2 elements:
        1) <input value="" required="" type="password" name="password" id="login-password" class="_input_6cpf7_135" autocomplete="current-password" aria-labelledby="login-password-label"/> aka getByRole('textbox', { name: 'Пароль' })
        2) <button type="button" aria-pressed="false" aria-label="Показать пароль" aria-controls="login-password" class="auth-password-field__toggle">…</button> aka getByRole('button', { name: 'Показать пароль' })

    Call log:
      - waiting for getByLabel('Пароль')


      56 |   await expectNoHorizontalOverflow(page);
      57 |   await page.getByLabel("Email").fill(ADMIN_EMAIL);
    > 58 |   await page.getByLabel("Пароль").fill(ADMIN_PASSWORD);
         |                                   ^
      59 |   await page.getByRole("button", { name: "Войти" }).click();
      60 |   await expect(page).toHaveURL(/\/$/);
      61 |   await expect(
        at loginBrowser (/Users/liubavskii/.codex/worktrees/c870/tab10/tests/e2e/critical.spec.ts:58:35)
        at /Users/liubavskii/.codex/worktrees/c870/tab10/tests/e2e/critical.spec.ts:112:3

    attachment #1: screenshot (image/png) ──────────────────────────────────────────────────────────
    ../../../../../../private/tmp/tab10-stage3-browser-rerun-s273mJ/playwright-output/critical-E2E-auth-match-ju-72f78-7-finishes-disposable-match-chromium-desktop/test-failed-1.png
    ────────────────────────────────────────────────────────────────────────────────────────────────

    attachment #2: video (video/webm) ──────────────────────────────────────────────────────────────
    ../../../../../../private/tmp/tab10-stage3-browser-rerun-s273mJ/playwright-output/critical-E2E-auth-match-ju-72f78-7-finishes-disposable-match-chromium-desktop/video-1.webm
    ────────────────────────────────────────────────────────────────────────────────────────────────

    attachment #3: video (video/webm) ──────────────────────────────────────────────────────────────
    ../../../../../../private/tmp/tab10-stage3-browser-rerun-s273mJ/playwright-output/critical-E2E-auth-match-ju-72f78-7-finishes-disposable-match-chromium-desktop/video.webm
    ────────────────────────────────────────────────────────────────────────────────────────────────

    Error Context: ../../../../../../private/tmp/tab10-stage3-browser-rerun-s273mJ/playwright-output/critical-E2E-auth-match-ju-72f78-7-finishes-disposable-match-chromium-desktop/error-context.md

    attachment #5: trace (application/zip) ─────────────────────────────────────────────────────────
    ../../../../../../private/tmp/tab10-stage3-browser-rerun-s273mJ/playwright-output/critical-E2E-auth-match-ju-72f78-7-finishes-disposable-match-chromium-desktop/trace.zip
    Usage:

        pnpm exec playwright show-trace ../../../../../../private/tmp/tab10-stage3-browser-rerun-s273mJ/playwright-output/critical-E2E-auth-match-ju-72f78-7-finishes-disposable-match-chromium-desktop/trace.zip

    ────────────────────────────────────────────────────────────────────────────────────────────────

  2) [chromium-desktop] › tests/e2e/critical.spec.ts:157:5 › E2E_runtime_session_recovery__AT-AUTH-009__preserves_route_and_draft_without_replaying_mutation 

    Error: locator.fill: Error: strict mode violation: getByLabel('Пароль') resolved to 2 elements:
        1) <input value="" required="" type="password" name="password" id="login-password" class="_input_6cpf7_135" autocomplete="current-password" aria-labelledby="login-password-label"/> aka getByRole('textbox', { name: 'Пароль' })
        2) <button type="button" aria-pressed="false" aria-label="Показать пароль" aria-controls="login-password" class="auth-password-field__toggle">…</button> aka getByRole('button', { name: 'Показать пароль' })

    Call log:
      - waiting for getByLabel('Пароль')


      56 |   await expectNoHorizontalOverflow(page);
      57 |   await page.getByLabel("Email").fill(ADMIN_EMAIL);
    > 58 |   await page.getByLabel("Пароль").fill(ADMIN_PASSWORD);
         |                                   ^
      59 |   await page.getByRole("button", { name: "Войти" }).click();
      60 |   await expect(page).toHaveURL(/\/$/);
      61 |   await expect(
        at loginBrowser (/Users/liubavskii/.codex/worktrees/c870/tab10/tests/e2e/critical.spec.ts:58:35)
        at /Users/liubavskii/.codex/worktrees/c870/tab10/tests/e2e/critical.spec.ts:160:3

    attachment #1: screenshot (image/png) ──────────────────────────────────────────────────────────
    ../../../../../../private/tmp/tab10-stage3-browser-rerun-s273mJ/playwright-output/critical-E2E-runtime-sessi-72798--without-replaying-mutation-chromium-desktop/test-failed-1.png
    ────────────────────────────────────────────────────────────────────────────────────────────────

    attachment #2: video (video/webm) ──────────────────────────────────────────────────────────────
    ../../../../../../private/tmp/tab10-stage3-browser-rerun-s273mJ/playwright-output/critical-E2E-runtime-sessi-72798--without-replaying-mutation-chromium-desktop/video-1.webm
    ────────────────────────────────────────────────────────────────────────────────────────────────

    attachment #3: video (video/webm) ──────────────────────────────────────────────────────────────
    ../../../../../../private/tmp/tab10-stage3-browser-rerun-s273mJ/playwright-output/critical-E2E-runtime-sessi-72798--without-replaying-mutation-chromium-desktop/video.webm
    ────────────────────────────────────────────────────────────────────────────────────────────────

    Error Context: ../../../../../../private/tmp/tab10-stage3-browser-rerun-s273mJ/playwright-output/critical-E2E-runtime-sessi-72798--without-replaying-mutation-chromium-desktop/error-context.md

    attachment #5: trace (application/zip) ─────────────────────────────────────────────────────────
    ../../../../../../private/tmp/tab10-stage3-browser-rerun-s273mJ/playwright-output/critical-E2E-runtime-sessi-72798--without-replaying-mutation-chromium-desktop/trace.zip
    Usage:

        pnpm exec playwright show-trace ../../../../../../private/tmp/tab10-stage3-browser-rerun-s273mJ/playwright-output/critical-E2E-runtime-sessi-72798--without-replaying-mutation-chromium-desktop/trace.zip

    ────────────────────────────────────────────────────────────────────────────────────────────────

  3) [chromium-desktop] › tests/e2e/production-smoke.spec.ts:13:5 › compiled web and API work through the same-origin production-like proxy 

    Error: locator.fill: Error: strict mode violation: getByLabel('Пароль') resolved to 2 elements:
        1) <input value="" required="" type="password" name="password" id="login-password" class="_input_6cpf7_135" autocomplete="current-password" aria-labelledby="login-password-label"/> aka getByRole('textbox', { name: 'Пароль' })
        2) <button type="button" aria-pressed="false" aria-label="Показать пароль" aria-controls="login-password" class="auth-password-field__toggle">…</button> aka getByRole('button', { name: 'Показать пароль' })

    Call log:
      - waiting for getByLabel('Пароль')


      48 |   await expect(page.getByRole("form", { name: "Форма входа" })).toBeVisible();
      49 |   await page.getByLabel("Email").fill(adminEmail);
    > 50 |   await page.getByLabel("Пароль").fill(adminPassword);
         |                                   ^
      51 |   await page.getByRole("button", { name: "Войти" }).click();
      52 |
      53 |   await expect(page).toHaveURL(/\/$/);
        at /Users/liubavskii/.codex/worktrees/c870/tab10/tests/e2e/production-smoke.spec.ts:50:35

    attachment #1: screenshot (image/png) ──────────────────────────────────────────────────────────
    ../../../../../../private/tmp/tab10-stage3-browser-rerun-s273mJ/playwright-output/production-smoke-compiled--829f0-rigin-production-like-proxy-chromium-desktop/test-failed-1.png
    ────────────────────────────────────────────────────────────────────────────────────────────────

    attachment #2: video (video/webm) ──────────────────────────────────────────────────────────────
    ../../../../../../private/tmp/tab10-stage3-browser-rerun-s273mJ/playwright-output/production-smoke-compiled--829f0-rigin-production-like-proxy-chromium-desktop/video.webm
    ────────────────────────────────────────────────────────────────────────────────────────────────

    Error Context: ../../../../../../private/tmp/tab10-stage3-browser-rerun-s273mJ/playwright-output/production-smoke-compiled--829f0-rigin-production-like-proxy-chromium-desktop/error-context.md

    attachment #4: trace (application/zip) ─────────────────────────────────────────────────────────
    ../../../../../../private/tmp/tab10-stage3-browser-rerun-s273mJ/playwright-output/production-smoke-compiled--829f0-rigin-production-like-proxy-chromium-desktop/trace.zip
    Usage:

        pnpm exec playwright show-trace ../../../../../../private/tmp/tab10-stage3-browser-rerun-s273mJ/playwright-output/production-smoke-compiled--829f0-rigin-production-like-proxy-chromium-desktop/trace.zip

    ────────────────────────────────────────────────────────────────────────────────────────────────

  4) [chromium-desktop] › tests/e2e/stage2-home.spec.ts:7:5 › AT-HOME-003 Home keeps direct actions and all secondary routes at mobile and desktop 

    Error: locator.fill: Error: strict mode violation: getByLabel('Пароль') resolved to 2 elements:
        1) <input value="" required="" type="password" name="password" id="login-password" class="_input_6cpf7_135" autocomplete="current-password" aria-labelledby="login-password-label"/> aka getByRole('textbox', { name: 'Пароль' })
        2) <button type="button" aria-pressed="false" aria-label="Показать пароль" aria-controls="login-password" class="auth-password-field__toggle">…</button> aka getByRole('button', { name: 'Показать пароль' })

    Call log:
      - waiting for getByLabel('Пароль')


       9 |   await expect(page).toHaveURL(/\/login$/);
      10 |   await page.getByLabel("Email").fill(adminEmail);
    > 11 |   await page.getByLabel("Пароль").fill(adminPassword);
         |                                   ^
      12 |   await page.getByRole("button", { name: "Войти" }).click();
      13 |   await expect(page).toHaveURL(/\/history$/);
      14 |   await page.goto("/");
        at /Users/liubavskii/.codex/worktrees/c870/tab10/tests/e2e/stage2-home.spec.ts:11:35

    attachment #1: screenshot (image/png) ──────────────────────────────────────────────────────────
    ../../../../../../private/tmp/tab10-stage3-browser-rerun-s273mJ/playwright-output/stage2-home-AT-HOME-003-Ho-53897-outes-at-mobile-and-desktop-chromium-desktop/test-failed-1.png
    ────────────────────────────────────────────────────────────────────────────────────────────────

    attachment #2: video (video/webm) ──────────────────────────────────────────────────────────────
    ../../../../../../private/tmp/tab10-stage3-browser-rerun-s273mJ/playwright-output/stage2-home-AT-HOME-003-Ho-53897-outes-at-mobile-and-desktop-chromium-desktop/video.webm
    ────────────────────────────────────────────────────────────────────────────────────────────────

    Error Context: ../../../../../../private/tmp/tab10-stage3-browser-rerun-s273mJ/playwright-output/stage2-home-AT-HOME-003-Ho-53897-outes-at-mobile-and-desktop-chromium-desktop/error-context.md

    attachment #4: trace (application/zip) ─────────────────────────────────────────────────────────
    ../../../../../../private/tmp/tab10-stage3-browser-rerun-s273mJ/playwright-output/stage2-home-AT-HOME-003-Ho-53897-outes-at-mobile-and-desktop-chromium-desktop/trace.zip
    Usage:

        pnpm exec playwright show-trace ../../../../../../private/tmp/tab10-stage3-browser-rerun-s273mJ/playwright-output/stage2-home-AT-HOME-003-Ho-53897-outes-at-mobile-and-desktop-chromium-desktop/trace.zip

    ────────────────────────────────────────────────────────────────────────────────────────────────

  5) [chromium-desktop] › tests/e2e/stage2-home.spec.ts:63:5 › AT-HOME-003 Home keeps navigation after a fetch error 

    Error: locator.fill: Error: strict mode violation: getByLabel('Пароль') resolved to 2 elements:
        1) <input value="" required="" type="password" name="password" id="login-password" class="_input_6cpf7_135" autocomplete="current-password" aria-labelledby="login-password-label"/> aka getByRole('textbox', { name: 'Пароль' })
        2) <button type="button" aria-pressed="false" aria-label="Показать пароль" aria-controls="login-password" class="auth-password-field__toggle">…</button> aka getByRole('button', { name: 'Показать пароль' })

    Call log:
      - waiting for getByLabel('Пароль')


      64 |   await page.goto("/login");
      65 |   await page.getByLabel("Email").fill(adminEmail);
    > 66 |   await page.getByLabel("Пароль").fill(adminPassword);
         |                                   ^
      67 |   await page.getByRole("button", { name: "Войти" }).click();
      68 |   await expect(page).toHaveURL(/\/$/);
      69 |   await page.route(/\/api\/v1\/home\?/, (route) => route.fulfill({ status: 503, contentType: "application/json", body: JSON.stringify({ code: "UNAVAILABLE", message: "Синтетическая ошибка" }) }));
        at /Users/liubavskii/.codex/worktrees/c870/tab10/tests/e2e/stage2-home.spec.ts:66:35

    attachment #1: screenshot (image/png) ──────────────────────────────────────────────────────────
    ../../../../../../private/tmp/tab10-stage3-browser-rerun-s273mJ/playwright-output/stage2-home-AT-HOME-003-Ho-9742a-igation-after-a-fetch-error-chromium-desktop/test-failed-1.png
    ────────────────────────────────────────────────────────────────────────────────────────────────

    attachment #2: video (video/webm) ──────────────────────────────────────────────────────────────
    ../../../../../../private/tmp/tab10-stage3-browser-rerun-s273mJ/playwright-output/stage2-home-AT-HOME-003-Ho-9742a-igation-after-a-fetch-error-chromium-desktop/video.webm
    ────────────────────────────────────────────────────────────────────────────────────────────────

    Error Context: ../../../../../../private/tmp/tab10-stage3-browser-rerun-s273mJ/playwright-output/stage2-home-AT-HOME-003-Ho-9742a-igation-after-a-fetch-error-chromium-desktop/error-context.md

    attachment #4: trace (application/zip) ─────────────────────────────────────────────────────────
    ../../../../../../private/tmp/tab10-stage3-browser-rerun-s273mJ/playwright-output/stage2-home-AT-HOME-003-Ho-9742a-igation-after-a-fetch-error-chromium-desktop/trace.zip
    Usage:

        pnpm exec playwright show-trace ../../../../../../private/tmp/tab10-stage3-browser-rerun-s273mJ/playwright-output/stage2-home-AT-HOME-003-Ho-9742a-igation-after-a-fetch-error-chromium-desktop/trace.zip

    ────────────────────────────────────────────────────────────────────────────────────────────────

  6) [chromium-desktop] › tests/e2e/stage2-home.spec.ts:83:5 › HOME-007 finished match keeps sides and score first with a side-specific winner mark 

    Error: locator.fill: Error: strict mode violation: getByLabel('Пароль') resolved to 2 elements:
        1) <input value="" required="" type="password" name="password" id="login-password" class="_input_6cpf7_135" autocomplete="current-password" aria-labelledby="login-password-label"/> aka getByRole('textbox', { name: 'Пароль' })
        2) <button type="button" aria-pressed="false" aria-label="Показать пароль" aria-controls="login-password" class="auth-password-field__toggle">…</button> aka getByRole('button', { name: 'Показать пароль' })

    Call log:
      - waiting for getByLabel('Пароль')


      84 |   await page.goto("/login");
      85 |   await page.getByLabel("Email").fill(adminEmail);
    > 86 |   await page.getByLabel("Пароль").fill(adminPassword);
         |                                   ^
      87 |   await page.getByRole("button", { name: "Войти" }).click();
      88 |   await expect(page).toHaveURL(/\/(?:onboarding)?$/);
      89 |   const csrf = (await page.context().cookies()).find((cookie) => cookie.name === "tab10_csrf");
        at /Users/liubavskii/.codex/worktrees/c870/tab10/tests/e2e/stage2-home.spec.ts:86:35

    attachment #1: screenshot (image/png) ──────────────────────────────────────────────────────────
    ../../../../../../private/tmp/tab10-stage3-browser-rerun-s273mJ/playwright-output/stage2-home-HOME-007-finis-f820d-a-side-specific-winner-mark-chromium-desktop/test-failed-1.png
    ────────────────────────────────────────────────────────────────────────────────────────────────

    attachment #2: video (video/webm) ──────────────────────────────────────────────────────────────
    ../../../../../../private/tmp/tab10-stage3-browser-rerun-s273mJ/playwright-output/stage2-home-HOME-007-finis-f820d-a-side-specific-winner-mark-chromium-desktop/video.webm
    ────────────────────────────────────────────────────────────────────────────────────────────────

    Error Context: ../../../../../../private/tmp/tab10-stage3-browser-rerun-s273mJ/playwright-output/stage2-home-HOME-007-finis-f820d-a-side-specific-winner-mark-chromium-desktop/error-context.md

    attachment #4: trace (application/zip) ─────────────────────────────────────────────────────────
    ../../../../../../private/tmp/tab10-stage3-browser-rerun-s273mJ/playwright-output/stage2-home-HOME-007-finis-f820d-a-side-specific-winner-mark-chromium-desktop/trace.zip
    Usage:

        pnpm exec playwright show-trace ../../../../../../private/tmp/tab10-stage3-browser-rerun-s273mJ/playwright-output/stage2-home-HOME-007-finis-f820d-a-side-specific-winner-mark-chromium-desktop/trace.zip

    ────────────────────────────────────────────────────────────────────────────────────────────────

  7) [chromium-desktop] › tests/e2e/stage2-home.spec.ts:139:5 › GAP-031 keeps overflow tasks collapsed until requested 

    Error: locator.fill: Error: strict mode violation: getByLabel('Пароль') resolved to 2 elements:
        1) <input value="" required="" type="password" name="password" id="login-password" class="_input_6cpf7_135" autocomplete="current-password" aria-labelledby="login-password-label"/> aka getByRole('textbox', { name: 'Пароль' })
        2) <button type="button" aria-pressed="false" aria-label="Показать пароль" aria-controls="login-password" class="auth-password-field__toggle">…</button> aka getByRole('button', { name: 'Показать пароль' })

    Call log:
      - waiting for getByLabel('Пароль')


      140 |   await page.goto("/login");
      141 |   await page.getByLabel("Email").fill(adminEmail);
    > 142 |   await page.getByLabel("Пароль").fill(adminPassword);
          |                                   ^
      143 |   await page.getByRole("button", { name: "Войти" }).click();
      144 |   await expect(page).toHaveURL(/\/$/);
      145 |   const home = (await (await page.request.get("/api/v1/home?period=all_time&recentRole=all&notificationView=available")).json());
        at /Users/liubavskii/.codex/worktrees/c870/tab10/tests/e2e/stage2-home.spec.ts:142:35

    attachment #1: screenshot (image/png) ──────────────────────────────────────────────────────────
    ../../../../../../private/tmp/tab10-stage3-browser-rerun-s273mJ/playwright-output/stage2-home-GAP-031-keeps--337de-s-collapsed-until-requested-chromium-desktop/test-failed-1.png
    ────────────────────────────────────────────────────────────────────────────────────────────────

    attachment #2: video (video/webm) ──────────────────────────────────────────────────────────────
    ../../../../../../private/tmp/tab10-stage3-browser-rerun-s273mJ/playwright-output/stage2-home-GAP-031-keeps--337de-s-collapsed-until-requested-chromium-desktop/video.webm
    ────────────────────────────────────────────────────────────────────────────────────────────────

    Error Context: ../../../../../../private/tmp/tab10-stage3-browser-rerun-s273mJ/playwright-output/stage2-home-GAP-031-keeps--337de-s-collapsed-until-requested-chromium-desktop/error-context.md

    attachment #4: trace (application/zip) ─────────────────────────────────────────────────────────
    ../../../../../../private/tmp/tab10-stage3-browser-rerun-s273mJ/playwright-output/stage2-home-GAP-031-keeps--337de-s-collapsed-until-requested-chromium-desktop/trace.zip
    Usage:

        pnpm exec playwright show-trace ../../../../../../private/tmp/tab10-stage3-browser-rerun-s273mJ/playwright-output/stage2-home-GAP-031-keeps--337de-s-collapsed-until-requested-chromium-desktop/trace.zip

    ────────────────────────────────────────────────────────────────────────────────────────────────

  8) [chromium-desktop] › tests/e2e/stage2-home.spec.ts:161:5 › GAP-030 explicit Home releases judge slot; Browser Back is measured separately 

    Error: locator.fill: Error: strict mode violation: getByLabel('Пароль') resolved to 2 elements:
        1) <input value="" required="" type="password" name="password" id="login-password" class="_input_6cpf7_135" autocomplete="current-password" aria-labelledby="login-password-label"/> aka getByRole('textbox', { name: 'Пароль' })
        2) <button type="button" aria-pressed="false" aria-label="Показать пароль" aria-controls="login-password" class="auth-password-field__toggle">…</button> aka getByRole('button', { name: 'Показать пароль' })

    Call log:
      - waiting for getByLabel('Пароль')


      164 |     await page.goto("/login");
      165 |     await page.getByLabel("Email").fill(adminEmail);
    > 166 |     await page.getByLabel("Пароль").fill(adminPassword);
          |                                     ^
      167 |     await page.getByRole("button", { name: "Войти" }).click();
      168 |     await expect(page).toHaveURL(/\/$/);
      169 |     await page.goto("/matches/new");
        at /Users/liubavskii/.codex/worktrees/c870/tab10/tests/e2e/stage2-home.spec.ts:166:37

    attachment #1: screenshot (image/png) ──────────────────────────────────────────────────────────
    ../../../../../../private/tmp/tab10-stage3-browser-rerun-s273mJ/playwright-output/stage2-home-GAP-030-explic-9bb09-Back-is-measured-separately-chromium-desktop/test-failed-1.png
    ────────────────────────────────────────────────────────────────────────────────────────────────

    attachment #2: video (video/webm) ──────────────────────────────────────────────────────────────
    ../../../../../../private/tmp/tab10-stage3-browser-rerun-s273mJ/playwright-output/stage2-home-GAP-030-explic-9bb09-Back-is-measured-separately-chromium-desktop/video.webm
    ────────────────────────────────────────────────────────────────────────────────────────────────

    Error Context: ../../../../../../private/tmp/tab10-stage3-browser-rerun-s273mJ/playwright-output/stage2-home-GAP-030-explic-9bb09-Back-is-measured-separately-chromium-desktop/error-context.md

    attachment #4: trace (application/zip) ─────────────────────────────────────────────────────────
    ../../../../../../private/tmp/tab10-stage3-browser-rerun-s273mJ/playwright-output/stage2-home-GAP-030-explic-9bb09-Back-is-measured-separately-chromium-desktop/trace.zip
    Usage:

        pnpm exec playwright show-trace ../../../../../../private/tmp/tab10-stage3-browser-rerun-s273mJ/playwright-output/stage2-home-GAP-030-explic-9bb09-Back-is-measured-separately-chromium-desktop/trace.zip

    ────────────────────────────────────────────────────────────────────────────────────────────────

  9) [chromium-desktop] › tests/e2e/wave-b.spec.ts:44:5 › Wave B AT-PROFILE-001..005 AT-RANK-005..006 own edit, revoke, team and private public card 

    Error: locator.fill: Error: strict mode violation: getByLabel('Пароль') resolved to 2 elements:
        1) <input value="" required="" type="password" name="password" id="login-password" class="_input_6cpf7_135" autocomplete="current-password" aria-labelledby="login-password-label"/> aka getByRole('textbox', { name: 'Пароль' })
        2) <button type="button" aria-pressed="false" aria-label="Показать пароль" aria-controls="login-password" class="auth-password-field__toggle">…</button> aka getByRole('button', { name: 'Показать пароль' })

    Call log:
      - waiting for getByLabel('Пароль')


      34 |   await page.goto("/login");
      35 |   await page.getByLabel("Email").fill(email);
    > 36 |   await page.getByLabel("Пароль").fill(password);
         |                                   ^
      37 |   await page.getByRole("button", { name: "Войти", exact: true }).click();
      38 |   await expect(page).toHaveURL(/\/$/);
      39 | }
        at browserLogin (/Users/liubavskii/.codex/worktrees/c870/tab10/tests/e2e/wave-b.spec.ts:36:35)
        at /Users/liubavskii/.codex/worktrees/c870/tab10/tests/e2e/wave-b.spec.ts:56:5

    attachment #1: screenshot (image/png) ──────────────────────────────────────────────────────────
    ../../../../../../private/tmp/tab10-stage3-browser-rerun-s273mJ/playwright-output/wave-b-Wave-B-AT-PROFILE-0-f046a-eam-and-private-public-card-chromium-desktop/test-failed-1.png
    ────────────────────────────────────────────────────────────────────────────────────────────────

    attachment #2: video (video/webm) ──────────────────────────────────────────────────────────────
    ../../../../../../private/tmp/tab10-stage3-browser-rerun-s273mJ/playwright-output/wave-b-Wave-B-AT-PROFILE-0-f046a-eam-and-private-public-card-chromium-desktop/video.webm
    ────────────────────────────────────────────────────────────────────────────────────────────────

    Error Context: ../../../../../../private/tmp/tab10-stage3-browser-rerun-s273mJ/playwright-output/wave-b-Wave-B-AT-PROFILE-0-f046a-eam-and-private-public-card-chromium-desktop/error-context.md

    attachment #4: trace (application/zip) ─────────────────────────────────────────────────────────
    ../../../../../../private/tmp/tab10-stage3-browser-rerun-s273mJ/playwright-output/wave-b-Wave-B-AT-PROFILE-0-f046a-eam-and-private-public-card-chromium-desktop/trace.zip
    Usage:

        pnpm exec playwright show-trace ../../../../../../private/tmp/tab10-stage3-browser-rerun-s273mJ/playwright-output/wave-b-Wave-B-AT-PROFILE-0-f046a-eam-and-private-public-card-chromium-desktop/trace.zip

    ────────────────────────────────────────────────────────────────────────────────────────────────

  10) [chromium-desktop] › tests/e2e/wave-b.spec.ts:124:5 › Wave B AT-VIS-003 history pagination and detail return keep context 

    Error: locator.fill: Error: strict mode violation: getByLabel('Пароль') resolved to 2 elements:
        1) <input value="" required="" type="password" name="password" id="login-password" class="_input_6cpf7_135" autocomplete="current-password" aria-labelledby="login-password-label"/> aka getByRole('textbox', { name: 'Пароль' })
        2) <button type="button" aria-pressed="false" aria-label="Показать пароль" aria-controls="login-password" class="auth-password-field__toggle">…</button> aka getByRole('button', { name: 'Показать пароль' })

    Call log:
      - waiting for getByLabel('Пароль')


      34 |   await page.goto("/login");
      35 |   await page.getByLabel("Email").fill(email);
    > 36 |   await page.getByLabel("Пароль").fill(password);
         |                                   ^
      37 |   await page.getByRole("button", { name: "Войти", exact: true }).click();
      38 |   await expect(page).toHaveURL(/\/$/);
      39 | }
        at browserLogin (/Users/liubavskii/.codex/worktrees/c870/tab10/tests/e2e/wave-b.spec.ts:36:35)
        at /Users/liubavskii/.codex/worktrees/c870/tab10/tests/e2e/wave-b.spec.ts:135:5

    attachment #1: screenshot (image/png) ──────────────────────────────────────────────────────────
    ../../../../../../private/tmp/tab10-stage3-browser-rerun-s273mJ/playwright-output/wave-b-Wave-B-AT-VIS-003-h-3e075--detail-return-keep-context-chromium-desktop/test-failed-1.png
    ────────────────────────────────────────────────────────────────────────────────────────────────

    attachment #2: video (video/webm) ──────────────────────────────────────────────────────────────
    ../../../../../../private/tmp/tab10-stage3-browser-rerun-s273mJ/playwright-output/wave-b-Wave-B-AT-VIS-003-h-3e075--detail-return-keep-context-chromium-desktop/video.webm
    ────────────────────────────────────────────────────────────────────────────────────────────────

    Error Context: ../../../../../../private/tmp/tab10-stage3-browser-rerun-s273mJ/playwright-output/wave-b-Wave-B-AT-VIS-003-h-3e075--detail-return-keep-context-chromium-desktop/error-context.md

    attachment #4: trace (application/zip) ─────────────────────────────────────────────────────────
    ../../../../../../private/tmp/tab10-stage3-browser-rerun-s273mJ/playwright-output/wave-b-Wave-B-AT-VIS-003-h-3e075--detail-return-keep-context-chromium-desktop/trace.zip
    Usage:

        pnpm exec playwright show-trace ../../../../../../private/tmp/tab10-stage3-browser-rerun-s273mJ/playwright-output/wave-b-Wave-B-AT-VIS-003-h-3e075--detail-return-keep-context-chromium-desktop/trace.zip

    ────────────────────────────────────────────────────────────────────────────────────────────────

  11) [chromium-desktop] › tests/e2e/wave-c.spec.ts:38:5 › Wave C AT-MATCH-013_016 2v2 team selection, rules, no-show and hidden revenge 

    Error: locator.fill: Error: strict mode violation: getByLabel('Пароль') resolved to 2 elements:
        1) <input value="" required="" type="password" name="password" id="login-password" class="_input_6cpf7_135" autocomplete="current-password" aria-labelledby="login-password-label"/> aka getByRole('textbox', { name: 'Пароль' })
        2) <button type="button" aria-pressed="false" aria-label="Показать пароль" aria-controls="login-password" class="auth-password-field__toggle">…</button> aka getByRole('button', { name: 'Показать пароль' })

    Call log:
      - waiting for getByLabel('Пароль')


      31 | }
      32 | async function login(page: Page) {
    > 33 |   await page.goto("/login"); await page.getByLabel("Email").fill(email); await page.getByLabel("Пароль").fill(password);
         |                                                                                                          ^
      34 |   await page.getByRole("button", { name: "Войти", exact: true }).click(); await expect(page).toHaveURL(/\/$/);
      35 | }
      36 | async function noOverflow(page: Page) { expect(await page.evaluate(() => document.documentElement.scrollWidth <= innerWidth)).toBe(true); }
        at login (/Users/liubavskii/.codex/worktrees/c870/tab10/tests/e2e/wave-c.spec.ts:33:106)
        at /Users/liubavskii/.codex/worktrees/c870/tab10/tests/e2e/wave-c.spec.ts:45:5

    attachment #1: screenshot (image/png) ──────────────────────────────────────────────────────────
    ../../../../../../private/tmp/tab10-stage3-browser-rerun-s273mJ/playwright-output/wave-c-Wave-C-AT-MATCH-013-8ab72--no-show-and-hidden-revenge-chromium-desktop/test-failed-1.png
    ────────────────────────────────────────────────────────────────────────────────────────────────

    attachment #2: video (video/webm) ──────────────────────────────────────────────────────────────
    ../../../../../../private/tmp/tab10-stage3-browser-rerun-s273mJ/playwright-output/wave-c-Wave-C-AT-MATCH-013-8ab72--no-show-and-hidden-revenge-chromium-desktop/video.webm
    ────────────────────────────────────────────────────────────────────────────────────────────────

    Error Context: ../../../../../../private/tmp/tab10-stage3-browser-rerun-s273mJ/playwright-output/wave-c-Wave-C-AT-MATCH-013-8ab72--no-show-and-hidden-revenge-chromium-desktop/error-context.md

    attachment #4: trace (application/zip) ─────────────────────────────────────────────────────────
    ../../../../../../private/tmp/tab10-stage3-browser-rerun-s273mJ/playwright-output/wave-c-Wave-C-AT-MATCH-013-8ab72--no-show-and-hidden-revenge-chromium-desktop/trace.zip
    Usage:

        pnpm exec playwright show-trace ../../../../../../private/tmp/tab10-stage3-browser-rerun-s273mJ/playwright-output/wave-c-Wave-C-AT-MATCH-013-8ab72--no-show-and-hidden-revenge-chromium-desktop/trace.zip

    ────────────────────────────────────────────────────────────────────────────────────────────────

  12) [chromium-desktop] › tests/e2e/wave-c.spec.ts:79:5 › Wave C AT-JUDGE-004_010 correction, undo and two-client handover preserve authority 

    Error: locator.fill: Error: strict mode violation: getByLabel('Пароль') resolved to 2 elements:
        1) <input value="" required="" type="password" name="password" id="login-password" class="_input_6cpf7_135" autocomplete="current-password" aria-labelledby="login-password-label"/> aka getByRole('textbox', { name: 'Пароль' })
        2) <button type="button" aria-pressed="false" aria-label="Показать пароль" aria-controls="login-password" class="auth-password-field__toggle">…</button> aka getByRole('button', { name: 'Показать пароль' })

    Call log:
      - waiting for getByLabel('Пароль')


      31 | }
      32 | async function login(page: Page) {
    > 33 |   await page.goto("/login"); await page.getByLabel("Email").fill(email); await page.getByLabel("Пароль").fill(password);
         |                                                                                                          ^
      34 |   await page.getByRole("button", { name: "Войти", exact: true }).click(); await expect(page).toHaveURL(/\/$/);
      35 | }
      36 | async function noOverflow(page: Page) { expect(await page.evaluate(() => document.documentElement.scrollWidth <= innerWidth)).toBe(true); }
        at login (/Users/liubavskii/.codex/worktrees/c870/tab10/tests/e2e/wave-c.spec.ts:33:106)
        at /Users/liubavskii/.codex/worktrees/c870/tab10/tests/e2e/wave-c.spec.ts:89:5

    attachment #1: screenshot (image/png) ──────────────────────────────────────────────────────────
    ../../../../../../private/tmp/tab10-stage3-browser-rerun-s273mJ/playwright-output/wave-c-Wave-C-AT-JUDGE-004-a8521-handover-preserve-authority-chromium-desktop/test-failed-1.png
    ────────────────────────────────────────────────────────────────────────────────────────────────

    attachment #2: video (video/webm) ──────────────────────────────────────────────────────────────
    ../../../../../../private/tmp/tab10-stage3-browser-rerun-s273mJ/playwright-output/wave-c-Wave-C-AT-JUDGE-004-a8521-handover-preserve-authority-chromium-desktop/video.webm
    ────────────────────────────────────────────────────────────────────────────────────────────────

    attachment #3: screenshot (image/png) ──────────────────────────────────────────────────────────
    ../../../../../../private/tmp/tab10-stage3-browser-rerun-s273mJ/playwright-output/wave-c-Wave-C-AT-JUDGE-004-a8521-handover-preserve-authority-chromium-desktop/test-failed-2.png
    ────────────────────────────────────────────────────────────────────────────────────────────────

    Error Context: ../../../../../../private/tmp/tab10-stage3-browser-rerun-s273mJ/playwright-output/wave-c-Wave-C-AT-JUDGE-004-a8521-handover-preserve-authority-chromium-desktop/error-context.md

    attachment #5: trace (application/zip) ─────────────────────────────────────────────────────────
    ../../../../../../private/tmp/tab10-stage3-browser-rerun-s273mJ/playwright-output/wave-c-Wave-C-AT-JUDGE-004-a8521-handover-preserve-authority-chromium-desktop/trace.zip
    Usage:

        pnpm exec playwright show-trace ../../../../../../private/tmp/tab10-stage3-browser-rerun-s273mJ/playwright-output/wave-c-Wave-C-AT-JUDGE-004-a8521-handover-preserve-authority-chromium-desktop/trace.zip

    ────────────────────────────────────────────────────────────────────────────────────────────────

  13) [chromium-desktop] › tests/e2e/wave-c.spec.ts:135:5 › Wave C AT-JUDGE-001 creator starts while another club judge retains the slot 

    Error: locator.fill: Error: strict mode violation: getByLabel('Пароль') resolved to 2 elements:
        1) <input value="" required="" type="password" name="password" id="login-password" class="_input_6cpf7_135" autocomplete="current-password" aria-labelledby="login-password-label"/> aka getByRole('textbox', { name: 'Пароль' })
        2) <button type="button" aria-pressed="false" aria-label="Показать пароль" aria-controls="login-password" class="auth-password-field__toggle">…</button> aka getByRole('button', { name: 'Показать пароль' })

    Call log:
      - waiting for getByLabel('Пароль')


      31 | }
      32 | async function login(page: Page) {
    > 33 |   await page.goto("/login"); await page.getByLabel("Email").fill(email); await page.getByLabel("Пароль").fill(password);
         |                                                                                                          ^
      34 |   await page.getByRole("button", { name: "Войти", exact: true }).click(); await expect(page).toHaveURL(/\/$/);
      35 | }
      36 | async function noOverflow(page: Page) { expect(await page.evaluate(() => document.documentElement.scrollWidth <= innerWidth)).toBe(true); }
        at login (/Users/liubavskii/.codex/worktrees/c870/tab10/tests/e2e/wave-c.spec.ts:33:106)
        at /Users/liubavskii/.codex/worktrees/c870/tab10/tests/e2e/wave-c.spec.ts:148:5

    attachment #1: screenshot (image/png) ──────────────────────────────────────────────────────────
    ../../../../../../private/tmp/tab10-stage3-browser-rerun-s273mJ/playwright-output/wave-c-Wave-C-AT-JUDGE-001-a672a-club-judge-retains-the-slot-chromium-desktop/test-failed-1.png
    ────────────────────────────────────────────────────────────────────────────────────────────────

    attachment #2: video (video/webm) ──────────────────────────────────────────────────────────────
    ../../../../../../private/tmp/tab10-stage3-browser-rerun-s273mJ/playwright-output/wave-c-Wave-C-AT-JUDGE-001-a672a-club-judge-retains-the-slot-chromium-desktop/video.webm
    ────────────────────────────────────────────────────────────────────────────────────────────────

    attachment #3: screenshot (image/png) ──────────────────────────────────────────────────────────
    ../../../../../../private/tmp/tab10-stage3-browser-rerun-s273mJ/playwright-output/wave-c-Wave-C-AT-JUDGE-001-a672a-club-judge-retains-the-slot-chromium-desktop/test-failed-2.png
    ────────────────────────────────────────────────────────────────────────────────────────────────

    Error Context: ../../../../../../private/tmp/tab10-stage3-browser-rerun-s273mJ/playwright-output/wave-c-Wave-C-AT-JUDGE-001-a672a-club-judge-retains-the-slot-chromium-desktop/error-context.md

    attachment #5: trace (application/zip) ─────────────────────────────────────────────────────────
    ../../../../../../private/tmp/tab10-stage3-browser-rerun-s273mJ/playwright-output/wave-c-Wave-C-AT-JUDGE-001-a672a-club-judge-retains-the-slot-chromium-desktop/trace.zip
    Usage:

        pnpm exec playwright show-trace ../../../../../../private/tmp/tab10-stage3-browser-rerun-s273mJ/playwright-output/wave-c-Wave-C-AT-JUDGE-001-a672a-club-judge-retains-the-slot-chromium-desktop/trace.zip

    ────────────────────────────────────────────────────────────────────────────────────────────────

  14) [chromium-desktop] › tests/e2e/wave-d-teams.spec.ts:23:5 › Wave D AT-TEAM-001..007 create, accept welcome, transfer, leave and automatic archive 

    Error: locator.fill: Error: strict mode violation: getByLabel('Пароль') resolved to 2 elements:
        1) <input value="" required="" type="password" name="password" id="login-password" class="_input_6cpf7_135" autocomplete="current-password" aria-labelledby="login-password-label"/> aka getByRole('textbox', { name: 'Пароль' })
        2) <button type="button" aria-pressed="false" aria-label="Показать пароль" aria-controls="login-password" class="auth-password-field__toggle">…</button> aka getByRole('button', { name: 'Показать пароль' })

    Call log:
      - waiting for getByLabel('Пароль')


      33 |   const errors: string[] = []; for (const p of [page, memberPage]) p.on("pageerror", (e) => errors.push(e.message));
      34 |   try {
    > 35 |     await page.goto("/login"); await page.getByLabel("Email").fill(email); await page.getByLabel("Пароль").fill(password);
         |                                                                                                            ^
      36 |     await page.getByRole("button", { name: "Войти", exact: true }).click(); await expect(page).toHaveURL(/\/$/);
      37 |     await page.goto("/teams");
      38 |     await page.getByLabel("Название команды", { exact: true }).fill(name);
        at /Users/liubavskii/.codex/worktrees/c870/tab10/tests/e2e/wave-d-teams.spec.ts:35:108

    attachment #1: screenshot (image/png) ──────────────────────────────────────────────────────────
    ../../../../../../private/tmp/tab10-stage3-browser-rerun-s273mJ/playwright-output/wave-d-teams-Wave-D-AT-TEA-f08ec-leave-and-automatic-archive-chromium-desktop/test-failed-1.png
    ────────────────────────────────────────────────────────────────────────────────────────────────

    attachment #2: video (video/webm) ──────────────────────────────────────────────────────────────
    ../../../../../../private/tmp/tab10-stage3-browser-rerun-s273mJ/playwright-output/wave-d-teams-Wave-D-AT-TEA-f08ec-leave-and-automatic-archive-chromium-desktop/video.webm
    ────────────────────────────────────────────────────────────────────────────────────────────────

    attachment #3: screenshot (image/png) ──────────────────────────────────────────────────────────
    ../../../../../../private/tmp/tab10-stage3-browser-rerun-s273mJ/playwright-output/wave-d-teams-Wave-D-AT-TEA-f08ec-leave-and-automatic-archive-chromium-desktop/test-failed-2.png
    ────────────────────────────────────────────────────────────────────────────────────────────────

    Error Context: ../../../../../../private/tmp/tab10-stage3-browser-rerun-s273mJ/playwright-output/wave-d-teams-Wave-D-AT-TEA-f08ec-leave-and-automatic-archive-chromium-desktop/error-context.md

    attachment #5: trace (application/zip) ─────────────────────────────────────────────────────────
    ../../../../../../private/tmp/tab10-stage3-browser-rerun-s273mJ/playwright-output/wave-d-teams-Wave-D-AT-TEA-f08ec-leave-and-automatic-archive-chromium-desktop/trace.zip
    Usage:

        pnpm exec playwright show-trace ../../../../../../private/tmp/tab10-stage3-browser-rerun-s273mJ/playwright-output/wave-d-teams-Wave-D-AT-TEA-f08ec-leave-and-automatic-archive-chromium-desktop/trace.zip

    ────────────────────────────────────────────────────────────────────────────────────────────────

  15) [chromium-desktop] › tests/e2e/wave-d-tournaments.spec.ts:19:7 › Wave D tournament single_elimination/3 roster, seed edit, complete and results 

    Error: locator.fill: Error: strict mode violation: getByLabel('Пароль') resolved to 2 elements:
        1) <input value="" required="" type="password" name="password" id="login-password" class="_input_6cpf7_135" autocomplete="current-password" aria-labelledby="login-password-label"/> aka getByRole('textbox', { name: 'Пароль' })
        2) <button type="button" aria-pressed="false" aria-label="Показать пароль" aria-controls="login-password" class="auth-password-field__toggle">…</button> aka getByRole('button', { name: 'Показать пароль' })

    Call log:
      - waiting for getByLabel('Пароль')


      11 | }
      12 | async function login(page: Page) {
    > 13 |   await page.goto("/login"); await page.getByLabel("Email").fill(email); await page.getByLabel("Пароль").fill(password);
         |                                                                                                          ^
      14 |   await page.getByRole("button", { name: "Войти", exact: true }).click(); await expect(page).toHaveURL(/\/$/);
      15 | }
      16 | async function noOverflow(page: Page) { expect(await page.evaluate(() => document.documentElement.scrollWidth <= innerWidth)).toBe(true); }
        at login (/Users/liubavskii/.codex/worktrees/c870/tab10/tests/e2e/wave-d-tournaments.spec.ts:13:106)
        at /Users/liubavskii/.codex/worktrees/c870/tab10/tests/e2e/wave-d-tournaments.spec.ts:28:7

    attachment #1: screenshot (image/png) ──────────────────────────────────────────────────────────
    ../../../../../../private/tmp/tab10-stage3-browser-rerun-s273mJ/playwright-output/wave-d-tournaments-Wave-D--fbd55-d-edit-complete-and-results-chromium-desktop/test-failed-1.png
    ────────────────────────────────────────────────────────────────────────────────────────────────

    attachment #2: video (video/webm) ──────────────────────────────────────────────────────────────
    ../../../../../../private/tmp/tab10-stage3-browser-rerun-s273mJ/playwright-output/wave-d-tournaments-Wave-D--fbd55-d-edit-complete-and-results-chromium-desktop/video.webm
    ────────────────────────────────────────────────────────────────────────────────────────────────

    Error Context: ../../../../../../private/tmp/tab10-stage3-browser-rerun-s273mJ/playwright-output/wave-d-tournaments-Wave-D--fbd55-d-edit-complete-and-results-chromium-desktop/error-context.md

    attachment #4: trace (application/zip) ─────────────────────────────────────────────────────────
    ../../../../../../private/tmp/tab10-stage3-browser-rerun-s273mJ/playwright-output/wave-d-tournaments-Wave-D--fbd55-d-edit-complete-and-results-chromium-desktop/trace.zip
    Usage:

        pnpm exec playwright show-trace ../../../../../../private/tmp/tab10-stage3-browser-rerun-s273mJ/playwright-output/wave-d-tournaments-Wave-D--fbd55-d-edit-complete-and-results-chromium-desktop/trace.zip

    ────────────────────────────────────────────────────────────────────────────────────────────────

  16) [chromium-desktop] › tests/e2e/wave-d-tournaments.spec.ts:19:7 › Wave D tournament single_elimination/5 roster, seed edit, complete and results 

    Error: locator.fill: Error: strict mode violation: getByLabel('Пароль') resolved to 2 elements:
        1) <input value="" required="" type="password" name="password" id="login-password" class="_input_6cpf7_135" autocomplete="current-password" aria-labelledby="login-password-label"/> aka getByRole('textbox', { name: 'Пароль' })
        2) <button type="button" aria-pressed="false" aria-label="Показать пароль" aria-controls="login-password" class="auth-password-field__toggle">…</button> aka getByRole('button', { name: 'Показать пароль' })

    Call log:
      - waiting for getByLabel('Пароль')


      11 | }
      12 | async function login(page: Page) {
    > 13 |   await page.goto("/login"); await page.getByLabel("Email").fill(email); await page.getByLabel("Пароль").fill(password);
         |                                                                                                          ^
      14 |   await page.getByRole("button", { name: "Войти", exact: true }).click(); await expect(page).toHaveURL(/\/$/);
      15 | }
      16 | async function noOverflow(page: Page) { expect(await page.evaluate(() => document.documentElement.scrollWidth <= innerWidth)).toBe(true); }
        at login (/Users/liubavskii/.codex/worktrees/c870/tab10/tests/e2e/wave-d-tournaments.spec.ts:13:106)
        at /Users/liubavskii/.codex/worktrees/c870/tab10/tests/e2e/wave-d-tournaments.spec.ts:28:7

    attachment #1: screenshot (image/png) ──────────────────────────────────────────────────────────
    ../../../../../../private/tmp/tab10-stage3-browser-rerun-s273mJ/playwright-output/wave-d-tournaments-Wave-D--7537f-d-edit-complete-and-results-chromium-desktop/test-failed-1.png
    ────────────────────────────────────────────────────────────────────────────────────────────────

    attachment #2: video (video/webm) ──────────────────────────────────────────────────────────────
    ../../../../../../private/tmp/tab10-stage3-browser-rerun-s273mJ/playwright-output/wave-d-tournaments-Wave-D--7537f-d-edit-complete-and-results-chromium-desktop/video.webm
    ────────────────────────────────────────────────────────────────────────────────────────────────

    Error Context: ../../../../../../private/tmp/tab10-stage3-browser-rerun-s273mJ/playwright-output/wave-d-tournaments-Wave-D--7537f-d-edit-complete-and-results-chromium-desktop/error-context.md

    attachment #4: trace (application/zip) ─────────────────────────────────────────────────────────
    ../../../../../../private/tmp/tab10-stage3-browser-rerun-s273mJ/playwright-output/wave-d-tournaments-Wave-D--7537f-d-edit-complete-and-results-chromium-desktop/trace.zip
    Usage:

        pnpm exec playwright show-trace ../../../../../../private/tmp/tab10-stage3-browser-rerun-s273mJ/playwright-output/wave-d-tournaments-Wave-D--7537f-d-edit-complete-and-results-chromium-desktop/trace.zip

    ────────────────────────────────────────────────────────────────────────────────────────────────

  17) [chromium-desktop] › tests/e2e/wave-d-tournaments.spec.ts:19:7 › Wave D tournament single_elimination/8 roster, seed edit, complete and results 

    Error: locator.fill: Error: strict mode violation: getByLabel('Пароль') resolved to 2 elements:
        1) <input value="" required="" type="password" name="password" id="login-password" class="_input_6cpf7_135" autocomplete="current-password" aria-labelledby="login-password-label"/> aka getByRole('textbox', { name: 'Пароль' })
        2) <button type="button" aria-pressed="false" aria-label="Показать пароль" aria-controls="login-password" class="auth-password-field__toggle">…</button> aka getByRole('button', { name: 'Показать пароль' })

    Call log:
      - waiting for getByLabel('Пароль')


      11 | }
      12 | async function login(page: Page) {
    > 13 |   await page.goto("/login"); await page.getByLabel("Email").fill(email); await page.getByLabel("Пароль").fill(password);
         |                                                                                                          ^
      14 |   await page.getByRole("button", { name: "Войти", exact: true }).click(); await expect(page).toHaveURL(/\/$/);
      15 | }
      16 | async function noOverflow(page: Page) { expect(await page.evaluate(() => document.documentElement.scrollWidth <= innerWidth)).toBe(true); }
        at login (/Users/liubavskii/.codex/worktrees/c870/tab10/tests/e2e/wave-d-tournaments.spec.ts:13:106)
        at /Users/liubavskii/.codex/worktrees/c870/tab10/tests/e2e/wave-d-tournaments.spec.ts:28:7

    attachment #1: screenshot (image/png) ──────────────────────────────────────────────────────────
    ../../../../../../private/tmp/tab10-stage3-browser-rerun-s273mJ/playwright-output/wave-d-tournaments-Wave-D--16223-d-edit-complete-and-results-chromium-desktop/test-failed-1.png
    ────────────────────────────────────────────────────────────────────────────────────────────────

    attachment #2: video (video/webm) ──────────────────────────────────────────────────────────────
    ../../../../../../private/tmp/tab10-stage3-browser-rerun-s273mJ/playwright-output/wave-d-tournaments-Wave-D--16223-d-edit-complete-and-results-chromium-desktop/video.webm
    ────────────────────────────────────────────────────────────────────────────────────────────────

    Error Context: ../../../../../../private/tmp/tab10-stage3-browser-rerun-s273mJ/playwright-output/wave-d-tournaments-Wave-D--16223-d-edit-complete-and-results-chromium-desktop/error-context.md

    attachment #4: trace (application/zip) ─────────────────────────────────────────────────────────
    ../../../../../../private/tmp/tab10-stage3-browser-rerun-s273mJ/playwright-output/wave-d-tournaments-Wave-D--16223-d-edit-complete-and-results-chromium-desktop/trace.zip
    Usage:

        pnpm exec playwright show-trace ../../../../../../private/tmp/tab10-stage3-browser-rerun-s273mJ/playwright-output/wave-d-tournaments-Wave-D--16223-d-edit-complete-and-results-chromium-desktop/trace.zip

    ────────────────────────────────────────────────────────────────────────────────────────────────

  18) [chromium-desktop] › tests/e2e/wave-d-tournaments.spec.ts:19:7 › Wave D tournament double_elimination/3 roster, seed edit, complete and results 

    Error: locator.fill: Error: strict mode violation: getByLabel('Пароль') resolved to 2 elements:
        1) <input value="" required="" type="password" name="password" id="login-password" class="_input_6cpf7_135" autocomplete="current-password" aria-labelledby="login-password-label"/> aka getByRole('textbox', { name: 'Пароль' })
        2) <button type="button" aria-pressed="false" aria-label="Показать пароль" aria-controls="login-password" class="auth-password-field__toggle">…</button> aka getByRole('button', { name: 'Показать пароль' })

    Call log:
      - waiting for getByLabel('Пароль')


      11 | }
      12 | async function login(page: Page) {
    > 13 |   await page.goto("/login"); await page.getByLabel("Email").fill(email); await page.getByLabel("Пароль").fill(password);
         |                                                                                                          ^
      14 |   await page.getByRole("button", { name: "Войти", exact: true }).click(); await expect(page).toHaveURL(/\/$/);
      15 | }
      16 | async function noOverflow(page: Page) { expect(await page.evaluate(() => document.documentElement.scrollWidth <= innerWidth)).toBe(true); }
        at login (/Users/liubavskii/.codex/worktrees/c870/tab10/tests/e2e/wave-d-tournaments.spec.ts:13:106)
        at /Users/liubavskii/.codex/worktrees/c870/tab10/tests/e2e/wave-d-tournaments.spec.ts:28:7

    attachment #1: screenshot (image/png) ──────────────────────────────────────────────────────────
    ../../../../../../private/tmp/tab10-stage3-browser-rerun-s273mJ/playwright-output/wave-d-tournaments-Wave-D--f8e27-d-edit-complete-and-results-chromium-desktop/test-failed-1.png
    ────────────────────────────────────────────────────────────────────────────────────────────────

    attachment #2: video (video/webm) ──────────────────────────────────────────────────────────────
    ../../../../../../private/tmp/tab10-stage3-browser-rerun-s273mJ/playwright-output/wave-d-tournaments-Wave-D--f8e27-d-edit-complete-and-results-chromium-desktop/video.webm
    ────────────────────────────────────────────────────────────────────────────────────────────────

    Error Context: ../../../../../../private/tmp/tab10-stage3-browser-rerun-s273mJ/playwright-output/wave-d-tournaments-Wave-D--f8e27-d-edit-complete-and-results-chromium-desktop/error-context.md

    attachment #4: trace (application/zip) ─────────────────────────────────────────────────────────
    ../../../../../../private/tmp/tab10-stage3-browser-rerun-s273mJ/playwright-output/wave-d-tournaments-Wave-D--f8e27-d-edit-complete-and-results-chromium-desktop/trace.zip
    Usage:

        pnpm exec playwright show-trace ../../../../../../private/tmp/tab10-stage3-browser-rerun-s273mJ/playwright-output/wave-d-tournaments-Wave-D--f8e27-d-edit-complete-and-results-chromium-desktop/trace.zip

    ────────────────────────────────────────────────────────────────────────────────────────────────

  19) [chromium-desktop] › tests/e2e/wave-d-tournaments.spec.ts:19:7 › Wave D tournament double_elimination/5 roster, seed edit, complete and results 

    Error: locator.fill: Error: strict mode violation: getByLabel('Пароль') resolved to 2 elements:
        1) <input value="" required="" type="password" name="password" id="login-password" class="_input_6cpf7_135" autocomplete="current-password" aria-labelledby="login-password-label"/> aka getByRole('textbox', { name: 'Пароль' })
        2) <button type="button" aria-pressed="false" aria-label="Показать пароль" aria-controls="login-password" class="auth-password-field__toggle">…</button> aka getByRole('button', { name: 'Показать пароль' })

    Call log:
      - waiting for getByLabel('Пароль')


      11 | }
      12 | async function login(page: Page) {
    > 13 |   await page.goto("/login"); await page.getByLabel("Email").fill(email); await page.getByLabel("Пароль").fill(password);
         |                                                                                                          ^
      14 |   await page.getByRole("button", { name: "Войти", exact: true }).click(); await expect(page).toHaveURL(/\/$/);
      15 | }
      16 | async function noOverflow(page: Page) { expect(await page.evaluate(() => document.documentElement.scrollWidth <= innerWidth)).toBe(true); }
        at login (/Users/liubavskii/.codex/worktrees/c870/tab10/tests/e2e/wave-d-tournaments.spec.ts:13:106)
        at /Users/liubavskii/.codex/worktrees/c870/tab10/tests/e2e/wave-d-tournaments.spec.ts:28:7

    attachment #1: screenshot (image/png) ──────────────────────────────────────────────────────────
    ../../../../../../private/tmp/tab10-stage3-browser-rerun-s273mJ/playwright-output/wave-d-tournaments-Wave-D--40b31-d-edit-complete-and-results-chromium-desktop/test-failed-1.png
    ────────────────────────────────────────────────────────────────────────────────────────────────

    attachment #2: video (video/webm) ──────────────────────────────────────────────────────────────
    ../../../../../../private/tmp/tab10-stage3-browser-rerun-s273mJ/playwright-output/wave-d-tournaments-Wave-D--40b31-d-edit-complete-and-results-chromium-desktop/video.webm
    ────────────────────────────────────────────────────────────────────────────────────────────────

    Error Context: ../../../../../../private/tmp/tab10-stage3-browser-rerun-s273mJ/playwright-output/wave-d-tournaments-Wave-D--40b31-d-edit-complete-and-results-chromium-desktop/error-context.md

    attachment #4: trace (application/zip) ─────────────────────────────────────────────────────────
    ../../../../../../private/tmp/tab10-stage3-browser-rerun-s273mJ/playwright-output/wave-d-tournaments-Wave-D--40b31-d-edit-complete-and-results-chromium-desktop/trace.zip
    Usage:

        pnpm exec playwright show-trace ../../../../../../private/tmp/tab10-stage3-browser-rerun-s273mJ/playwright-output/wave-d-tournaments-Wave-D--40b31-d-edit-complete-and-results-chromium-desktop/trace.zip

    ────────────────────────────────────────────────────────────────────────────────────────────────

  20) [chromium-desktop] › tests/e2e/wave-d-tournaments.spec.ts:19:7 › Wave D tournament double_elimination/8 roster, seed edit, complete and results 

    Error: locator.fill: Error: strict mode violation: getByLabel('Пароль') resolved to 2 elements:
        1) <input value="" required="" type="password" name="password" id="login-password" class="_input_6cpf7_135" autocomplete="current-password" aria-labelledby="login-password-label"/> aka getByRole('textbox', { name: 'Пароль' })
        2) <button type="button" aria-pressed="false" aria-label="Показать пароль" aria-controls="login-password" class="auth-password-field__toggle">…</button> aka getByRole('button', { name: 'Показать пароль' })

    Call log:
      - waiting for getByLabel('Пароль')


      11 | }
      12 | async function login(page: Page) {
    > 13 |   await page.goto("/login"); await page.getByLabel("Email").fill(email); await page.getByLabel("Пароль").fill(password);
         |                                                                                                          ^
      14 |   await page.getByRole("button", { name: "Войти", exact: true }).click(); await expect(page).toHaveURL(/\/$/);
      15 | }
      16 | async function noOverflow(page: Page) { expect(await page.evaluate(() => document.documentElement.scrollWidth <= innerWidth)).toBe(true); }
        at login (/Users/liubavskii/.codex/worktrees/c870/tab10/tests/e2e/wave-d-tournaments.spec.ts:13:106)
        at /Users/liubavskii/.codex/worktrees/c870/tab10/tests/e2e/wave-d-tournaments.spec.ts:28:7

    attachment #1: screenshot (image/png) ──────────────────────────────────────────────────────────
    ../../../../../../private/tmp/tab10-stage3-browser-rerun-s273mJ/playwright-output/wave-d-tournaments-Wave-D--d5b59-d-edit-complete-and-results-chromium-desktop/test-failed-1.png
    ────────────────────────────────────────────────────────────────────────────────────────────────

    attachment #2: video (video/webm) ──────────────────────────────────────────────────────────────
    ../../../../../../private/tmp/tab10-stage3-browser-rerun-s273mJ/playwright-output/wave-d-tournaments-Wave-D--d5b59-d-edit-complete-and-results-chromium-desktop/video.webm
    ────────────────────────────────────────────────────────────────────────────────────────────────

    Error Context: ../../../../../../private/tmp/tab10-stage3-browser-rerun-s273mJ/playwright-output/wave-d-tournaments-Wave-D--d5b59-d-edit-complete-and-results-chromium-desktop/error-context.md

    attachment #4: trace (application/zip) ─────────────────────────────────────────────────────────
    ../../../../../../private/tmp/tab10-stage3-browser-rerun-s273mJ/playwright-output/wave-d-tournaments-Wave-D--d5b59-d-edit-complete-and-results-chromium-desktop/trace.zip
    Usage:

        pnpm exec playwright show-trace ../../../../../../private/tmp/tab10-stage3-browser-rerun-s273mJ/playwright-output/wave-d-tournaments-Wave-D--d5b59-d-edit-complete-and-results-chromium-desktop/trace.zip

    ────────────────────────────────────────────────────────────────────────────────────────────────

  21) [chromium-desktop] › tests/e2e/wave-d-tournaments.spec.ts:103:5 › Wave D tournament invalidation, dissolve, cancel and reasoned stop 

    Error: locator.fill: Error: strict mode violation: getByLabel('Пароль') resolved to 2 elements:
        1) <input value="" required="" type="password" name="password" id="login-password" class="_input_6cpf7_135" autocomplete="current-password" aria-labelledby="login-password-label"/> aka getByRole('textbox', { name: 'Пароль' })
        2) <button type="button" aria-pressed="false" aria-label="Показать пароль" aria-controls="login-password" class="auth-password-field__toggle">…</button> aka getByRole('button', { name: 'Показать пароль' })

    Call log:
      - waiting for getByLabel('Пароль')


      11 | }
      12 | async function login(page: Page) {
    > 13 |   await page.goto("/login"); await page.getByLabel("Email").fill(email); await page.getByLabel("Пароль").fill(password);
         |                                                                                                          ^
      14 |   await page.getByRole("button", { name: "Войти", exact: true }).click(); await expect(page).toHaveURL(/\/$/);
      15 | }
      16 | async function noOverflow(page: Page) { expect(await page.evaluate(() => document.documentElement.scrollWidth <= innerWidth)).toBe(true); }
        at login (/Users/liubavskii/.codex/worktrees/c870/tab10/tests/e2e/wave-d-tournaments.spec.ts:13:106)
        at /Users/liubavskii/.codex/worktrees/c870/tab10/tests/e2e/wave-d-tournaments.spec.ts:116:5

    attachment #1: screenshot (image/png) ──────────────────────────────────────────────────────────
    ../../../../../../private/tmp/tab10-stage3-browser-rerun-s273mJ/playwright-output/wave-d-tournaments-Wave-D--548dd-ve-cancel-and-reasoned-stop-chromium-desktop/test-failed-1.png
    ────────────────────────────────────────────────────────────────────────────────────────────────

    attachment #2: video (video/webm) ──────────────────────────────────────────────────────────────
    ../../../../../../private/tmp/tab10-stage3-browser-rerun-s273mJ/playwright-output/wave-d-tournaments-Wave-D--548dd-ve-cancel-and-reasoned-stop-chromium-desktop/video.webm
    ────────────────────────────────────────────────────────────────────────────────────────────────

    Error Context: ../../../../../../private/tmp/tab10-stage3-browser-rerun-s273mJ/playwright-output/wave-d-tournaments-Wave-D--548dd-ve-cancel-and-reasoned-stop-chromium-desktop/error-context.md

    attachment #4: trace (application/zip) ─────────────────────────────────────────────────────────
    ../../../../../../private/tmp/tab10-stage3-browser-rerun-s273mJ/playwright-output/wave-d-tournaments-Wave-D--548dd-ve-cancel-and-reasoned-stop-chromium-desktop/trace.zip
    Usage:

        pnpm exec playwright show-trace ../../../../../../private/tmp/tab10-stage3-browser-rerun-s273mJ/playwright-output/wave-d-tournaments-Wave-D--548dd-ve-cancel-and-reasoned-stop-chromium-desktop/trace.zip

    ────────────────────────────────────────────────────────────────────────────────────────────────

  22) [chromium-desktop] › tests/e2e/wave-f-a11y.spec.ts:55:5 › Wave F auth geometry contrast and admin readable rows 

    Error: locator.fill: Error: strict mode violation: getByLabel('Пароль') resolved to 2 elements:
        1) <input value="" required="" type="password" name="password" id="login-password" class="_input_6cpf7_135" autocomplete="current-password" aria-labelledby="login-password-label"/> aka getByRole('textbox', { name: 'Пароль' })
        2) <button type="button" aria-pressed="false" aria-label="Показать пароль" aria-controls="login-password" class="auth-password-field__toggle">…</button> aka getByRole('button', { name: 'Показать пароль' })

    Call log:
      - waiting for getByLabel('Пароль')


      51 |  await mutate(api,'/api/v1/auth/login',{email,password});await mutate(api,'/api/v1/me/onboarding',{action:'complete'},'PATCH');return api;
      52 | }
    > 53 | async function login(page:Page, destination = /\/$/) {await page.goto('/login');await page.getByLabel('Email').fill(email);await page.getByLabel('Пароль').fill(password);await page.getByRole('button',{name:'Войти',exact:true}).click();await expect(page).toHaveURL(destination);}
         |                                                                                                                                                            ^
      54 |
      55 | test('Wave F auth geometry contrast and admin readable rows',async({page})=>{
      56 |  test.setTimeout(120000);
        at login (/Users/liubavskii/.codex/worktrees/c870/tab10/tests/e2e/wave-f-a11y.spec.ts:53:156)
        at /Users/liubavskii/.codex/worktrees/c870/tab10/tests/e2e/wave-f-a11y.spec.ts:76:3

    attachment #1: screenshot (image/png) ──────────────────────────────────────────────────────────
    ../../../../../../private/tmp/tab10-stage3-browser-rerun-s273mJ/playwright-output/wave-f-a11y-Wave-F-auth-ge-05098-ast-and-admin-readable-rows-chromium-desktop/test-failed-1.png
    ────────────────────────────────────────────────────────────────────────────────────────────────

    attachment #2: video (video/webm) ──────────────────────────────────────────────────────────────
    ../../../../../../private/tmp/tab10-stage3-browser-rerun-s273mJ/playwright-output/wave-f-a11y-Wave-F-auth-ge-05098-ast-and-admin-readable-rows-chromium-desktop/video-3.webm
    ────────────────────────────────────────────────────────────────────────────────────────────────

    attachment #3: video (video/webm) ──────────────────────────────────────────────────────────────
    ../../../../../../private/tmp/tab10-stage3-browser-rerun-s273mJ/playwright-output/wave-f-a11y-Wave-F-auth-ge-05098-ast-and-admin-readable-rows-chromium-desktop/video-2.webm
    ────────────────────────────────────────────────────────────────────────────────────────────────

    attachment #4: video (video/webm) ──────────────────────────────────────────────────────────────
    ../../../../../../private/tmp/tab10-stage3-browser-rerun-s273mJ/playwright-output/wave-f-a11y-Wave-F-auth-ge-05098-ast-and-admin-readable-rows-chromium-desktop/video.webm
    ────────────────────────────────────────────────────────────────────────────────────────────────

    attachment #5: video (video/webm) ──────────────────────────────────────────────────────────────
    ../../../../../../private/tmp/tab10-stage3-browser-rerun-s273mJ/playwright-output/wave-f-a11y-Wave-F-auth-ge-05098-ast-and-admin-readable-rows-chromium-desktop/video-1.webm
    ────────────────────────────────────────────────────────────────────────────────────────────────

    attachment #6: video (video/webm) ──────────────────────────────────────────────────────────────
    ../../../../../../private/tmp/tab10-stage3-browser-rerun-s273mJ/playwright-output/wave-f-a11y-Wave-F-auth-ge-05098-ast-and-admin-readable-rows-chromium-desktop/video-5.webm
    ────────────────────────────────────────────────────────────────────────────────────────────────

    attachment #7: video (video/webm) ──────────────────────────────────────────────────────────────
    ../../../../../../private/tmp/tab10-stage3-browser-rerun-s273mJ/playwright-output/wave-f-a11y-Wave-F-auth-ge-05098-ast-and-admin-readable-rows-chromium-desktop/video-4.webm
    ────────────────────────────────────────────────────────────────────────────────────────────────

    Error Context: ../../../../../../private/tmp/tab10-stage3-browser-rerun-s273mJ/playwright-output/wave-f-a11y-Wave-F-auth-ge-05098-ast-and-admin-readable-rows-chromium-desktop/error-context.md

    attachment #9: trace (application/zip) ─────────────────────────────────────────────────────────
    ../../../../../../private/tmp/tab10-stage3-browser-rerun-s273mJ/playwright-output/wave-f-a11y-Wave-F-auth-ge-05098-ast-and-admin-readable-rows-chromium-desktop/trace.zip
    Usage:

        pnpm exec playwright show-trace ../../../../../../private/tmp/tab10-stage3-browser-rerun-s273mJ/playwright-output/wave-f-a11y-Wave-F-auth-ge-05098-ast-and-admin-readable-rows-chromium-desktop/trace.zip

    ────────────────────────────────────────────────────────────────────────────────────────────────

  23) [chromium-desktop] › tests/e2e/wave-f-a11y.spec.ts:113:5 › Wave F algorithm focus and bracket keyboard geometry 

    Error: locator.fill: Error: strict mode violation: getByLabel('Пароль') resolved to 2 elements:
        1) <input value="" required="" type="password" name="password" id="login-password" class="_input_6cpf7_135" autocomplete="current-password" aria-labelledby="login-password-label"/> aka getByRole('textbox', { name: 'Пароль' })
        2) <button type="button" aria-pressed="false" aria-label="Показать пароль" aria-controls="login-password" class="auth-password-field__toggle">…</button> aka getByRole('button', { name: 'Показать пароль' })

    Call log:
      - waiting for getByLabel('Пароль')


      51 |  await mutate(api,'/api/v1/auth/login',{email,password});await mutate(api,'/api/v1/me/onboarding',{action:'complete'},'PATCH');return api;
      52 | }
    > 53 | async function login(page:Page, destination = /\/$/) {await page.goto('/login');await page.getByLabel('Email').fill(email);await page.getByLabel('Пароль').fill(password);await page.getByRole('button',{name:'Войти',exact:true}).click();await expect(page).toHaveURL(destination);}
         |                                                                                                                                                            ^
      54 |
      55 | test('Wave F auth geometry contrast and admin readable rows',async({page})=>{
      56 |  test.setTimeout(120000);
        at login (/Users/liubavskii/.codex/worktrees/c870/tab10/tests/e2e/wave-f-a11y.spec.ts:53:156)
        at /Users/liubavskii/.codex/worktrees/c870/tab10/tests/e2e/wave-f-a11y.spec.ts:117:2

    attachment #1: screenshot (image/png) ──────────────────────────────────────────────────────────
    ../../../../../../private/tmp/tab10-stage3-browser-rerun-s273mJ/playwright-output/wave-f-a11y-Wave-F-algorit-dd3bc-d-bracket-keyboard-geometry-chromium-desktop/test-failed-1.png
    ────────────────────────────────────────────────────────────────────────────────────────────────

    attachment #2: video (video/webm) ──────────────────────────────────────────────────────────────
    ../../../../../../private/tmp/tab10-stage3-browser-rerun-s273mJ/playwright-output/wave-f-a11y-Wave-F-algorit-dd3bc-d-bracket-keyboard-geometry-chromium-desktop/video.webm
    ────────────────────────────────────────────────────────────────────────────────────────────────

    Error Context: ../../../../../../private/tmp/tab10-stage3-browser-rerun-s273mJ/playwright-output/wave-f-a11y-Wave-F-algorit-dd3bc-d-bracket-keyboard-geometry-chromium-desktop/error-context.md

    attachment #4: trace (application/zip) ─────────────────────────────────────────────────────────
    ../../../../../../private/tmp/tab10-stage3-browser-rerun-s273mJ/playwright-output/wave-f-a11y-Wave-F-algorit-dd3bc-d-bracket-keyboard-geometry-chromium-desktop/trace.zip
    Usage:

        pnpm exec playwright show-trace ../../../../../../private/tmp/tab10-stage3-browser-rerun-s273mJ/playwright-output/wave-f-a11y-Wave-F-algorit-dd3bc-d-bracket-keyboard-geometry-chromium-desktop/trace.zip

    ────────────────────────────────────────────────────────────────────────────────────────────────

  24) [chromium-desktop] › tests/e2e/wave-f-a11y.spec.ts:149:5 › Wave F judge disclosure score and landscape 

    Error: locator.fill: Error: strict mode violation: getByLabel('Пароль') resolved to 2 elements:
        1) <input value="" required="" type="password" name="password" id="login-password" class="_input_6cpf7_135" autocomplete="current-password" aria-labelledby="login-password-label"/> aka getByRole('textbox', { name: 'Пароль' })
        2) <button type="button" aria-pressed="false" aria-label="Показать пароль" aria-controls="login-password" class="auth-password-field__toggle">…</button> aka getByRole('button', { name: 'Показать пароль' })

    Call log:
      - waiting for getByLabel('Пароль')


      51 |  await mutate(api,'/api/v1/auth/login',{email,password});await mutate(api,'/api/v1/me/onboarding',{action:'complete'},'PATCH');return api;
      52 | }
    > 53 | async function login(page:Page, destination = /\/$/) {await page.goto('/login');await page.getByLabel('Email').fill(email);await page.getByLabel('Пароль').fill(password);await page.getByRole('button',{name:'Войти',exact:true}).click();await expect(page).toHaveURL(destination);}
         |                                                                                                                                                            ^
      54 |
      55 | test('Wave F auth geometry contrast and admin readable rows',async({page})=>{
      56 |  test.setTimeout(120000);
        at login (/Users/liubavskii/.codex/worktrees/c870/tab10/tests/e2e/wave-f-a11y.spec.ts:53:156)
        at /Users/liubavskii/.codex/worktrees/c870/tab10/tests/e2e/wave-f-a11y.spec.ts:151:2

    attachment #1: screenshot (image/png) ──────────────────────────────────────────────────────────
    ../../../../../../private/tmp/tab10-stage3-browser-rerun-s273mJ/playwright-output/wave-f-a11y-Wave-F-judge-disclosure-score-and-landscape-chromium-desktop/test-failed-1.png
    ────────────────────────────────────────────────────────────────────────────────────────────────

    attachment #2: video (video/webm) ──────────────────────────────────────────────────────────────
    ../../../../../../private/tmp/tab10-stage3-browser-rerun-s273mJ/playwright-output/wave-f-a11y-Wave-F-judge-disclosure-score-and-landscape-chromium-desktop/video.webm
    ────────────────────────────────────────────────────────────────────────────────────────────────

    Error Context: ../../../../../../private/tmp/tab10-stage3-browser-rerun-s273mJ/playwright-output/wave-f-a11y-Wave-F-judge-disclosure-score-and-landscape-chromium-desktop/error-context.md

    attachment #4: trace (application/zip) ─────────────────────────────────────────────────────────
    ../../../../../../private/tmp/tab10-stage3-browser-rerun-s273mJ/playwright-output/wave-f-a11y-Wave-F-judge-disclosure-score-and-landscape-chromium-desktop/trace.zip
    Usage:

        pnpm exec playwright show-trace ../../../../../../private/tmp/tab10-stage3-browser-rerun-s273mJ/playwright-output/wave-f-a11y-Wave-F-judge-disclosure-score-and-landscape-chromium-desktop/trace.zip

    ────────────────────────────────────────────────────────────────────────────────────────────────

  25) [chromium-desktop] › tests/e2e/wave-f-a11y.spec.ts:165:5 › Wave F onboarding heading and recovery states keep keyboard context 

    Error: locator.fill: Error: strict mode violation: getByLabel('Пароль') resolved to 2 elements:
        1) <input value="" required="" type="password" name="password" id="login-password" class="_input_6cpf7_135" autocomplete="current-password" aria-labelledby="login-password-label"/> aka getByRole('textbox', { name: 'Пароль' })
        2) <button type="button" aria-pressed="false" aria-label="Показать пароль" aria-controls="login-password" class="auth-password-field__toggle">…</button> aka getByRole('button', { name: 'Показать пароль' })

    Call log:
      - waiting for getByLabel('Пароль')


      51 |  await mutate(api,'/api/v1/auth/login',{email,password});await mutate(api,'/api/v1/me/onboarding',{action:'complete'},'PATCH');return api;
      52 | }
    > 53 | async function login(page:Page, destination = /\/$/) {await page.goto('/login');await page.getByLabel('Email').fill(email);await page.getByLabel('Пароль').fill(password);await page.getByRole('button',{name:'Войти',exact:true}).click();await expect(page).toHaveURL(destination);}
         |                                                                                                                                                            ^
      54 |
      55 | test('Wave F auth geometry contrast and admin readable rows',async({page})=>{
      56 |  test.setTimeout(120000);
        at login (/Users/liubavskii/.codex/worktrees/c870/tab10/tests/e2e/wave-f-a11y.spec.ts:53:156)
        at /Users/liubavskii/.codex/worktrees/c870/tab10/tests/e2e/wave-f-a11y.spec.ts:170:5

    attachment #1: screenshot (image/png) ──────────────────────────────────────────────────────────
    ../../../../../../private/tmp/tab10-stage3-browser-rerun-s273mJ/playwright-output/wave-f-a11y-Wave-F-onboard-5d5fa-tates-keep-keyboard-context-chromium-desktop/test-failed-1.png
    ────────────────────────────────────────────────────────────────────────────────────────────────

    attachment #2: video (video/webm) ──────────────────────────────────────────────────────────────
    ../../../../../../private/tmp/tab10-stage3-browser-rerun-s273mJ/playwright-output/wave-f-a11y-Wave-F-onboard-5d5fa-tates-keep-keyboard-context-chromium-desktop/video.webm
    ────────────────────────────────────────────────────────────────────────────────────────────────

    Error Context: ../../../../../../private/tmp/tab10-stage3-browser-rerun-s273mJ/playwright-output/wave-f-a11y-Wave-F-onboard-5d5fa-tates-keep-keyboard-context-chromium-desktop/error-context.md

    attachment #4: trace (application/zip) ─────────────────────────────────────────────────────────
    ../../../../../../private/tmp/tab10-stage3-browser-rerun-s273mJ/playwright-output/wave-f-a11y-Wave-F-onboard-5d5fa-tates-keep-keyboard-context-chromium-desktop/trace.zip
    Usage:

        pnpm exec playwright show-trace ../../../../../../private/tmp/tab10-stage3-browser-rerun-s273mJ/playwright-output/wave-f-a11y-Wave-F-onboard-5d5fa-tates-keep-keyboard-context-chromium-desktop/trace.zip

    ────────────────────────────────────────────────────────────────────────────────────────────────

  26) [chromium-desktop] › tests/e2e/wave-f-a11y.spec.ts:187:5 › Wave F dialog review recovers hidden removed and busy focus 

    Error: locator.fill: Error: strict mode violation: getByLabel('Пароль') resolved to 2 elements:
        1) <input value="" required="" type="password" name="password" id="login-password" class="_input_6cpf7_135" autocomplete="current-password" aria-labelledby="login-password-label"/> aka getByRole('textbox', { name: 'Пароль' })
        2) <button type="button" aria-pressed="false" aria-label="Показать пароль" aria-controls="login-password" class="auth-password-field__toggle">…</button> aka getByRole('button', { name: 'Показать пароль' })

    Call log:
      - waiting for getByLabel('Пароль')


      51 |  await mutate(api,'/api/v1/auth/login',{email,password});await mutate(api,'/api/v1/me/onboarding',{action:'complete'},'PATCH');return api;
      52 | }
    > 53 | async function login(page:Page, destination = /\/$/) {await page.goto('/login');await page.getByLabel('Email').fill(email);await page.getByLabel('Пароль').fill(password);await page.getByRole('button',{name:'Войти',exact:true}).click();await expect(page).toHaveURL(destination);}
         |                                                                                                                                                            ^
      54 |
      55 | test('Wave F auth geometry contrast and admin readable rows',async({page})=>{
      56 |  test.setTimeout(120000);
        at login (/Users/liubavskii/.codex/worktrees/c870/tab10/tests/e2e/wave-f-a11y.spec.ts:53:156)
        at /Users/liubavskii/.codex/worktrees/c870/tab10/tests/e2e/wave-f-a11y.spec.ts:198:5

    attachment #1: screenshot (image/png) ──────────────────────────────────────────────────────────
    ../../../../../../private/tmp/tab10-stage3-browser-rerun-s273mJ/playwright-output/wave-f-a11y-Wave-F-dialog--ff63b-dden-removed-and-busy-focus-chromium-desktop/test-failed-1.png
    ────────────────────────────────────────────────────────────────────────────────────────────────

    attachment #2: video (video/webm) ──────────────────────────────────────────────────────────────
    ../../../../../../private/tmp/tab10-stage3-browser-rerun-s273mJ/playwright-output/wave-f-a11y-Wave-F-dialog--ff63b-dden-removed-and-busy-focus-chromium-desktop/video.webm
    ────────────────────────────────────────────────────────────────────────────────────────────────

    Error Context: ../../../../../../private/tmp/tab10-stage3-browser-rerun-s273mJ/playwright-output/wave-f-a11y-Wave-F-dialog--ff63b-dden-removed-and-busy-focus-chromium-desktop/error-context.md

    attachment #4: trace (application/zip) ─────────────────────────────────────────────────────────
    ../../../../../../private/tmp/tab10-stage3-browser-rerun-s273mJ/playwright-output/wave-f-a11y-Wave-F-dialog--ff63b-dden-removed-and-busy-focus-chromium-desktop/trace.zip
    Usage:

        pnpm exec playwright show-trace ../../../../../../private/tmp/tab10-stage3-browser-rerun-s273mJ/playwright-output/wave-f-a11y-Wave-F-dialog--ff63b-dden-removed-and-busy-focus-chromium-desktop/trace.zip

    ────────────────────────────────────────────────────────────────────────────────────────────────

  27) [chromium-mobile-390] › tests/e2e/critical.spec.ts:109:5 › E2E_auth_match_judge__AT-MATCH-001_005_008_AT-JUDGE-001_003_006_007__finishes_disposable_match 

    Error: locator.fill: Error: strict mode violation: getByLabel('Пароль') resolved to 2 elements:
        1) <input value="" required="" type="password" name="password" id="login-password" class="_input_6cpf7_135" autocomplete="current-password" aria-labelledby="login-password-label"/> aka getByRole('textbox', { name: 'Пароль' })
        2) <button type="button" aria-pressed="false" aria-label="Показать пароль" aria-controls="login-password" class="auth-password-field__toggle">…</button> aka getByRole('button', { name: 'Показать пароль' })

    Call log:
      - waiting for getByLabel('Пароль')


      56 |   await expectNoHorizontalOverflow(page);
      57 |   await page.getByLabel("Email").fill(ADMIN_EMAIL);
    > 58 |   await page.getByLabel("Пароль").fill(ADMIN_PASSWORD);
         |                                   ^
      59 |   await page.getByRole("button", { name: "Войти" }).click();
      60 |   await expect(page).toHaveURL(/\/$/);
      61 |   await expect(
        at loginBrowser (/Users/liubavskii/.codex/worktrees/c870/tab10/tests/e2e/critical.spec.ts:58:35)
        at /Users/liubavskii/.codex/worktrees/c870/tab10/tests/e2e/critical.spec.ts:112:3

    attachment #1: screenshot (image/png) ──────────────────────────────────────────────────────────
    ../../../../../../private/tmp/tab10-stage3-browser-rerun-s273mJ/playwright-output/critical-E2E-auth-match-ju-72f78-7-finishes-disposable-match-chromium-mobile-390/test-failed-1.png
    ────────────────────────────────────────────────────────────────────────────────────────────────

    attachment #2: video (video/webm) ──────────────────────────────────────────────────────────────
    ../../../../../../private/tmp/tab10-stage3-browser-rerun-s273mJ/playwright-output/critical-E2E-auth-match-ju-72f78-7-finishes-disposable-match-chromium-mobile-390/video-1.webm
    ────────────────────────────────────────────────────────────────────────────────────────────────

    attachment #3: video (video/webm) ──────────────────────────────────────────────────────────────
    ../../../../../../private/tmp/tab10-stage3-browser-rerun-s273mJ/playwright-output/critical-E2E-auth-match-ju-72f78-7-finishes-disposable-match-chromium-mobile-390/video.webm
    ────────────────────────────────────────────────────────────────────────────────────────────────

    Error Context: ../../../../../../private/tmp/tab10-stage3-browser-rerun-s273mJ/playwright-output/critical-E2E-auth-match-ju-72f78-7-finishes-disposable-match-chromium-mobile-390/error-context.md

    attachment #5: trace (application/zip) ─────────────────────────────────────────────────────────
    ../../../../../../private/tmp/tab10-stage3-browser-rerun-s273mJ/playwright-output/critical-E2E-auth-match-ju-72f78-7-finishes-disposable-match-chromium-mobile-390/trace.zip
    Usage:

        pnpm exec playwright show-trace ../../../../../../private/tmp/tab10-stage3-browser-rerun-s273mJ/playwright-output/critical-E2E-auth-match-ju-72f78-7-finishes-disposable-match-chromium-mobile-390/trace.zip

    ────────────────────────────────────────────────────────────────────────────────────────────────

  28) [chromium-mobile-390] › tests/e2e/critical.spec.ts:157:5 › E2E_runtime_session_recovery__AT-AUTH-009__preserves_route_and_draft_without_replaying_mutation 

    Error: locator.fill: Error: strict mode violation: getByLabel('Пароль') resolved to 2 elements:
        1) <input value="" required="" type="password" name="password" id="login-password" class="_input_6cpf7_135" autocomplete="current-password" aria-labelledby="login-password-label"/> aka getByRole('textbox', { name: 'Пароль' })
        2) <button type="button" aria-pressed="false" aria-label="Показать пароль" aria-controls="login-password" class="auth-password-field__toggle">…</button> aka getByRole('button', { name: 'Показать пароль' })

    Call log:
      - waiting for getByLabel('Пароль')


      56 |   await expectNoHorizontalOverflow(page);
      57 |   await page.getByLabel("Email").fill(ADMIN_EMAIL);
    > 58 |   await page.getByLabel("Пароль").fill(ADMIN_PASSWORD);
         |                                   ^
      59 |   await page.getByRole("button", { name: "Войти" }).click();
      60 |   await expect(page).toHaveURL(/\/$/);
      61 |   await expect(
        at loginBrowser (/Users/liubavskii/.codex/worktrees/c870/tab10/tests/e2e/critical.spec.ts:58:35)
        at /Users/liubavskii/.codex/worktrees/c870/tab10/tests/e2e/critical.spec.ts:160:3

    attachment #1: screenshot (image/png) ──────────────────────────────────────────────────────────
    ../../../../../../private/tmp/tab10-stage3-browser-rerun-s273mJ/playwright-output/critical-E2E-runtime-sessi-72798--without-replaying-mutation-chromium-mobile-390/test-failed-1.png
    ────────────────────────────────────────────────────────────────────────────────────────────────

    attachment #2: video (video/webm) ──────────────────────────────────────────────────────────────
    ../../../../../../private/tmp/tab10-stage3-browser-rerun-s273mJ/playwright-output/critical-E2E-runtime-sessi-72798--without-replaying-mutation-chromium-mobile-390/video-1.webm
    ────────────────────────────────────────────────────────────────────────────────────────────────

    attachment #3: video (video/webm) ──────────────────────────────────────────────────────────────
    ../../../../../../private/tmp/tab10-stage3-browser-rerun-s273mJ/playwright-output/critical-E2E-runtime-sessi-72798--without-replaying-mutation-chromium-mobile-390/video.webm
    ────────────────────────────────────────────────────────────────────────────────────────────────

    Error Context: ../../../../../../private/tmp/tab10-stage3-browser-rerun-s273mJ/playwright-output/critical-E2E-runtime-sessi-72798--without-replaying-mutation-chromium-mobile-390/error-context.md

    attachment #5: trace (application/zip) ─────────────────────────────────────────────────────────
    ../../../../../../private/tmp/tab10-stage3-browser-rerun-s273mJ/playwright-output/critical-E2E-runtime-sessi-72798--without-replaying-mutation-chromium-mobile-390/trace.zip
    Usage:

        pnpm exec playwright show-trace ../../../../../../private/tmp/tab10-stage3-browser-rerun-s273mJ/playwright-output/critical-E2E-runtime-sessi-72798--without-replaying-mutation-chromium-mobile-390/trace.zip

    ────────────────────────────────────────────────────────────────────────────────────────────────

  29) [chromium-mobile-390] › tests/e2e/production-smoke.spec.ts:13:5 › compiled web and API work through the same-origin production-like proxy 

    Error: locator.fill: Error: strict mode violation: getByLabel('Пароль') resolved to 2 elements:
        1) <input value="" required="" type="password" name="password" id="login-password" class="_input_6cpf7_135" autocomplete="current-password" aria-labelledby="login-password-label"/> aka getByRole('textbox', { name: 'Пароль' })
        2) <button type="button" aria-pressed="false" aria-label="Показать пароль" aria-controls="login-password" class="auth-password-field__toggle">…</button> aka getByRole('button', { name: 'Показать пароль' })

    Call log:
      - waiting for getByLabel('Пароль')


      48 |   await expect(page.getByRole("form", { name: "Форма входа" })).toBeVisible();
      49 |   await page.getByLabel("Email").fill(adminEmail);
    > 50 |   await page.getByLabel("Пароль").fill(adminPassword);
         |                                   ^
      51 |   await page.getByRole("button", { name: "Войти" }).click();
      52 |
      53 |   await expect(page).toHaveURL(/\/$/);
        at /Users/liubavskii/.codex/worktrees/c870/tab10/tests/e2e/production-smoke.spec.ts:50:35

    attachment #1: screenshot (image/png) ──────────────────────────────────────────────────────────
    ../../../../../../private/tmp/tab10-stage3-browser-rerun-s273mJ/playwright-output/production-smoke-compiled--829f0-rigin-production-like-proxy-chromium-mobile-390/test-failed-1.png
    ────────────────────────────────────────────────────────────────────────────────────────────────

    attachment #2: video (video/webm) ──────────────────────────────────────────────────────────────
    ../../../../../../private/tmp/tab10-stage3-browser-rerun-s273mJ/playwright-output/production-smoke-compiled--829f0-rigin-production-like-proxy-chromium-mobile-390/video.webm
    ────────────────────────────────────────────────────────────────────────────────────────────────

    Error Context: ../../../../../../private/tmp/tab10-stage3-browser-rerun-s273mJ/playwright-output/production-smoke-compiled--829f0-rigin-production-like-proxy-chromium-mobile-390/error-context.md

    attachment #4: trace (application/zip) ─────────────────────────────────────────────────────────
    ../../../../../../private/tmp/tab10-stage3-browser-rerun-s273mJ/playwright-output/production-smoke-compiled--829f0-rigin-production-like-proxy-chromium-mobile-390/trace.zip
    Usage:

        pnpm exec playwright show-trace ../../../../../../private/tmp/tab10-stage3-browser-rerun-s273mJ/playwright-output/production-smoke-compiled--829f0-rigin-production-like-proxy-chromium-mobile-390/trace.zip

    ────────────────────────────────────────────────────────────────────────────────────────────────

  30) [chromium-mobile-390] › tests/e2e/stage2-home.spec.ts:7:5 › AT-HOME-003 Home keeps direct actions and all secondary routes at mobile and desktop 

    Error: locator.fill: Error: strict mode violation: getByLabel('Пароль') resolved to 2 elements:
        1) <input value="" required="" type="password" name="password" id="login-password" class="_input_6cpf7_135" autocomplete="current-password" aria-labelledby="login-password-label"/> aka getByRole('textbox', { name: 'Пароль' })
        2) <button type="button" aria-pressed="false" aria-label="Показать пароль" aria-controls="login-password" class="auth-password-field__toggle">…</button> aka getByRole('button', { name: 'Показать пароль' })

    Call log:
      - waiting for getByLabel('Пароль')


       9 |   await expect(page).toHaveURL(/\/login$/);
      10 |   await page.getByLabel("Email").fill(adminEmail);
    > 11 |   await page.getByLabel("Пароль").fill(adminPassword);
         |                                   ^
      12 |   await page.getByRole("button", { name: "Войти" }).click();
      13 |   await expect(page).toHaveURL(/\/history$/);
      14 |   await page.goto("/");
        at /Users/liubavskii/.codex/worktrees/c870/tab10/tests/e2e/stage2-home.spec.ts:11:35

    attachment #1: screenshot (image/png) ──────────────────────────────────────────────────────────
    ../../../../../../private/tmp/tab10-stage3-browser-rerun-s273mJ/playwright-output/stage2-home-AT-HOME-003-Ho-53897-outes-at-mobile-and-desktop-chromium-mobile-390/test-failed-1.png
    ────────────────────────────────────────────────────────────────────────────────────────────────

    attachment #2: video (video/webm) ──────────────────────────────────────────────────────────────
    ../../../../../../private/tmp/tab10-stage3-browser-rerun-s273mJ/playwright-output/stage2-home-AT-HOME-003-Ho-53897-outes-at-mobile-and-desktop-chromium-mobile-390/video.webm
    ────────────────────────────────────────────────────────────────────────────────────────────────

    Error Context: ../../../../../../private/tmp/tab10-stage3-browser-rerun-s273mJ/playwright-output/stage2-home-AT-HOME-003-Ho-53897-outes-at-mobile-and-desktop-chromium-mobile-390/error-context.md

    attachment #4: trace (application/zip) ─────────────────────────────────────────────────────────
    ../../../../../../private/tmp/tab10-stage3-browser-rerun-s273mJ/playwright-output/stage2-home-AT-HOME-003-Ho-53897-outes-at-mobile-and-desktop-chromium-mobile-390/trace.zip
    Usage:

        pnpm exec playwright show-trace ../../../../../../private/tmp/tab10-stage3-browser-rerun-s273mJ/playwright-output/stage2-home-AT-HOME-003-Ho-53897-outes-at-mobile-and-desktop-chromium-mobile-390/trace.zip

    ────────────────────────────────────────────────────────────────────────────────────────────────

  31) [chromium-mobile-390] › tests/e2e/stage2-home.spec.ts:63:5 › AT-HOME-003 Home keeps navigation after a fetch error 

    Error: locator.fill: Error: strict mode violation: getByLabel('Пароль') resolved to 2 elements:
        1) <input value="" required="" type="password" name="password" id="login-password" class="_input_6cpf7_135" autocomplete="current-password" aria-labelledby="login-password-label"/> aka getByRole('textbox', { name: 'Пароль' })
        2) <button type="button" aria-pressed="false" aria-label="Показать пароль" aria-controls="login-password" class="auth-password-field__toggle">…</button> aka getByRole('button', { name: 'Показать пароль' })

    Call log:
      - waiting for getByLabel('Пароль')


      64 |   await page.goto("/login");
      65 |   await page.getByLabel("Email").fill(adminEmail);
    > 66 |   await page.getByLabel("Пароль").fill(adminPassword);
         |                                   ^
      67 |   await page.getByRole("button", { name: "Войти" }).click();
      68 |   await expect(page).toHaveURL(/\/$/);
      69 |   await page.route(/\/api\/v1\/home\?/, (route) => route.fulfill({ status: 503, contentType: "application/json", body: JSON.stringify({ code: "UNAVAILABLE", message: "Синтетическая ошибка" }) }));
        at /Users/liubavskii/.codex/worktrees/c870/tab10/tests/e2e/stage2-home.spec.ts:66:35

    attachment #1: screenshot (image/png) ──────────────────────────────────────────────────────────
    ../../../../../../private/tmp/tab10-stage3-browser-rerun-s273mJ/playwright-output/stage2-home-AT-HOME-003-Ho-9742a-igation-after-a-fetch-error-chromium-mobile-390/test-failed-1.png
    ────────────────────────────────────────────────────────────────────────────────────────────────

    attachment #2: video (video/webm) ──────────────────────────────────────────────────────────────
    ../../../../../../private/tmp/tab10-stage3-browser-rerun-s273mJ/playwright-output/stage2-home-AT-HOME-003-Ho-9742a-igation-after-a-fetch-error-chromium-mobile-390/video.webm
    ────────────────────────────────────────────────────────────────────────────────────────────────

    Error Context: ../../../../../../private/tmp/tab10-stage3-browser-rerun-s273mJ/playwright-output/stage2-home-AT-HOME-003-Ho-9742a-igation-after-a-fetch-error-chromium-mobile-390/error-context.md

    attachment #4: trace (application/zip) ─────────────────────────────────────────────────────────
    ../../../../../../private/tmp/tab10-stage3-browser-rerun-s273mJ/playwright-output/stage2-home-AT-HOME-003-Ho-9742a-igation-after-a-fetch-error-chromium-mobile-390/trace.zip
    Usage:

        pnpm exec playwright show-trace ../../../../../../private/tmp/tab10-stage3-browser-rerun-s273mJ/playwright-output/stage2-home-AT-HOME-003-Ho-9742a-igation-after-a-fetch-error-chromium-mobile-390/trace.zip

    ────────────────────────────────────────────────────────────────────────────────────────────────

  32) [chromium-mobile-390] › tests/e2e/stage2-home.spec.ts:83:5 › HOME-007 finished match keeps sides and score first with a side-specific winner mark 

    Error: locator.fill: Error: strict mode violation: getByLabel('Пароль') resolved to 2 elements:
        1) <input value="" required="" type="password" name="password" id="login-password" class="_input_6cpf7_135" autocomplete="current-password" aria-labelledby="login-password-label"/> aka getByRole('textbox', { name: 'Пароль' })
        2) <button type="button" aria-pressed="false" aria-label="Показать пароль" aria-controls="login-password" class="auth-password-field__toggle">…</button> aka getByRole('button', { name: 'Показать пароль' })

    Call log:
      - waiting for getByLabel('Пароль')


      84 |   await page.goto("/login");
      85 |   await page.getByLabel("Email").fill(adminEmail);
    > 86 |   await page.getByLabel("Пароль").fill(adminPassword);
         |                                   ^
      87 |   await page.getByRole("button", { name: "Войти" }).click();
      88 |   await expect(page).toHaveURL(/\/(?:onboarding)?$/);
      89 |   const csrf = (await page.context().cookies()).find((cookie) => cookie.name === "tab10_csrf");
        at /Users/liubavskii/.codex/worktrees/c870/tab10/tests/e2e/stage2-home.spec.ts:86:35

    attachment #1: screenshot (image/png) ──────────────────────────────────────────────────────────
    ../../../../../../private/tmp/tab10-stage3-browser-rerun-s273mJ/playwright-output/stage2-home-HOME-007-finis-f820d-a-side-specific-winner-mark-chromium-mobile-390/test-failed-1.png
    ────────────────────────────────────────────────────────────────────────────────────────────────

    attachment #2: video (video/webm) ──────────────────────────────────────────────────────────────
    ../../../../../../private/tmp/tab10-stage3-browser-rerun-s273mJ/playwright-output/stage2-home-HOME-007-finis-f820d-a-side-specific-winner-mark-chromium-mobile-390/video.webm
    ────────────────────────────────────────────────────────────────────────────────────────────────

    Error Context: ../../../../../../private/tmp/tab10-stage3-browser-rerun-s273mJ/playwright-output/stage2-home-HOME-007-finis-f820d-a-side-specific-winner-mark-chromium-mobile-390/error-context.md

    attachment #4: trace (application/zip) ─────────────────────────────────────────────────────────
    ../../../../../../private/tmp/tab10-stage3-browser-rerun-s273mJ/playwright-output/stage2-home-HOME-007-finis-f820d-a-side-specific-winner-mark-chromium-mobile-390/trace.zip
    Usage:

        pnpm exec playwright show-trace ../../../../../../private/tmp/tab10-stage3-browser-rerun-s273mJ/playwright-output/stage2-home-HOME-007-finis-f820d-a-side-specific-winner-mark-chromium-mobile-390/trace.zip

    ────────────────────────────────────────────────────────────────────────────────────────────────

  33) [chromium-mobile-390] › tests/e2e/stage2-home.spec.ts:139:5 › GAP-031 keeps overflow tasks collapsed until requested 

    Error: locator.fill: Error: strict mode violation: getByLabel('Пароль') resolved to 2 elements:
        1) <input value="" required="" type="password" name="password" id="login-password" class="_input_6cpf7_135" autocomplete="current-password" aria-labelledby="login-password-label"/> aka getByRole('textbox', { name: 'Пароль' })
        2) <button type="button" aria-pressed="false" aria-label="Показать пароль" aria-controls="login-password" class="auth-password-field__toggle">…</button> aka getByRole('button', { name: 'Показать пароль' })

    Call log:
      - waiting for getByLabel('Пароль')


      140 |   await page.goto("/login");
      141 |   await page.getByLabel("Email").fill(adminEmail);
    > 142 |   await page.getByLabel("Пароль").fill(adminPassword);
          |                                   ^
      143 |   await page.getByRole("button", { name: "Войти" }).click();
      144 |   await expect(page).toHaveURL(/\/$/);
      145 |   const home = (await (await page.request.get("/api/v1/home?period=all_time&recentRole=all&notificationView=available")).json());
        at /Users/liubavskii/.codex/worktrees/c870/tab10/tests/e2e/stage2-home.spec.ts:142:35

    attachment #1: screenshot (image/png) ──────────────────────────────────────────────────────────
    ../../../../../../private/tmp/tab10-stage3-browser-rerun-s273mJ/playwright-output/stage2-home-GAP-031-keeps--337de-s-collapsed-until-requested-chromium-mobile-390/test-failed-1.png
    ────────────────────────────────────────────────────────────────────────────────────────────────

    attachment #2: video (video/webm) ──────────────────────────────────────────────────────────────
    ../../../../../../private/tmp/tab10-stage3-browser-rerun-s273mJ/playwright-output/stage2-home-GAP-031-keeps--337de-s-collapsed-until-requested-chromium-mobile-390/video.webm
    ────────────────────────────────────────────────────────────────────────────────────────────────

    Error Context: ../../../../../../private/tmp/tab10-stage3-browser-rerun-s273mJ/playwright-output/stage2-home-GAP-031-keeps--337de-s-collapsed-until-requested-chromium-mobile-390/error-context.md

    attachment #4: trace (application/zip) ─────────────────────────────────────────────────────────
    ../../../../../../private/tmp/tab10-stage3-browser-rerun-s273mJ/playwright-output/stage2-home-GAP-031-keeps--337de-s-collapsed-until-requested-chromium-mobile-390/trace.zip
    Usage:

        pnpm exec playwright show-trace ../../../../../../private/tmp/tab10-stage3-browser-rerun-s273mJ/playwright-output/stage2-home-GAP-031-keeps--337de-s-collapsed-until-requested-chromium-mobile-390/trace.zip

    ────────────────────────────────────────────────────────────────────────────────────────────────

  34) [chromium-mobile-390] › tests/e2e/stage2-home.spec.ts:161:5 › GAP-030 explicit Home releases judge slot; Browser Back is measured separately 

    Error: locator.fill: Error: strict mode violation: getByLabel('Пароль') resolved to 2 elements:
        1) <input value="" required="" type="password" name="password" id="login-password" class="_input_6cpf7_135" autocomplete="current-password" aria-labelledby="login-password-label"/> aka getByRole('textbox', { name: 'Пароль' })
        2) <button type="button" aria-pressed="false" aria-label="Показать пароль" aria-controls="login-password" class="auth-password-field__toggle">…</button> aka getByRole('button', { name: 'Показать пароль' })

    Call log:
      - waiting for getByLabel('Пароль')


      164 |     await page.goto("/login");
      165 |     await page.getByLabel("Email").fill(adminEmail);
    > 166 |     await page.getByLabel("Пароль").fill(adminPassword);
          |                                     ^
      167 |     await page.getByRole("button", { name: "Войти" }).click();
      168 |     await expect(page).toHaveURL(/\/$/);
      169 |     await page.goto("/matches/new");
        at /Users/liubavskii/.codex/worktrees/c870/tab10/tests/e2e/stage2-home.spec.ts:166:37

    attachment #1: screenshot (image/png) ──────────────────────────────────────────────────────────
    ../../../../../../private/tmp/tab10-stage3-browser-rerun-s273mJ/playwright-output/stage2-home-GAP-030-explic-9bb09-Back-is-measured-separately-chromium-mobile-390/test-failed-1.png
    ────────────────────────────────────────────────────────────────────────────────────────────────

    attachment #2: video (video/webm) ──────────────────────────────────────────────────────────────
    ../../../../../../private/tmp/tab10-stage3-browser-rerun-s273mJ/playwright-output/stage2-home-GAP-030-explic-9bb09-Back-is-measured-separately-chromium-mobile-390/video.webm
    ────────────────────────────────────────────────────────────────────────────────────────────────

    Error Context: ../../../../../../private/tmp/tab10-stage3-browser-rerun-s273mJ/playwright-output/stage2-home-GAP-030-explic-9bb09-Back-is-measured-separately-chromium-mobile-390/error-context.md

    attachment #4: trace (application/zip) ─────────────────────────────────────────────────────────
    ../../../../../../private/tmp/tab10-stage3-browser-rerun-s273mJ/playwright-output/stage2-home-GAP-030-explic-9bb09-Back-is-measured-separately-chromium-mobile-390/trace.zip
    Usage:

        pnpm exec playwright show-trace ../../../../../../private/tmp/tab10-stage3-browser-rerun-s273mJ/playwright-output/stage2-home-GAP-030-explic-9bb09-Back-is-measured-separately-chromium-mobile-390/trace.zip

    ────────────────────────────────────────────────────────────────────────────────────────────────

  35) [chromium-mobile-390] › tests/e2e/wave-b.spec.ts:44:5 › Wave B AT-PROFILE-001..005 AT-RANK-005..006 own edit, revoke, team and private public card 

    Error: locator.fill: Error: strict mode violation: getByLabel('Пароль') resolved to 2 elements:
        1) <input value="" required="" type="password" name="password" id="login-password" class="_input_6cpf7_135" autocomplete="current-password" aria-labelledby="login-password-label"/> aka getByRole('textbox', { name: 'Пароль' })
        2) <button type="button" aria-pressed="false" aria-label="Показать пароль" aria-controls="login-password" class="auth-password-field__toggle">…</button> aka getByRole('button', { name: 'Показать пароль' })

    Call log:
      - waiting for getByLabel('Пароль')


      34 |   await page.goto("/login");
      35 |   await page.getByLabel("Email").fill(email);
    > 36 |   await page.getByLabel("Пароль").fill(password);
         |                                   ^
      37 |   await page.getByRole("button", { name: "Войти", exact: true }).click();
      38 |   await expect(page).toHaveURL(/\/$/);
      39 | }
        at browserLogin (/Users/liubavskii/.codex/worktrees/c870/tab10/tests/e2e/wave-b.spec.ts:36:35)
        at /Users/liubavskii/.codex/worktrees/c870/tab10/tests/e2e/wave-b.spec.ts:56:5

    attachment #1: screenshot (image/png) ──────────────────────────────────────────────────────────
    ../../../../../../private/tmp/tab10-stage3-browser-rerun-s273mJ/playwright-output/wave-b-Wave-B-AT-PROFILE-0-f046a-eam-and-private-public-card-chromium-mobile-390/test-failed-1.png
    ────────────────────────────────────────────────────────────────────────────────────────────────

    attachment #2: video (video/webm) ──────────────────────────────────────────────────────────────
    ../../../../../../private/tmp/tab10-stage3-browser-rerun-s273mJ/playwright-output/wave-b-Wave-B-AT-PROFILE-0-f046a-eam-and-private-public-card-chromium-mobile-390/video.webm
    ────────────────────────────────────────────────────────────────────────────────────────────────

    Error Context: ../../../../../../private/tmp/tab10-stage3-browser-rerun-s273mJ/playwright-output/wave-b-Wave-B-AT-PROFILE-0-f046a-eam-and-private-public-card-chromium-mobile-390/error-context.md

    attachment #4: trace (application/zip) ─────────────────────────────────────────────────────────
    ../../../../../../private/tmp/tab10-stage3-browser-rerun-s273mJ/playwright-output/wave-b-Wave-B-AT-PROFILE-0-f046a-eam-and-private-public-card-chromium-mobile-390/trace.zip
    Usage:

        pnpm exec playwright show-trace ../../../../../../private/tmp/tab10-stage3-browser-rerun-s273mJ/playwright-output/wave-b-Wave-B-AT-PROFILE-0-f046a-eam-and-private-public-card-chromium-mobile-390/trace.zip

    ────────────────────────────────────────────────────────────────────────────────────────────────

  36) [chromium-mobile-390] › tests/e2e/wave-b.spec.ts:124:5 › Wave B AT-VIS-003 history pagination and detail return keep context 

    Error: locator.fill: Error: strict mode violation: getByLabel('Пароль') resolved to 2 elements:
        1) <input value="" required="" type="password" name="password" id="login-password" class="_input_6cpf7_135" autocomplete="current-password" aria-labelledby="login-password-label"/> aka getByRole('textbox', { name: 'Пароль' })
        2) <button type="button" aria-pressed="false" aria-label="Показать пароль" aria-controls="login-password" class="auth-password-field__toggle">…</button> aka getByRole('button', { name: 'Показать пароль' })

    Call log:
      - waiting for getByLabel('Пароль')


      34 |   await page.goto("/login");
      35 |   await page.getByLabel("Email").fill(email);
    > 36 |   await page.getByLabel("Пароль").fill(password);
         |                                   ^
      37 |   await page.getByRole("button", { name: "Войти", exact: true }).click();
      38 |   await expect(page).toHaveURL(/\/$/);
      39 | }
        at browserLogin (/Users/liubavskii/.codex/worktrees/c870/tab10/tests/e2e/wave-b.spec.ts:36:35)
        at /Users/liubavskii/.codex/worktrees/c870/tab10/tests/e2e/wave-b.spec.ts:135:5

    attachment #1: screenshot (image/png) ──────────────────────────────────────────────────────────
    ../../../../../../private/tmp/tab10-stage3-browser-rerun-s273mJ/playwright-output/wave-b-Wave-B-AT-VIS-003-h-3e075--detail-return-keep-context-chromium-mobile-390/test-failed-1.png
    ────────────────────────────────────────────────────────────────────────────────────────────────

    attachment #2: video (video/webm) ──────────────────────────────────────────────────────────────
    ../../../../../../private/tmp/tab10-stage3-browser-rerun-s273mJ/playwright-output/wave-b-Wave-B-AT-VIS-003-h-3e075--detail-return-keep-context-chromium-mobile-390/video.webm
    ────────────────────────────────────────────────────────────────────────────────────────────────

    Error Context: ../../../../../../private/tmp/tab10-stage3-browser-rerun-s273mJ/playwright-output/wave-b-Wave-B-AT-VIS-003-h-3e075--detail-return-keep-context-chromium-mobile-390/error-context.md

    attachment #4: trace (application/zip) ─────────────────────────────────────────────────────────
    ../../../../../../private/tmp/tab10-stage3-browser-rerun-s273mJ/playwright-output/wave-b-Wave-B-AT-VIS-003-h-3e075--detail-return-keep-context-chromium-mobile-390/trace.zip
    Usage:

        pnpm exec playwright show-trace ../../../../../../private/tmp/tab10-stage3-browser-rerun-s273mJ/playwright-output/wave-b-Wave-B-AT-VIS-003-h-3e075--detail-return-keep-context-chromium-mobile-390/trace.zip

    ────────────────────────────────────────────────────────────────────────────────────────────────

  37) [chromium-mobile-390] › tests/e2e/wave-c.spec.ts:38:5 › Wave C AT-MATCH-013_016 2v2 team selection, rules, no-show and hidden revenge 

    Error: locator.fill: Error: strict mode violation: getByLabel('Пароль') resolved to 2 elements:
        1) <input value="" required="" type="password" name="password" id="login-password" class="_input_6cpf7_135" autocomplete="current-password" aria-labelledby="login-password-label"/> aka getByRole('textbox', { name: 'Пароль' })
        2) <button type="button" aria-pressed="false" aria-label="Показать пароль" aria-controls="login-password" class="auth-password-field__toggle">…</button> aka getByRole('button', { name: 'Показать пароль' })

    Call log:
      - waiting for getByLabel('Пароль')


      31 | }
      32 | async function login(page: Page) {
    > 33 |   await page.goto("/login"); await page.getByLabel("Email").fill(email); await page.getByLabel("Пароль").fill(password);
         |                                                                                                          ^
      34 |   await page.getByRole("button", { name: "Войти", exact: true }).click(); await expect(page).toHaveURL(/\/$/);
      35 | }
      36 | async function noOverflow(page: Page) { expect(await page.evaluate(() => document.documentElement.scrollWidth <= innerWidth)).toBe(true); }
        at login (/Users/liubavskii/.codex/worktrees/c870/tab10/tests/e2e/wave-c.spec.ts:33:106)
        at /Users/liubavskii/.codex/worktrees/c870/tab10/tests/e2e/wave-c.spec.ts:45:5

    attachment #1: screenshot (image/png) ──────────────────────────────────────────────────────────
    ../../../../../../private/tmp/tab10-stage3-browser-rerun-s273mJ/playwright-output/wave-c-Wave-C-AT-MATCH-013-8ab72--no-show-and-hidden-revenge-chromium-mobile-390/test-failed-1.png
    ────────────────────────────────────────────────────────────────────────────────────────────────

    attachment #2: video (video/webm) ──────────────────────────────────────────────────────────────
    ../../../../../../private/tmp/tab10-stage3-browser-rerun-s273mJ/playwright-output/wave-c-Wave-C-AT-MATCH-013-8ab72--no-show-and-hidden-revenge-chromium-mobile-390/video.webm
    ────────────────────────────────────────────────────────────────────────────────────────────────

    Error Context: ../../../../../../private/tmp/tab10-stage3-browser-rerun-s273mJ/playwright-output/wave-c-Wave-C-AT-MATCH-013-8ab72--no-show-and-hidden-revenge-chromium-mobile-390/error-context.md

    attachment #4: trace (application/zip) ─────────────────────────────────────────────────────────
    ../../../../../../private/tmp/tab10-stage3-browser-rerun-s273mJ/playwright-output/wave-c-Wave-C-AT-MATCH-013-8ab72--no-show-and-hidden-revenge-chromium-mobile-390/trace.zip
    Usage:

        pnpm exec playwright show-trace ../../../../../../private/tmp/tab10-stage3-browser-rerun-s273mJ/playwright-output/wave-c-Wave-C-AT-MATCH-013-8ab72--no-show-and-hidden-revenge-chromium-mobile-390/trace.zip

    ────────────────────────────────────────────────────────────────────────────────────────────────

  38) [chromium-mobile-390] › tests/e2e/wave-c.spec.ts:79:5 › Wave C AT-JUDGE-004_010 correction, undo and two-client handover preserve authority 

    Error: locator.fill: Error: strict mode violation: getByLabel('Пароль') resolved to 2 elements:
        1) <input value="" required="" type="password" name="password" id="login-password" class="_input_6cpf7_135" autocomplete="current-password" aria-labelledby="login-password-label"/> aka getByRole('textbox', { name: 'Пароль' })
        2) <button type="button" aria-pressed="false" aria-label="Показать пароль" aria-controls="login-password" class="auth-password-field__toggle">…</button> aka getByRole('button', { name: 'Показать пароль' })

    Call log:
      - waiting for getByLabel('Пароль')


      31 | }
      32 | async function login(page: Page) {
    > 33 |   await page.goto("/login"); await page.getByLabel("Email").fill(email); await page.getByLabel("Пароль").fill(password);
         |                                                                                                          ^
      34 |   await page.getByRole("button", { name: "Войти", exact: true }).click(); await expect(page).toHaveURL(/\/$/);
      35 | }
      36 | async function noOverflow(page: Page) { expect(await page.evaluate(() => document.documentElement.scrollWidth <= innerWidth)).toBe(true); }
        at login (/Users/liubavskii/.codex/worktrees/c870/tab10/tests/e2e/wave-c.spec.ts:33:106)
        at /Users/liubavskii/.codex/worktrees/c870/tab10/tests/e2e/wave-c.spec.ts:89:5

    attachment #1: screenshot (image/png) ──────────────────────────────────────────────────────────
    ../../../../../../private/tmp/tab10-stage3-browser-rerun-s273mJ/playwright-output/wave-c-Wave-C-AT-JUDGE-004-a8521-handover-preserve-authority-chromium-mobile-390/test-failed-1.png
    ────────────────────────────────────────────────────────────────────────────────────────────────

    attachment #2: video (video/webm) ──────────────────────────────────────────────────────────────
    ../../../../../../private/tmp/tab10-stage3-browser-rerun-s273mJ/playwright-output/wave-c-Wave-C-AT-JUDGE-004-a8521-handover-preserve-authority-chromium-mobile-390/video.webm
    ────────────────────────────────────────────────────────────────────────────────────────────────

    attachment #3: screenshot (image/png) ──────────────────────────────────────────────────────────
    ../../../../../../private/tmp/tab10-stage3-browser-rerun-s273mJ/playwright-output/wave-c-Wave-C-AT-JUDGE-004-a8521-handover-preserve-authority-chromium-mobile-390/test-failed-2.png
    ────────────────────────────────────────────────────────────────────────────────────────────────

    Error Context: ../../../../../../private/tmp/tab10-stage3-browser-rerun-s273mJ/playwright-output/wave-c-Wave-C-AT-JUDGE-004-a8521-handover-preserve-authority-chromium-mobile-390/error-context.md

    attachment #5: trace (application/zip) ─────────────────────────────────────────────────────────
    ../../../../../../private/tmp/tab10-stage3-browser-rerun-s273mJ/playwright-output/wave-c-Wave-C-AT-JUDGE-004-a8521-handover-preserve-authority-chromium-mobile-390/trace.zip
    Usage:

        pnpm exec playwright show-trace ../../../../../../private/tmp/tab10-stage3-browser-rerun-s273mJ/playwright-output/wave-c-Wave-C-AT-JUDGE-004-a8521-handover-preserve-authority-chromium-mobile-390/trace.zip

    ────────────────────────────────────────────────────────────────────────────────────────────────

  39) [chromium-mobile-390] › tests/e2e/wave-c.spec.ts:135:5 › Wave C AT-JUDGE-001 creator starts while another club judge retains the slot 

    Error: locator.fill: Error: strict mode violation: getByLabel('Пароль') resolved to 2 elements:
        1) <input value="" required="" type="password" name="password" id="login-password" class="_input_6cpf7_135" autocomplete="current-password" aria-labelledby="login-password-label"/> aka getByRole('textbox', { name: 'Пароль' })
        2) <button type="button" aria-pressed="false" aria-label="Показать пароль" aria-controls="login-password" class="auth-password-field__toggle">…</button> aka getByRole('button', { name: 'Показать пароль' })

    Call log:
      - waiting for getByLabel('Пароль')


      31 | }
      32 | async function login(page: Page) {
    > 33 |   await page.goto("/login"); await page.getByLabel("Email").fill(email); await page.getByLabel("Пароль").fill(password);
         |                                                                                                          ^
      34 |   await page.getByRole("button", { name: "Войти", exact: true }).click(); await expect(page).toHaveURL(/\/$/);
      35 | }
      36 | async function noOverflow(page: Page) { expect(await page.evaluate(() => document.documentElement.scrollWidth <= innerWidth)).toBe(true); }
        at login (/Users/liubavskii/.codex/worktrees/c870/tab10/tests/e2e/wave-c.spec.ts:33:106)
        at /Users/liubavskii/.codex/worktrees/c870/tab10/tests/e2e/wave-c.spec.ts:148:5

    attachment #1: screenshot (image/png) ──────────────────────────────────────────────────────────
    ../../../../../../private/tmp/tab10-stage3-browser-rerun-s273mJ/playwright-output/wave-c-Wave-C-AT-JUDGE-001-a672a-club-judge-retains-the-slot-chromium-mobile-390/test-failed-1.png
    ────────────────────────────────────────────────────────────────────────────────────────────────

    attachment #2: video (video/webm) ──────────────────────────────────────────────────────────────
    ../../../../../../private/tmp/tab10-stage3-browser-rerun-s273mJ/playwright-output/wave-c-Wave-C-AT-JUDGE-001-a672a-club-judge-retains-the-slot-chromium-mobile-390/video.webm
    ────────────────────────────────────────────────────────────────────────────────────────────────

    attachment #3: screenshot (image/png) ──────────────────────────────────────────────────────────
    ../../../../../../private/tmp/tab10-stage3-browser-rerun-s273mJ/playwright-output/wave-c-Wave-C-AT-JUDGE-001-a672a-club-judge-retains-the-slot-chromium-mobile-390/test-failed-2.png
    ────────────────────────────────────────────────────────────────────────────────────────────────

    Error Context: ../../../../../../private/tmp/tab10-stage3-browser-rerun-s273mJ/playwright-output/wave-c-Wave-C-AT-JUDGE-001-a672a-club-judge-retains-the-slot-chromium-mobile-390/error-context.md

    attachment #5: trace (application/zip) ─────────────────────────────────────────────────────────
    ../../../../../../private/tmp/tab10-stage3-browser-rerun-s273mJ/playwright-output/wave-c-Wave-C-AT-JUDGE-001-a672a-club-judge-retains-the-slot-chromium-mobile-390/trace.zip
    Usage:

        pnpm exec playwright show-trace ../../../../../../private/tmp/tab10-stage3-browser-rerun-s273mJ/playwright-output/wave-c-Wave-C-AT-JUDGE-001-a672a-club-judge-retains-the-slot-chromium-mobile-390/trace.zip

    ────────────────────────────────────────────────────────────────────────────────────────────────

  40) [chromium-mobile-390] › tests/e2e/wave-d-teams.spec.ts:23:5 › Wave D AT-TEAM-001..007 create, accept welcome, transfer, leave and automatic archive 

    Error: locator.fill: Error: strict mode violation: getByLabel('Пароль') resolved to 2 elements:
        1) <input value="" required="" type="password" name="password" id="login-password" class="_input_6cpf7_135" autocomplete="current-password" aria-labelledby="login-password-label"/> aka getByRole('textbox', { name: 'Пароль' })
        2) <button type="button" aria-pressed="false" aria-label="Показать пароль" aria-controls="login-password" class="auth-password-field__toggle">…</button> aka getByRole('button', { name: 'Показать пароль' })

    Call log:
      - waiting for getByLabel('Пароль')


      33 |   const errors: string[] = []; for (const p of [page, memberPage]) p.on("pageerror", (e) => errors.push(e.message));
      34 |   try {
    > 35 |     await page.goto("/login"); await page.getByLabel("Email").fill(email); await page.getByLabel("Пароль").fill(password);
         |                                                                                                            ^
      36 |     await page.getByRole("button", { name: "Войти", exact: true }).click(); await expect(page).toHaveURL(/\/$/);
      37 |     await page.goto("/teams");
      38 |     await page.getByLabel("Название команды", { exact: true }).fill(name);
        at /Users/liubavskii/.codex/worktrees/c870/tab10/tests/e2e/wave-d-teams.spec.ts:35:108

    attachment #1: screenshot (image/png) ──────────────────────────────────────────────────────────
    ../../../../../../private/tmp/tab10-stage3-browser-rerun-s273mJ/playwright-output/wave-d-teams-Wave-D-AT-TEA-f08ec-leave-and-automatic-archive-chromium-mobile-390/test-failed-1.png
    ────────────────────────────────────────────────────────────────────────────────────────────────

    attachment #2: video (video/webm) ──────────────────────────────────────────────────────────────
    ../../../../../../private/tmp/tab10-stage3-browser-rerun-s273mJ/playwright-output/wave-d-teams-Wave-D-AT-TEA-f08ec-leave-and-automatic-archive-chromium-mobile-390/video.webm
    ────────────────────────────────────────────────────────────────────────────────────────────────

    attachment #3: screenshot (image/png) ──────────────────────────────────────────────────────────
    ../../../../../../private/tmp/tab10-stage3-browser-rerun-s273mJ/playwright-output/wave-d-teams-Wave-D-AT-TEA-f08ec-leave-and-automatic-archive-chromium-mobile-390/test-failed-2.png
    ────────────────────────────────────────────────────────────────────────────────────────────────

    Error Context: ../../../../../../private/tmp/tab10-stage3-browser-rerun-s273mJ/playwright-output/wave-d-teams-Wave-D-AT-TEA-f08ec-leave-and-automatic-archive-chromium-mobile-390/error-context.md

    attachment #5: trace (application/zip) ─────────────────────────────────────────────────────────
    ../../../../../../private/tmp/tab10-stage3-browser-rerun-s273mJ/playwright-output/wave-d-teams-Wave-D-AT-TEA-f08ec-leave-and-automatic-archive-chromium-mobile-390/trace.zip
    Usage:

        pnpm exec playwright show-trace ../../../../../../private/tmp/tab10-stage3-browser-rerun-s273mJ/playwright-output/wave-d-teams-Wave-D-AT-TEA-f08ec-leave-and-automatic-archive-chromium-mobile-390/trace.zip

    ────────────────────────────────────────────────────────────────────────────────────────────────

  41) [chromium-mobile-390] › tests/e2e/wave-d-tournaments.spec.ts:19:7 › Wave D tournament single_elimination/3 roster, seed edit, complete and results 

    Error: locator.fill: Error: strict mode violation: getByLabel('Пароль') resolved to 2 elements:
        1) <input value="" required="" type="password" name="password" id="login-password" class="_input_6cpf7_135" autocomplete="current-password" aria-labelledby="login-password-label"/> aka getByRole('textbox', { name: 'Пароль' })
        2) <button type="button" aria-pressed="false" aria-label="Показать пароль" aria-controls="login-password" class="auth-password-field__toggle">…</button> aka getByRole('button', { name: 'Показать пароль' })

    Call log:
      - waiting for getByLabel('Пароль')


      11 | }
      12 | async function login(page: Page) {
    > 13 |   await page.goto("/login"); await page.getByLabel("Email").fill(email); await page.getByLabel("Пароль").fill(password);
         |                                                                                                          ^
      14 |   await page.getByRole("button", { name: "Войти", exact: true }).click(); await expect(page).toHaveURL(/\/$/);
      15 | }
      16 | async function noOverflow(page: Page) { expect(await page.evaluate(() => document.documentElement.scrollWidth <= innerWidth)).toBe(true); }
        at login (/Users/liubavskii/.codex/worktrees/c870/tab10/tests/e2e/wave-d-tournaments.spec.ts:13:106)
        at /Users/liubavskii/.codex/worktrees/c870/tab10/tests/e2e/wave-d-tournaments.spec.ts:28:7

    attachment #1: screenshot (image/png) ──────────────────────────────────────────────────────────
    ../../../../../../private/tmp/tab10-stage3-browser-rerun-s273mJ/playwright-output/wave-d-tournaments-Wave-D--fbd55-d-edit-complete-and-results-chromium-mobile-390/test-failed-1.png
    ────────────────────────────────────────────────────────────────────────────────────────────────

    attachment #2: video (video/webm) ──────────────────────────────────────────────────────────────
    ../../../../../../private/tmp/tab10-stage3-browser-rerun-s273mJ/playwright-output/wave-d-tournaments-Wave-D--fbd55-d-edit-complete-and-results-chromium-mobile-390/video.webm
    ────────────────────────────────────────────────────────────────────────────────────────────────

    Error Context: ../../../../../../private/tmp/tab10-stage3-browser-rerun-s273mJ/playwright-output/wave-d-tournaments-Wave-D--fbd55-d-edit-complete-and-results-chromium-mobile-390/error-context.md

    attachment #4: trace (application/zip) ─────────────────────────────────────────────────────────
    ../../../../../../private/tmp/tab10-stage3-browser-rerun-s273mJ/playwright-output/wave-d-tournaments-Wave-D--fbd55-d-edit-complete-and-results-chromium-mobile-390/trace.zip
    Usage:

        pnpm exec playwright show-trace ../../../../../../private/tmp/tab10-stage3-browser-rerun-s273mJ/playwright-output/wave-d-tournaments-Wave-D--fbd55-d-edit-complete-and-results-chromium-mobile-390/trace.zip

    ────────────────────────────────────────────────────────────────────────────────────────────────

  42) [chromium-mobile-390] › tests/e2e/wave-d-tournaments.spec.ts:19:7 › Wave D tournament single_elimination/5 roster, seed edit, complete and results 

    Error: locator.fill: Error: strict mode violation: getByLabel('Пароль') resolved to 2 elements:
        1) <input value="" required="" type="password" name="password" id="login-password" class="_input_6cpf7_135" autocomplete="current-password" aria-labelledby="login-password-label"/> aka getByRole('textbox', { name: 'Пароль' })
        2) <button type="button" aria-pressed="false" aria-label="Показать пароль" aria-controls="login-password" class="auth-password-field__toggle">…</button> aka getByRole('button', { name: 'Показать пароль' })

    Call log:
      - waiting for getByLabel('Пароль')


      11 | }
      12 | async function login(page: Page) {
    > 13 |   await page.goto("/login"); await page.getByLabel("Email").fill(email); await page.getByLabel("Пароль").fill(password);
         |                                                                                                          ^
      14 |   await page.getByRole("button", { name: "Войти", exact: true }).click(); await expect(page).toHaveURL(/\/$/);
      15 | }
      16 | async function noOverflow(page: Page) { expect(await page.evaluate(() => document.documentElement.scrollWidth <= innerWidth)).toBe(true); }
        at login (/Users/liubavskii/.codex/worktrees/c870/tab10/tests/e2e/wave-d-tournaments.spec.ts:13:106)
        at /Users/liubavskii/.codex/worktrees/c870/tab10/tests/e2e/wave-d-tournaments.spec.ts:28:7

    attachment #1: screenshot (image/png) ──────────────────────────────────────────────────────────
    ../../../../../../private/tmp/tab10-stage3-browser-rerun-s273mJ/playwright-output/wave-d-tournaments-Wave-D--7537f-d-edit-complete-and-results-chromium-mobile-390/test-failed-1.png
    ────────────────────────────────────────────────────────────────────────────────────────────────

    attachment #2: video (video/webm) ──────────────────────────────────────────────────────────────
    ../../../../../../private/tmp/tab10-stage3-browser-rerun-s273mJ/playwright-output/wave-d-tournaments-Wave-D--7537f-d-edit-complete-and-results-chromium-mobile-390/video.webm
    ────────────────────────────────────────────────────────────────────────────────────────────────

    Error Context: ../../../../../../private/tmp/tab10-stage3-browser-rerun-s273mJ/playwright-output/wave-d-tournaments-Wave-D--7537f-d-edit-complete-and-results-chromium-mobile-390/error-context.md

    attachment #4: trace (application/zip) ─────────────────────────────────────────────────────────
    ../../../../../../private/tmp/tab10-stage3-browser-rerun-s273mJ/playwright-output/wave-d-tournaments-Wave-D--7537f-d-edit-complete-and-results-chromium-mobile-390/trace.zip
    Usage:

        pnpm exec playwright show-trace ../../../../../../private/tmp/tab10-stage3-browser-rerun-s273mJ/playwright-output/wave-d-tournaments-Wave-D--7537f-d-edit-complete-and-results-chromium-mobile-390/trace.zip

    ────────────────────────────────────────────────────────────────────────────────────────────────

  43) [chromium-mobile-390] › tests/e2e/wave-d-tournaments.spec.ts:19:7 › Wave D tournament single_elimination/8 roster, seed edit, complete and results 

    Error: locator.fill: Error: strict mode violation: getByLabel('Пароль') resolved to 2 elements:
        1) <input value="" required="" type="password" name="password" id="login-password" class="_input_6cpf7_135" autocomplete="current-password" aria-labelledby="login-password-label"/> aka getByRole('textbox', { name: 'Пароль' })
        2) <button type="button" aria-pressed="false" aria-label="Показать пароль" aria-controls="login-password" class="auth-password-field__toggle">…</button> aka getByRole('button', { name: 'Показать пароль' })

    Call log:
      - waiting for getByLabel('Пароль')


      11 | }
      12 | async function login(page: Page) {
    > 13 |   await page.goto("/login"); await page.getByLabel("Email").fill(email); await page.getByLabel("Пароль").fill(password);
         |                                                                                                          ^
      14 |   await page.getByRole("button", { name: "Войти", exact: true }).click(); await expect(page).toHaveURL(/\/$/);
      15 | }
      16 | async function noOverflow(page: Page) { expect(await page.evaluate(() => document.documentElement.scrollWidth <= innerWidth)).toBe(true); }
        at login (/Users/liubavskii/.codex/worktrees/c870/tab10/tests/e2e/wave-d-tournaments.spec.ts:13:106)
        at /Users/liubavskii/.codex/worktrees/c870/tab10/tests/e2e/wave-d-tournaments.spec.ts:28:7

    attachment #1: screenshot (image/png) ──────────────────────────────────────────────────────────
    ../../../../../../private/tmp/tab10-stage3-browser-rerun-s273mJ/playwright-output/wave-d-tournaments-Wave-D--16223-d-edit-complete-and-results-chromium-mobile-390/test-failed-1.png
    ────────────────────────────────────────────────────────────────────────────────────────────────

    attachment #2: video (video/webm) ──────────────────────────────────────────────────────────────
    ../../../../../../private/tmp/tab10-stage3-browser-rerun-s273mJ/playwright-output/wave-d-tournaments-Wave-D--16223-d-edit-complete-and-results-chromium-mobile-390/video.webm
    ────────────────────────────────────────────────────────────────────────────────────────────────

    Error Context: ../../../../../../private/tmp/tab10-stage3-browser-rerun-s273mJ/playwright-output/wave-d-tournaments-Wave-D--16223-d-edit-complete-and-results-chromium-mobile-390/error-context.md

    attachment #4: trace (application/zip) ─────────────────────────────────────────────────────────
    ../../../../../../private/tmp/tab10-stage3-browser-rerun-s273mJ/playwright-output/wave-d-tournaments-Wave-D--16223-d-edit-complete-and-results-chromium-mobile-390/trace.zip
    Usage:

        pnpm exec playwright show-trace ../../../../../../private/tmp/tab10-stage3-browser-rerun-s273mJ/playwright-output/wave-d-tournaments-Wave-D--16223-d-edit-complete-and-results-chromium-mobile-390/trace.zip

    ────────────────────────────────────────────────────────────────────────────────────────────────

  44) [chromium-mobile-390] › tests/e2e/wave-d-tournaments.spec.ts:19:7 › Wave D tournament double_elimination/3 roster, seed edit, complete and results 

    Error: locator.fill: Error: strict mode violation: getByLabel('Пароль') resolved to 2 elements:
        1) <input value="" required="" type="password" name="password" id="login-password" class="_input_6cpf7_135" autocomplete="current-password" aria-labelledby="login-password-label"/> aka getByRole('textbox', { name: 'Пароль' })
        2) <button type="button" aria-pressed="false" aria-label="Показать пароль" aria-controls="login-password" class="auth-password-field__toggle">…</button> aka getByRole('button', { name: 'Показать пароль' })

    Call log:
      - waiting for getByLabel('Пароль')


      11 | }
      12 | async function login(page: Page) {
    > 13 |   await page.goto("/login"); await page.getByLabel("Email").fill(email); await page.getByLabel("Пароль").fill(password);
         |                                                                                                          ^
      14 |   await page.getByRole("button", { name: "Войти", exact: true }).click(); await expect(page).toHaveURL(/\/$/);
      15 | }
      16 | async function noOverflow(page: Page) { expect(await page.evaluate(() => document.documentElement.scrollWidth <= innerWidth)).toBe(true); }
        at login (/Users/liubavskii/.codex/worktrees/c870/tab10/tests/e2e/wave-d-tournaments.spec.ts:13:106)
        at /Users/liubavskii/.codex/worktrees/c870/tab10/tests/e2e/wave-d-tournaments.spec.ts:28:7

    attachment #1: screenshot (image/png) ──────────────────────────────────────────────────────────
    ../../../../../../private/tmp/tab10-stage3-browser-rerun-s273mJ/playwright-output/wave-d-tournaments-Wave-D--f8e27-d-edit-complete-and-results-chromium-mobile-390/test-failed-1.png
    ────────────────────────────────────────────────────────────────────────────────────────────────

    attachment #2: video (video/webm) ──────────────────────────────────────────────────────────────
    ../../../../../../private/tmp/tab10-stage3-browser-rerun-s273mJ/playwright-output/wave-d-tournaments-Wave-D--f8e27-d-edit-complete-and-results-chromium-mobile-390/video.webm
    ────────────────────────────────────────────────────────────────────────────────────────────────

    Error Context: ../../../../../../private/tmp/tab10-stage3-browser-rerun-s273mJ/playwright-output/wave-d-tournaments-Wave-D--f8e27-d-edit-complete-and-results-chromium-mobile-390/error-context.md

    attachment #4: trace (application/zip) ─────────────────────────────────────────────────────────
    ../../../../../../private/tmp/tab10-stage3-browser-rerun-s273mJ/playwright-output/wave-d-tournaments-Wave-D--f8e27-d-edit-complete-and-results-chromium-mobile-390/trace.zip
    Usage:

        pnpm exec playwright show-trace ../../../../../../private/tmp/tab10-stage3-browser-rerun-s273mJ/playwright-output/wave-d-tournaments-Wave-D--f8e27-d-edit-complete-and-results-chromium-mobile-390/trace.zip

    ────────────────────────────────────────────────────────────────────────────────────────────────

  45) [chromium-mobile-390] › tests/e2e/wave-d-tournaments.spec.ts:19:7 › Wave D tournament double_elimination/5 roster, seed edit, complete and results 

    Error: locator.fill: Error: strict mode violation: getByLabel('Пароль') resolved to 2 elements:
        1) <input value="" required="" type="password" name="password" id="login-password" class="_input_6cpf7_135" autocomplete="current-password" aria-labelledby="login-password-label"/> aka getByRole('textbox', { name: 'Пароль' })
        2) <button type="button" aria-pressed="false" aria-label="Показать пароль" aria-controls="login-password" class="auth-password-field__toggle">…</button> aka getByRole('button', { name: 'Показать пароль' })

    Call log:
      - waiting for getByLabel('Пароль')


      11 | }
      12 | async function login(page: Page) {
    > 13 |   await page.goto("/login"); await page.getByLabel("Email").fill(email); await page.getByLabel("Пароль").fill(password);
         |                                                                                                          ^
      14 |   await page.getByRole("button", { name: "Войти", exact: true }).click(); await expect(page).toHaveURL(/\/$/);
      15 | }
      16 | async function noOverflow(page: Page) { expect(await page.evaluate(() => document.documentElement.scrollWidth <= innerWidth)).toBe(true); }
        at login (/Users/liubavskii/.codex/worktrees/c870/tab10/tests/e2e/wave-d-tournaments.spec.ts:13:106)
        at /Users/liubavskii/.codex/worktrees/c870/tab10/tests/e2e/wave-d-tournaments.spec.ts:28:7

    attachment #1: screenshot (image/png) ──────────────────────────────────────────────────────────
    ../../../../../../private/tmp/tab10-stage3-browser-rerun-s273mJ/playwright-output/wave-d-tournaments-Wave-D--40b31-d-edit-complete-and-results-chromium-mobile-390/test-failed-1.png
    ────────────────────────────────────────────────────────────────────────────────────────────────

    attachment #2: video (video/webm) ──────────────────────────────────────────────────────────────
    ../../../../../../private/tmp/tab10-stage3-browser-rerun-s273mJ/playwright-output/wave-d-tournaments-Wave-D--40b31-d-edit-complete-and-results-chromium-mobile-390/video.webm
    ────────────────────────────────────────────────────────────────────────────────────────────────

    Error Context: ../../../../../../private/tmp/tab10-stage3-browser-rerun-s273mJ/playwright-output/wave-d-tournaments-Wave-D--40b31-d-edit-complete-and-results-chromium-mobile-390/error-context.md

    attachment #4: trace (application/zip) ─────────────────────────────────────────────────────────
    ../../../../../../private/tmp/tab10-stage3-browser-rerun-s273mJ/playwright-output/wave-d-tournaments-Wave-D--40b31-d-edit-complete-and-results-chromium-mobile-390/trace.zip
    Usage:

        pnpm exec playwright show-trace ../../../../../../private/tmp/tab10-stage3-browser-rerun-s273mJ/playwright-output/wave-d-tournaments-Wave-D--40b31-d-edit-complete-and-results-chromium-mobile-390/trace.zip

    ────────────────────────────────────────────────────────────────────────────────────────────────

  46) [chromium-mobile-390] › tests/e2e/wave-d-tournaments.spec.ts:19:7 › Wave D tournament double_elimination/8 roster, seed edit, complete and results 

    Error: locator.fill: Error: strict mode violation: getByLabel('Пароль') resolved to 2 elements:
        1) <input value="" required="" type="password" name="password" id="login-password" class="_input_6cpf7_135" autocomplete="current-password" aria-labelledby="login-password-label"/> aka getByRole('textbox', { name: 'Пароль' })
        2) <button type="button" aria-pressed="false" aria-label="Показать пароль" aria-controls="login-password" class="auth-password-field__toggle">…</button> aka getByRole('button', { name: 'Показать пароль' })

    Call log:
      - waiting for getByLabel('Пароль')


      11 | }
      12 | async function login(page: Page) {
    > 13 |   await page.goto("/login"); await page.getByLabel("Email").fill(email); await page.getByLabel("Пароль").fill(password);
         |                                                                                                          ^
      14 |   await page.getByRole("button", { name: "Войти", exact: true }).click(); await expect(page).toHaveURL(/\/$/);
      15 | }
      16 | async function noOverflow(page: Page) { expect(await page.evaluate(() => document.documentElement.scrollWidth <= innerWidth)).toBe(true); }
        at login (/Users/liubavskii/.codex/worktrees/c870/tab10/tests/e2e/wave-d-tournaments.spec.ts:13:106)
        at /Users/liubavskii/.codex/worktrees/c870/tab10/tests/e2e/wave-d-tournaments.spec.ts:28:7

    attachment #1: screenshot (image/png) ──────────────────────────────────────────────────────────
    ../../../../../../private/tmp/tab10-stage3-browser-rerun-s273mJ/playwright-output/wave-d-tournaments-Wave-D--d5b59-d-edit-complete-and-results-chromium-mobile-390/test-failed-1.png
    ────────────────────────────────────────────────────────────────────────────────────────────────

    attachment #2: video (video/webm) ──────────────────────────────────────────────────────────────
    ../../../../../../private/tmp/tab10-stage3-browser-rerun-s273mJ/playwright-output/wave-d-tournaments-Wave-D--d5b59-d-edit-complete-and-results-chromium-mobile-390/video.webm
    ────────────────────────────────────────────────────────────────────────────────────────────────

    Error Context: ../../../../../../private/tmp/tab10-stage3-browser-rerun-s273mJ/playwright-output/wave-d-tournaments-Wave-D--d5b59-d-edit-complete-and-results-chromium-mobile-390/error-context.md

    attachment #4: trace (application/zip) ─────────────────────────────────────────────────────────
    ../../../../../../private/tmp/tab10-stage3-browser-rerun-s273mJ/playwright-output/wave-d-tournaments-Wave-D--d5b59-d-edit-complete-and-results-chromium-mobile-390/trace.zip
    Usage:

        pnpm exec playwright show-trace ../../../../../../private/tmp/tab10-stage3-browser-rerun-s273mJ/playwright-output/wave-d-tournaments-Wave-D--d5b59-d-edit-complete-and-results-chromium-mobile-390/trace.zip

    ────────────────────────────────────────────────────────────────────────────────────────────────

  47) [chromium-mobile-390] › tests/e2e/wave-d-tournaments.spec.ts:103:5 › Wave D tournament invalidation, dissolve, cancel and reasoned stop 

    Error: locator.fill: Error: strict mode violation: getByLabel('Пароль') resolved to 2 elements:
        1) <input value="" required="" type="password" name="password" id="login-password" class="_input_6cpf7_135" autocomplete="current-password" aria-labelledby="login-password-label"/> aka getByRole('textbox', { name: 'Пароль' })
        2) <button type="button" aria-pressed="false" aria-label="Показать пароль" aria-controls="login-password" class="auth-password-field__toggle">…</button> aka getByRole('button', { name: 'Показать пароль' })

    Call log:
      - waiting for getByLabel('Пароль')


      11 | }
      12 | async function login(page: Page) {
    > 13 |   await page.goto("/login"); await page.getByLabel("Email").fill(email); await page.getByLabel("Пароль").fill(password);
         |                                                                                                          ^
      14 |   await page.getByRole("button", { name: "Войти", exact: true }).click(); await expect(page).toHaveURL(/\/$/);
      15 | }
      16 | async function noOverflow(page: Page) { expect(await page.evaluate(() => document.documentElement.scrollWidth <= innerWidth)).toBe(true); }
        at login (/Users/liubavskii/.codex/worktrees/c870/tab10/tests/e2e/wave-d-tournaments.spec.ts:13:106)
        at /Users/liubavskii/.codex/worktrees/c870/tab10/tests/e2e/wave-d-tournaments.spec.ts:116:5

    attachment #1: screenshot (image/png) ──────────────────────────────────────────────────────────
    ../../../../../../private/tmp/tab10-stage3-browser-rerun-s273mJ/playwright-output/wave-d-tournaments-Wave-D--548dd-ve-cancel-and-reasoned-stop-chromium-mobile-390/test-failed-1.png
    ────────────────────────────────────────────────────────────────────────────────────────────────

    attachment #2: video (video/webm) ──────────────────────────────────────────────────────────────
    ../../../../../../private/tmp/tab10-stage3-browser-rerun-s273mJ/playwright-output/wave-d-tournaments-Wave-D--548dd-ve-cancel-and-reasoned-stop-chromium-mobile-390/video.webm
    ────────────────────────────────────────────────────────────────────────────────────────────────

    Error Context: ../../../../../../private/tmp/tab10-stage3-browser-rerun-s273mJ/playwright-output/wave-d-tournaments-Wave-D--548dd-ve-cancel-and-reasoned-stop-chromium-mobile-390/error-context.md

    attachment #4: trace (application/zip) ─────────────────────────────────────────────────────────
    ../../../../../../private/tmp/tab10-stage3-browser-rerun-s273mJ/playwright-output/wave-d-tournaments-Wave-D--548dd-ve-cancel-and-reasoned-stop-chromium-mobile-390/trace.zip
    Usage:

        pnpm exec playwright show-trace ../../../../../../private/tmp/tab10-stage3-browser-rerun-s273mJ/playwright-output/wave-d-tournaments-Wave-D--548dd-ve-cancel-and-reasoned-stop-chromium-mobile-390/trace.zip

    ────────────────────────────────────────────────────────────────────────────────────────────────

  48) [chromium-mobile-390] › tests/e2e/wave-f-a11y.spec.ts:55:5 › Wave F auth geometry contrast and admin readable rows 

    Error: locator.fill: Error: strict mode violation: getByLabel('Пароль') resolved to 2 elements:
        1) <input value="" required="" type="password" name="password" id="login-password" class="_input_6cpf7_135" autocomplete="current-password" aria-labelledby="login-password-label"/> aka getByRole('textbox', { name: 'Пароль' })
        2) <button type="button" aria-pressed="false" aria-label="Показать пароль" aria-controls="login-password" class="auth-password-field__toggle">…</button> aka getByRole('button', { name: 'Показать пароль' })

    Call log:
      - waiting for getByLabel('Пароль')


      51 |  await mutate(api,'/api/v1/auth/login',{email,password});await mutate(api,'/api/v1/me/onboarding',{action:'complete'},'PATCH');return api;
      52 | }
    > 53 | async function login(page:Page, destination = /\/$/) {await page.goto('/login');await page.getByLabel('Email').fill(email);await page.getByLabel('Пароль').fill(password);await page.getByRole('button',{name:'Войти',exact:true}).click();await expect(page).toHaveURL(destination);}
         |                                                                                                                                                            ^
      54 |
      55 | test('Wave F auth geometry contrast and admin readable rows',async({page})=>{
      56 |  test.setTimeout(120000);
        at login (/Users/liubavskii/.codex/worktrees/c870/tab10/tests/e2e/wave-f-a11y.spec.ts:53:156)
        at /Users/liubavskii/.codex/worktrees/c870/tab10/tests/e2e/wave-f-a11y.spec.ts:76:3

    attachment #1: screenshot (image/png) ──────────────────────────────────────────────────────────
    ../../../../../../private/tmp/tab10-stage3-browser-rerun-s273mJ/playwright-output/wave-f-a11y-Wave-F-auth-ge-05098-ast-and-admin-readable-rows-chromium-mobile-390/test-failed-1.png
    ────────────────────────────────────────────────────────────────────────────────────────────────

    attachment #2: video (video/webm) ──────────────────────────────────────────────────────────────
    ../../../../../../private/tmp/tab10-stage3-browser-rerun-s273mJ/playwright-output/wave-f-a11y-Wave-F-auth-ge-05098-ast-and-admin-readable-rows-chromium-mobile-390/video-2.webm
    ────────────────────────────────────────────────────────────────────────────────────────────────

    attachment #3: video (video/webm) ──────────────────────────────────────────────────────────────
    ../../../../../../private/tmp/tab10-stage3-browser-rerun-s273mJ/playwright-output/wave-f-a11y-Wave-F-auth-ge-05098-ast-and-admin-readable-rows-chromium-mobile-390/video-1.webm
    ────────────────────────────────────────────────────────────────────────────────────────────────

    attachment #4: video (video/webm) ──────────────────────────────────────────────────────────────
    ../../../../../../private/tmp/tab10-stage3-browser-rerun-s273mJ/playwright-output/wave-f-a11y-Wave-F-auth-ge-05098-ast-and-admin-readable-rows-chromium-mobile-390/video-3.webm
    ────────────────────────────────────────────────────────────────────────────────────────────────

    attachment #5: video (video/webm) ──────────────────────────────────────────────────────────────
    ../../../../../../private/tmp/tab10-stage3-browser-rerun-s273mJ/playwright-output/wave-f-a11y-Wave-F-auth-ge-05098-ast-and-admin-readable-rows-chromium-mobile-390/video.webm
    ────────────────────────────────────────────────────────────────────────────────────────────────

    attachment #6: video (video/webm) ──────────────────────────────────────────────────────────────
    ../../../../../../private/tmp/tab10-stage3-browser-rerun-s273mJ/playwright-output/wave-f-a11y-Wave-F-auth-ge-05098-ast-and-admin-readable-rows-chromium-mobile-390/video-5.webm
    ────────────────────────────────────────────────────────────────────────────────────────────────

    attachment #7: video (video/webm) ──────────────────────────────────────────────────────────────
    ../../../../../../private/tmp/tab10-stage3-browser-rerun-s273mJ/playwright-output/wave-f-a11y-Wave-F-auth-ge-05098-ast-and-admin-readable-rows-chromium-mobile-390/video-4.webm
    ────────────────────────────────────────────────────────────────────────────────────────────────

    Error Context: ../../../../../../private/tmp/tab10-stage3-browser-rerun-s273mJ/playwright-output/wave-f-a11y-Wave-F-auth-ge-05098-ast-and-admin-readable-rows-chromium-mobile-390/error-context.md

    attachment #9: trace (application/zip) ─────────────────────────────────────────────────────────
    ../../../../../../private/tmp/tab10-stage3-browser-rerun-s273mJ/playwright-output/wave-f-a11y-Wave-F-auth-ge-05098-ast-and-admin-readable-rows-chromium-mobile-390/trace.zip
    Usage:

        pnpm exec playwright show-trace ../../../../../../private/tmp/tab10-stage3-browser-rerun-s273mJ/playwright-output/wave-f-a11y-Wave-F-auth-ge-05098-ast-and-admin-readable-rows-chromium-mobile-390/trace.zip

    ────────────────────────────────────────────────────────────────────────────────────────────────

  49) [chromium-mobile-390] › tests/e2e/wave-f-a11y.spec.ts:113:5 › Wave F algorithm focus and bracket keyboard geometry 

    Error: locator.fill: Error: strict mode violation: getByLabel('Пароль') resolved to 2 elements:
        1) <input value="" required="" type="password" name="password" id="login-password" class="_input_6cpf7_135" autocomplete="current-password" aria-labelledby="login-password-label"/> aka getByRole('textbox', { name: 'Пароль' })
        2) <button type="button" aria-pressed="false" aria-label="Показать пароль" aria-controls="login-password" class="auth-password-field__toggle">…</button> aka getByRole('button', { name: 'Показать пароль' })

    Call log:
      - waiting for getByLabel('Пароль')


      51 |  await mutate(api,'/api/v1/auth/login',{email,password});await mutate(api,'/api/v1/me/onboarding',{action:'complete'},'PATCH');return api;
      52 | }
    > 53 | async function login(page:Page, destination = /\/$/) {await page.goto('/login');await page.getByLabel('Email').fill(email);await page.getByLabel('Пароль').fill(password);await page.getByRole('button',{name:'Войти',exact:true}).click();await expect(page).toHaveURL(destination);}
         |                                                                                                                                                            ^
      54 |
      55 | test('Wave F auth geometry contrast and admin readable rows',async({page})=>{
      56 |  test.setTimeout(120000);
        at login (/Users/liubavskii/.codex/worktrees/c870/tab10/tests/e2e/wave-f-a11y.spec.ts:53:156)
        at /Users/liubavskii/.codex/worktrees/c870/tab10/tests/e2e/wave-f-a11y.spec.ts:117:2

    attachment #1: screenshot (image/png) ──────────────────────────────────────────────────────────
    ../../../../../../private/tmp/tab10-stage3-browser-rerun-s273mJ/playwright-output/wave-f-a11y-Wave-F-algorit-dd3bc-d-bracket-keyboard-geometry-chromium-mobile-390/test-failed-1.png
    ────────────────────────────────────────────────────────────────────────────────────────────────

    attachment #2: video (video/webm) ──────────────────────────────────────────────────────────────
    ../../../../../../private/tmp/tab10-stage3-browser-rerun-s273mJ/playwright-output/wave-f-a11y-Wave-F-algorit-dd3bc-d-bracket-keyboard-geometry-chromium-mobile-390/video.webm
    ────────────────────────────────────────────────────────────────────────────────────────────────

    Error Context: ../../../../../../private/tmp/tab10-stage3-browser-rerun-s273mJ/playwright-output/wave-f-a11y-Wave-F-algorit-dd3bc-d-bracket-keyboard-geometry-chromium-mobile-390/error-context.md

    attachment #4: trace (application/zip) ─────────────────────────────────────────────────────────
    ../../../../../../private/tmp/tab10-stage3-browser-rerun-s273mJ/playwright-output/wave-f-a11y-Wave-F-algorit-dd3bc-d-bracket-keyboard-geometry-chromium-mobile-390/trace.zip
    Usage:

        pnpm exec playwright show-trace ../../../../../../private/tmp/tab10-stage3-browser-rerun-s273mJ/playwright-output/wave-f-a11y-Wave-F-algorit-dd3bc-d-bracket-keyboard-geometry-chromium-mobile-390/trace.zip

    ────────────────────────────────────────────────────────────────────────────────────────────────

  50) [chromium-mobile-390] › tests/e2e/wave-f-a11y.spec.ts:149:5 › Wave F judge disclosure score and landscape 

    Error: locator.fill: Error: strict mode violation: getByLabel('Пароль') resolved to 2 elements:
        1) <input value="" required="" type="password" name="password" id="login-password" class="_input_6cpf7_135" autocomplete="current-password" aria-labelledby="login-password-label"/> aka getByRole('textbox', { name: 'Пароль' })
        2) <button type="button" aria-pressed="false" aria-label="Показать пароль" aria-controls="login-password" class="auth-password-field__toggle">…</button> aka getByRole('button', { name: 'Показать пароль' })

    Call log:
      - waiting for getByLabel('Пароль')


      51 |  await mutate(api,'/api/v1/auth/login',{email,password});await mutate(api,'/api/v1/me/onboarding',{action:'complete'},'PATCH');return api;
      52 | }
    > 53 | async function login(page:Page, destination = /\/$/) {await page.goto('/login');await page.getByLabel('Email').fill(email);await page.getByLabel('Пароль').fill(password);await page.getByRole('button',{name:'Войти',exact:true}).click();await expect(page).toHaveURL(destination);}
         |                                                                                                                                                            ^
      54 |
      55 | test('Wave F auth geometry contrast and admin readable rows',async({page})=>{
      56 |  test.setTimeout(120000);
        at login (/Users/liubavskii/.codex/worktrees/c870/tab10/tests/e2e/wave-f-a11y.spec.ts:53:156)
        at /Users/liubavskii/.codex/worktrees/c870/tab10/tests/e2e/wave-f-a11y.spec.ts:151:2

    attachment #1: screenshot (image/png) ──────────────────────────────────────────────────────────
    ../../../../../../private/tmp/tab10-stage3-browser-rerun-s273mJ/playwright-output/wave-f-a11y-Wave-F-judge-disclosure-score-and-landscape-chromium-mobile-390/test-failed-1.png
    ────────────────────────────────────────────────────────────────────────────────────────────────

    attachment #2: video (video/webm) ──────────────────────────────────────────────────────────────
    ../../../../../../private/tmp/tab10-stage3-browser-rerun-s273mJ/playwright-output/wave-f-a11y-Wave-F-judge-disclosure-score-and-landscape-chromium-mobile-390/video.webm
    ────────────────────────────────────────────────────────────────────────────────────────────────

    Error Context: ../../../../../../private/tmp/tab10-stage3-browser-rerun-s273mJ/playwright-output/wave-f-a11y-Wave-F-judge-disclosure-score-and-landscape-chromium-mobile-390/error-context.md

    attachment #4: trace (application/zip) ─────────────────────────────────────────────────────────
    ../../../../../../private/tmp/tab10-stage3-browser-rerun-s273mJ/playwright-output/wave-f-a11y-Wave-F-judge-disclosure-score-and-landscape-chromium-mobile-390/trace.zip
    Usage:

        pnpm exec playwright show-trace ../../../../../../private/tmp/tab10-stage3-browser-rerun-s273mJ/playwright-output/wave-f-a11y-Wave-F-judge-disclosure-score-and-landscape-chromium-mobile-390/trace.zip

    ────────────────────────────────────────────────────────────────────────────────────────────────

  51) [chromium-mobile-390] › tests/e2e/wave-f-a11y.spec.ts:165:5 › Wave F onboarding heading and recovery states keep keyboard context 

    Error: locator.fill: Error: strict mode violation: getByLabel('Пароль') resolved to 2 elements:
        1) <input value="" required="" type="password" name="password" id="login-password" class="_input_6cpf7_135" autocomplete="current-password" aria-labelledby="login-password-label"/> aka getByRole('textbox', { name: 'Пароль' })
        2) <button type="button" aria-pressed="false" aria-label="Показать пароль" aria-controls="login-password" class="auth-password-field__toggle">…</button> aka getByRole('button', { name: 'Показать пароль' })

    Call log:
      - waiting for getByLabel('Пароль')


      51 |  await mutate(api,'/api/v1/auth/login',{email,password});await mutate(api,'/api/v1/me/onboarding',{action:'complete'},'PATCH');return api;
      52 | }
    > 53 | async function login(page:Page, destination = /\/$/) {await page.goto('/login');await page.getByLabel('Email').fill(email);await page.getByLabel('Пароль').fill(password);await page.getByRole('button',{name:'Войти',exact:true}).click();await expect(page).toHaveURL(destination);}
         |                                                                                                                                                            ^
      54 |
      55 | test('Wave F auth geometry contrast and admin readable rows',async({page})=>{
      56 |  test.setTimeout(120000);
        at login (/Users/liubavskii/.codex/worktrees/c870/tab10/tests/e2e/wave-f-a11y.spec.ts:53:156)
        at /Users/liubavskii/.codex/worktrees/c870/tab10/tests/e2e/wave-f-a11y.spec.ts:170:5

    attachment #1: screenshot (image/png) ──────────────────────────────────────────────────────────
    ../../../../../../private/tmp/tab10-stage3-browser-rerun-s273mJ/playwright-output/wave-f-a11y-Wave-F-onboard-5d5fa-tates-keep-keyboard-context-chromium-mobile-390/test-failed-1.png
    ────────────────────────────────────────────────────────────────────────────────────────────────

    attachment #2: video (video/webm) ──────────────────────────────────────────────────────────────
    ../../../../../../private/tmp/tab10-stage3-browser-rerun-s273mJ/playwright-output/wave-f-a11y-Wave-F-onboard-5d5fa-tates-keep-keyboard-context-chromium-mobile-390/video.webm
    ────────────────────────────────────────────────────────────────────────────────────────────────

    Error Context: ../../../../../../private/tmp/tab10-stage3-browser-rerun-s273mJ/playwright-output/wave-f-a11y-Wave-F-onboard-5d5fa-tates-keep-keyboard-context-chromium-mobile-390/error-context.md

    attachment #4: trace (application/zip) ─────────────────────────────────────────────────────────
    ../../../../../../private/tmp/tab10-stage3-browser-rerun-s273mJ/playwright-output/wave-f-a11y-Wave-F-onboard-5d5fa-tates-keep-keyboard-context-chromium-mobile-390/trace.zip
    Usage:

        pnpm exec playwright show-trace ../../../../../../private/tmp/tab10-stage3-browser-rerun-s273mJ/playwright-output/wave-f-a11y-Wave-F-onboard-5d5fa-tates-keep-keyboard-context-chromium-mobile-390/trace.zip

    ────────────────────────────────────────────────────────────────────────────────────────────────

  52) [chromium-mobile-390] › tests/e2e/wave-f-a11y.spec.ts:187:5 › Wave F dialog review recovers hidden removed and busy focus 

    Error: locator.fill: Error: strict mode violation: getByLabel('Пароль') resolved to 2 elements:
        1) <input value="" required="" type="password" name="password" id="login-password" class="_input_6cpf7_135" autocomplete="current-password" aria-labelledby="login-password-label"/> aka getByRole('textbox', { name: 'Пароль' })
        2) <button type="button" aria-pressed="false" aria-label="Показать пароль" aria-controls="login-password" class="auth-password-field__toggle">…</button> aka getByRole('button', { name: 'Показать пароль' })

    Call log:
      - waiting for getByLabel('Пароль')


      51 |  await mutate(api,'/api/v1/auth/login',{email,password});await mutate(api,'/api/v1/me/onboarding',{action:'complete'},'PATCH');return api;
      52 | }
    > 53 | async function login(page:Page, destination = /\/$/) {await page.goto('/login');await page.getByLabel('Email').fill(email);await page.getByLabel('Пароль').fill(password);await page.getByRole('button',{name:'Войти',exact:true}).click();await expect(page).toHaveURL(destination);}
         |                                                                                                                                                            ^
      54 |
      55 | test('Wave F auth geometry contrast and admin readable rows',async({page})=>{
      56 |  test.setTimeout(120000);
        at login (/Users/liubavskii/.codex/worktrees/c870/tab10/tests/e2e/wave-f-a11y.spec.ts:53:156)
        at /Users/liubavskii/.codex/worktrees/c870/tab10/tests/e2e/wave-f-a11y.spec.ts:198:5

    attachment #1: screenshot (image/png) ──────────────────────────────────────────────────────────
    ../../../../../../private/tmp/tab10-stage3-browser-rerun-s273mJ/playwright-output/wave-f-a11y-Wave-F-dialog--ff63b-dden-removed-and-busy-focus-chromium-mobile-390/test-failed-1.png
    ────────────────────────────────────────────────────────────────────────────────────────────────

    attachment #2: video (video/webm) ──────────────────────────────────────────────────────────────
    ../../../../../../private/tmp/tab10-stage3-browser-rerun-s273mJ/playwright-output/wave-f-a11y-Wave-F-dialog--ff63b-dden-removed-and-busy-focus-chromium-mobile-390/video.webm
    ────────────────────────────────────────────────────────────────────────────────────────────────

    Error Context: ../../../../../../private/tmp/tab10-stage3-browser-rerun-s273mJ/playwright-output/wave-f-a11y-Wave-F-dialog--ff63b-dden-removed-and-busy-focus-chromium-mobile-390/error-context.md

    attachment #4: trace (application/zip) ─────────────────────────────────────────────────────────
    ../../../../../../private/tmp/tab10-stage3-browser-rerun-s273mJ/playwright-output/wave-f-a11y-Wave-F-dialog--ff63b-dden-removed-and-busy-focus-chromium-mobile-390/trace.zip
    Usage:

        pnpm exec playwright show-trace ../../../../../../private/tmp/tab10-stage3-browser-rerun-s273mJ/playwright-output/wave-f-a11y-Wave-F-dialog--ff63b-dden-removed-and-busy-focus-chromium-mobile-390/trace.zip

    ────────────────────────────────────────────────────────────────────────────────────────────────

  52 failed
    [chromium-desktop] › tests/e2e/critical.spec.ts:109:5 › E2E_auth_match_judge__AT-MATCH-001_005_008_AT-JUDGE-001_003_006_007__finishes_disposable_match 
    [chromium-desktop] › tests/e2e/critical.spec.ts:157:5 › E2E_runtime_session_recovery__AT-AUTH-009__preserves_route_and_draft_without_replaying_mutation 
    [chromium-desktop] › tests/e2e/production-smoke.spec.ts:13:5 › compiled web and API work through the same-origin production-like proxy 
    [chromium-desktop] › tests/e2e/stage2-home.spec.ts:7:5 › AT-HOME-003 Home keeps direct actions and all secondary routes at mobile and desktop 
    [chromium-desktop] › tests/e2e/stage2-home.spec.ts:63:5 › AT-HOME-003 Home keeps navigation after a fetch error 
    [chromium-desktop] › tests/e2e/stage2-home.spec.ts:83:5 › HOME-007 finished match keeps sides and score first with a side-specific winner mark 
    [chromium-desktop] › tests/e2e/stage2-home.spec.ts:139:5 › GAP-031 keeps overflow tasks collapsed until requested 
    [chromium-desktop] › tests/e2e/stage2-home.spec.ts:161:5 › GAP-030 explicit Home releases judge slot; Browser Back is measured separately 
    [chromium-desktop] › tests/e2e/wave-b.spec.ts:44:5 › Wave B AT-PROFILE-001..005 AT-RANK-005..006 own edit, revoke, team and private public card 
    [chromium-desktop] › tests/e2e/wave-b.spec.ts:124:5 › Wave B AT-VIS-003 history pagination and detail return keep context 
    [chromium-desktop] › tests/e2e/wave-c.spec.ts:38:5 › Wave C AT-MATCH-013_016 2v2 team selection, rules, no-show and hidden revenge 
    [chromium-desktop] › tests/e2e/wave-c.spec.ts:79:5 › Wave C AT-JUDGE-004_010 correction, undo and two-client handover preserve authority 
    [chromium-desktop] › tests/e2e/wave-c.spec.ts:135:5 › Wave C AT-JUDGE-001 creator starts while another club judge retains the slot 
    [chromium-desktop] › tests/e2e/wave-d-teams.spec.ts:23:5 › Wave D AT-TEAM-001..007 create, accept welcome, transfer, leave and automatic archive 
    [chromium-desktop] › tests/e2e/wave-d-tournaments.spec.ts:19:7 › Wave D tournament single_elimination/3 roster, seed edit, complete and results 
    [chromium-desktop] › tests/e2e/wave-d-tournaments.spec.ts:19:7 › Wave D tournament single_elimination/5 roster, seed edit, complete and results 
    [chromium-desktop] › tests/e2e/wave-d-tournaments.spec.ts:19:7 › Wave D tournament single_elimination/8 roster, seed edit, complete and results 
    [chromium-desktop] › tests/e2e/wave-d-tournaments.spec.ts:19:7 › Wave D tournament double_elimination/3 roster, seed edit, complete and results 
    [chromium-desktop] › tests/e2e/wave-d-tournaments.spec.ts:19:7 › Wave D tournament double_elimination/5 roster, seed edit, complete and results 
    [chromium-desktop] › tests/e2e/wave-d-tournaments.spec.ts:19:7 › Wave D tournament double_elimination/8 roster, seed edit, complete and results 
    [chromium-desktop] › tests/e2e/wave-d-tournaments.spec.ts:103:5 › Wave D tournament invalidation, dissolve, cancel and reasoned stop 
    [chromium-desktop] › tests/e2e/wave-f-a11y.spec.ts:55:5 › Wave F auth geometry contrast and admin readable rows 
    [chromium-desktop] › tests/e2e/wave-f-a11y.spec.ts:113:5 › Wave F algorithm focus and bracket keyboard geometry 
    [chromium-desktop] › tests/e2e/wave-f-a11y.spec.ts:149:5 › Wave F judge disclosure score and landscape 
    [chromium-desktop] › tests/e2e/wave-f-a11y.spec.ts:165:5 › Wave F onboarding heading and recovery states keep keyboard context 
    [chromium-desktop] › tests/e2e/wave-f-a11y.spec.ts:187:5 › Wave F dialog review recovers hidden removed and busy focus 
    [chromium-mobile-390] › tests/e2e/critical.spec.ts:109:5 › E2E_auth_match_judge__AT-MATCH-001_005_008_AT-JUDGE-001_003_006_007__finishes_disposable_match 
    [chromium-mobile-390] › tests/e2e/critical.spec.ts:157:5 › E2E_runtime_session_recovery__AT-AUTH-009__preserves_route_and_draft_without_replaying_mutation 
    [chromium-mobile-390] › tests/e2e/production-smoke.spec.ts:13:5 › compiled web and API work through the same-origin production-like proxy 
    [chromium-mobile-390] › tests/e2e/stage2-home.spec.ts:7:5 › AT-HOME-003 Home keeps direct actions and all secondary routes at mobile and desktop 
    [chromium-mobile-390] › tests/e2e/stage2-home.spec.ts:63:5 › AT-HOME-003 Home keeps navigation after a fetch error 
    [chromium-mobile-390] › tests/e2e/stage2-home.spec.ts:83:5 › HOME-007 finished match keeps sides and score first with a side-specific winner mark 
    [chromium-mobile-390] › tests/e2e/stage2-home.spec.ts:139:5 › GAP-031 keeps overflow tasks collapsed until requested 
    [chromium-mobile-390] › tests/e2e/stage2-home.spec.ts:161:5 › GAP-030 explicit Home releases judge slot; Browser Back is measured separately 
    [chromium-mobile-390] › tests/e2e/wave-b.spec.ts:44:5 › Wave B AT-PROFILE-001..005 AT-RANK-005..006 own edit, revoke, team and private public card 
    [chromium-mobile-390] › tests/e2e/wave-b.spec.ts:124:5 › Wave B AT-VIS-003 history pagination and detail return keep context 
    [chromium-mobile-390] › tests/e2e/wave-c.spec.ts:38:5 › Wave C AT-MATCH-013_016 2v2 team selection, rules, no-show and hidden revenge 
    [chromium-mobile-390] › tests/e2e/wave-c.spec.ts:79:5 › Wave C AT-JUDGE-004_010 correction, undo and two-client handover preserve authority 
    [chromium-mobile-390] › tests/e2e/wave-c.spec.ts:135:5 › Wave C AT-JUDGE-001 creator starts while another club judge retains the slot 
    [chromium-mobile-390] › tests/e2e/wave-d-teams.spec.ts:23:5 › Wave D AT-TEAM-001..007 create, accept welcome, transfer, leave and automatic archive 
    [chromium-mobile-390] › tests/e2e/wave-d-tournaments.spec.ts:19:7 › Wave D tournament single_elimination/3 roster, seed edit, complete and results 
    [chromium-mobile-390] › tests/e2e/wave-d-tournaments.spec.ts:19:7 › Wave D tournament single_elimination/5 roster, seed edit, complete and results 
    [chromium-mobile-390] › tests/e2e/wave-d-tournaments.spec.ts:19:7 › Wave D tournament single_elimination/8 roster, seed edit, complete and results 
    [chromium-mobile-390] › tests/e2e/wave-d-tournaments.spec.ts:19:7 › Wave D tournament double_elimination/3 roster, seed edit, complete and results 
    [chromium-mobile-390] › tests/e2e/wave-d-tournaments.spec.ts:19:7 › Wave D tournament double_elimination/5 roster, seed edit, complete and results 
    [chromium-mobile-390] › tests/e2e/wave-d-tournaments.spec.ts:19:7 › Wave D tournament double_elimination/8 roster, seed edit, complete and results 
    [chromium-mobile-390] › tests/e2e/wave-d-tournaments.spec.ts:103:5 › Wave D tournament invalidation, dissolve, cancel and reasoned stop 
    [chromium-mobile-390] › tests/e2e/wave-f-a11y.spec.ts:55:5 › Wave F auth geometry contrast and admin readable rows 
    [chromium-mobile-390] › tests/e2e/wave-f-a11y.spec.ts:113:5 › Wave F algorithm focus and bracket keyboard geometry 
    [chromium-mobile-390] › tests/e2e/wave-f-a11y.spec.ts:149:5 › Wave F judge disclosure score and landscape 
    [chromium-mobile-390] › tests/e2e/wave-f-a11y.spec.ts:165:5 › Wave F onboarding heading and recovery states keep keyboard context 
    [chromium-mobile-390] › tests/e2e/wave-f-a11y.spec.ts:187:5 › Wave F dialog review recovers hidden removed and busy focus 
  8 passed (1.6m)
file:///Users/liubavskii/.codex/worktrees/c870/tab10/scripts/verify/assert-test-report.mjs:24
    throw new Error(
          ^

Error: /private/tmp/tab10-stage3-browser-rerun-s273mJ/playwright-results.json: expected 0 failed/skipped/todo/interrupted, got {"total":60,"passed":8,"failed":52,"skipped":0,"todo":0,"interrupted":0}
    at ensureZero (file:///Users/liubavskii/.codex/worktrees/c870/tab10/scripts/verify/assert-test-report.mjs:24:11)
    at assertPlaywrightReport (file:///Users/liubavskii/.codex/worktrees/c870/tab10/scripts/verify/assert-test-report.mjs:136:10)
    at async file:///Users/liubavskii/.codex/worktrees/c870/tab10/scripts/verify/run-prodlike-e2e.mjs:207:3

Node.js v24.20.0
 ELIFECYCLE  Command failed with exit code 1.
