
> 10is-ball@4.1.1 verify:e2e /Users/liubavskii/.codex/worktrees/c870/tab10
> node scripts/verify/run-prodlike-e2e.mjs


> Build production API and web artifacts

> 10is-ball@4.1.1 build /Users/liubavskii/.codex/worktrees/c870/tab10
> pnpm -r run build

Scope: 5 of 6 workspace projects
packages/ic-kit build$ echo 'ic-kit vendored; no build'
packages/shared build$ tsc -p tsconfig.json
packages/test-utils build$ tsc -p tsconfig.json
packages/ic-kit build: ic-kit vendored; no build
packages/ic-kit build: Done
packages/test-utils build: Done
packages/shared build: Done
apps/web build$ tsc -b && vite build && node ../../scripts/release/write-web-release.mjs --output dist/release.json
apps/api build$ tsc -p tsconfig.json
apps/web build: vite v6.4.3 building for production...
apps/web build: transforming...
apps/api build: Done
apps/web build: ✓ 115 modules transformed.
apps/web build: rendering chunks...
apps/web build: computing gzip size...
apps/web build: dist/index.html                     0.46 kB │ gzip:     0.30 kB
apps/web build: dist/assets/index-DTlCYQWR.css    717.60 kB │ gzip:   306.36 kB
apps/web build: dist/assets/index-BpjgHcCr.js   4,713.39 kB │ gzip: 1,350.81 kB
apps/web build: ✓ built in 1.18s
apps/web build: (!) Some chunks are larger than 500 kB after minification. Consider:
apps/web build: - Using dynamic import() to code-split the application
apps/web build: - Use build.rollupOptions.output.manualChunks to improve chunking: https://rollupjs.org/configuration-options/#output-manualchunks
apps/web build: - Adjust chunk size limit for this warning via build.chunkSizeWarningLimit.
apps/web build: {"written":"/Users/liubavskii/.codex/worktrees/c870/tab10/apps/web/dist/release.json","release":{"sha":"0123456789abcdef0123456789abcdef01234567","version":"4.1.1","environment":"test","dirty":false}}
apps/web build: Done

> Write deterministic web release metadata
{"written":"/Users/liubavskii/.codex/worktrees/c870/tab10/apps/web/dist/release.json","release":{"sha":"0123456789abcdef0123456789abcdef01234567","version":"4.1.1","environment":"test","dirty":false}}

> Apply compiled migrations before startup

> Exercise the checked-in local PostgreSQL role initializer

> Apply the checked-in local role policy
Local PostgreSQL runtime-role policy applied

> Apply hosted migration contract to the exact local init roles

> 10is-ball@4.1.1 db:migrate /Users/liubavskii/.codex/worktrees/c870/tab10
> node scripts/bin/run-compiled-migration.mjs "--" "--mode=apply"

{
  severity_local: 'NOTICE',
  severity: 'NOTICE',
  code: '42P06',
  message: 'schema "drizzle" already exists, skipping',
  file: 'schemacmds.c',
  line: '132',
  routine: 'CreateSchemaCommand'
}
{
  severity_local: 'NOTICE',
  severity: 'NOTICE',
  code: '42701',
  message: 'column "judge_display_flipped" of relation "matches" already exists, skipping',
  file: 'tablecmds.c',
  line: '7349',
  routine: 'check_for_column_name_collision'
}
{
  severity_local: 'NOTICE',
  severity: 'NOTICE',
  code: '42701',
  message: 'column "tournament_slot_id" of relation "matches" already exists, skipping',
  file: 'tablecmds.c',
  line: '7349',
  routine: 'check_for_column_name_collision'
}
{
  severity_local: 'NOTICE',
  severity: 'NOTICE',
  code: '42701',
  message: 'column "tournament_bracket_match_id" of relation "matches" already exists, skipping',
  file: 'tablecmds.c',
  line: '7349',
  routine: 'check_for_column_name_collision'
}
{
  severity_local: 'NOTICE',
  severity: 'NOTICE',
  code: '42701',
  message: 'column "guest_avatar_key" of relation "match_participants" already exists, skipping',
  file: 'tablecmds.c',
  line: '7349',
  routine: 'check_for_column_name_collision'
}
{
  severity_local: 'NOTICE',
  severity: 'NOTICE',
  code: '42701',
  message: 'column "guest_avatar_key" of relation "tournament_participants" already exists, skipping',
  file: 'tablecmds.c',
  line: '7349',
  routine: 'check_for_column_name_collision'
}
{
  severity_local: 'NOTICE',
  severity: 'NOTICE',
  code: '42701',
  message: 'column "status" of relation "tournament_participants" already exists, skipping',
  file: 'tablecmds.c',
  line: '7349',
  routine: 'check_for_column_name_collision'
}
{
  severity_local: 'NOTICE',
  severity: 'NOTICE',
  code: '42701',
  message: 'column "organizer_participates" of relation "tournaments" already exists, skipping',
  file: 'tablecmds.c',
  line: '7349',
  routine: 'check_for_column_name_collision'
}
{
  severity_local: 'NOTICE',
  severity: 'NOTICE',
  code: '42701',
  message: 'column "points_to_win" of relation "tournaments" already exists, skipping',
  file: 'tablecmds.c',
  line: '7349',
  routine: 'check_for_column_name_collision'
}
{
  severity_local: 'NOTICE',
  severity: 'NOTICE',
  code: '42701',
  message: 'column "mercy_enabled" of relation "tournaments" already exists, skipping',
  file: 'tablecmds.c',
  line: '7349',
  routine: 'check_for_column_name_collision'
}
{
  severity_local: 'NOTICE',
  severity: 'NOTICE',
  code: '42701',
  message: 'column "mercy_points" of relation "tournaments" already exists, skipping',
  file: 'tablecmds.c',
  line: '7349',
  routine: 'check_for_column_name_collision'
}
{
  severity_local: 'NOTICE',
  severity: 'NOTICE',
  code: '42701',
  message: 'column "stop_reason_code" of relation "tournaments" already exists, skipping',
  file: 'tablecmds.c',
  line: '7349',
  routine: 'check_for_column_name_collision'
}
{
  severity_local: 'NOTICE',
  severity: 'NOTICE',
  code: '42701',
  message: 'column "stop_reason_text" of relation "tournaments" already exists, skipping',
  file: 'tablecmds.c',
  line: '7349',
  routine: 'check_for_column_name_collision'
}
{
  severity_local: 'NOTICE',
  severity: 'NOTICE',
  code: '42701',
  message: 'column "started_at" of relation "tournaments" already exists, skipping',
  file: 'tablecmds.c',
  line: '7349',
  routine: 'check_for_column_name_collision'
}
{
  severity_local: 'NOTICE',
  severity: 'NOTICE',
  code: '42701',
  message: 'column "finished_at" of relation "tournaments" already exists, skipping',
  file: 'tablecmds.c',
  line: '7349',
  routine: 'check_for_column_name_collision'
}
{
  severity_local: 'NOTICE',
  severity: 'NOTICE',
  code: '42701',
  message: 'column "bracket_state_version" of relation "tournaments" already exists, skipping',
  file: 'tablecmds.c',
  line: '7349',
  routine: 'check_for_column_name_collision'
}
{
  severity_local: 'NOTICE',
  severity: 'NOTICE',
  code: '42701',
  message: 'column "third_place_enabled" of relation "tournaments" already exists, skipping',
  file: 'tablecmds.c',
  line: '7349',
  routine: 'check_for_column_name_collision'
}
{
  severity_local: 'NOTICE',
  severity: 'NOTICE',
  code: '42701',
  message: 'column "bracket_construction_algorithm" of relation "tournaments" already exists, skipping',
  file: 'tablecmds.c',
  line: '7349',
  routine: 'check_for_column_name_collision'
}
{
  severity_local: 'NOTICE',
  severity: 'NOTICE',
  code: '42701',
  message: 'column "generated_avatar_key" of relation "users" already exists, skipping',
  file: 'tablecmds.c',
  line: '7349',
  routine: 'check_for_column_name_collision'
}
PostgreSQL migrations completed and verified (apply)
Local init parity: 4 passed, 0 failed, 0 skipped, 0 todo, 0 interrupted

> Provision separate disposable migration and runtime roles
{
  severity_local: 'NOTICE',
  severity: 'NOTICE',
  code: '42P06',
  message: 'schema "drizzle" already exists, skipping',
  file: 'schemacmds.c',
  line: '132',
  routine: 'CreateSchemaCommand'
}
Disposable database roles provisioned: migrator=tab10_test, runtime=tab10_runtime_test

> Compiled PostgreSQL migration (idempotent pass)

> 10is-ball@4.1.1 db:migrate /Users/liubavskii/.codex/worktrees/c870/tab10
> node scripts/bin/run-compiled-migration.mjs "--" "--mode=apply"

{
  severity_local: 'NOTICE',
  severity: 'NOTICE',
  code: '42P06',
  message: 'schema "drizzle" already exists, skipping',
  file: 'schemacmds.c',
  line: '132',
  routine: 'CreateSchemaCommand'
}
{
  severity_local: 'NOTICE',
  severity: 'NOTICE',
  code: '42P07',
  message: 'relation "__drizzle_migrations" already exists, skipping',
  file: 'parse_utilcmd.c',
  line: '207',
  routine: 'transformCreateStmt'
}
PostgreSQL migrations completed and verified (apply)

> Verify limited runtime DML and denied DDL/ledger writes
{
  severity_local: 'NOTICE',
  severity: 'NOTICE',
  code: '00000',
  message: 'table "__tab10_runtime_ddl_probe" does not exist, skipping',
  file: 'tablecmds.c',
  line: '1326',
  routine: 'DropErrorMsgNonExistent'
}
Runtime role: 4 passed, 0 failed, 0 skipped, 0 todo, 0 interrupted
Migration foundation: 9 passed, 0 failed, 0 skipped, 0 todo, 0 interrupted
  ➜  Local:   http://localhost:4273/
Database migration ledger verified
3:25:40 AM [vite] http proxy error: /health
Error: connect ECONNREFUSED 127.0.0.1:3101
    at TCPConnectWrap.afterConnect [as oncomplete] (node:net:2017:16)
Bootstrap admin provisioning completed (9abeaad6-8d59-4168-bd03-77f2be2803d4). Bootstrap never rotates passwords for pre-existing accounts.
{"level":30,"time":1789777541097,"pid":21053,"hostname":"Glebs-MacBook-Pro.local","msg":"Server listening at http://127.0.0.1:3101"}
Tab-10 API listening
CORS origin policy configured
{"level":30,"time":1789777541263,"pid":21053,"hostname":"Glebs-MacBook-Pro.local","reqId":"6d844304-88ea-40f0-9b7e-0138a354479b","event":"request_completed","requestId":"6d844304-88ea-40f0-9b7e-0138a354479b","method":"GET","route":"/health","statusCode":200,"latencyMs":3.357,"msg":"request completed"}

> Playwright compiled same-origin smoke

Running 60 tests using 1 worker

(node:21077) Warning: The 'NO_COLOR' env is ignored due to the 'FORCE_COLOR' env being set.
(Use `node --trace-warnings ...` to show where the warning was created)
{"level":30,"time":1789777542541,"pid":21053,"hostname":"Glebs-MacBook-Pro.local","reqId":"92a152f2-a8c8-45a2-9583-e9612cfdf746","event":"request_completed","requestId":"92a152f2-a8c8-45a2-9583-e9612cfdf746","method":"GET","route":"/health","statusCode":200,"latencyMs":0.226,"msg":"request completed"}
{"level":30,"time":1789777542584,"pid":21053,"hostname":"Glebs-MacBook-Pro.local","reqId":"7ac73de5-ea84-4be4-93ec-50d0542f4933","event":"request_completed","requestId":"7ac73de5-ea84-4be4-93ec-50d0542f4933","method":"POST","route":"/api/v1/auth/login","statusCode":200,"latencyMs":35.311,"msg":"request completed"}
{"level":30,"time":1789777542605,"pid":21053,"hostname":"Glebs-MacBook-Pro.local","reqId":"52e52887-0f6a-40cc-933d-d299c4199fb9","event":"request_completed","requestId":"52e52887-0f6a-40cc-933d-d299c4199fb9","method":"PATCH","route":"/api/v1/me/onboarding","statusCode":200,"latencyMs":15.591,"msg":"request completed"}
{"level":30,"time":1789777542625,"pid":21053,"hostname":"Glebs-MacBook-Pro.local","reqId":"9496c4a8-467e-471e-b4dd-47c0a9e4e02c","event":"request_completed","requestId":"9496c4a8-467e-471e-b4dd-47c0a9e4e02c","method":"POST","route":"/api/v1/auth/logout","statusCode":200,"latencyMs":15.518,"msg":"request completed"}
{"level":30,"time":1789777542949,"pid":21053,"hostname":"Glebs-MacBook-Pro.local","reqId":"3a518acf-09c4-41f8-bd17-74e889907b41","event":"request_completed","requestId":"3a518acf-09c4-41f8-bd17-74e889907b41","method":"GET","route":"/api/v1/auth/me","statusCode":401,"latencyMs":0.283,"msg":"request completed"}
{"level":30,"time":1789777543554,"pid":21053,"hostname":"Glebs-MacBook-Pro.local","reqId":"7125ea85-de67-469e-aef4-259e77ce59b9","event":"request_completed","requestId":"7125ea85-de67-469e-aef4-259e77ce59b9","method":"POST","route":"/api/v1/auth/login","statusCode":200,"latencyMs":32.891,"msg":"request completed"}
{"level":30,"time":1789777543574,"pid":21053,"hostname":"Glebs-MacBook-Pro.local","reqId":"6d3e5477-b83d-4ca9-a029-0ca308f2a64f","event":"request_completed","requestId":"6d3e5477-b83d-4ca9-a029-0ca308f2a64f","method":"GET","route":"/api/v1/auth/me","statusCode":200,"latencyMs":18.434,"msg":"request completed"}
{"level":30,"time":1789777543606,"pid":21053,"hostname":"Glebs-MacBook-Pro.local","reqId":"154750a5-40ec-4533-9f45-4760262ea248","event":"request_completed","requestId":"154750a5-40ec-4533-9f45-4760262ea248","method":"GET","route":"/api/v1/notifications","statusCode":200,"latencyMs":48.047,"msg":"request completed"}
{"level":30,"time":1789777543617,"pid":21053,"hostname":"Glebs-MacBook-Pro.local","reqId":"f8c36060-f15b-4f10-9a46-3ba4032bf15b","event":"request_completed","requestId":"f8c36060-f15b-4f10-9a46-3ba4032bf15b","method":"GET","route":"/api/v1/home","statusCode":200,"latencyMs":55.141,"msg":"request completed"}
{"level":30,"time":1789777543965,"pid":21053,"hostname":"Glebs-MacBook-Pro.local","reqId":"77d1d703-5b92-44a0-af0f-1100a75e336e","event":"request_completed","requestId":"77d1d703-5b92-44a0-af0f-1100a75e336e","method":"GET","route":"/api/v1/auth/me","statusCode":200,"latencyMs":12.59,"msg":"request completed"}
{"level":30,"time":1789777543999,"pid":21053,"hostname":"Glebs-MacBook-Pro.local","reqId":"3c9c1b12-5d3f-4406-bd93-392f878ce6d7","event":"request_completed","requestId":"3c9c1b12-5d3f-4406-bd93-392f878ce6d7","method":"GET","route":"/api/v1/matches/create-options","statusCode":200,"latencyMs":27.732,"msg":"request completed"}
{"level":30,"time":1789777544005,"pid":21053,"hostname":"Glebs-MacBook-Pro.local","reqId":"ee5de91d-8e75-4acf-8959-fee7b0f6536c","event":"request_completed","requestId":"ee5de91d-8e75-4acf-8959-fee7b0f6536c","method":"GET","route":"/api/v1/notifications","statusCode":200,"latencyMs":34.103,"msg":"request completed"}
{"level":30,"time":1789777544158,"pid":21053,"hostname":"Glebs-MacBook-Pro.local","reqId":"31b0656d-b40c-4519-830f-4fc0672d4d44","event":"request_completed","requestId":"31b0656d-b40c-4519-830f-4fc0672d4d44","method":"POST","route":"/api/v1/matches","statusCode":200,"latencyMs":64.96,"msg":"request completed"}
{"level":30,"time":1789777544190,"pid":21053,"hostname":"Glebs-MacBook-Pro.local","reqId":"6a93601a-2958-425c-8e36-41bea3582b38","event":"request_completed","requestId":"6a93601a-2958-425c-8e36-41bea3582b38","method":"GET","route":"/api/v1/matches/:matchId","statusCode":200,"latencyMs":27.716,"msg":"request completed"}
{"level":30,"time":1789777544279,"pid":21053,"hostname":"Glebs-MacBook-Pro.local","reqId":"7d791c06-9e64-40e2-a281-18f4790b9f42","event":"request_completed","requestId":"7d791c06-9e64-40e2-a281-18f4790b9f42","method":"GET","route":"/api/v1/matches/:matchId","statusCode":200,"latencyMs":36.604,"msg":"request completed"}
{"level":30,"time":1789777544317,"pid":21053,"hostname":"Glebs-MacBook-Pro.local","reqId":"51e4080c-17af-49e4-a961-b8c9a3d84296","event":"request_completed","requestId":"51e4080c-17af-49e4-a961-b8c9a3d84296","method":"POST","route":"/api/v1/matches/:matchId/judge/acquire","statusCode":200,"latencyMs":35.797,"msg":"request completed"}
{"level":30,"time":1789777544334,"pid":21053,"hostname":"Glebs-MacBook-Pro.local","reqId":"250ce2a1-6cf9-485b-9779-6f5eb8d2b932","event":"request_completed","requestId":"250ce2a1-6cf9-485b-9779-6f5eb8d2b932","method":"GET","route":"/api/v1/matches/:matchId","statusCode":200,"latencyMs":14.741,"msg":"request completed"}
{"level":30,"time":1789777544347,"pid":21053,"hostname":"Glebs-MacBook-Pro.local","reqId":"e9f64c2c-9943-41c6-b57a-09218b8548f4","event":"request_completed","requestId":"e9f64c2c-9943-41c6-b57a-09218b8548f4","method":"POST","route":"/api/v1/matches/:matchId/judge/heartbeat","statusCode":200,"latencyMs":9.174,"msg":"request completed"}
{"level":30,"time":1789777544362,"pid":21053,"hostname":"Glebs-MacBook-Pro.local","reqId":"76d7da7a-9bee-420d-8ee2-77a0d6a5a9ea","event":"request_completed","requestId":"76d7da7a-9bee-420d-8ee2-77a0d6a5a9ea","method":"GET","route":"/api/v1/matches/:matchId","statusCode":200,"latencyMs":13.563,"msg":"request completed"}
{"level":30,"time":1789777544553,"pid":21053,"hostname":"Glebs-MacBook-Pro.local","reqId":"bc97e2ba-faf0-4d9c-a155-d16c222e5f1c","event":"request_completed","requestId":"bc97e2ba-faf0-4d9c-a155-d16c222e5f1c","method":"POST","route":"/api/v1/matches/:matchId/start","statusCode":200,"latencyMs":76.175,"msg":"request completed"}
{"level":30,"time":1789777544585,"pid":21053,"hostname":"Glebs-MacBook-Pro.local","reqId":"82453ff0-8f2a-4090-bc16-35ef2f33d59e","event":"request_completed","requestId":"82453ff0-8f2a-4090-bc16-35ef2f33d59e","method":"POST","route":"/api/v1/matches/:matchId/judge/setup","statusCode":200,"latencyMs":28.777,"msg":"request completed"}
{"level":30,"time":1789777544602,"pid":21053,"hostname":"Glebs-MacBook-Pro.local","reqId":"53b6b081-73f3-4676-aafe-34fd3f901f41","event":"request_completed","requestId":"53b6b081-73f3-4676-aafe-34fd3f901f41","method":"POST","route":"/api/v1/matches/:matchId/judge/heartbeat","statusCode":200,"latencyMs":12.665,"msg":"request completed"}
{"level":30,"time":1789777544616,"pid":21053,"hostname":"Glebs-MacBook-Pro.local","reqId":"1bc38cbe-6a87-4d2e-b869-a82fc5292102","event":"request_completed","requestId":"1bc38cbe-6a87-4d2e-b869-a82fc5292102","method":"GET","route":"/api/v1/matches/:matchId","statusCode":200,"latencyMs":12.331,"msg":"request completed"}
{"level":30,"time":1789777544741,"pid":21053,"hostname":"Glebs-MacBook-Pro.local","reqId":"20dc4c58-c316-4e2d-859a-cc13cb944caf","event":"request_completed","requestId":"20dc4c58-c316-4e2d-859a-cc13cb944caf","method":"POST","route":"/api/v1/matches/:matchId/points","statusCode":200,"latencyMs":67.032,"msg":"request completed"}
{"level":30,"time":1789777544800,"pid":21053,"hostname":"Glebs-MacBook-Pro.local","reqId":"579a0b05-37e9-40b5-b048-0da810b9c32a","event":"request_completed","requestId":"579a0b05-37e9-40b5-b048-0da810b9c32a","method":"POST","route":"/api/v1/matches/:matchId/points","statusCode":200,"latencyMs":44.033,"msg":"request completed"}
{"level":30,"time":1789777544831,"pid":21053,"hostname":"Glebs-MacBook-Pro.local","reqId":"5f370b8f-96ea-4ecd-a7ff-d46be2708ea4","event":"request_completed","requestId":"5f370b8f-96ea-4ecd-a7ff-d46be2708ea4","method":"POST","route":"/api/v1/matches/:matchId/points","statusCode":200,"latencyMs":29.026,"msg":"request completed"}
{"level":30,"time":1789777544858,"pid":21053,"hostname":"Glebs-MacBook-Pro.local","reqId":"57c1c8f8-33ef-401e-8d11-2262a8effa3d","event":"request_completed","requestId":"57c1c8f8-33ef-401e-8d11-2262a8effa3d","method":"POST","route":"/api/v1/matches/:matchId/points","statusCode":200,"latencyMs":24.075,"msg":"request completed"}
{"level":30,"time":1789777544886,"pid":21053,"hostname":"Glebs-MacBook-Pro.local","reqId":"421413f0-9e1a-485f-9db3-325e28559028","event":"request_completed","requestId":"421413f0-9e1a-485f-9db3-325e28559028","method":"POST","route":"/api/v1/matches/:matchId/points","statusCode":200,"latencyMs":25.575,"msg":"request completed"}
{"level":30,"time":1789777545411,"pid":21053,"hostname":"Glebs-MacBook-Pro.local","reqId":"4984fb25-d79d-43d6-b8eb-817639bd637a","event":"request_completed","requestId":"4984fb25-d79d-43d6-b8eb-817639bd637a","method":"POST","route":"/api/v1/matches/:matchId/confirm-finish","statusCode":200,"latencyMs":53.186,"msg":"request completed"}
{"level":30,"time":1789777545428,"pid":21053,"hostname":"Glebs-MacBook-Pro.local","reqId":"61d1f473-d4c6-4480-b2b5-a5f6f0d31247","event":"request_completed","requestId":"61d1f473-d4c6-4480-b2b5-a5f6f0d31247","method":"GET","route":"/api/v1/notifications","statusCode":200,"latencyMs":13.252,"msg":"request completed"}
{"level":30,"time":1789777545429,"pid":21053,"hostname":"Glebs-MacBook-Pro.local","reqId":"a4115841-ed8a-4f6d-bb81-ec839976c5ca","event":"request_completed","requestId":"a4115841-ed8a-4f6d-bb81-ec839976c5ca","method":"GET","route":"/api/v1/matches/:matchId","statusCode":200,"latencyMs":13.135,"msg":"request completed"}
{"level":30,"time":1789777545576,"pid":21053,"hostname":"Glebs-MacBook-Pro.local","reqId":"1890f0ba-e708-4f53-8e72-3ee712c39430","event":"request_completed","requestId":"1890f0ba-e708-4f53-8e72-3ee712c39430","method":"GET","route":"/api/v1/auth/me","statusCode":200,"latencyMs":10.732,"msg":"request completed"}
{"level":30,"time":1789777545652,"pid":21053,"hostname":"Glebs-MacBook-Pro.local","reqId":"d273dd96-ebf5-4ef1-88bb-1fa09e9698d5","event":"request_completed","requestId":"d273dd96-ebf5-4ef1-88bb-1fa09e9698d5","method":"GET","route":"/api/v1/notifications","statusCode":200,"latencyMs":32.779,"msg":"request completed"}
{"level":30,"time":1789777545654,"pid":21053,"hostname":"Glebs-MacBook-Pro.local","reqId":"1885bbb5-e6f2-4dc1-aa21-ec7a95352fc4","event":"request_completed","requestId":"1885bbb5-e6f2-4dc1-aa21-ec7a95352fc4","method":"GET","route":"/api/v1/matches/:matchId","statusCode":200,"latencyMs":35.353,"msg":"request completed"}
  ✓   1 [chromium-desktop] › tests/e2e/critical.spec.ts:109:5 › E2E_auth_match_judge__AT-MATCH-001_005_008_AT-JUDGE-001_003_006_007__finishes_disposable_match (3.4s)
{"level":30,"time":1789777545827,"pid":21053,"hostname":"Glebs-MacBook-Pro.local","reqId":"a94667cf-8800-48c3-9499-c8e78dc5f290","event":"request_completed","requestId":"a94667cf-8800-48c3-9499-c8e78dc5f290","method":"GET","route":"/health","statusCode":200,"latencyMs":0.147,"msg":"request completed"}
{"level":30,"time":1789777545859,"pid":21053,"hostname":"Glebs-MacBook-Pro.local","reqId":"0f8c5121-1783-4835-8595-09e5ee090105","event":"request_completed","requestId":"0f8c5121-1783-4835-8595-09e5ee090105","method":"POST","route":"/api/v1/auth/login","statusCode":200,"latencyMs":28.432,"msg":"request completed"}
{"level":30,"time":1789777545876,"pid":21053,"hostname":"Glebs-MacBook-Pro.local","reqId":"f427a750-9d82-487a-921f-a85f02116488","event":"request_completed","requestId":"f427a750-9d82-487a-921f-a85f02116488","method":"PATCH","route":"/api/v1/me/onboarding","statusCode":200,"latencyMs":13.328,"msg":"request completed"}
{"level":30,"time":1789777545897,"pid":21053,"hostname":"Glebs-MacBook-Pro.local","reqId":"05a6af5b-ac95-4b92-91e0-95055ebe385e","event":"request_completed","requestId":"05a6af5b-ac95-4b92-91e0-95055ebe385e","method":"POST","route":"/api/v1/auth/logout","statusCode":200,"latencyMs":17.383,"msg":"request completed"}
{"level":30,"time":1789777546168,"pid":21053,"hostname":"Glebs-MacBook-Pro.local","reqId":"366ed405-05d9-49c2-aec0-76fb3e912983","event":"request_completed","requestId":"366ed405-05d9-49c2-aec0-76fb3e912983","method":"GET","route":"/api/v1/auth/me","statusCode":401,"latencyMs":0.504,"msg":"request completed"}
{"level":30,"time":1789777546664,"pid":21053,"hostname":"Glebs-MacBook-Pro.local","reqId":"4f963943-6ca4-4662-85e8-d516843a4c95","event":"request_completed","requestId":"4f963943-6ca4-4662-85e8-d516843a4c95","method":"POST","route":"/api/v1/auth/login","statusCode":200,"latencyMs":30.548,"msg":"request completed"}
{"level":30,"time":1789777546679,"pid":21053,"hostname":"Glebs-MacBook-Pro.local","reqId":"a372887a-0fe3-40c7-9d4f-0afeff0b9828","event":"request_completed","requestId":"a372887a-0fe3-40c7-9d4f-0afeff0b9828","method":"GET","route":"/api/v1/auth/me","statusCode":200,"latencyMs":12.092,"msg":"request completed"}
{"level":30,"time":1789777546702,"pid":21053,"hostname":"Glebs-MacBook-Pro.local","reqId":"db77e8ce-9d9a-4626-9332-a1230f5e19f8","event":"request_completed","requestId":"db77e8ce-9d9a-4626-9332-a1230f5e19f8","method":"GET","route":"/api/v1/notifications","statusCode":200,"latencyMs":34.338,"msg":"request completed"}
{"level":30,"time":1789777546716,"pid":21053,"hostname":"Glebs-MacBook-Pro.local","reqId":"1f7628e2-2503-4883-8841-027ffacc1d1e","event":"request_completed","requestId":"1f7628e2-2503-4883-8841-027ffacc1d1e","method":"GET","route":"/api/v1/home","statusCode":200,"latencyMs":45.963,"msg":"request completed"}
{"level":30,"time":1789777546759,"pid":21053,"hostname":"Glebs-MacBook-Pro.local","reqId":"8731d652-bc0f-4c68-a1be-45558bbe47c5","event":"request_completed","requestId":"8731d652-bc0f-4c68-a1be-45558bbe47c5","method":"GET","route":"/api/v1/auth/me","statusCode":200,"latencyMs":10.237,"msg":"request completed"}
{"level":30,"time":1789777546796,"pid":21053,"hostname":"Glebs-MacBook-Pro.local","reqId":"61724109-dd34-4eb1-a7fb-2f8812657d73","event":"request_completed","requestId":"61724109-dd34-4eb1-a7fb-2f8812657d73","method":"GET","route":"/api/v1/notifications","statusCode":200,"latencyMs":32.383,"msg":"request completed"}
{"level":30,"time":1789777546796,"pid":21053,"hostname":"Glebs-MacBook-Pro.local","reqId":"288f42a3-e0e9-426b-9df8-8dcbb2344f20","event":"request_completed","requestId":"288f42a3-e0e9-426b-9df8-8dcbb2344f20","method":"GET","route":"/api/v1/matches/create-options","statusCode":200,"latencyMs":32.4,"msg":"request completed"}
{"level":30,"time":1789777546866,"pid":21053,"hostname":"Glebs-MacBook-Pro.local","reqId":"14c3c605-0f81-44c6-9fe7-a13d76291138","event":"request_completed","requestId":"14c3c605-0f81-44c6-9fe7-a13d76291138","method":"GET","route":"/health","statusCode":200,"latencyMs":0.121,"msg":"request completed"}
{"level":30,"time":1789777546891,"pid":21053,"hostname":"Glebs-MacBook-Pro.local","reqId":"20b5b188-465d-4027-8e31-4691cf1833b6","event":"request_completed","requestId":"20b5b188-465d-4027-8e31-4691cf1833b6","method":"POST","route":"/api/v1/auth/login","statusCode":200,"latencyMs":22.215,"msg":"request completed"}
{"level":30,"time":1789777546900,"pid":21053,"hostname":"Glebs-MacBook-Pro.local","reqId":"6aec3d51-c18f-4d2c-b352-56768292fb02","event":"request_completed","requestId":"6aec3d51-c18f-4d2c-b352-56768292fb02","method":"GET","route":"/api/v1/auth/sessions","statusCode":200,"latencyMs":6.04,"msg":"request completed"}
{"level":30,"time":1789777546916,"pid":21053,"hostname":"Glebs-MacBook-Pro.local","reqId":"6cc80ea6-213d-4d28-bcb3-96eb7a5abcdf","event":"request_completed","requestId":"6cc80ea6-213d-4d28-bcb3-96eb7a5abcdf","method":"DELETE","route":"/api/v1/auth/sessions/:sessionId","statusCode":200,"latencyMs":4.833,"msg":"request completed"}
{"level":30,"time":1789777546957,"pid":21053,"hostname":"Glebs-MacBook-Pro.local","reqId":"d7538ad2-086e-49cc-8255-2d4308d264ff","event":"request_completed","requestId":"d7538ad2-086e-49cc-8255-2d4308d264ff","method":"POST","route":"/api/v1/matches","statusCode":401,"latencyMs":2.404,"msg":"request completed"}
{"level":30,"time":1789777547016,"pid":21053,"hostname":"Glebs-MacBook-Pro.local","reqId":"f58fe7f5-fbe8-48ed-990e-cadf4c5a455a","event":"request_completed","requestId":"f58fe7f5-fbe8-48ed-990e-cadf4c5a455a","method":"GET","route":"/api/v1/matches","statusCode":200,"latencyMs":22.065,"msg":"request completed"}
{"level":30,"time":1789777547087,"pid":21053,"hostname":"Glebs-MacBook-Pro.local","reqId":"1cd8736b-d710-44d5-86d8-5c837ae2fdda","event":"request_completed","requestId":"1cd8736b-d710-44d5-86d8-5c837ae2fdda","method":"POST","route":"/api/v1/auth/login","statusCode":200,"latencyMs":31.65,"msg":"request completed"}
{"level":30,"time":1789777547119,"pid":21053,"hostname":"Glebs-MacBook-Pro.local","reqId":"4c1520ac-f578-4763-8de4-814a4ce7fa3d","event":"request_completed","requestId":"4c1520ac-f578-4763-8de4-814a4ce7fa3d","method":"GET","route":"/api/v1/auth/me","statusCode":200,"latencyMs":12.703,"msg":"request completed"}
{"level":30,"time":1789777547144,"pid":21053,"hostname":"Glebs-MacBook-Pro.local","reqId":"a6b15b85-534c-44ef-90bd-14ca39c983c9","event":"request_completed","requestId":"a6b15b85-534c-44ef-90bd-14ca39c983c9","method":"GET","route":"/api/v1/matches/create-options","statusCode":200,"latencyMs":35.531,"msg":"request completed"}
{"level":30,"time":1789777547148,"pid":21053,"hostname":"Glebs-MacBook-Pro.local","reqId":"b02c681e-fefc-42ab-93cf-fc6719a37293","event":"request_completed","requestId":"b02c681e-fefc-42ab-93cf-fc6719a37293","method":"GET","route":"/api/v1/notifications","statusCode":200,"latencyMs":39.686,"msg":"request completed"}
  ✓   2 [chromium-desktop] › tests/e2e/critical.spec.ts:157:5 › E2E_runtime_session_recovery__AT-AUTH-009__preserves_route_and_draft_without_replaying_mutation (1.8s)
{"level":30,"time":1789777547631,"pid":21053,"hostname":"Glebs-MacBook-Pro.local","reqId":"842580fc-bbf2-4d02-a2ef-cbbfee58ef63","event":"request_completed","requestId":"842580fc-bbf2-4d02-a2ef-cbbfee58ef63","method":"POST","route":"/api/v1/auth/login","statusCode":200,"latencyMs":27.037,"msg":"request completed"}
{"level":30,"time":1789777547648,"pid":21053,"hostname":"Glebs-MacBook-Pro.local","reqId":"8cd23191-f367-448c-9b5b-267d3996d24d","event":"request_completed","requestId":"8cd23191-f367-448c-9b5b-267d3996d24d","method":"PATCH","route":"/api/v1/me/onboarding","statusCode":200,"latencyMs":12.101,"msg":"request completed"}
{"level":30,"time":1789777547695,"pid":21053,"hostname":"Glebs-MacBook-Pro.local","reqId":"187c73bd-b774-4c4f-8335-d36234a68602","event":"request_completed","requestId":"187c73bd-b774-4c4f-8335-d36234a68602","method":"POST","route":"/api/v1/admin/users","statusCode":200,"latencyMs":42.109,"msg":"request completed"}
{"level":30,"time":1789777547725,"pid":21053,"hostname":"Glebs-MacBook-Pro.local","reqId":"2ce1622a-0545-4a38-b14a-88473d357f6a","event":"request_completed","requestId":"2ce1622a-0545-4a38-b14a-88473d357f6a","method":"POST","route":"/api/v1/auth/login","statusCode":200,"latencyMs":25.75,"msg":"request completed"}
{"level":30,"time":1789777547775,"pid":21053,"hostname":"Glebs-MacBook-Pro.local","reqId":"d9eeb85f-a271-4adf-9efb-d5ca504ebf0e","event":"request_completed","requestId":"d9eeb85f-a271-4adf-9efb-d5ca504ebf0e","method":"POST","route":"/api/v1/auth/password/first-change","statusCode":200,"latencyMs":45.468,"msg":"request completed"}
{"level":30,"time":1789777547787,"pid":21053,"hostname":"Glebs-MacBook-Pro.local","reqId":"5926313c-eb41-41da-abb1-b66fbc93706e","event":"request_completed","requestId":"5926313c-eb41-41da-abb1-b66fbc93706e","method":"PATCH","route":"/api/v1/me/onboarding","statusCode":200,"latencyMs":8.406,"msg":"request completed"}
{"level":30,"time":1789777547822,"pid":21053,"hostname":"Glebs-MacBook-Pro.local","reqId":"36b85c1a-e021-42cb-ad3f-e3c790ed6ed1","event":"request_completed","requestId":"36b85c1a-e021-42cb-ad3f-e3c790ed6ed1","method":"POST","route":"/api/v1/admin/users","statusCode":200,"latencyMs":30.728,"msg":"request completed"}
{"level":30,"time":1789777548130,"pid":21053,"hostname":"Glebs-MacBook-Pro.local","reqId":"926f0622-cc7f-4b34-a64b-fcacfd68cfaf","event":"request_completed","requestId":"926f0622-cc7f-4b34-a64b-fcacfd68cfaf","method":"GET","route":"/api/v1/auth/me","statusCode":401,"latencyMs":0.131,"msg":"request completed"}
{"level":30,"time":1789777548304,"pid":21053,"hostname":"Glebs-MacBook-Pro.local","reqId":"42931d24-2b80-4ee6-b29c-d57fb3f67f89","event":"request_completed","requestId":"42931d24-2b80-4ee6-b29c-d57fb3f67f89","method":"POST","route":"/api/v1/auth/login","statusCode":200,"latencyMs":29.065,"msg":"request completed"}
{"level":30,"time":1789777548319,"pid":21053,"hostname":"Glebs-MacBook-Pro.local","reqId":"bc512cf4-4b3a-44f0-a8cd-fc583f0c3f19","event":"request_completed","requestId":"bc512cf4-4b3a-44f0-a8cd-fc583f0c3f19","method":"GET","route":"/api/v1/auth/me","statusCode":200,"latencyMs":12.499,"msg":"request completed"}
{"level":30,"time":1789777548344,"pid":21053,"hostname":"Glebs-MacBook-Pro.local","reqId":"8acebda1-329f-4921-afcb-d677307c88e6","event":"request_completed","requestId":"8acebda1-329f-4921-afcb-d677307c88e6","method":"GET","route":"/api/v1/notifications","statusCode":200,"latencyMs":35.666,"msg":"request completed"}
{"level":30,"time":1789777548355,"pid":21053,"hostname":"Glebs-MacBook-Pro.local","reqId":"6831e956-8cd3-41c4-b402-086cb1236eaf","event":"request_completed","requestId":"6831e956-8cd3-41c4-b402-086cb1236eaf","method":"GET","route":"/api/v1/home","statusCode":200,"latencyMs":44.498,"msg":"request completed"}
{"level":30,"time":1789777548396,"pid":21053,"hostname":"Glebs-MacBook-Pro.local","reqId":"19f20ba1-9894-4bcf-8258-045cba9a0bc7","event":"request_completed","requestId":"19f20ba1-9894-4bcf-8258-045cba9a0bc7","method":"GET","route":"/api/v1/auth/me","statusCode":200,"latencyMs":11.785,"msg":"request completed"}
{"level":30,"time":1789777548416,"pid":21053,"hostname":"Glebs-MacBook-Pro.local","reqId":"c53b6790-fdd4-4a30-b492-2b792b345515","event":"request_completed","requestId":"c53b6790-fdd4-4a30-b492-2b792b345515","method":"GET","route":"/api/v1/tournaments","statusCode":200,"latencyMs":16.628,"msg":"request completed"}
{"level":30,"time":1789777548420,"pid":21053,"hostname":"Glebs-MacBook-Pro.local","reqId":"f9556de1-a51d-49d3-b3df-eead8cee6420","event":"request_completed","requestId":"f9556de1-a51d-49d3-b3df-eead8cee6420","method":"POST","route":"/api/v1/tournaments","statusCode":200,"latencyMs":23.342,"msg":"request completed"}
{"level":30,"time":1789777548425,"pid":21053,"hostname":"Glebs-MacBook-Pro.local","reqId":"254c6672-2ae4-4ed1-8ec1-377a6e503dcc","event":"request_completed","requestId":"254c6672-2ae4-4ed1-8ec1-377a6e503dcc","method":"GET","route":"/api/v1/notifications","statusCode":200,"latencyMs":25.482,"msg":"request completed"}
{"level":30,"time":1789777548447,"pid":21053,"hostname":"Glebs-MacBook-Pro.local","reqId":"9bdf121b-986d-4e95-9ffd-5a8f1711bcd2","event":"request_completed","requestId":"9bdf121b-986d-4e95-9ffd-5a8f1711bcd2","method":"GET","route":"/api/v1/auth/me","statusCode":200,"latencyMs":11.464,"msg":"request completed"}
{"level":30,"time":1789777548465,"pid":21053,"hostname":"Glebs-MacBook-Pro.local","reqId":"e9f01e78-7470-48ac-a63c-276875c8cebb","event":"request_completed","requestId":"e9f01e78-7470-48ac-a63c-276875c8cebb","method":"GET","route":"/api/v1/notifications","statusCode":200,"latencyMs":13.101,"msg":"request completed"}
{"level":30,"time":1789777548467,"pid":21053,"hostname":"Glebs-MacBook-Pro.local","reqId":"7911663c-d15f-4ae4-9d76-fd0add6e7ea3","event":"request_completed","requestId":"7911663c-d15f-4ae4-9d76-fd0add6e7ea3","method":"GET","route":"/api/v1/tournaments/:id","statusCode":200,"latencyMs":14.593,"msg":"request completed"}
{"level":30,"time":1789777548475,"pid":21053,"hostname":"Glebs-MacBook-Pro.local","reqId":"b4c068b2-c820-45ce-b8a2-31a2d32afb63","event":"request_completed","requestId":"b4c068b2-c820-45ce-b8a2-31a2d32afb63","method":"GET","route":"/api/v1/users/directory","statusCode":200,"latencyMs":4.426,"msg":"request completed"}
{"level":30,"time":1789777548486,"pid":21053,"hostname":"Glebs-MacBook-Pro.local","reqId":"2c235a01-d8d0-4533-9d65-3821e844babb","event":"request_completed","requestId":"2c235a01-d8d0-4533-9d65-3821e844babb","method":"POST","route":"/api/v1/tournaments/:id/participants","statusCode":200,"latencyMs":29.71,"msg":"request completed"}
{"level":30,"time":1789777548512,"pid":21053,"hostname":"Glebs-MacBook-Pro.local","reqId":"883ec965-5278-41c7-9414-f056c627cc0a","event":"request_completed","requestId":"883ec965-5278-41c7-9414-f056c627cc0a","method":"POST","route":"/api/v1/tournaments/:id/participants","statusCode":200,"latencyMs":22.631,"msg":"request completed"}
{"level":30,"time":1789777548539,"pid":21053,"hostname":"Glebs-MacBook-Pro.local","reqId":"b7c661cf-7946-48c9-85ac-53b665faeaed","event":"request_completed","requestId":"b7c661cf-7946-48c9-85ac-53b665faeaed","method":"POST","route":"/api/v1/tournaments/:id/participants","statusCode":200,"latencyMs":22.995,"msg":"request completed"}
{"level":30,"time":1789777548559,"pid":21053,"hostname":"Glebs-MacBook-Pro.local","reqId":"1e59a5b8-0749-4092-ab64-949e9bf86f30","event":"request_completed","requestId":"1e59a5b8-0749-4092-ab64-949e9bf86f30","method":"POST","route":"/api/v1/tournaments/:id/bracket","statusCode":200,"latencyMs":15.684,"msg":"request completed"}
{"level":30,"time":1789777548578,"pid":21053,"hostname":"Glebs-MacBook-Pro.local","reqId":"211cc1d5-311d-431e-949c-1c4a9bf47caa","event":"request_completed","requestId":"211cc1d5-311d-431e-949c-1c4a9bf47caa","method":"GET","route":"/api/v1/tournaments/:id","statusCode":200,"latencyMs":14.967,"msg":"request completed"}
{"level":30,"time":1789777548863,"pid":21053,"hostname":"Glebs-MacBook-Pro.local","reqId":"7210ddd6-d3c3-4623-9210-497c9fab21e7","event":"request_completed","requestId":"7210ddd6-d3c3-4623-9210-497c9fab21e7","method":"GET","route":"/api/v1/auth/me","statusCode":200,"latencyMs":6.087,"msg":"request completed"}
{"level":30,"time":1789777548922,"pid":21053,"hostname":"Glebs-MacBook-Pro.local","reqId":"f4a486f0-ddde-45b2-856c-3a4f16b22609","event":"request_completed","requestId":"f4a486f0-ddde-45b2-856c-3a4f16b22609","method":"GET","route":"/api/v1/notifications","statusCode":200,"latencyMs":17.873,"msg":"request completed"}
{"level":30,"time":1789777548925,"pid":21053,"hostname":"Glebs-MacBook-Pro.local","reqId":"da758813-8b07-4651-b71e-eb94faec5ad5","event":"request_completed","requestId":"da758813-8b07-4651-b71e-eb94faec5ad5","method":"GET","route":"/api/v1/tournaments/:id","statusCode":200,"latencyMs":20.082,"msg":"request completed"}
{"level":30,"time":1789777548940,"pid":21053,"hostname":"Glebs-MacBook-Pro.local","reqId":"96667734-4f31-4bc9-aeb8-ef663dc10ce5","event":"request_completed","requestId":"96667734-4f31-4bc9-aeb8-ef663dc10ce5","method":"GET","route":"/api/v1/users/directory","statusCode":200,"latencyMs":6.312,"msg":"request completed"}
{"level":30,"time":1789777548953,"pid":21053,"hostname":"Glebs-MacBook-Pro.local","reqId":"5396b35d-6df8-4171-9385-01da85da7bdb","event":"request_completed","requestId":"5396b35d-6df8-4171-9385-01da85da7bdb","method":"GET","route":"/api/v1/users/directory","statusCode":200,"latencyMs":4.482,"msg":"request completed"}
{"level":30,"time":1789777549084,"pid":21053,"hostname":"Glebs-MacBook-Pro.local","reqId":"55c45276-922a-4643-b73c-02f60a8b269a","event":"request_completed","requestId":"55c45276-922a-4643-b73c-02f60a8b269a","method":"POST","route":"/api/v1/tournaments/:id/participants","statusCode":200,"latencyMs":42.921,"msg":"request completed"}
{"level":30,"time":1789777549097,"pid":21053,"hostname":"Glebs-MacBook-Pro.local","reqId":"81034914-122b-4c04-8de8-73e70f8b48f1","event":"request_completed","requestId":"81034914-122b-4c04-8de8-73e70f8b48f1","method":"GET","route":"/api/v1/users/directory","statusCode":200,"latencyMs":10.009,"msg":"request completed"}
{"level":30,"time":1789777549158,"pid":21053,"hostname":"Glebs-MacBook-Pro.local","reqId":"154faa51-6d70-4acf-ab72-f93135f67a06","event":"request_completed","requestId":"154faa51-6d70-4acf-ab72-f93135f67a06","method":"GET","route":"/api/v1/tournaments/:id","statusCode":200,"latencyMs":32.65,"msg":"request completed"}
  ✓   3 [chromium-desktop] › tests/e2e/gap-012.spec.ts:53:5 › GAP-012 immutable consent policy and scoped admin post-bracket add (1.8s)
{"level":30,"time":1789777549362,"pid":21053,"hostname":"Glebs-MacBook-Pro.local","reqId":"b5d42500-2981-43c2-94fa-e1fe90fea2af","event":"request_completed","requestId":"b5d42500-2981-43c2-94fa-e1fe90fea2af","method":"GET","route":"/health","statusCode":200,"latencyMs":0.129,"msg":"request completed"}
{"level":30,"time":1789777549367,"pid":21053,"hostname":"Glebs-MacBook-Pro.local","reqId":"d4520865-d112-4b45-8b3d-53a37652b3b0","event":"request_completed","requestId":"d4520865-d112-4b45-8b3d-53a37652b3b0","method":"GET","route":"/ready","statusCode":200,"latencyMs":1.809,"msg":"request completed"}
{"level":30,"time":1789777549375,"pid":21053,"hostname":"Glebs-MacBook-Pro.local","reqId":"4615630d-f54b-4850-bf12-522bfe8e5909","event":"request_completed","requestId":"4615630d-f54b-4850-bf12-522bfe8e5909","method":"GET","route":"/api/v1/openapi.json","statusCode":200,"latencyMs":2.432,"msg":"request completed"}
{"level":30,"time":1789777549641,"pid":21053,"hostname":"Glebs-MacBook-Pro.local","reqId":"5435157a-2045-4d8a-95ee-0cd6adfe93a4","event":"request_completed","requestId":"5435157a-2045-4d8a-95ee-0cd6adfe93a4","method":"GET","route":"/api/v1/auth/me","statusCode":401,"latencyMs":0.158,"msg":"request completed"}
{"level":30,"time":1789777549822,"pid":21053,"hostname":"Glebs-MacBook-Pro.local","reqId":"9d22851f-8708-4138-840c-6194b9a34492","event":"request_completed","requestId":"9d22851f-8708-4138-840c-6194b9a34492","method":"POST","route":"/api/v1/auth/login","statusCode":200,"latencyMs":30.521,"msg":"request completed"}
{"level":30,"time":1789777549829,"pid":21053,"hostname":"Glebs-MacBook-Pro.local","reqId":"aa54d488-1cc1-40fe-b666-6b93c040d1f5","event":"request_completed","requestId":"aa54d488-1cc1-40fe-b666-6b93c040d1f5","method":"GET","route":"/api/v1/auth/me","statusCode":200,"latencyMs":5.23,"msg":"request completed"}
{"level":30,"time":1789777549843,"pid":21053,"hostname":"Glebs-MacBook-Pro.local","reqId":"5f109b72-0ece-45fb-8803-1a99b4341b40","event":"request_completed","requestId":"5f109b72-0ece-45fb-8803-1a99b4341b40","method":"GET","route":"/api/v1/notifications","statusCode":200,"latencyMs":17.067,"msg":"request completed"}
{"level":30,"time":1789777549863,"pid":21053,"hostname":"Glebs-MacBook-Pro.local","reqId":"02aff6df-1360-4a35-a7cb-24a8c602aeda","event":"request_completed","requestId":"02aff6df-1360-4a35-a7cb-24a8c602aeda","method":"GET","route":"/api/v1/home","statusCode":200,"latencyMs":34.849,"msg":"request completed"}
{"level":30,"time":1789777549887,"pid":21053,"hostname":"Glebs-MacBook-Pro.local","reqId":"affc9c24-887c-4399-8d37-37317f6fb28d","event":"request_completed","requestId":"affc9c24-887c-4399-8d37-37317f6fb28d","method":"GET","route":"/api/v1/auth/me","statusCode":200,"latencyMs":4.568,"msg":"request completed"}
{"level":30,"time":1789777549895,"pid":21053,"hostname":"Glebs-MacBook-Pro.local","reqId":"0e4ddf85-560e-4d53-b14b-322f1938b9f6","event":"request_completed","requestId":"0e4ddf85-560e-4d53-b14b-322f1938b9f6","method":"PATCH","route":"/api/v1/me/profile","statusCode":403,"latencyMs":3.623,"msg":"request completed"}
{"level":30,"time":1789777549907,"pid":21053,"hostname":"Glebs-MacBook-Pro.local","reqId":"544deeaa-0e6f-4a12-8572-a233bd32bec2","event":"request_completed","requestId":"544deeaa-0e6f-4a12-8572-a233bd32bec2","method":"PATCH","route":"/api/v1/me/profile","statusCode":200,"latencyMs":10.227,"msg":"request completed"}
  ✓   4 [chromium-desktop] › tests/e2e/production-smoke.spec.ts:13:5 › compiled web and API work through the same-origin production-like proxy (662ms)
{"level":30,"time":1789777550292,"pid":21053,"hostname":"Glebs-MacBook-Pro.local","reqId":"77a0c58c-c81f-401d-b02b-9c31ddd33757","event":"request_completed","requestId":"77a0c58c-c81f-401d-b02b-9c31ddd33757","method":"GET","route":"/api/v1/auth/me","statusCode":401,"latencyMs":0.267,"msg":"request completed"}
{"level":30,"time":1789777550459,"pid":21053,"hostname":"Glebs-MacBook-Pro.local","reqId":"012cc625-77f9-48f4-9783-61d3b232764b","event":"request_completed","requestId":"012cc625-77f9-48f4-9783-61d3b232764b","method":"POST","route":"/api/v1/auth/login","statusCode":200,"latencyMs":32.078,"msg":"request completed"}
{"level":30,"time":1789777550478,"pid":21053,"hostname":"Glebs-MacBook-Pro.local","reqId":"b8cd35cc-1469-4aca-987e-078a5ab45db8","event":"request_completed","requestId":"b8cd35cc-1469-4aca-987e-078a5ab45db8","method":"GET","route":"/api/v1/auth/me","statusCode":200,"latencyMs":16.797,"msg":"request completed"}
{"level":30,"time":1789777550495,"pid":21053,"hostname":"Glebs-MacBook-Pro.local","reqId":"83705ec5-3aa3-4697-983c-c95ce10861d9","event":"request_completed","requestId":"83705ec5-3aa3-4697-983c-c95ce10861d9","method":"GET","route":"/api/v1/history","statusCode":200,"latencyMs":12.401,"msg":"request completed"}
{"level":30,"time":1789777550496,"pid":21053,"hostname":"Glebs-MacBook-Pro.local","reqId":"44491bf5-aeeb-4f5d-a3c5-9ed516c26cfd","event":"request_completed","requestId":"44491bf5-aeeb-4f5d-a3c5-9ed516c26cfd","method":"GET","route":"/api/v1/notifications","statusCode":200,"latencyMs":33.477,"msg":"request completed"}
{"level":30,"time":1789777550518,"pid":21053,"hostname":"Glebs-MacBook-Pro.local","reqId":"80b6bcc5-739c-487b-a658-40e9fc00cb35","event":"request_completed","requestId":"80b6bcc5-739c-487b-a658-40e9fc00cb35","method":"GET","route":"/api/v1/home","statusCode":200,"latencyMs":52.815,"msg":"request completed"}
{"level":30,"time":1789777550541,"pid":21053,"hostname":"Glebs-MacBook-Pro.local","reqId":"e53586a1-f275-4b83-89aa-f282f88d4159","event":"request_completed","requestId":"e53586a1-f275-4b83-89aa-f282f88d4159","method":"GET","route":"/api/v1/auth/me","statusCode":200,"latencyMs":8.573,"msg":"request completed"}
{"level":30,"time":1789777550570,"pid":21053,"hostname":"Glebs-MacBook-Pro.local","reqId":"ef690fb1-a0d3-4c9b-9100-22e28106189d","event":"request_completed","requestId":"ef690fb1-a0d3-4c9b-9100-22e28106189d","method":"GET","route":"/api/v1/notifications","statusCode":200,"latencyMs":22.861,"msg":"request completed"}
{"level":30,"time":1789777550588,"pid":21053,"hostname":"Glebs-MacBook-Pro.local","reqId":"27bf2333-ea5f-4bef-aa9d-5f0b5bcdcd25","event":"request_completed","requestId":"27bf2333-ea5f-4bef-aa9d-5f0b5bcdcd25","method":"GET","route":"/api/v1/home","statusCode":200,"latencyMs":40.519,"msg":"request completed"}
{"level":30,"time":1789777550679,"pid":21053,"hostname":"Glebs-MacBook-Pro.local","reqId":"1696c567-180d-409b-a543-cc63ad237071","event":"request_completed","requestId":"1696c567-180d-409b-a543-cc63ad237071","method":"GET","route":"/api/v1/auth/me","statusCode":200,"latencyMs":18.203,"msg":"request completed"}
{"level":30,"time":1789777550717,"pid":21053,"hostname":"Glebs-MacBook-Pro.local","reqId":"7a2a88e3-7be8-4913-83f4-5726a7ff9393","event":"request_completed","requestId":"7a2a88e3-7be8-4913-83f4-5726a7ff9393","method":"GET","route":"/api/v1/notifications","statusCode":200,"latencyMs":34.406,"msg":"request completed"}
{"level":30,"time":1789777550739,"pid":21053,"hostname":"Glebs-MacBook-Pro.local","reqId":"caf7c8c9-2d38-4d0e-8533-c6d1f2694998","event":"request_completed","requestId":"caf7c8c9-2d38-4d0e-8533-c6d1f2694998","method":"GET","route":"/api/v1/home","statusCode":200,"latencyMs":54.672,"msg":"request completed"}
{"level":30,"time":1789777550818,"pid":21053,"hostname":"Glebs-MacBook-Pro.local","reqId":"b7133f44-2593-409f-a094-702fdd4941a5","event":"request_completed","requestId":"b7133f44-2593-409f-a094-702fdd4941a5","method":"GET","route":"/api/v1/matches/create-options","statusCode":200,"latencyMs":20.988,"msg":"request completed"}
{"level":30,"time":1789777550823,"pid":21053,"hostname":"Glebs-MacBook-Pro.local","reqId":"be03d09c-5122-4ada-9c0c-1ffbf4572299","event":"request_completed","requestId":"be03d09c-5122-4ada-9c0c-1ffbf4572299","method":"GET","route":"/api/v1/auth/me","statusCode":200,"latencyMs":6.04,"msg":"request completed"}
{"level":30,"time":1789777550840,"pid":21053,"hostname":"Glebs-MacBook-Pro.local","reqId":"429cd3ef-6bca-4dd8-a7d8-fdbc830d854a","event":"request_completed","requestId":"429cd3ef-6bca-4dd8-a7d8-fdbc830d854a","method":"GET","route":"/api/v1/history","statusCode":200,"latencyMs":8.267,"msg":"request completed"}
{"level":30,"time":1789777550843,"pid":21053,"hostname":"Glebs-MacBook-Pro.local","reqId":"cbc157c0-f5aa-4df5-ab99-80816834bfed","event":"request_completed","requestId":"cbc157c0-f5aa-4df5-ab99-80816834bfed","method":"GET","route":"/api/v1/home","statusCode":200,"latencyMs":81.577,"msg":"request completed"}
{"level":30,"time":1789777550845,"pid":21053,"hostname":"Glebs-MacBook-Pro.local","reqId":"e8b5e83c-f2ed-4952-871e-8e958f0c5ffd","event":"request_completed","requestId":"e8b5e83c-f2ed-4952-871e-8e958f0c5ffd","method":"GET","route":"/api/v1/notifications","statusCode":200,"latencyMs":14.241,"msg":"request completed"}
{"level":30,"time":1789777550861,"pid":21053,"hostname":"Glebs-MacBook-Pro.local","reqId":"16e70155-fdeb-487c-bae6-bb0773ede266","event":"request_completed","requestId":"16e70155-fdeb-487c-bae6-bb0773ede266","method":"GET","route":"/api/v1/auth/me","statusCode":200,"latencyMs":7.028,"msg":"request completed"}
{"level":30,"time":1789777550896,"pid":21053,"hostname":"Glebs-MacBook-Pro.local","reqId":"50d0f089-5f30-488d-87e1-2db6ee4be444","event":"request_completed","requestId":"50d0f089-5f30-488d-87e1-2db6ee4be444","method":"GET","route":"/api/v1/rankings","statusCode":200,"latencyMs":23.784,"msg":"request completed"}
{"level":30,"time":1789777550898,"pid":21053,"hostname":"Glebs-MacBook-Pro.local","reqId":"184e3e5c-2bc4-475b-9dcb-ffa84d5de0ac","event":"request_completed","requestId":"184e3e5c-2bc4-475b-9dcb-ffa84d5de0ac","method":"GET","route":"/api/v1/auth/me","statusCode":200,"latencyMs":7.924,"msg":"request completed"}
{"level":30,"time":1789777550900,"pid":21053,"hostname":"Glebs-MacBook-Pro.local","reqId":"8498599c-0f5b-4038-afd7-a3e4ad555699","event":"request_completed","requestId":"8498599c-0f5b-4038-afd7-a3e4ad555699","method":"GET","route":"/api/v1/notifications","statusCode":200,"latencyMs":28.05,"msg":"request completed"}
{"level":30,"time":1789777550917,"pid":21053,"hostname":"Glebs-MacBook-Pro.local","reqId":"69110d58-8144-4c10-80d1-01a490a02054","event":"request_completed","requestId":"69110d58-8144-4c10-80d1-01a490a02054","method":"GET","route":"/api/v1/teams","statusCode":200,"latencyMs":8.608,"msg":"request completed"}
{"level":30,"time":1789777550923,"pid":21053,"hostname":"Glebs-MacBook-Pro.local","reqId":"9aee3c56-b94c-418a-836c-8211051190fd","event":"request_completed","requestId":"9aee3c56-b94c-418a-836c-8211051190fd","method":"GET","route":"/api/v1/notifications","statusCode":200,"latencyMs":15.373,"msg":"request completed"}
{"level":30,"time":1789777550931,"pid":21053,"hostname":"Glebs-MacBook-Pro.local","reqId":"aa916ca0-00c2-461b-bdd4-d43d0dc4c233","event":"request_completed","requestId":"aa916ca0-00c2-461b-bdd4-d43d0dc4c233","method":"GET","route":"/api/v1/auth/me","statusCode":200,"latencyMs":5.186,"msg":"request completed"}
{"level":30,"time":1789777550955,"pid":21053,"hostname":"Glebs-MacBook-Pro.local","reqId":"211cfb50-e980-4eb6-b912-6f670aacec49","event":"request_completed","requestId":"211cfb50-e980-4eb6-b912-6f670aacec49","method":"GET","route":"/api/v1/notifications","statusCode":200,"latencyMs":15.064,"msg":"request completed"}
{"level":30,"time":1789777550960,"pid":21053,"hostname":"Glebs-MacBook-Pro.local","reqId":"dcd8bf88-031e-42bf-804d-21e1316934ca","event":"request_completed","requestId":"dcd8bf88-031e-42bf-804d-21e1316934ca","method":"GET","route":"/api/v1/faq","statusCode":200,"latencyMs":19.922,"msg":"request completed"}
{"level":30,"time":1789777551261,"pid":21053,"hostname":"Glebs-MacBook-Pro.local","reqId":"39b865a4-f519-4633-84c7-39665da92071","event":"request_completed","requestId":"39b865a4-f519-4633-84c7-39665da92071","method":"GET","route":"/api/v1/auth/me","statusCode":200,"latencyMs":8.933,"msg":"request completed"}
{"level":30,"time":1789777551315,"pid":21053,"hostname":"Glebs-MacBook-Pro.local","reqId":"079d0b46-41e3-4741-bed8-f9df475d01d9","event":"request_completed","requestId":"079d0b46-41e3-4741-bed8-f9df475d01d9","method":"GET","route":"/api/v1/auth/me","statusCode":200,"latencyMs":16.042,"msg":"request completed"}
{"level":30,"time":1789777551343,"pid":21053,"hostname":"Glebs-MacBook-Pro.local","reqId":"c428950b-ac9f-4100-b0db-b6f00f38251e","event":"request_completed","requestId":"c428950b-ac9f-4100-b0db-b6f00f38251e","method":"GET","route":"/api/v1/auth/sessions","statusCode":200,"latencyMs":24.364,"msg":"request completed"}
{"level":30,"time":1789777551352,"pid":21053,"hostname":"Glebs-MacBook-Pro.local","reqId":"88333c1f-aa53-4dd3-b33b-07a3d9d83239","event":"request_completed","requestId":"88333c1f-aa53-4dd3-b33b-07a3d9d83239","method":"GET","route":"/api/v1/notifications","statusCode":200,"latencyMs":33.867,"msg":"request completed"}
{"level":30,"time":1789777551358,"pid":21053,"hostname":"Glebs-MacBook-Pro.local","reqId":"7bf3e999-3e15-483a-ad38-179aba5d1b17","event":"request_completed","requestId":"7bf3e999-3e15-483a-ad38-179aba5d1b17","method":"GET","route":"/api/v1/auth/me","statusCode":200,"latencyMs":5.328,"msg":"request completed"}
{"level":30,"time":1789777551359,"pid":21053,"hostname":"Glebs-MacBook-Pro.local","reqId":"c5b876e6-e233-4569-82a2-d1bd77526c7b","event":"request_completed","requestId":"c5b876e6-e233-4569-82a2-d1bd77526c7b","method":"GET","route":"/api/v1/profile/me","statusCode":200,"latencyMs":40.216,"msg":"request completed"}
{"level":30,"time":1789777551372,"pid":21053,"hostname":"Glebs-MacBook-Pro.local","reqId":"13b8d5dc-c1aa-4dad-9048-fb701add8fe3","event":"request_completed","requestId":"13b8d5dc-c1aa-4dad-9048-fb701add8fe3","method":"GET","route":"/api/v1/admin/users","statusCode":200,"latencyMs":5.543,"msg":"request completed"}
{"level":30,"time":1789777551375,"pid":21053,"hostname":"Glebs-MacBook-Pro.local","reqId":"272db62d-c4bb-4172-b8a2-17da0c1ee6af","event":"request_completed","requestId":"272db62d-c4bb-4172-b8a2-17da0c1ee6af","method":"GET","route":"/api/v1/home","statusCode":200,"latencyMs":56.232,"msg":"request completed"}
{"level":30,"time":1789777551380,"pid":21053,"hostname":"Glebs-MacBook-Pro.local","reqId":"85e0ed31-ed83-4184-9dc4-6492ea7b9c8d","event":"request_completed","requestId":"85e0ed31-ed83-4184-9dc4-6492ea7b9c8d","method":"GET","route":"/api/v1/notifications","statusCode":200,"latencyMs":14.147,"msg":"request completed"}
{"level":30,"time":1789777551399,"pid":21053,"hostname":"Glebs-MacBook-Pro.local","reqId":"cf27d8d5-807b-447d-8bcd-ddd0406f6fff","event":"request_completed","requestId":"cf27d8d5-807b-447d-8bcd-ddd0406f6fff","method":"GET","route":"/api/v1/auth/me","statusCode":200,"latencyMs":5.737,"msg":"request completed"}
{"level":30,"time":1789777551423,"pid":21053,"hostname":"Glebs-MacBook-Pro.local","reqId":"6249fbee-43e2-4b27-8bd2-d695ece6f903","event":"request_completed","requestId":"6249fbee-43e2-4b27-8bd2-d695ece6f903","method":"GET","route":"/api/v1/notifications","statusCode":200,"latencyMs":14.188,"msg":"request completed"}
{"level":30,"time":1789777551477,"pid":21053,"hostname":"Glebs-MacBook-Pro.local","reqId":"ada1ae78-d686-48e7-a135-18dde1d8a936","event":"request_completed","requestId":"ada1ae78-d686-48e7-a135-18dde1d8a936","method":"GET","route":"/api/v1/home","statusCode":200,"latencyMs":33.061,"msg":"request completed"}
  ✓   5 [chromium-desktop] › tests/e2e/stage2-home.spec.ts:7:5 › AT-HOME-003 Home keeps direct actions and all secondary routes at mobile and desktop (1.5s)
{"level":30,"time":1789777551804,"pid":21053,"hostname":"Glebs-MacBook-Pro.local","reqId":"0d3fdf1b-c098-42a1-b751-efa152b07918","event":"request_completed","requestId":"0d3fdf1b-c098-42a1-b751-efa152b07918","method":"GET","route":"/api/v1/auth/me","statusCode":401,"latencyMs":0.116,"msg":"request completed"}
{"level":30,"time":1789777551986,"pid":21053,"hostname":"Glebs-MacBook-Pro.local","reqId":"9007695b-bebd-4247-aa58-bcffc73e86b5","event":"request_completed","requestId":"9007695b-bebd-4247-aa58-bcffc73e86b5","method":"POST","route":"/api/v1/auth/login","statusCode":200,"latencyMs":31.451,"msg":"request completed"}
{"level":30,"time":1789777552004,"pid":21053,"hostname":"Glebs-MacBook-Pro.local","reqId":"c9f2d6bf-6cc6-4c84-b97a-e3f6b2f016f0","event":"request_completed","requestId":"c9f2d6bf-6cc6-4c84-b97a-e3f6b2f016f0","method":"GET","route":"/api/v1/auth/me","statusCode":200,"latencyMs":14.742,"msg":"request completed"}
{"level":30,"time":1789777552016,"pid":21053,"hostname":"Glebs-MacBook-Pro.local","reqId":"0edbb27b-ac6f-4e6b-aece-178baedd15aa","event":"request_completed","requestId":"0edbb27b-ac6f-4e6b-aece-178baedd15aa","method":"GET","route":"/api/v1/notifications","statusCode":200,"latencyMs":25.754,"msg":"request completed"}
{"level":30,"time":1789777552037,"pid":21053,"hostname":"Glebs-MacBook-Pro.local","reqId":"ec7f1f5b-dc5d-44da-a8bc-0d08a8ffd4ec","event":"request_completed","requestId":"ec7f1f5b-dc5d-44da-a8bc-0d08a8ffd4ec","method":"GET","route":"/api/v1/home","statusCode":200,"latencyMs":44.305,"msg":"request completed"}
{"level":30,"time":1789777552345,"pid":21053,"hostname":"Glebs-MacBook-Pro.local","reqId":"7750f26d-b8ba-48b2-ab0f-c3c9683d9372","event":"request_completed","requestId":"7750f26d-b8ba-48b2-ab0f-c3c9683d9372","method":"GET","route":"/api/v1/auth/me","statusCode":200,"latencyMs":10.02,"msg":"request completed"}
{"level":30,"time":1789777552381,"pid":21053,"hostname":"Glebs-MacBook-Pro.local","reqId":"5a8095c3-1b70-404f-ae02-2256015f2b3a","event":"request_completed","requestId":"5a8095c3-1b70-404f-ae02-2256015f2b3a","method":"GET","route":"/api/v1/notifications","statusCode":200,"latencyMs":30.983,"msg":"request completed"}
  ✓   6 [chromium-desktop] › tests/e2e/stage2-home.spec.ts:63:5 › AT-HOME-003 Home keeps navigation after a fetch error (973ms)
{"level":30,"time":1789777552781,"pid":21053,"hostname":"Glebs-MacBook-Pro.local","reqId":"59b6bdcc-c4ba-44de-9a7f-2f9ace38b624","event":"request_completed","requestId":"59b6bdcc-c4ba-44de-9a7f-2f9ace38b624","method":"GET","route":"/api/v1/auth/me","statusCode":401,"latencyMs":0.13,"msg":"request completed"}
{"level":30,"time":1789777552955,"pid":21053,"hostname":"Glebs-MacBook-Pro.local","reqId":"818d69ce-0bc8-45f4-9a1d-4846f45f422d","event":"request_completed","requestId":"818d69ce-0bc8-45f4-9a1d-4846f45f422d","method":"POST","route":"/api/v1/auth/login","statusCode":200,"latencyMs":23.466,"msg":"request completed"}
{"level":30,"time":1789777552964,"pid":21053,"hostname":"Glebs-MacBook-Pro.local","reqId":"4ec89df9-018f-48ef-85ac-052535a69fce","event":"request_completed","requestId":"4ec89df9-018f-48ef-85ac-052535a69fce","method":"GET","route":"/api/v1/auth/me","statusCode":200,"latencyMs":6.659,"msg":"request completed"}
{"level":30,"time":1789777552974,"pid":21053,"hostname":"Glebs-MacBook-Pro.local","reqId":"884a3f90-8a17-48a8-bcbd-f686bb775ed0","event":"request_completed","requestId":"884a3f90-8a17-48a8-bcbd-f686bb775ed0","method":"PATCH","route":"/api/v1/me/onboarding","statusCode":200,"latencyMs":7.786,"msg":"request completed"}
{"level":30,"time":1789777552974,"pid":21053,"hostname":"Glebs-MacBook-Pro.local","reqId":"535841e9-516d-4be5-8e83-d1313811e2e2","event":"request_completed","requestId":"535841e9-516d-4be5-8e83-d1313811e2e2","method":"GET","route":"/api/v1/notifications","statusCode":200,"latencyMs":15.454,"msg":"request completed"}
{"level":30,"time":1789777553002,"pid":21053,"hostname":"Glebs-MacBook-Pro.local","reqId":"d9fb0f6d-6378-4d87-88b0-1125fea21e5e","event":"request_completed","requestId":"d9fb0f6d-6378-4d87-88b0-1125fea21e5e","method":"GET","route":"/api/v1/home","statusCode":200,"latencyMs":40.467,"msg":"request completed"}
{"level":30,"time":1789777553003,"pid":21053,"hostname":"Glebs-MacBook-Pro.local","reqId":"aa6215df-45ef-4eb8-81bd-ed43afc0f26e","event":"request_completed","requestId":"aa6215df-45ef-4eb8-81bd-ed43afc0f26e","method":"GET","route":"/api/v1/auth/me","statusCode":200,"latencyMs":4.543,"msg":"request completed"}
{"level":30,"time":1789777553027,"pid":21053,"hostname":"Glebs-MacBook-Pro.local","reqId":"144c07b4-222e-46ef-ae2c-92d52ea1bc60","event":"request_completed","requestId":"144c07b4-222e-46ef-ae2c-92d52ea1bc60","method":"GET","route":"/api/v1/notifications","statusCode":200,"latencyMs":16.777,"msg":"request completed"}
{"level":30,"time":1789777553045,"pid":21053,"hostname":"Glebs-MacBook-Pro.local","reqId":"8bb77dc5-1079-47f3-91c7-ea7b47d35238","event":"request_completed","requestId":"8bb77dc5-1079-47f3-91c7-ea7b47d35238","method":"GET","route":"/api/v1/home","statusCode":200,"latencyMs":33.875,"msg":"request completed"}
{"level":30,"time":1789777553047,"pid":21053,"hostname":"Glebs-MacBook-Pro.local","reqId":"6e5ab400-c3b9-41b8-9e82-6b05e16e354b","event":"request_completed","requestId":"6e5ab400-c3b9-41b8-9e82-6b05e16e354b","method":"GET","route":"/api/v1/home","statusCode":200,"latencyMs":33.52,"msg":"request completed"}
{"level":30,"time":1789777553359,"pid":21053,"hostname":"Glebs-MacBook-Pro.local","reqId":"0ec55770-6308-46fd-821d-594d86d4d2df","event":"request_completed","requestId":"0ec55770-6308-46fd-821d-594d86d4d2df","method":"GET","route":"/api/v1/auth/me","statusCode":200,"latencyMs":15.064,"msg":"request completed"}
{"level":30,"time":1789777553391,"pid":21053,"hostname":"Glebs-MacBook-Pro.local","reqId":"b1ec02b4-64d8-4200-ac2f-be5911ad221b","event":"request_completed","requestId":"b1ec02b4-64d8-4200-ac2f-be5911ad221b","method":"GET","route":"/api/v1/notifications","statusCode":200,"latencyMs":27.684,"msg":"request completed"}
  ✓   7 [chromium-desktop] › tests/e2e/stage2-home.spec.ts:83:5 › HOME-007 finished match keeps sides and score first with a side-specific winner mark (1.1s)
{"level":30,"time":1789777553834,"pid":21053,"hostname":"Glebs-MacBook-Pro.local","reqId":"6d588f5c-cbd5-4446-bfea-2bc23774cbfb","event":"request_completed","requestId":"6d588f5c-cbd5-4446-bfea-2bc23774cbfb","method":"GET","route":"/api/v1/auth/me","statusCode":401,"latencyMs":0.161,"msg":"request completed"}
{"level":30,"time":1789777554018,"pid":21053,"hostname":"Glebs-MacBook-Pro.local","reqId":"96fe4006-1da6-41b8-b510-9461b0e2723d","event":"request_completed","requestId":"96fe4006-1da6-41b8-b510-9461b0e2723d","method":"POST","route":"/api/v1/auth/login","statusCode":200,"latencyMs":30.25,"msg":"request completed"}
{"level":30,"time":1789777554031,"pid":21053,"hostname":"Glebs-MacBook-Pro.local","reqId":"80ce8b89-d304-4a35-b545-f77012dbfe5c","event":"request_completed","requestId":"80ce8b89-d304-4a35-b545-f77012dbfe5c","method":"GET","route":"/api/v1/auth/me","statusCode":200,"latencyMs":11.175,"msg":"request completed"}
{"level":30,"time":1789777554054,"pid":21053,"hostname":"Glebs-MacBook-Pro.local","reqId":"87a1e5f5-8ed0-46ba-bbfd-6b49e4160ca2","event":"request_completed","requestId":"87a1e5f5-8ed0-46ba-bbfd-6b49e4160ca2","method":"GET","route":"/api/v1/notifications","statusCode":200,"latencyMs":32.222,"msg":"request completed"}
{"level":30,"time":1789777554076,"pid":21053,"hostname":"Glebs-MacBook-Pro.local","reqId":"08597a86-301c-46f3-a5d8-568b5b068421","event":"request_completed","requestId":"08597a86-301c-46f3-a5d8-568b5b068421","method":"GET","route":"/api/v1/home","statusCode":200,"latencyMs":52.004,"msg":"request completed"}
{"level":30,"time":1789777554104,"pid":21053,"hostname":"Glebs-MacBook-Pro.local","reqId":"fb5fc180-982a-4d87-a076-46b8d78f394f","event":"request_completed","requestId":"fb5fc180-982a-4d87-a076-46b8d78f394f","method":"GET","route":"/api/v1/home","statusCode":200,"latencyMs":31.732,"msg":"request completed"}
{"level":30,"time":1789777554410,"pid":21053,"hostname":"Glebs-MacBook-Pro.local","reqId":"88bd4cab-cf8c-4870-8706-58e7c4ae706a","event":"request_completed","requestId":"88bd4cab-cf8c-4870-8706-58e7c4ae706a","method":"GET","route":"/api/v1/auth/me","statusCode":200,"latencyMs":12.21,"msg":"request completed"}
{"level":30,"time":1789777554438,"pid":21053,"hostname":"Glebs-MacBook-Pro.local","reqId":"b07b9260-7d9c-48c8-8bb1-033a4099459b","event":"request_completed","requestId":"b07b9260-7d9c-48c8-8bb1-033a4099459b","method":"GET","route":"/api/v1/notifications","statusCode":200,"latencyMs":23.247,"msg":"request completed"}
  ✓   8 [chromium-desktop] › tests/e2e/stage2-home.spec.ts:139:5 › GAP-031 keeps overflow tasks collapsed until requested (992ms)
{"level":30,"time":1789777554836,"pid":21053,"hostname":"Glebs-MacBook-Pro.local","reqId":"a1ae8c37-63e2-4494-b9e9-2c534c41b22a","event":"request_completed","requestId":"a1ae8c37-63e2-4494-b9e9-2c534c41b22a","method":"GET","route":"/api/v1/auth/me","statusCode":401,"latencyMs":0.19,"msg":"request completed"}
{"level":30,"time":1789777555009,"pid":21053,"hostname":"Glebs-MacBook-Pro.local","reqId":"28d2fdcc-63cd-486a-b0bd-e6cea5bf149d","event":"request_completed","requestId":"28d2fdcc-63cd-486a-b0bd-e6cea5bf149d","method":"POST","route":"/api/v1/auth/login","statusCode":200,"latencyMs":23.465,"msg":"request completed"}
{"level":30,"time":1789777555016,"pid":21053,"hostname":"Glebs-MacBook-Pro.local","reqId":"b74866f2-6c9b-41f3-981d-0af573007245","event":"request_completed","requestId":"b74866f2-6c9b-41f3-981d-0af573007245","method":"GET","route":"/api/v1/auth/me","statusCode":200,"latencyMs":5.565,"msg":"request completed"}
{"level":30,"time":1789777555030,"pid":21053,"hostname":"Glebs-MacBook-Pro.local","reqId":"2de40b6b-5571-4b94-b2af-2283e709e6c8","event":"request_completed","requestId":"2de40b6b-5571-4b94-b2af-2283e709e6c8","method":"GET","route":"/api/v1/notifications","statusCode":200,"latencyMs":16.958,"msg":"request completed"}
{"level":30,"time":1789777555044,"pid":21053,"hostname":"Glebs-MacBook-Pro.local","reqId":"0e076d6a-a57b-4a8b-9a33-dc3f1d881c5d","event":"request_completed","requestId":"0e076d6a-a57b-4a8b-9a33-dc3f1d881c5d","method":"GET","route":"/api/v1/auth/me","statusCode":200,"latencyMs":4.153,"msg":"request completed"}
{"level":30,"time":1789777555054,"pid":21053,"hostname":"Glebs-MacBook-Pro.local","reqId":"81d12433-b0d3-42f3-88df-d5ad2337cb17","event":"request_completed","requestId":"81d12433-b0d3-42f3-88df-d5ad2337cb17","method":"GET","route":"/api/v1/home","statusCode":200,"latencyMs":38.275,"msg":"request completed"}
{"level":30,"time":1789777555066,"pid":21053,"hostname":"Glebs-MacBook-Pro.local","reqId":"749b55d7-3bed-4ff5-b7f0-8bd6fdd8c529","event":"request_completed","requestId":"749b55d7-3bed-4ff5-b7f0-8bd6fdd8c529","method":"GET","route":"/api/v1/matches/create-options","statusCode":200,"latencyMs":11.012,"msg":"request completed"}
{"level":30,"time":1789777555068,"pid":21053,"hostname":"Glebs-MacBook-Pro.local","reqId":"05094e9e-34aa-4e28-b4dd-37be571ae328","event":"request_completed","requestId":"05094e9e-34aa-4e28-b4dd-37be571ae328","method":"GET","route":"/api/v1/notifications","statusCode":200,"latencyMs":13.887,"msg":"request completed"}
{"level":30,"time":1789777555180,"pid":21053,"hostname":"Glebs-MacBook-Pro.local","reqId":"cd126859-ce2f-47a4-bab1-849b7b6690ce","event":"request_completed","requestId":"cd126859-ce2f-47a4-bab1-849b7b6690ce","method":"POST","route":"/api/v1/matches","statusCode":200,"latencyMs":16.209,"msg":"request completed"}
{"level":30,"time":1789777555196,"pid":21053,"hostname":"Glebs-MacBook-Pro.local","reqId":"f3ee2f9c-2e57-4cf8-ba1a-e39d0c72a641","event":"request_completed","requestId":"f3ee2f9c-2e57-4cf8-ba1a-e39d0c72a641","method":"GET","route":"/api/v1/matches/:matchId","statusCode":200,"latencyMs":11.501,"msg":"request completed"}
{"level":30,"time":1789777555274,"pid":21053,"hostname":"Glebs-MacBook-Pro.local","reqId":"35d3b1a5-4fc9-4a86-9ca9-a7764708d143","event":"request_completed","requestId":"35d3b1a5-4fc9-4a86-9ca9-a7764708d143","method":"GET","route":"/api/v1/matches/:matchId","statusCode":200,"latencyMs":25.38,"msg":"request completed"}
{"level":30,"time":1789777555315,"pid":21053,"hostname":"Glebs-MacBook-Pro.local","reqId":"5cd4c76d-c7d5-4efc-9140-888177562c23","event":"request_completed","requestId":"5cd4c76d-c7d5-4efc-9140-888177562c23","method":"POST","route":"/api/v1/matches/:matchId/judge/acquire","statusCode":200,"latencyMs":39.632,"msg":"request completed"}
{"level":30,"time":1789777555328,"pid":21053,"hostname":"Glebs-MacBook-Pro.local","reqId":"115c5dcf-8113-4908-aea8-c48e4cfb31aa","event":"request_completed","requestId":"115c5dcf-8113-4908-aea8-c48e4cfb31aa","method":"GET","route":"/api/v1/matches/:matchId","statusCode":200,"latencyMs":10.205,"msg":"request completed"}
{"level":30,"time":1789777555342,"pid":21053,"hostname":"Glebs-MacBook-Pro.local","reqId":"d2d853a1-6fdb-46ca-aee5-1d39fdf2956c","event":"request_completed","requestId":"d2d853a1-6fdb-46ca-aee5-1d39fdf2956c","method":"POST","route":"/api/v1/matches/:matchId/judge/heartbeat","statusCode":200,"latencyMs":10.909,"msg":"request completed"}
{"level":30,"time":1789777555368,"pid":21053,"hostname":"Glebs-MacBook-Pro.local","reqId":"e85f2c15-0ed9-4fe2-b992-21968afeacca","event":"request_completed","requestId":"e85f2c15-0ed9-4fe2-b992-21968afeacca","method":"GET","route":"/api/v1/matches/:matchId","statusCode":200,"latencyMs":24.353,"msg":"request completed"}
{"level":30,"time":1789777555478,"pid":21053,"hostname":"Glebs-MacBook-Pro.local","reqId":"79e17baf-0d0a-4c84-a1c7-7048b95ab8f3","event":"request_completed","requestId":"79e17baf-0d0a-4c84-a1c7-7048b95ab8f3","method":"GET","route":"/api/v1/matches/:matchId","statusCode":200,"latencyMs":33.604,"msg":"request completed"}
{"level":30,"time":1789777555478,"pid":21053,"hostname":"Glebs-MacBook-Pro.local","reqId":"a1e26a87-ef3f-441e-8227-8e59feb25d69","event":"request_completed","requestId":"a1e26a87-ef3f-441e-8227-8e59feb25d69","method":"GET","route":"/api/v1/notifications","statusCode":200,"latencyMs":40.739,"msg":"request completed"}
{"level":30,"time":1789777555478,"pid":21053,"hostname":"Glebs-MacBook-Pro.local","reqId":"5c3e97bf-781e-49ec-9ddf-1ff9faf76f7c","event":"request_completed","requestId":"5c3e97bf-781e-49ec-9ddf-1ff9faf76f7c","method":"GET","route":"/api/v1/matches/:matchId","statusCode":200,"latencyMs":40.457,"msg":"request completed"}
{"level":30,"time":1789777555502,"pid":21053,"hostname":"Glebs-MacBook-Pro.local","reqId":"f5984ddb-5e62-4aea-b55b-12a36745ee7e","event":"request_completed","requestId":"f5984ddb-5e62-4aea-b55b-12a36745ee7e","method":"GET","route":"/api/v1/auth/me","statusCode":200,"latencyMs":9.163,"msg":"request completed"}
{"level":30,"time":1789777555535,"pid":21053,"hostname":"Glebs-MacBook-Pro.local","reqId":"725d7764-b0a1-4aec-929a-c77e44ec8ab7","event":"request_completed","requestId":"725d7764-b0a1-4aec-929a-c77e44ec8ab7","method":"GET","route":"/api/v1/matches/:matchId","statusCode":200,"latencyMs":24.774,"msg":"request completed"}
{"level":30,"time":1789777555562,"pid":21053,"hostname":"Glebs-MacBook-Pro.local","reqId":"b19b803a-dbbc-46db-a115-35d09b6a5b4e","event":"request_completed","requestId":"b19b803a-dbbc-46db-a115-35d09b6a5b4e","method":"POST","route":"/api/v1/matches/:matchId/judge/acquire","statusCode":200,"latencyMs":25.338,"msg":"request completed"}
{"level":30,"time":1789777555574,"pid":21053,"hostname":"Glebs-MacBook-Pro.local","reqId":"91aca717-db5e-4ec9-8578-75f1c81a94b1","event":"request_completed","requestId":"91aca717-db5e-4ec9-8578-75f1c81a94b1","method":"GET","route":"/api/v1/matches/:matchId","statusCode":200,"latencyMs":9.59,"msg":"request completed"}
{"level":30,"time":1789777555587,"pid":21053,"hostname":"Glebs-MacBook-Pro.local","reqId":"5d0a635c-5acf-45cc-be3a-67fbc9171903","event":"request_completed","requestId":"5d0a635c-5acf-45cc-be3a-67fbc9171903","method":"POST","route":"/api/v1/matches/:matchId/judge/heartbeat","statusCode":200,"latencyMs":9.053,"msg":"request completed"}
{"level":30,"time":1789777555600,"pid":21053,"hostname":"Glebs-MacBook-Pro.local","reqId":"32d8e47a-4a37-473e-ae86-d4677e8db576","event":"request_completed","requestId":"32d8e47a-4a37-473e-ae86-d4677e8db576","method":"GET","route":"/api/v1/matches/:matchId","statusCode":200,"latencyMs":10.993,"msg":"request completed"}
{"level":30,"time":1789777555637,"pid":21053,"hostname":"Glebs-MacBook-Pro.local","reqId":"afbc5202-c105-4fdb-b895-f130be9fda68","event":"request_completed","requestId":"afbc5202-c105-4fdb-b895-f130be9fda68","method":"POST","route":"/api/v1/matches/:matchId/judge/release","statusCode":200,"latencyMs":10.929,"msg":"request completed"}
{"level":30,"time":1789777555664,"pid":21053,"hostname":"Glebs-MacBook-Pro.local","reqId":"c3d3af8e-b3b3-497e-b088-35c70bb5cdc1","event":"request_completed","requestId":"c3d3af8e-b3b3-497e-b088-35c70bb5cdc1","method":"GET","route":"/api/v1/notifications","statusCode":200,"latencyMs":20.804,"msg":"request completed"}
{"level":30,"time":1789777555669,"pid":21053,"hostname":"Glebs-MacBook-Pro.local","reqId":"8485bbc7-4ae0-4d2d-823b-80220fefcba3","event":"request_completed","requestId":"8485bbc7-4ae0-4d2d-823b-80220fefcba3","method":"GET","route":"/api/v1/matches/:matchId","statusCode":200,"latencyMs":9.995,"msg":"request completed"}
{"level":30,"time":1789777555681,"pid":21053,"hostname":"Glebs-MacBook-Pro.local","reqId":"edc3c1f6-1df9-4297-93fe-57ad4817ed8f","event":"request_completed","requestId":"edc3c1f6-1df9-4297-93fe-57ad4817ed8f","method":"GET","route":"/api/v1/home","statusCode":200,"latencyMs":38.004,"msg":"request completed"}
{"level":30,"time":1789777555682,"pid":21053,"hostname":"Glebs-MacBook-Pro.local","reqId":"e3c0003c-88f8-47dd-b4a9-4e3922f9ab07","event":"request_completed","requestId":"e3c0003c-88f8-47dd-b4a9-4e3922f9ab07","method":"GET","route":"/api/v1/matches/:matchId","statusCode":200,"latencyMs":8.984,"msg":"request completed"}
{"level":30,"time":1789777555710,"pid":21053,"hostname":"Glebs-MacBook-Pro.local","reqId":"06ae6b29-19e1-4510-afd3-550edcfaabac","event":"request_completed","requestId":"06ae6b29-19e1-4510-afd3-550edcfaabac","method":"POST","route":"/api/v1/matches/:matchId/cancel","statusCode":200,"latencyMs":24.71,"msg":"request completed"}
  ✓   9 [chromium-desktop] › tests/e2e/stage2-home.spec.ts:161:5 › GAP-030 explicit Home releases judge slot; Browser Back is measured separately (1.3s)
{"level":30,"time":1789777555837,"pid":21053,"hostname":"Glebs-MacBook-Pro.local","reqId":"4f7c5654-d325-410e-a4ae-6f72276669b8","event":"request_completed","requestId":"4f7c5654-d325-410e-a4ae-6f72276669b8","method":"GET","route":"/health","statusCode":200,"latencyMs":0.122,"msg":"request completed"}
{"level":30,"time":1789777555874,"pid":21053,"hostname":"Glebs-MacBook-Pro.local","reqId":"6fd2a422-504c-417c-9881-1ec27afd685e","event":"request_completed","requestId":"6fd2a422-504c-417c-9881-1ec27afd685e","method":"POST","route":"/api/v1/auth/login","statusCode":200,"latencyMs":34.115,"msg":"request completed"}
{"level":30,"time":1789777555888,"pid":21053,"hostname":"Glebs-MacBook-Pro.local","reqId":"31c6177b-66f3-4db7-bf6e-3cdb1d3f4821","event":"request_completed","requestId":"31c6177b-66f3-4db7-bf6e-3cdb1d3f4821","method":"PATCH","route":"/api/v1/me/onboarding","statusCode":200,"latencyMs":9.352,"msg":"request completed"}
{"level":30,"time":1789777555892,"pid":21053,"hostname":"Glebs-MacBook-Pro.local","reqId":"2f83db99-704d-49dc-8ab5-1add0e7fcb10","event":"request_completed","requestId":"2f83db99-704d-49dc-8ab5-1add0e7fcb10","method":"GET","route":"/health","statusCode":200,"latencyMs":0.117,"msg":"request completed"}
{"level":30,"time":1789777555918,"pid":21053,"hostname":"Glebs-MacBook-Pro.local","reqId":"02242073-ae22-4fa1-91d9-acb2434daecb","event":"request_completed","requestId":"02242073-ae22-4fa1-91d9-acb2434daecb","method":"POST","route":"/api/v1/auth/login","statusCode":200,"latencyMs":22.991,"msg":"request completed"}
{"level":30,"time":1789777555926,"pid":21053,"hostname":"Glebs-MacBook-Pro.local","reqId":"ad2426ec-1c2c-407b-a1e2-636078b2bff8","event":"request_completed","requestId":"ad2426ec-1c2c-407b-a1e2-636078b2bff8","method":"PATCH","route":"/api/v1/me/onboarding","statusCode":200,"latencyMs":5.036,"msg":"request completed"}
{"level":30,"time":1789777555961,"pid":21053,"hostname":"Glebs-MacBook-Pro.local","reqId":"035590b5-7b4e-42b7-8131-9ab3b80b4cc7","event":"request_completed","requestId":"035590b5-7b4e-42b7-8131-9ab3b80b4cc7","method":"POST","route":"/api/v1/admin/users","statusCode":200,"latencyMs":31.769,"msg":"request completed"}
{"level":30,"time":1789777555993,"pid":21053,"hostname":"Glebs-MacBook-Pro.local","reqId":"5d48fbca-764e-4b34-b76b-59ec9093b067","event":"request_completed","requestId":"5d48fbca-764e-4b34-b76b-59ec9093b067","method":"POST","route":"/api/v1/auth/login","statusCode":200,"latencyMs":27.498,"msg":"request completed"}
{"level":30,"time":1789777556034,"pid":21053,"hostname":"Glebs-MacBook-Pro.local","reqId":"15291bd2-e523-4f70-b56f-b506dd325a3c","event":"request_completed","requestId":"15291bd2-e523-4f70-b56f-b506dd325a3c","method":"POST","route":"/api/v1/auth/password/first-change","statusCode":200,"latencyMs":37.851,"msg":"request completed"}
{"level":30,"time":1789777556070,"pid":21053,"hostname":"Glebs-MacBook-Pro.local","reqId":"ccc910d6-eade-430f-bec6-eaec016f843c","event":"request_completed","requestId":"ccc910d6-eade-430f-bec6-eaec016f843c","method":"POST","route":"/api/v1/teams","statusCode":200,"latencyMs":32.149,"msg":"request completed"}
{"level":30,"time":1789777556334,"pid":21053,"hostname":"Glebs-MacBook-Pro.local","reqId":"50f1b1d9-c3e0-4ecb-af42-712774285408","event":"request_completed","requestId":"50f1b1d9-c3e0-4ecb-af42-712774285408","method":"GET","route":"/api/v1/auth/me","statusCode":401,"latencyMs":0.124,"msg":"request completed"}
{"level":30,"time":1789777556501,"pid":21053,"hostname":"Glebs-MacBook-Pro.local","reqId":"e2068d18-b48a-4eb4-a366-41aa67a64534","event":"request_completed","requestId":"e2068d18-b48a-4eb4-a366-41aa67a64534","method":"POST","route":"/api/v1/auth/login","statusCode":200,"latencyMs":33.854,"msg":"request completed"}
{"level":30,"time":1789777556514,"pid":21053,"hostname":"Glebs-MacBook-Pro.local","reqId":"dd8aa929-e158-4306-a584-2da29a5aa693","event":"request_completed","requestId":"dd8aa929-e158-4306-a584-2da29a5aa693","method":"GET","route":"/api/v1/auth/me","statusCode":200,"latencyMs":10.695,"msg":"request completed"}
{"level":30,"time":1789777556532,"pid":21053,"hostname":"Glebs-MacBook-Pro.local","reqId":"eb955e2d-f590-4951-9d4c-17fbb086bfef","event":"request_completed","requestId":"eb955e2d-f590-4951-9d4c-17fbb086bfef","method":"GET","route":"/api/v1/notifications","statusCode":200,"latencyMs":27.284,"msg":"request completed"}
{"level":30,"time":1789777556551,"pid":21053,"hostname":"Glebs-MacBook-Pro.local","reqId":"edc82b01-6da8-4d4f-9203-41edbcad83be","event":"request_completed","requestId":"edc82b01-6da8-4d4f-9203-41edbcad83be","method":"GET","route":"/api/v1/home","statusCode":200,"latencyMs":43.344,"msg":"request completed"}
{"level":30,"time":1789777556588,"pid":21053,"hostname":"Glebs-MacBook-Pro.local","reqId":"b80b8142-1c88-43d8-bf7e-a236033d711d","event":"request_completed","requestId":"b80b8142-1c88-43d8-bf7e-a236033d711d","method":"GET","route":"/api/v1/auth/me","statusCode":200,"latencyMs":8.542,"msg":"request completed"}
{"level":30,"time":1789777556607,"pid":21053,"hostname":"Glebs-MacBook-Pro.local","reqId":"d7adbf73-78da-4725-b5ad-e3110cd689b8","event":"request_completed","requestId":"d7adbf73-78da-4725-b5ad-e3110cd689b8","method":"GET","route":"/api/v1/auth/sessions","statusCode":200,"latencyMs":13.083,"msg":"request completed"}
{"level":30,"time":1789777556616,"pid":21053,"hostname":"Glebs-MacBook-Pro.local","reqId":"1d87ce46-45a0-40a3-8318-5548b5ba5512","event":"request_completed","requestId":"1d87ce46-45a0-40a3-8318-5548b5ba5512","method":"GET","route":"/api/v1/notifications","statusCode":200,"latencyMs":22.713,"msg":"request completed"}
{"level":30,"time":1789777556619,"pid":21053,"hostname":"Glebs-MacBook-Pro.local","reqId":"02845686-a589-4764-a4d0-efc7581cb6fb","event":"request_completed","requestId":"02845686-a589-4764-a4d0-efc7581cb6fb","method":"GET","route":"/api/v1/profile/me","statusCode":200,"latencyMs":25.447,"msg":"request completed"}
{"level":30,"time":1789777556633,"pid":21053,"hostname":"Glebs-MacBook-Pro.local","reqId":"1e63781d-6d85-421d-a78b-de1b708e8d0a","event":"request_completed","requestId":"1e63781d-6d85-421d-a78b-de1b708e8d0a","method":"GET","route":"/api/v1/home","statusCode":200,"latencyMs":39.57,"msg":"request completed"}
{"level":30,"time":1789777556766,"pid":21053,"hostname":"Glebs-MacBook-Pro.local","reqId":"8614f988-1830-402f-b785-9c2ce5e78d86","event":"request_completed","requestId":"8614f988-1830-402f-b785-9c2ce5e78d86","method":"PATCH","route":"/api/v1/profile/me","statusCode":200,"latencyMs":12.887,"msg":"request completed"}
{"level":30,"time":1789777556816,"pid":21053,"hostname":"Glebs-MacBook-Pro.local","reqId":"b036dee8-a8ca-422a-aad1-a3f65d9bd17d","event":"request_completed","requestId":"b036dee8-a8ca-422a-aad1-a3f65d9bd17d","method":"GET","route":"/api/v1/profile/me","statusCode":200,"latencyMs":47.903,"msg":"request completed"}
{"level":30,"time":1789777556866,"pid":21053,"hostname":"Glebs-MacBook-Pro.local","reqId":"96741984-0be6-457d-9f8e-55b6c9bc1390","event":"request_completed","requestId":"96741984-0be6-457d-9f8e-55b6c9bc1390","method":"GET","route":"/api/v1/profile/me","statusCode":200,"latencyMs":27.76,"msg":"request completed"}
{"level":30,"time":1789777556873,"pid":21053,"hostname":"Glebs-MacBook-Pro.local","reqId":"83075090-0401-4b20-a850-549a56933106","event":"request_completed","requestId":"83075090-0401-4b20-a850-549a56933106","method":"GET","route":"/api/v1/auth/sessions","statusCode":200,"latencyMs":4.111,"msg":"request completed"}
{"level":30,"time":1789777556954,"pid":21053,"hostname":"Glebs-MacBook-Pro.local","reqId":"89424cf2-e8ee-45b9-b84a-60fbd2576565","event":"request_completed","requestId":"89424cf2-e8ee-45b9-b84a-60fbd2576565","method":"DELETE","route":"/api/v1/auth/sessions/:sessionId","statusCode":200,"latencyMs":18.542,"msg":"request completed"}
{"level":30,"time":1789777556975,"pid":21053,"hostname":"Glebs-MacBook-Pro.local","reqId":"31436953-648a-4f2e-be85-5f69911cf209","event":"request_completed","requestId":"31436953-648a-4f2e-be85-5f69911cf209","method":"GET","route":"/api/v1/auth/sessions","statusCode":200,"latencyMs":18.324,"msg":"request completed"}
{"level":30,"time":1789777557023,"pid":21053,"hostname":"Glebs-MacBook-Pro.local","reqId":"25435f0a-4eea-4bb2-a2e5-56c7070a1779","event":"request_completed","requestId":"25435f0a-4eea-4bb2-a2e5-56c7070a1779","method":"GET","route":"/api/v1/auth/me","statusCode":401,"latencyMs":2.242,"msg":"request completed"}
{"level":30,"time":1789777557157,"pid":21053,"hostname":"Glebs-MacBook-Pro.local","reqId":"90b9eb25-f83c-4834-9e8b-49d4e4324030","event":"request_completed","requestId":"90b9eb25-f83c-4834-9e8b-49d4e4324030","method":"GET","route":"/api/v1/auth/me","statusCode":200,"latencyMs":9.959,"msg":"request completed"}
{"level":30,"time":1789777557177,"pid":21053,"hostname":"Glebs-MacBook-Pro.local","reqId":"21e80682-01fd-4e4b-affd-77112ed342e1","event":"request_completed","requestId":"21e80682-01fd-4e4b-affd-77112ed342e1","method":"GET","route":"/api/v1/rankings","statusCode":200,"latencyMs":12.698,"msg":"request completed"}
{"level":30,"time":1789777557183,"pid":21053,"hostname":"Glebs-MacBook-Pro.local","reqId":"c6b412e0-a4d0-4930-a16e-43c3e90f0890","event":"request_completed","requestId":"c6b412e0-a4d0-4930-a16e-43c3e90f0890","method":"GET","route":"/api/v1/notifications","statusCode":200,"latencyMs":19.786,"msg":"request completed"}
{"level":30,"time":1789777557238,"pid":21053,"hostname":"Glebs-MacBook-Pro.local","reqId":"3944da37-f7bc-49df-a17d-094b8825eb58","event":"request_completed","requestId":"3944da37-f7bc-49df-a17d-094b8825eb58","method":"GET","route":"/api/v1/rankings","statusCode":200,"latencyMs":25.027,"msg":"request completed"}
{"level":30,"time":1789777557311,"pid":21053,"hostname":"Glebs-MacBook-Pro.local","reqId":"fd068b96-c723-4f72-9b7d-5048c6bd247c","event":"request_completed","requestId":"fd068b96-c723-4f72-9b7d-5048c6bd247c","method":"GET","route":"/api/v1/rankings","statusCode":200,"latencyMs":31.727,"msg":"request completed"}
{"level":30,"time":1789777557343,"pid":21053,"hostname":"Glebs-MacBook-Pro.local","reqId":"04e3bc87-d0b2-4386-91bd-6481150cd393","event":"request_completed","requestId":"04e3bc87-d0b2-4386-91bd-6481150cd393","method":"GET","route":"/api/v1/rankings","statusCode":200,"latencyMs":30.806,"msg":"request completed"}
{"level":30,"time":1789777557382,"pid":21053,"hostname":"Glebs-MacBook-Pro.local","reqId":"ac2f657e-999e-4b3f-9c83-23cd8e6a832b","event":"request_completed","requestId":"ac2f657e-999e-4b3f-9c83-23cd8e6a832b","method":"GET","route":"/api/v1/rankings","statusCode":200,"latencyMs":20.682,"msg":"request completed"}
{"level":30,"time":1789777557415,"pid":21053,"hostname":"Glebs-MacBook-Pro.local","reqId":"8cd3a3a0-0f76-429f-bda9-f52cc9f65bcf","event":"request_completed","requestId":"8cd3a3a0-0f76-429f-bda9-f52cc9f65bcf","method":"GET","route":"/api/v1/rankings","statusCode":200,"latencyMs":18.528,"msg":"request completed"}
{"level":30,"time":1789777557532,"pid":21053,"hostname":"Glebs-MacBook-Pro.local","reqId":"aab9b31a-3735-4ee6-9fc2-e28202160739","event":"request_completed","requestId":"aab9b31a-3735-4ee6-9fc2-e28202160739","method":"GET","route":"/api/v1/players/:userId","statusCode":200,"latencyMs":35.62,"msg":"request completed"}
{"level":30,"time":1789777557648,"pid":21053,"hostname":"Glebs-MacBook-Pro.local","reqId":"d611c55f-fe68-443e-8c3b-645e7eac75c8","event":"request_completed","requestId":"d611c55f-fe68-443e-8c3b-645e7eac75c8","method":"GET","route":"/api/v1/auth/me","statusCode":200,"latencyMs":8.717,"msg":"request completed"}
{"level":30,"time":1789777557693,"pid":21053,"hostname":"Glebs-MacBook-Pro.local","reqId":"4ac65e91-2886-4007-85b4-44972775c4ec","event":"request_completed","requestId":"4ac65e91-2886-4007-85b4-44972775c4ec","method":"GET","route":"/api/v1/matches/create-options","statusCode":200,"latencyMs":30.106,"msg":"request completed"}
{"level":30,"time":1789777557698,"pid":21053,"hostname":"Glebs-MacBook-Pro.local","reqId":"f55c1de5-bf35-4e8c-a588-fffbd84db7f1","event":"request_completed","requestId":"f55c1de5-bf35-4e8c-a588-fffbd84db7f1","method":"GET","route":"/api/v1/notifications","statusCode":200,"latencyMs":35.434,"msg":"request completed"}
  ✓  10 [chromium-desktop] › tests/e2e/wave-b.spec.ts:44:5 › Wave B AT-PROFILE-001..005 AT-RANK-005..006 own edit, revoke, team and private public card (2.0s)
{"level":30,"time":1789777557873,"pid":21053,"hostname":"Glebs-MacBook-Pro.local","reqId":"794c4b2d-a3a2-40d3-acef-d06081485338","event":"request_completed","requestId":"794c4b2d-a3a2-40d3-acef-d06081485338","method":"GET","route":"/health","statusCode":200,"latencyMs":0.17,"msg":"request completed"}
{"level":30,"time":1789777557911,"pid":21053,"hostname":"Glebs-MacBook-Pro.local","reqId":"2411e0f4-55d5-45cb-a940-cc38889b3e62","event":"request_completed","requestId":"2411e0f4-55d5-45cb-a940-cc38889b3e62","method":"POST","route":"/api/v1/auth/login","statusCode":200,"latencyMs":35.277,"msg":"request completed"}
{"level":30,"time":1789777557923,"pid":21053,"hostname":"Glebs-MacBook-Pro.local","reqId":"722b8994-8389-4628-b91e-ec27416cb0f7","event":"request_completed","requestId":"722b8994-8389-4628-b91e-ec27416cb0f7","method":"PATCH","route":"/api/v1/me/onboarding","statusCode":200,"latencyMs":7.877,"msg":"request completed"}
{"level":30,"time":1789777557943,"pid":21053,"hostname":"Glebs-MacBook-Pro.local","reqId":"b5fa6ce1-81f7-47a7-a27f-92cc9d66ad3d","event":"request_completed","requestId":"b5fa6ce1-81f7-47a7-a27f-92cc9d66ad3d","method":"POST","route":"/api/v1/matches","statusCode":200,"latencyMs":17.274,"msg":"request completed"}
{"level":30,"time":1789777557969,"pid":21053,"hostname":"Glebs-MacBook-Pro.local","reqId":"bb781c31-e1b9-4e35-860c-9a7827e1cdb0","event":"request_completed","requestId":"bb781c31-e1b9-4e35-860c-9a7827e1cdb0","method":"POST","route":"/api/v1/matches/:matchId/cancel","statusCode":200,"latencyMs":22.375,"msg":"request completed"}
{"level":30,"time":1789777557990,"pid":21053,"hostname":"Glebs-MacBook-Pro.local","reqId":"aff2d94e-8246-406d-a73a-f017e4b8a001","event":"request_completed","requestId":"aff2d94e-8246-406d-a73a-f017e4b8a001","method":"POST","route":"/api/v1/matches","statusCode":200,"latencyMs":17.254,"msg":"request completed"}
{"level":30,"time":1789777558015,"pid":21053,"hostname":"Glebs-MacBook-Pro.local","reqId":"9ec2c6d7-e56b-4bf9-8ef0-fea91c120c25","event":"request_completed","requestId":"9ec2c6d7-e56b-4bf9-8ef0-fea91c120c25","method":"POST","route":"/api/v1/matches/:matchId/cancel","statusCode":200,"latencyMs":21.007,"msg":"request completed"}
{"level":30,"time":1789777558035,"pid":21053,"hostname":"Glebs-MacBook-Pro.local","reqId":"489c7f15-fdb7-485e-ac4a-a4a3dc8cce1b","event":"request_completed","requestId":"489c7f15-fdb7-485e-ac4a-a4a3dc8cce1b","method":"POST","route":"/api/v1/matches","statusCode":200,"latencyMs":16.809,"msg":"request completed"}
{"level":30,"time":1789777558060,"pid":21053,"hostname":"Glebs-MacBook-Pro.local","reqId":"f5d3b1d3-6347-4f27-9c52-92edfd116e92","event":"request_completed","requestId":"f5d3b1d3-6347-4f27-9c52-92edfd116e92","method":"POST","route":"/api/v1/matches/:matchId/cancel","statusCode":200,"latencyMs":21.479,"msg":"request completed"}
{"level":30,"time":1789777558079,"pid":21053,"hostname":"Glebs-MacBook-Pro.local","reqId":"eeda855a-3d9e-4cbc-b056-bee50d613543","event":"request_completed","requestId":"eeda855a-3d9e-4cbc-b056-bee50d613543","method":"POST","route":"/api/v1/matches","statusCode":200,"latencyMs":16.496,"msg":"request completed"}
{"level":30,"time":1789777558104,"pid":21053,"hostname":"Glebs-MacBook-Pro.local","reqId":"68516888-9ba1-4a51-8a5c-cadc62a31eda","event":"request_completed","requestId":"68516888-9ba1-4a51-8a5c-cadc62a31eda","method":"POST","route":"/api/v1/matches/:matchId/cancel","statusCode":200,"latencyMs":20.952,"msg":"request completed"}
{"level":30,"time":1789777558124,"pid":21053,"hostname":"Glebs-MacBook-Pro.local","reqId":"3fd62e20-ed2d-42ac-8b01-18c37b20a58a","event":"request_completed","requestId":"3fd62e20-ed2d-42ac-8b01-18c37b20a58a","method":"POST","route":"/api/v1/matches","statusCode":200,"latencyMs":16.768,"msg":"request completed"}
{"level":30,"time":1789777558151,"pid":21053,"hostname":"Glebs-MacBook-Pro.local","reqId":"8c321e7b-41f4-4ef5-a0d4-61282f09a6fc","event":"request_completed","requestId":"8c321e7b-41f4-4ef5-a0d4-61282f09a6fc","method":"POST","route":"/api/v1/matches/:matchId/cancel","statusCode":200,"latencyMs":23.809,"msg":"request completed"}
{"level":30,"time":1789777558174,"pid":21053,"hostname":"Glebs-MacBook-Pro.local","reqId":"5d34cd50-8e74-44e4-9917-20c519a35fc6","event":"request_completed","requestId":"5d34cd50-8e74-44e4-9917-20c519a35fc6","method":"POST","route":"/api/v1/matches","statusCode":200,"latencyMs":19.033,"msg":"request completed"}
{"level":30,"time":1789777558201,"pid":21053,"hostname":"Glebs-MacBook-Pro.local","reqId":"7c0b7a4d-5245-402f-95da-340d9289962f","event":"request_completed","requestId":"7c0b7a4d-5245-402f-95da-340d9289962f","method":"POST","route":"/api/v1/matches/:matchId/cancel","statusCode":200,"latencyMs":23.293,"msg":"request completed"}
{"level":30,"time":1789777558223,"pid":21053,"hostname":"Glebs-MacBook-Pro.local","reqId":"b683d1d1-514e-44cd-907c-5f5db6b70b3a","event":"request_completed","requestId":"b683d1d1-514e-44cd-907c-5f5db6b70b3a","method":"POST","route":"/api/v1/matches","statusCode":200,"latencyMs":18.468,"msg":"request completed"}
{"level":30,"time":1789777558251,"pid":21053,"hostname":"Glebs-MacBook-Pro.local","reqId":"50b194e6-c98a-477c-a548-afc98e48e168","event":"request_completed","requestId":"50b194e6-c98a-477c-a548-afc98e48e168","method":"POST","route":"/api/v1/matches/:matchId/cancel","statusCode":200,"latencyMs":24.695,"msg":"request completed"}
{"level":30,"time":1789777558276,"pid":21053,"hostname":"Glebs-MacBook-Pro.local","reqId":"1f881f1e-40ca-40ef-8e59-3e688faca421","event":"request_completed","requestId":"1f881f1e-40ca-40ef-8e59-3e688faca421","method":"POST","route":"/api/v1/matches","statusCode":200,"latencyMs":21.053,"msg":"request completed"}
{"level":30,"time":1789777558302,"pid":21053,"hostname":"Glebs-MacBook-Pro.local","reqId":"494c01c5-1349-4c02-9b34-b5f519315685","event":"request_completed","requestId":"494c01c5-1349-4c02-9b34-b5f519315685","method":"POST","route":"/api/v1/matches/:matchId/cancel","statusCode":200,"latencyMs":22.288,"msg":"request completed"}
{"level":30,"time":1789777558324,"pid":21053,"hostname":"Glebs-MacBook-Pro.local","reqId":"4fd5d860-5cb2-481e-994d-82a868a2d9f2","event":"request_completed","requestId":"4fd5d860-5cb2-481e-994d-82a868a2d9f2","method":"POST","route":"/api/v1/matches","statusCode":200,"latencyMs":18.515,"msg":"request completed"}
{"level":30,"time":1789777558355,"pid":21053,"hostname":"Glebs-MacBook-Pro.local","reqId":"2698cd14-a412-4f22-8fe5-f3e252c6e37c","event":"request_completed","requestId":"2698cd14-a412-4f22-8fe5-f3e252c6e37c","method":"POST","route":"/api/v1/matches/:matchId/cancel","statusCode":200,"latencyMs":27.904,"msg":"request completed"}
{"level":30,"time":1789777558377,"pid":21053,"hostname":"Glebs-MacBook-Pro.local","reqId":"167d7270-bdd2-4788-94ff-b23e8f2922a7","event":"request_completed","requestId":"167d7270-bdd2-4788-94ff-b23e8f2922a7","method":"POST","route":"/api/v1/matches","statusCode":200,"latencyMs":17.539,"msg":"request completed"}
{"level":30,"time":1789777558407,"pid":21053,"hostname":"Glebs-MacBook-Pro.local","reqId":"d3a53e00-c6bb-4ca8-addd-ffc0839fe961","event":"request_completed","requestId":"d3a53e00-c6bb-4ca8-addd-ffc0839fe961","method":"POST","route":"/api/v1/matches/:matchId/cancel","statusCode":200,"latencyMs":26.922,"msg":"request completed"}
{"level":30,"time":1789777558431,"pid":21053,"hostname":"Glebs-MacBook-Pro.local","reqId":"eb5c7372-c929-4d13-b5c1-be4aa15ec9d7","event":"request_completed","requestId":"eb5c7372-c929-4d13-b5c1-be4aa15ec9d7","method":"POST","route":"/api/v1/matches","statusCode":200,"latencyMs":19.97,"msg":"request completed"}
{"level":30,"time":1789777558457,"pid":21053,"hostname":"Glebs-MacBook-Pro.local","reqId":"50d39124-5fda-4de5-9edc-ee10bb4e76f3","event":"request_completed","requestId":"50d39124-5fda-4de5-9edc-ee10bb4e76f3","method":"POST","route":"/api/v1/matches/:matchId/cancel","statusCode":200,"latencyMs":21.885,"msg":"request completed"}
{"level":30,"time":1789777558477,"pid":21053,"hostname":"Glebs-MacBook-Pro.local","reqId":"28c99d79-82db-4df5-b6d3-21d2c54d7fc7","event":"request_completed","requestId":"28c99d79-82db-4df5-b6d3-21d2c54d7fc7","method":"POST","route":"/api/v1/matches","statusCode":200,"latencyMs":16.794,"msg":"request completed"}
{"level":30,"time":1789777558503,"pid":21053,"hostname":"Glebs-MacBook-Pro.local","reqId":"492007f3-9111-4aeb-a313-ec874736f44a","event":"request_completed","requestId":"492007f3-9111-4aeb-a313-ec874736f44a","method":"POST","route":"/api/v1/matches/:matchId/cancel","statusCode":200,"latencyMs":23.183,"msg":"request completed"}
{"level":30,"time":1789777558527,"pid":21053,"hostname":"Glebs-MacBook-Pro.local","reqId":"d6fe21b8-f002-45a5-8f06-7f7622c3060a","event":"request_completed","requestId":"d6fe21b8-f002-45a5-8f06-7f7622c3060a","method":"POST","route":"/api/v1/matches","statusCode":200,"latencyMs":19.543,"msg":"request completed"}
{"level":30,"time":1789777558552,"pid":21053,"hostname":"Glebs-MacBook-Pro.local","reqId":"de8dcd5f-adf1-4893-b585-307e53da233b","event":"request_completed","requestId":"de8dcd5f-adf1-4893-b585-307e53da233b","method":"POST","route":"/api/v1/matches/:matchId/cancel","statusCode":200,"latencyMs":21.739,"msg":"request completed"}
{"level":30,"time":1789777558571,"pid":21053,"hostname":"Glebs-MacBook-Pro.local","reqId":"80df88c6-0ef3-4d8d-8463-493057c8c193","event":"request_completed","requestId":"80df88c6-0ef3-4d8d-8463-493057c8c193","method":"POST","route":"/api/v1/matches","statusCode":200,"latencyMs":15.787,"msg":"request completed"}
{"level":30,"time":1789777558608,"pid":21053,"hostname":"Glebs-MacBook-Pro.local","reqId":"66402389-b15c-44b9-899a-961a5c18ca24","event":"request_completed","requestId":"66402389-b15c-44b9-899a-961a5c18ca24","method":"POST","route":"/api/v1/matches/:matchId/cancel","statusCode":200,"latencyMs":33.175,"msg":"request completed"}
{"level":30,"time":1789777558640,"pid":21053,"hostname":"Glebs-MacBook-Pro.local","reqId":"1ed6e48d-c915-444e-97e1-5df773ae190d","event":"request_completed","requestId":"1ed6e48d-c915-444e-97e1-5df773ae190d","method":"POST","route":"/api/v1/matches","statusCode":200,"latencyMs":28.412,"msg":"request completed"}
{"level":30,"time":1789777558666,"pid":21053,"hostname":"Glebs-MacBook-Pro.local","reqId":"c450b594-59f6-438e-b77f-aef9834f95ce","event":"request_completed","requestId":"c450b594-59f6-438e-b77f-aef9834f95ce","method":"POST","route":"/api/v1/matches/:matchId/cancel","statusCode":200,"latencyMs":22.094,"msg":"request completed"}
{"level":30,"time":1789777558688,"pid":21053,"hostname":"Glebs-MacBook-Pro.local","reqId":"8945688b-e5e1-4fc4-9cf9-5e2456c1bcf0","event":"request_completed","requestId":"8945688b-e5e1-4fc4-9cf9-5e2456c1bcf0","method":"POST","route":"/api/v1/matches","statusCode":200,"latencyMs":18.104,"msg":"request completed"}
{"level":30,"time":1789777558715,"pid":21053,"hostname":"Glebs-MacBook-Pro.local","reqId":"39dd1d39-a921-42e6-9467-9a5a995ff52e","event":"request_completed","requestId":"39dd1d39-a921-42e6-9467-9a5a995ff52e","method":"POST","route":"/api/v1/matches/:matchId/cancel","statusCode":200,"latencyMs":23.719,"msg":"request completed"}
{"level":30,"time":1789777558741,"pid":21053,"hostname":"Glebs-MacBook-Pro.local","reqId":"45db063a-8406-4806-92f2-73f2b3376096","event":"request_completed","requestId":"45db063a-8406-4806-92f2-73f2b3376096","method":"POST","route":"/api/v1/matches","statusCode":200,"latencyMs":21.546,"msg":"request completed"}
{"level":30,"time":1789777558767,"pid":21053,"hostname":"Glebs-MacBook-Pro.local","reqId":"d50628a1-b450-4c41-8c6f-164078b95f08","event":"request_completed","requestId":"d50628a1-b450-4c41-8c6f-164078b95f08","method":"POST","route":"/api/v1/matches/:matchId/cancel","statusCode":200,"latencyMs":22.981,"msg":"request completed"}
{"level":30,"time":1789777558789,"pid":21053,"hostname":"Glebs-MacBook-Pro.local","reqId":"8add6b45-4112-4c8e-9f7f-ef5bd42a5e85","event":"request_completed","requestId":"8add6b45-4112-4c8e-9f7f-ef5bd42a5e85","method":"POST","route":"/api/v1/matches","statusCode":200,"latencyMs":17.931,"msg":"request completed"}
{"level":30,"time":1789777558829,"pid":21053,"hostname":"Glebs-MacBook-Pro.local","reqId":"6b9a2563-2ef2-41cb-964b-72ce3e6f4953","event":"request_completed","requestId":"6b9a2563-2ef2-41cb-964b-72ce3e6f4953","method":"POST","route":"/api/v1/matches/:matchId/cancel","statusCode":200,"latencyMs":35.632,"msg":"request completed"}
{"level":30,"time":1789777558850,"pid":21053,"hostname":"Glebs-MacBook-Pro.local","reqId":"0deded95-c315-4e38-b407-5ede417f5133","event":"request_completed","requestId":"0deded95-c315-4e38-b407-5ede417f5133","method":"POST","route":"/api/v1/matches","statusCode":200,"latencyMs":18.152,"msg":"request completed"}
{"level":30,"time":1789777558885,"pid":21053,"hostname":"Glebs-MacBook-Pro.local","reqId":"0b27a7b1-a005-416b-9348-d14bc11812c4","event":"request_completed","requestId":"0b27a7b1-a005-416b-9348-d14bc11812c4","method":"POST","route":"/api/v1/matches/:matchId/cancel","statusCode":200,"latencyMs":30.407,"msg":"request completed"}
{"level":30,"time":1789777558910,"pid":21053,"hostname":"Glebs-MacBook-Pro.local","reqId":"01771800-00a7-47d5-9742-326b58dfff6f","event":"request_completed","requestId":"01771800-00a7-47d5-9742-326b58dfff6f","method":"POST","route":"/api/v1/matches","statusCode":200,"latencyMs":20.7,"msg":"request completed"}
{"level":30,"time":1789777558939,"pid":21053,"hostname":"Glebs-MacBook-Pro.local","reqId":"45371c64-9abf-48ec-86f7-71d17cce11fe","event":"request_completed","requestId":"45371c64-9abf-48ec-86f7-71d17cce11fe","method":"POST","route":"/api/v1/matches/:matchId/cancel","statusCode":200,"latencyMs":25.374,"msg":"request completed"}
{"level":30,"time":1789777558963,"pid":21053,"hostname":"Glebs-MacBook-Pro.local","reqId":"01939d9a-f46d-4e1e-bb79-8eb09b0540ae","event":"request_completed","requestId":"01939d9a-f46d-4e1e-bb79-8eb09b0540ae","method":"POST","route":"/api/v1/matches","statusCode":200,"latencyMs":19.518,"msg":"request completed"}
{"level":30,"time":1789777558993,"pid":21053,"hostname":"Glebs-MacBook-Pro.local","reqId":"97ed3649-5cb9-4b52-9949-1bd08ca2902a","event":"request_completed","requestId":"97ed3649-5cb9-4b52-9949-1bd08ca2902a","method":"POST","route":"/api/v1/matches/:matchId/cancel","statusCode":200,"latencyMs":26.369,"msg":"request completed"}
{"level":30,"time":1789777559265,"pid":21053,"hostname":"Glebs-MacBook-Pro.local","reqId":"e492f946-87f5-4545-8a68-487335a43e8d","event":"request_completed","requestId":"e492f946-87f5-4545-8a68-487335a43e8d","method":"GET","route":"/api/v1/auth/me","statusCode":401,"latencyMs":0.409,"msg":"request completed"}
{"level":30,"time":1789777559456,"pid":21053,"hostname":"Glebs-MacBook-Pro.local","reqId":"6ae8b372-ae27-41f1-9126-5d7769eb1f7d","event":"request_completed","requestId":"6ae8b372-ae27-41f1-9126-5d7769eb1f7d","method":"POST","route":"/api/v1/auth/login","statusCode":200,"latencyMs":45.736,"msg":"request completed"}
{"level":30,"time":1789777559473,"pid":21053,"hostname":"Glebs-MacBook-Pro.local","reqId":"d9b42f91-3e39-4163-8f8d-db36e543f73b","event":"request_completed","requestId":"d9b42f91-3e39-4163-8f8d-db36e543f73b","method":"GET","route":"/api/v1/auth/me","statusCode":200,"latencyMs":14.27,"msg":"request completed"}
{"level":30,"time":1789777559505,"pid":21053,"hostname":"Glebs-MacBook-Pro.local","reqId":"1a7775f7-29ce-456c-8dac-ab9f3f0e2a80","event":"request_completed","requestId":"1a7775f7-29ce-456c-8dac-ab9f3f0e2a80","method":"GET","route":"/api/v1/notifications","statusCode":200,"latencyMs":44.83,"msg":"request completed"}
{"level":30,"time":1789777559526,"pid":21053,"hostname":"Glebs-MacBook-Pro.local","reqId":"b77eb070-6fc5-4b54-bdeb-1f7b4d302f83","event":"request_completed","requestId":"b77eb070-6fc5-4b54-bdeb-1f7b4d302f83","method":"GET","route":"/api/v1/auth/me","statusCode":200,"latencyMs":4.256,"msg":"request completed"}
{"level":30,"time":1789777559529,"pid":21053,"hostname":"Glebs-MacBook-Pro.local","reqId":"38b12613-cbca-43e3-ab87-ca61aa2b91d5","event":"request_completed","requestId":"38b12613-cbca-43e3-ab87-ca61aa2b91d5","method":"GET","route":"/api/v1/home","statusCode":200,"latencyMs":66.35,"msg":"request completed"}
{"level":30,"time":1789777559543,"pid":21053,"hostname":"Glebs-MacBook-Pro.local","reqId":"08957a18-7178-418c-a707-fd18ccca20fa","event":"request_completed","requestId":"08957a18-7178-418c-a707-fd18ccca20fa","method":"GET","route":"/api/v1/history","statusCode":200,"latencyMs":8.588,"msg":"request completed"}
{"level":30,"time":1789777559550,"pid":21053,"hostname":"Glebs-MacBook-Pro.local","reqId":"e615dc9c-da74-4341-8e4b-8110458b7039","event":"request_completed","requestId":"e615dc9c-da74-4341-8e4b-8110458b7039","method":"GET","route":"/api/v1/notifications","statusCode":200,"latencyMs":16.582,"msg":"request completed"}
{"level":30,"time":1789777559617,"pid":21053,"hostname":"Glebs-MacBook-Pro.local","reqId":"5b69ffed-06c4-4048-a72c-fcca8b943469","event":"request_completed","requestId":"5b69ffed-06c4-4048-a72c-fcca8b943469","method":"GET","route":"/api/v1/history","statusCode":200,"latencyMs":23.394,"msg":"request completed"}
{"level":30,"time":1789777559716,"pid":21053,"hostname":"Glebs-MacBook-Pro.local","reqId":"b0e6a06e-ff16-4528-9cc1-f57bf3583e5a","event":"request_completed","requestId":"b0e6a06e-ff16-4528-9cc1-f57bf3583e5a","method":"GET","route":"/api/v1/history","statusCode":200,"latencyMs":20.738,"msg":"request completed"}
{"level":30,"time":1789777559815,"pid":21053,"hostname":"Glebs-MacBook-Pro.local","reqId":"1f639d6b-147c-43b8-bfdb-1b98f5e02c4a","event":"request_completed","requestId":"1f639d6b-147c-43b8-bfdb-1b98f5e02c4a","method":"GET","route":"/api/v1/history","statusCode":200,"latencyMs":23.013,"msg":"request completed"}
{"level":30,"time":1789777559889,"pid":21053,"hostname":"Glebs-MacBook-Pro.local","reqId":"4048f89b-d0ca-4b4a-b43c-ddd5b5cef493","event":"request_completed","requestId":"4048f89b-d0ca-4b4a-b43c-ddd5b5cef493","method":"GET","route":"/api/v1/history","statusCode":200,"latencyMs":23.878,"msg":"request completed"}
{"level":30,"time":1789777559894,"pid":21053,"hostname":"Glebs-MacBook-Pro.local","reqId":"ac7fbfc2-4de9-4416-ba50-6d0fced73559","event":"request_completed","requestId":"ac7fbfc2-4de9-4416-ba50-6d0fced73559","method":"GET","route":"/api/v1/matches/:matchId","statusCode":200,"latencyMs":34.068,"msg":"request completed"}
{"level":30,"time":1789777559901,"pid":21053,"hostname":"Glebs-MacBook-Pro.local","reqId":"5f489168-2c17-47da-93fd-3887dca46047","event":"request_completed","requestId":"5f489168-2c17-47da-93fd-3887dca46047","method":"GET","route":"/api/v1/history","statusCode":200,"latencyMs":9.495,"msg":"request completed"}
  ✓  11 [chromium-desktop] › tests/e2e/wave-b.spec.ts:124:5 › Wave B AT-VIS-003 history pagination and detail return keep context (2.3s)
{"level":30,"time":1789777560171,"pid":21053,"hostname":"Glebs-MacBook-Pro.local","reqId":"b927c7cf-32c3-4e0c-ac08-dcd9f467c31c","event":"request_completed","requestId":"b927c7cf-32c3-4e0c-ac08-dcd9f467c31c","method":"GET","route":"/health","statusCode":200,"latencyMs":0.151,"msg":"request completed"}
{"level":30,"time":1789777560198,"pid":21053,"hostname":"Glebs-MacBook-Pro.local","reqId":"1d57e698-58ed-4600-8870-9fac42f83da5","event":"request_completed","requestId":"1d57e698-58ed-4600-8870-9fac42f83da5","method":"POST","route":"/api/v1/auth/login","statusCode":200,"latencyMs":23.832,"msg":"request completed"}
{"level":30,"time":1789777560208,"pid":21053,"hostname":"Glebs-MacBook-Pro.local","reqId":"304c9022-67db-4335-b43f-efe568fce3ee","event":"request_completed","requestId":"304c9022-67db-4335-b43f-efe568fce3ee","method":"PATCH","route":"/api/v1/me/onboarding","statusCode":200,"latencyMs":5.827,"msg":"request completed"}
{"level":30,"time":1789777560237,"pid":21053,"hostname":"Glebs-MacBook-Pro.local","reqId":"eaec562e-78f6-4f87-87cc-65d7ebfaecf1","event":"request_completed","requestId":"eaec562e-78f6-4f87-87cc-65d7ebfaecf1","method":"POST","route":"/api/v1/admin/users","statusCode":200,"latencyMs":26.232,"msg":"request completed"}
{"level":30,"time":1789777560270,"pid":21053,"hostname":"Glebs-MacBook-Pro.local","reqId":"38772a71-cd8f-4e2c-8c07-fe66ee68fe2b","event":"request_completed","requestId":"38772a71-cd8f-4e2c-8c07-fe66ee68fe2b","method":"POST","route":"/api/v1/auth/login","statusCode":200,"latencyMs":28.078,"msg":"request completed"}
{"level":30,"time":1789777560311,"pid":21053,"hostname":"Glebs-MacBook-Pro.local","reqId":"d0d18fa4-6608-4b1b-9570-518285744057","event":"request_completed","requestId":"d0d18fa4-6608-4b1b-9570-518285744057","method":"POST","route":"/api/v1/auth/password/first-change","statusCode":200,"latencyMs":38.256,"msg":"request completed"}
{"level":30,"time":1789777560330,"pid":21053,"hostname":"Glebs-MacBook-Pro.local","reqId":"a4cfcad8-d678-4307-af15-59e3d2218b69","event":"request_completed","requestId":"a4cfcad8-d678-4307-af15-59e3d2218b69","method":"PATCH","route":"/api/v1/me/onboarding","statusCode":200,"latencyMs":14.365,"msg":"request completed"}
{"level":30,"time":1789777560352,"pid":21053,"hostname":"Glebs-MacBook-Pro.local","reqId":"e05a52ab-8225-4474-ad35-01c25985e70d","event":"request_completed","requestId":"e05a52ab-8225-4474-ad35-01c25985e70d","method":"POST","route":"/api/v1/teams","statusCode":200,"latencyMs":17.742,"msg":"request completed"}
{"level":30,"time":1789777560370,"pid":21053,"hostname":"Glebs-MacBook-Pro.local","reqId":"d3b2f469-dc47-474d-a1db-41821c80c2b8","event":"request_completed","requestId":"d3b2f469-dc47-474d-a1db-41821c80c2b8","method":"POST","route":"/api/v1/teams/:id/invite","statusCode":200,"latencyMs":15.663,"msg":"request completed"}
{"level":30,"time":1789777560390,"pid":21053,"hostname":"Glebs-MacBook-Pro.local","reqId":"e0f412c8-f3da-43c6-8d1f-b22af09b0d8a","event":"request_completed","requestId":"e0f412c8-f3da-43c6-8d1f-b22af09b0d8a","method":"POST","route":"/api/v1/team-invitations/:id/respond","statusCode":200,"latencyMs":15.874,"msg":"request completed"}
{"level":30,"time":1789777560662,"pid":21053,"hostname":"Glebs-MacBook-Pro.local","reqId":"025838cd-384a-4b8a-b7c3-571cf979fd5d","event":"request_completed","requestId":"025838cd-384a-4b8a-b7c3-571cf979fd5d","method":"GET","route":"/api/v1/auth/me","statusCode":401,"latencyMs":0.128,"msg":"request completed"}
{"level":30,"time":1789777560841,"pid":21053,"hostname":"Glebs-MacBook-Pro.local","reqId":"2eb66a1c-ff21-40c1-9226-c066d009d7c5","event":"request_completed","requestId":"2eb66a1c-ff21-40c1-9226-c066d009d7c5","method":"POST","route":"/api/v1/auth/login","statusCode":200,"latencyMs":35.753,"msg":"request completed"}
{"level":30,"time":1789777560857,"pid":21053,"hostname":"Glebs-MacBook-Pro.local","reqId":"35419ab8-9603-4276-9bb2-e46b771d3c47","event":"request_completed","requestId":"35419ab8-9603-4276-9bb2-e46b771d3c47","method":"GET","route":"/api/v1/auth/me","statusCode":200,"latencyMs":14.29,"msg":"request completed"}
{"level":30,"time":1789777560874,"pid":21053,"hostname":"Glebs-MacBook-Pro.local","reqId":"a360978d-ae89-4738-a807-762ee8f43c76","event":"request_completed","requestId":"a360978d-ae89-4738-a807-762ee8f43c76","method":"GET","route":"/api/v1/notifications","statusCode":200,"latencyMs":29.074,"msg":"request completed"}
{"level":30,"time":1789777560900,"pid":21053,"hostname":"Glebs-MacBook-Pro.local","reqId":"07351305-fb71-4b20-b6b4-09b4dad853d2","event":"request_completed","requestId":"07351305-fb71-4b20-b6b4-09b4dad853d2","method":"GET","route":"/api/v1/home","statusCode":200,"latencyMs":53.405,"msg":"request completed"}
{"level":30,"time":1789777560919,"pid":21053,"hostname":"Glebs-MacBook-Pro.local","reqId":"f39c7c3f-e9c7-4484-a4aa-c4bf6887ba76","event":"request_completed","requestId":"f39c7c3f-e9c7-4484-a4aa-c4bf6887ba76","method":"GET","route":"/api/v1/auth/me","statusCode":200,"latencyMs":4.824,"msg":"request completed"}
{"level":30,"time":1789777560945,"pid":21053,"hostname":"Glebs-MacBook-Pro.local","reqId":"4b14272a-1d16-4fc1-82a1-5b66dc2db708","event":"request_completed","requestId":"4b14272a-1d16-4fc1-82a1-5b66dc2db708","method":"GET","route":"/api/v1/matches/create-options","statusCode":200,"latencyMs":15.93,"msg":"request completed"}
{"level":30,"time":1789777560947,"pid":21053,"hostname":"Glebs-MacBook-Pro.local","reqId":"76b0b588-4ea9-4274-9368-ac752cf45d17","event":"request_completed","requestId":"76b0b588-4ea9-4274-9368-ac752cf45d17","method":"GET","route":"/api/v1/notifications","statusCode":200,"latencyMs":17.933,"msg":"request completed"}
{"level":30,"time":1789777561286,"pid":21053,"hostname":"Glebs-MacBook-Pro.local","reqId":"4fd37572-5a55-4bbc-871b-101e0df2edf3","event":"request_completed","requestId":"4fd37572-5a55-4bbc-871b-101e0df2edf3","method":"POST","route":"/api/v1/matches","statusCode":200,"latencyMs":50.974,"msg":"request completed"}
{"level":30,"time":1789777561301,"pid":21053,"hostname":"Glebs-MacBook-Pro.local","reqId":"c7bc491a-e048-42b5-a180-99de7d49bb6b","event":"request_completed","requestId":"c7bc491a-e048-42b5-a180-99de7d49bb6b","method":"GET","route":"/api/v1/matches/:matchId","statusCode":200,"latencyMs":10.535,"msg":"request completed"}
{"level":30,"time":1789777561349,"pid":21053,"hostname":"Glebs-MacBook-Pro.local","reqId":"c2ea7431-15de-4cbf-b0e3-187b686be7b9","event":"request_completed","requestId":"c2ea7431-15de-4cbf-b0e3-187b686be7b9","method":"GET","route":"/api/v1/matches/:matchId","statusCode":200,"latencyMs":25.062,"msg":"request completed"}
{"level":30,"time":1789777561477,"pid":21053,"hostname":"Glebs-MacBook-Pro.local","reqId":"69d3a1b9-946c-49f9-8ef5-ad6caceb40f2","event":"request_completed","requestId":"69d3a1b9-946c-49f9-8ef5-ad6caceb40f2","method":"POST","route":"/api/v1/matches/:matchId/no-show","statusCode":200,"latencyMs":59.337,"msg":"request completed"}
{"level":30,"time":1789777561526,"pid":21053,"hostname":"Glebs-MacBook-Pro.local","reqId":"34fa14c1-27b3-4713-a060-d864af0e0832","event":"request_completed","requestId":"34fa14c1-27b3-4713-a060-d864af0e0832","method":"GET","route":"/api/v1/matches/:matchId","statusCode":200,"latencyMs":20.385,"msg":"request completed"}
{"level":30,"time":1789777561551,"pid":21053,"hostname":"Glebs-MacBook-Pro.local","reqId":"65c6a257-1289-409f-bf51-405cfe7fad12","event":"request_completed","requestId":"65c6a257-1289-409f-bf51-405cfe7fad12","method":"GET","route":"/api/v1/auth/me","statusCode":200,"latencyMs":9.823,"msg":"request completed"}
{"level":30,"time":1789777561580,"pid":21053,"hostname":"Glebs-MacBook-Pro.local","reqId":"85dffccf-2601-4e37-8590-1a5f38fb059c","event":"request_completed","requestId":"85dffccf-2601-4e37-8590-1a5f38fb059c","method":"GET","route":"/api/v1/matches/create-options","statusCode":200,"latencyMs":16.786,"msg":"request completed"}
{"level":30,"time":1789777561582,"pid":21053,"hostname":"Glebs-MacBook-Pro.local","reqId":"1035fc8a-1b5c-44fa-8cd7-b2692349bd5f","event":"request_completed","requestId":"1035fc8a-1b5c-44fa-8cd7-b2692349bd5f","method":"GET","route":"/api/v1/notifications","statusCode":200,"latencyMs":18.951,"msg":"request completed"}
  ✓  12 [chromium-desktop] › tests/e2e/wave-c.spec.ts:38:5 › Wave C AT-MATCH-013_016 2v2 team selection, rules, no-show and hidden revenge (1.6s)
{"level":30,"time":1789777561748,"pid":21053,"hostname":"Glebs-MacBook-Pro.local","reqId":"1fe1145a-e3d3-46fd-93ce-a9f9a2ab7b3e","event":"request_completed","requestId":"1fe1145a-e3d3-46fd-93ce-a9f9a2ab7b3e","method":"GET","route":"/health","statusCode":200,"latencyMs":0.152,"msg":"request completed"}
{"level":30,"time":1789777561781,"pid":21053,"hostname":"Glebs-MacBook-Pro.local","reqId":"503766b6-9466-41aa-95be-a3f221b77723","event":"request_completed","requestId":"503766b6-9466-41aa-95be-a3f221b77723","method":"POST","route":"/api/v1/auth/login","statusCode":200,"latencyMs":29.791,"msg":"request completed"}
{"level":30,"time":1789777561796,"pid":21053,"hostname":"Glebs-MacBook-Pro.local","reqId":"e28dc31f-a952-45fc-9cae-d1a3080dbe43","event":"request_completed","requestId":"e28dc31f-a952-45fc-9cae-d1a3080dbe43","method":"PATCH","route":"/api/v1/me/onboarding","statusCode":200,"latencyMs":10.454,"msg":"request completed"}
{"level":30,"time":1789777561835,"pid":21053,"hostname":"Glebs-MacBook-Pro.local","reqId":"e726e232-5290-479c-925e-b8dfca8fffc0","event":"request_completed","requestId":"e726e232-5290-479c-925e-b8dfca8fffc0","method":"POST","route":"/api/v1/admin/users","statusCode":200,"latencyMs":36.971,"msg":"request completed"}
{"level":30,"time":1789777561865,"pid":21053,"hostname":"Glebs-MacBook-Pro.local","reqId":"0a5b613e-7b4f-4c3e-93d4-71248517ab2f","event":"request_completed","requestId":"0a5b613e-7b4f-4c3e-93d4-71248517ab2f","method":"POST","route":"/api/v1/auth/login","statusCode":200,"latencyMs":25.63,"msg":"request completed"}
{"level":30,"time":1789777561913,"pid":21053,"hostname":"Glebs-MacBook-Pro.local","reqId":"e611e71f-13e7-46d6-b429-63b60b6cafa7","event":"request_completed","requestId":"e611e71f-13e7-46d6-b429-63b60b6cafa7","method":"POST","route":"/api/v1/auth/password/first-change","statusCode":200,"latencyMs":44.969,"msg":"request completed"}
{"level":30,"time":1789777561930,"pid":21053,"hostname":"Glebs-MacBook-Pro.local","reqId":"edc61e07-5dff-49d1-963f-fecfca2479f0","event":"request_completed","requestId":"edc61e07-5dff-49d1-963f-fecfca2479f0","method":"PATCH","route":"/api/v1/me/onboarding","statusCode":200,"latencyMs":12.715,"msg":"request completed"}
{"level":30,"time":1789777561990,"pid":21053,"hostname":"Glebs-MacBook-Pro.local","reqId":"911d0c1f-2a51-42f3-bcec-88d869fb6144","event":"request_completed","requestId":"911d0c1f-2a51-42f3-bcec-88d869fb6144","method":"GET","route":"/api/v1/profile/me","statusCode":200,"latencyMs":18.708,"msg":"request completed"}
{"level":30,"time":1789777562011,"pid":21053,"hostname":"Glebs-MacBook-Pro.local","reqId":"3f30751b-4f2a-4768-9cf4-bfc3648925e2","event":"request_completed","requestId":"3f30751b-4f2a-4768-9cf4-bfc3648925e2","method":"POST","route":"/api/v1/matches","statusCode":200,"latencyMs":17.714,"msg":"request completed"}
{"level":30,"time":1789777562274,"pid":21053,"hostname":"Glebs-MacBook-Pro.local","reqId":"10371880-9b48-4547-a3e3-c9622ca8c60f","event":"request_completed","requestId":"10371880-9b48-4547-a3e3-c9622ca8c60f","method":"GET","route":"/api/v1/auth/me","statusCode":401,"latencyMs":0.145,"msg":"request completed"}
{"level":30,"time":1789777562444,"pid":21053,"hostname":"Glebs-MacBook-Pro.local","reqId":"bc173f89-37df-49d6-974c-24c1ce00b67f","event":"request_completed","requestId":"bc173f89-37df-49d6-974c-24c1ce00b67f","method":"POST","route":"/api/v1/auth/login","statusCode":200,"latencyMs":35.064,"msg":"request completed"}
{"level":30,"time":1789777562471,"pid":21053,"hostname":"Glebs-MacBook-Pro.local","reqId":"d9c7f911-9871-48bf-a7c7-124a929c7ee5","event":"request_completed","requestId":"d9c7f911-9871-48bf-a7c7-124a929c7ee5","method":"GET","route":"/api/v1/auth/me","statusCode":200,"latencyMs":25.04,"msg":"request completed"}
{"level":30,"time":1789777562488,"pid":21053,"hostname":"Glebs-MacBook-Pro.local","reqId":"3e4b2379-b7d7-4b06-a27f-c65089ec4225","event":"request_completed","requestId":"3e4b2379-b7d7-4b06-a27f-c65089ec4225","method":"GET","route":"/api/v1/notifications","statusCode":200,"latencyMs":40.117,"msg":"request completed"}
{"level":30,"time":1789777562510,"pid":21053,"hostname":"Glebs-MacBook-Pro.local","reqId":"3bfbdc98-708c-4955-b141-41f8aa72e760","event":"request_completed","requestId":"3bfbdc98-708c-4955-b141-41f8aa72e760","method":"GET","route":"/api/v1/home","statusCode":200,"latencyMs":60.155,"msg":"request completed"}
{"level":30,"time":1789777562519,"pid":21053,"hostname":"Glebs-MacBook-Pro.local","reqId":"2d96392e-c4db-4a25-ac48-52c46c36feb0","event":"request_completed","requestId":"2d96392e-c4db-4a25-ac48-52c46c36feb0","method":"GET","route":"/api/v1/auth/me","statusCode":200,"latencyMs":4.055,"msg":"request completed"}
{"level":30,"time":1789777562535,"pid":21053,"hostname":"Glebs-MacBook-Pro.local","reqId":"9f46fb5a-437e-4541-ba86-60b6a127497e","event":"request_completed","requestId":"9f46fb5a-437e-4541-ba86-60b6a127497e","method":"GET","route":"/api/v1/matches/:matchId","statusCode":200,"latencyMs":11.079,"msg":"request completed"}
{"level":30,"time":1789777562561,"pid":21053,"hostname":"Glebs-MacBook-Pro.local","reqId":"98caaa90-9f06-4a88-9f3a-5827eed39d33","event":"request_completed","requestId":"98caaa90-9f06-4a88-9f3a-5827eed39d33","method":"POST","route":"/api/v1/matches/:matchId/judge/acquire","statusCode":200,"latencyMs":23.16,"msg":"request completed"}
{"level":30,"time":1789777562575,"pid":21053,"hostname":"Glebs-MacBook-Pro.local","reqId":"06fa1d2d-1087-49a4-a635-48f228f678a7","event":"request_completed","requestId":"06fa1d2d-1087-49a4-a635-48f228f678a7","method":"GET","route":"/api/v1/matches/:matchId","statusCode":200,"latencyMs":12.178,"msg":"request completed"}
{"level":30,"time":1789777562587,"pid":21053,"hostname":"Glebs-MacBook-Pro.local","reqId":"b8f9e214-ce5f-4862-8540-7dea97cddd2c","event":"request_completed","requestId":"b8f9e214-ce5f-4862-8540-7dea97cddd2c","method":"POST","route":"/api/v1/matches/:matchId/judge/heartbeat","statusCode":200,"latencyMs":7.923,"msg":"request completed"}
{"level":30,"time":1789777562603,"pid":21053,"hostname":"Glebs-MacBook-Pro.local","reqId":"e0ad3a2f-8d05-42ef-9cab-d080b5d044ee","event":"request_completed","requestId":"e0ad3a2f-8d05-42ef-9cab-d080b5d044ee","method":"GET","route":"/api/v1/matches/:matchId","statusCode":200,"latencyMs":14.287,"msg":"request completed"}
{"level":30,"time":1789777562728,"pid":21053,"hostname":"Glebs-MacBook-Pro.local","reqId":"19de3fde-b0fe-468b-ad62-5200ab74c4fd","event":"request_completed","requestId":"19de3fde-b0fe-468b-ad62-5200ab74c4fd","method":"POST","route":"/api/v1/matches/:matchId/start","statusCode":200,"latencyMs":77.207,"msg":"request completed"}
{"level":30,"time":1789777562752,"pid":21053,"hostname":"Glebs-MacBook-Pro.local","reqId":"4553c0eb-5649-400c-a855-3efc22faf7ba","event":"request_completed","requestId":"4553c0eb-5649-400c-a855-3efc22faf7ba","method":"POST","route":"/api/v1/matches/:matchId/judge/setup","statusCode":200,"latencyMs":21.488,"msg":"request completed"}
{"level":30,"time":1789777562772,"pid":21053,"hostname":"Glebs-MacBook-Pro.local","reqId":"ab918e9e-b0e5-4d36-8d67-9f8cdf81bc40","event":"request_completed","requestId":"ab918e9e-b0e5-4d36-8d67-9f8cdf81bc40","method":"POST","route":"/api/v1/matches/:matchId/judge/heartbeat","statusCode":200,"latencyMs":15.916,"msg":"request completed"}
{"level":30,"time":1789777562785,"pid":21053,"hostname":"Glebs-MacBook-Pro.local","reqId":"1d52b610-d88c-4cc6-81b5-237a2315e7c3","event":"request_completed","requestId":"1d52b610-d88c-4cc6-81b5-237a2315e7c3","method":"GET","route":"/api/v1/matches/:matchId","statusCode":200,"latencyMs":11.138,"msg":"request completed"}
{"level":30,"time":1789777562864,"pid":21053,"hostname":"Glebs-MacBook-Pro.local","reqId":"b1a1d19f-3cb4-4523-b526-8612e046a732","event":"request_completed","requestId":"b1a1d19f-3cb4-4523-b526-8612e046a732","method":"GET","route":"/api/v1/users/directory","statusCode":200,"latencyMs":11.555,"msg":"request completed"}
{"level":30,"time":1789777563004,"pid":21053,"hostname":"Glebs-MacBook-Pro.local","reqId":"b37dc440-cb60-454d-a53f-2d89c79065f4","event":"request_completed","requestId":"b37dc440-cb60-454d-a53f-2d89c79065f4","method":"POST","route":"/api/v1/matches/:matchId/manual-correction","statusCode":200,"latencyMs":68.994,"msg":"request completed"}
{"level":30,"time":1789777563080,"pid":21053,"hostname":"Glebs-MacBook-Pro.local","reqId":"c76043c1-17ee-4b95-a4a2-3b62cfb1a2d6","event":"request_completed","requestId":"c76043c1-17ee-4b95-a4a2-3b62cfb1a2d6","method":"POST","route":"/api/v1/matches/:matchId/points","statusCode":200,"latencyMs":44.889,"msg":"request completed"}
{"level":30,"time":1789777563137,"pid":21053,"hostname":"Glebs-MacBook-Pro.local","reqId":"93762977-09cb-42c3-9c22-69181f8f7891","event":"request_completed","requestId":"93762977-09cb-42c3-9c22-69181f8f7891","method":"GET","route":"/api/v1/matches/:matchId","statusCode":200,"latencyMs":20.364,"msg":"request completed"}
{"level":30,"time":1789777563195,"pid":21053,"hostname":"Glebs-MacBook-Pro.local","reqId":"2733ce0c-3ea1-40d9-b417-22156632b119","event":"request_completed","requestId":"2733ce0c-3ea1-40d9-b417-22156632b119","method":"POST","route":"/api/v1/matches/:matchId/undo","statusCode":200,"latencyMs":26.651,"msg":"request completed"}
{"level":30,"time":1789777563427,"pid":21053,"hostname":"Glebs-MacBook-Pro.local","reqId":"bdc9c295-a176-42fe-bd26-17ebeb8e8859","event":"request_completed","requestId":"bdc9c295-a176-42fe-bd26-17ebeb8e8859","method":"POST","route":"/api/v1/matches/:matchId/manual-correction","statusCode":200,"latencyMs":57.022,"msg":"request completed"}
{"level":30,"time":1789777563556,"pid":21053,"hostname":"Glebs-MacBook-Pro.local","reqId":"a3ea9310-4601-489a-93a3-240e79ccc597","event":"request_completed","requestId":"a3ea9310-4601-489a-93a3-240e79ccc597","method":"POST","route":"/api/v1/matches/:matchId/judge/handover","statusCode":200,"latencyMs":37.701,"msg":"request completed"}
{"level":30,"time":1789777563577,"pid":21053,"hostname":"Glebs-MacBook-Pro.local","reqId":"6b4bed12-becc-472c-a132-53bfbffe536f","event":"request_completed","requestId":"6b4bed12-becc-472c-a132-53bfbffe536f","method":"GET","route":"/api/v1/notifications","statusCode":200,"latencyMs":15.59,"msg":"request completed"}
{"level":30,"time":1789777563579,"pid":21053,"hostname":"Glebs-MacBook-Pro.local","reqId":"0862012e-95c9-48c6-b5d3-389dc4ae58f5","event":"request_completed","requestId":"0862012e-95c9-48c6-b5d3-389dc4ae58f5","method":"GET","route":"/api/v1/matches/:matchId","statusCode":200,"latencyMs":17.445,"msg":"request completed"}
{"level":30,"time":1789777563629,"pid":21053,"hostname":"Glebs-MacBook-Pro.local","reqId":"d07005fa-aa3a-476d-a60b-9113c4a135ad","event":"request_completed","requestId":"d07005fa-aa3a-476d-a60b-9113c4a135ad","method":"GET","route":"/api/v1/matches/:matchId","statusCode":200,"latencyMs":27.158,"msg":"request completed"}
{"level":30,"time":1789777563644,"pid":21053,"hostname":"Glebs-MacBook-Pro.local","reqId":"3db4fac5-7352-499c-968d-b974bd7b41fb","event":"request_completed","requestId":"3db4fac5-7352-499c-968d-b974bd7b41fb","method":"POST","route":"/api/v1/matches/:matchId/points","statusCode":400,"latencyMs":9.473,"msg":"request completed"}
{"level":30,"time":1789777563926,"pid":21053,"hostname":"Glebs-MacBook-Pro.local","reqId":"f59c8fd4-8f00-4175-94bf-35a637d39ae2","event":"request_completed","requestId":"f59c8fd4-8f00-4175-94bf-35a637d39ae2","method":"GET","route":"/api/v1/auth/me","statusCode":200,"latencyMs":7.65,"msg":"request completed"}
{"level":30,"time":1789777563996,"pid":21053,"hostname":"Glebs-MacBook-Pro.local","reqId":"d479ddf1-c636-4114-9391-81104323134d","event":"request_completed","requestId":"d479ddf1-c636-4114-9391-81104323134d","method":"GET","route":"/api/v1/matches/:matchId","statusCode":200,"latencyMs":32.067,"msg":"request completed"}
{"level":30,"time":1789777564024,"pid":21053,"hostname":"Glebs-MacBook-Pro.local","reqId":"40e7d426-092d-4b07-91e7-5d28e38885bf","event":"request_completed","requestId":"40e7d426-092d-4b07-91e7-5d28e38885bf","method":"POST","route":"/api/v1/matches/:matchId/judge/acquire","statusCode":200,"latencyMs":26.473,"msg":"request completed"}
{"level":30,"time":1789777564037,"pid":21053,"hostname":"Glebs-MacBook-Pro.local","reqId":"98ad0880-8e60-48a0-b6d2-6eb3c2d816da","event":"request_completed","requestId":"98ad0880-8e60-48a0-b6d2-6eb3c2d816da","method":"GET","route":"/api/v1/matches/:matchId","statusCode":200,"latencyMs":10.794,"msg":"request completed"}
{"level":30,"time":1789777564052,"pid":21053,"hostname":"Glebs-MacBook-Pro.local","reqId":"e82b2b19-83bf-4feb-a2fa-024e58dfbcd7","event":"request_completed","requestId":"e82b2b19-83bf-4feb-a2fa-024e58dfbcd7","method":"POST","route":"/api/v1/matches/:matchId/judge/heartbeat","statusCode":200,"latencyMs":6.964,"msg":"request completed"}
{"level":30,"time":1789777564065,"pid":21053,"hostname":"Glebs-MacBook-Pro.local","reqId":"fa5b66ed-27e4-4e37-90d1-0dca50e6035b","event":"request_completed","requestId":"fa5b66ed-27e4-4e37-90d1-0dca50e6035b","method":"GET","route":"/api/v1/matches/:matchId","statusCode":200,"latencyMs":11.047,"msg":"request completed"}
{"level":30,"time":1789777564170,"pid":21053,"hostname":"Glebs-MacBook-Pro.local","reqId":"7f197ec5-14ec-4797-a899-b0c89ffa88c0","event":"request_completed","requestId":"7f197ec5-14ec-4797-a899-b0c89ffa88c0","method":"POST","route":"/api/v1/matches/:matchId/points","statusCode":200,"latencyMs":44.61,"msg":"request completed"}
{"level":30,"time":1789777564288,"pid":21053,"hostname":"Glebs-MacBook-Pro.local","reqId":"4619b583-8957-434d-941c-c1b3681c0e48","event":"request_completed","requestId":"4619b583-8957-434d-941c-c1b3681c0e48","method":"POST","route":"/api/v1/matches/:matchId/confirm-finish","statusCode":200,"latencyMs":46.195,"msg":"request completed"}
{"level":30,"time":1789777564305,"pid":21053,"hostname":"Glebs-MacBook-Pro.local","reqId":"439857ed-bb72-4c9f-beb3-5f583b210b55","event":"request_completed","requestId":"439857ed-bb72-4c9f-beb3-5f583b210b55","method":"GET","route":"/api/v1/notifications","statusCode":200,"latencyMs":10.96,"msg":"request completed"}
{"level":30,"time":1789777564305,"pid":21053,"hostname":"Glebs-MacBook-Pro.local","reqId":"8e0d89f3-7b9f-4aec-8a6a-01b9358b828a","event":"request_completed","requestId":"8e0d89f3-7b9f-4aec-8a6a-01b9358b828a","method":"GET","route":"/api/v1/matches/:matchId","statusCode":200,"latencyMs":10.884,"msg":"request completed"}
{"level":30,"time":1789777564343,"pid":21053,"hostname":"Glebs-MacBook-Pro.local","reqId":"fa5586cd-9b4e-47b3-9ff3-62538ab04ba4","event":"request_completed","requestId":"fa5586cd-9b4e-47b3-9ff3-62538ab04ba4","method":"GET","route":"/api/v1/matches/:matchId","statusCode":200,"latencyMs":16.479,"msg":"request completed"}
{"level":30,"time":1789777564367,"pid":21053,"hostname":"Glebs-MacBook-Pro.local","reqId":"17163246-d8b8-41ae-9f99-ccfd35f8ff7a","event":"request_completed","requestId":"17163246-d8b8-41ae-9f99-ccfd35f8ff7a","method":"GET","route":"/api/v1/profile/me","statusCode":200,"latencyMs":20.69,"msg":"request completed"}
{"level":30,"time":1789777564383,"pid":21053,"hostname":"Glebs-MacBook-Pro.local","reqId":"2ad1f346-e2d4-4b80-8e07-98b39c07cf46","event":"request_completed","requestId":"2ad1f346-e2d4-4b80-8e07-98b39c07cf46","method":"GET","route":"/api/v1/profile/me","statusCode":200,"latencyMs":13.474,"msg":"request completed"}
{"level":30,"time":1789777564409,"pid":21053,"hostname":"Glebs-MacBook-Pro.local","reqId":"fee3ec24-09b5-4331-8a93-6c810d53c001","event":"request_completed","requestId":"fee3ec24-09b5-4331-8a93-6c810d53c001","method":"GET","route":"/api/v1/auth/me","statusCode":200,"latencyMs":9.489,"msg":"request completed"}
{"level":30,"time":1789777564440,"pid":21053,"hostname":"Glebs-MacBook-Pro.local","reqId":"26f68d9f-fc50-4b35-aac5-167bb27a9562","event":"request_completed","requestId":"26f68d9f-fc50-4b35-aac5-167bb27a9562","method":"GET","route":"/api/v1/matches/:matchId","statusCode":200,"latencyMs":22.147,"msg":"request completed"}
{"level":30,"time":1789777564441,"pid":21053,"hostname":"Glebs-MacBook-Pro.local","reqId":"5eb88351-c971-41bd-93eb-f3a2048e8598","event":"request_completed","requestId":"5eb88351-c971-41bd-93eb-f3a2048e8598","method":"GET","route":"/api/v1/notifications","statusCode":200,"latencyMs":22.582,"msg":"request completed"}
  ✓  13 [chromium-desktop] › tests/e2e/wave-c.spec.ts:79:5 › Wave C AT-JUDGE-004_010 correction, undo and two-client handover preserve authority (3.0s)
{"level":30,"time":1789777564737,"pid":21053,"hostname":"Glebs-MacBook-Pro.local","reqId":"07003507-903d-4c71-be7d-c17a7ac5c68c","event":"request_completed","requestId":"07003507-903d-4c71-be7d-c17a7ac5c68c","method":"GET","route":"/health","statusCode":200,"latencyMs":0.127,"msg":"request completed"}
{"level":30,"time":1789777564766,"pid":21053,"hostname":"Glebs-MacBook-Pro.local","reqId":"a07f169d-7443-43a5-aa97-f254c73d4941","event":"request_completed","requestId":"a07f169d-7443-43a5-aa97-f254c73d4941","method":"POST","route":"/api/v1/auth/login","statusCode":200,"latencyMs":26.514,"msg":"request completed"}
{"level":30,"time":1789777564780,"pid":21053,"hostname":"Glebs-MacBook-Pro.local","reqId":"358758be-96e7-42c9-b8ae-cb22fd4892d4","event":"request_completed","requestId":"358758be-96e7-42c9-b8ae-cb22fd4892d4","method":"PATCH","route":"/api/v1/me/onboarding","statusCode":200,"latencyMs":10.741,"msg":"request completed"}
{"level":30,"time":1789777564822,"pid":21053,"hostname":"Glebs-MacBook-Pro.local","reqId":"3453ac66-4dda-45ff-9cd0-8e3fd7dede38","event":"request_completed","requestId":"3453ac66-4dda-45ff-9cd0-8e3fd7dede38","method":"POST","route":"/api/v1/admin/users","statusCode":200,"latencyMs":38.973,"msg":"request completed"}
{"level":30,"time":1789777564853,"pid":21053,"hostname":"Glebs-MacBook-Pro.local","reqId":"d0b61453-4d3c-4002-b5c3-a7261aee7fac","event":"request_completed","requestId":"d0b61453-4d3c-4002-b5c3-a7261aee7fac","method":"POST","route":"/api/v1/auth/login","statusCode":200,"latencyMs":26.824,"msg":"request completed"}
{"level":30,"time":1789777564896,"pid":21053,"hostname":"Glebs-MacBook-Pro.local","reqId":"dc7ea7d3-b80b-4356-9dde-ad414f10a315","event":"request_completed","requestId":"dc7ea7d3-b80b-4356-9dde-ad414f10a315","method":"POST","route":"/api/v1/auth/password/first-change","statusCode":200,"latencyMs":39.365,"msg":"request completed"}
{"level":30,"time":1789777564910,"pid":21053,"hostname":"Glebs-MacBook-Pro.local","reqId":"dfac9aff-db3c-4ca3-af42-7866025d6924","event":"request_completed","requestId":"dfac9aff-db3c-4ca3-af42-7866025d6924","method":"PATCH","route":"/api/v1/me/onboarding","statusCode":200,"latencyMs":10.802,"msg":"request completed"}
{"level":30,"time":1789777564997,"pid":21053,"hostname":"Glebs-MacBook-Pro.local","reqId":"fc0651ee-71e2-4d9a-a2d4-f1f095c883f8","event":"request_completed","requestId":"fc0651ee-71e2-4d9a-a2d4-f1f095c883f8","method":"POST","route":"/api/v1/matches","statusCode":200,"latencyMs":47.23,"msg":"request completed"}
{"level":30,"time":1789777565269,"pid":21053,"hostname":"Glebs-MacBook-Pro.local","reqId":"11669f00-d725-4594-825a-9493c8ff5dba","event":"request_completed","requestId":"11669f00-d725-4594-825a-9493c8ff5dba","method":"GET","route":"/api/v1/auth/me","statusCode":200,"latencyMs":5.866,"msg":"request completed"}
{"level":30,"time":1789777565327,"pid":21053,"hostname":"Glebs-MacBook-Pro.local","reqId":"02e861d8-8400-4899-92ec-e00b0aa9865e","event":"request_completed","requestId":"02e861d8-8400-4899-92ec-e00b0aa9865e","method":"GET","route":"/api/v1/matches/:matchId","statusCode":403,"latencyMs":18.635,"msg":"request completed"}
{"level":30,"time":1789777565354,"pid":21053,"hostname":"Glebs-MacBook-Pro.local","reqId":"f5f22f29-aae2-4fe4-8e04-2ac83c548a6f","event":"request_completed","requestId":"f5f22f29-aae2-4fe4-8e04-2ac83c548a6f","method":"POST","route":"/api/v1/matches/:matchId/judge/acquire","statusCode":200,"latencyMs":20.477,"msg":"request completed"}
{"level":30,"time":1789777565367,"pid":21053,"hostname":"Glebs-MacBook-Pro.local","reqId":"0cb4aa2c-aeb3-4a08-92c0-b1af032bf9ab","event":"request_completed","requestId":"0cb4aa2c-aeb3-4a08-92c0-b1af032bf9ab","method":"GET","route":"/api/v1/matches/:matchId","statusCode":200,"latencyMs":11.412,"msg":"request completed"}
{"level":30,"time":1789777565388,"pid":21053,"hostname":"Glebs-MacBook-Pro.local","reqId":"4b90897b-6817-41cf-ad9f-75945f50e653","event":"request_completed","requestId":"4b90897b-6817-41cf-ad9f-75945f50e653","method":"POST","route":"/api/v1/matches/:matchId/judge/heartbeat","statusCode":200,"latencyMs":13.659,"msg":"request completed"}
{"level":30,"time":1789777565401,"pid":21053,"hostname":"Glebs-MacBook-Pro.local","reqId":"05e1bc8d-f8b0-44b6-a507-d309d9297ad7","event":"request_completed","requestId":"05e1bc8d-f8b0-44b6-a507-d309d9297ad7","method":"GET","route":"/api/v1/matches/:matchId","statusCode":200,"latencyMs":11.601,"msg":"request completed"}
{"level":30,"time":1789777565513,"pid":21053,"hostname":"Glebs-MacBook-Pro.local","reqId":"95c1d6d5-b0d0-474b-a434-ed964d2fddf7","event":"request_completed","requestId":"95c1d6d5-b0d0-474b-a434-ed964d2fddf7","method":"POST","route":"/api/v1/matches/:matchId/judge/setup","statusCode":200,"latencyMs":42.871,"msg":"request completed"}
{"level":30,"time":1789777565524,"pid":21053,"hostname":"Glebs-MacBook-Pro.local","reqId":"8592ba16-b0e1-4292-93b8-cf7f3a0c3005","event":"request_completed","requestId":"8592ba16-b0e1-4292-93b8-cf7f3a0c3005","method":"POST","route":"/api/v1/matches/:matchId/judge/heartbeat","statusCode":200,"latencyMs":7.088,"msg":"request completed"}
{"level":30,"time":1789777565536,"pid":21053,"hostname":"Glebs-MacBook-Pro.local","reqId":"2ab1c4df-10af-495f-bfb3-ea3647d656f1","event":"request_completed","requestId":"2ab1c4df-10af-495f-bfb3-ea3647d656f1","method":"GET","route":"/api/v1/matches/:matchId","statusCode":200,"latencyMs":10.736,"msg":"request completed"}
{"level":30,"time":1789777565577,"pid":21053,"hostname":"Glebs-MacBook-Pro.local","reqId":"233da4c8-9b56-4b15-9df4-2d004e081280","event":"request_completed","requestId":"233da4c8-9b56-4b15-9df4-2d004e081280","method":"GET","route":"/api/v1/matches/:matchId","statusCode":200,"latencyMs":20.081,"msg":"request completed"}
{"level":30,"time":1789777565843,"pid":21053,"hostname":"Glebs-MacBook-Pro.local","reqId":"cb2ecf62-f630-46bb-97c5-b1647861f1e0","event":"request_completed","requestId":"cb2ecf62-f630-46bb-97c5-b1647861f1e0","method":"GET","route":"/api/v1/auth/me","statusCode":401,"latencyMs":0.111,"msg":"request completed"}
{"level":30,"time":1789777566031,"pid":21053,"hostname":"Glebs-MacBook-Pro.local","reqId":"aae620d1-74ef-4a5e-b957-b194a31b320f","event":"request_completed","requestId":"aae620d1-74ef-4a5e-b957-b194a31b320f","method":"POST","route":"/api/v1/auth/login","statusCode":200,"latencyMs":37.553,"msg":"request completed"}
{"level":30,"time":1789777566040,"pid":21053,"hostname":"Glebs-MacBook-Pro.local","reqId":"2f60c93e-e425-48e0-aa3a-e81371770785","event":"request_completed","requestId":"2f60c93e-e425-48e0-aa3a-e81371770785","method":"GET","route":"/api/v1/auth/me","statusCode":200,"latencyMs":7.013,"msg":"request completed"}
{"level":30,"time":1789777566061,"pid":21053,"hostname":"Glebs-MacBook-Pro.local","reqId":"ed65545f-4451-4994-89d9-2f696cdc8872","event":"request_completed","requestId":"ed65545f-4451-4994-89d9-2f696cdc8872","method":"GET","route":"/api/v1/notifications","statusCode":200,"latencyMs":26.216,"msg":"request completed"}
{"level":30,"time":1789777566091,"pid":21053,"hostname":"Glebs-MacBook-Pro.local","reqId":"ae697274-df86-490f-9d17-b02583188f1e","event":"request_completed","requestId":"ae697274-df86-490f-9d17-b02583188f1e","method":"GET","route":"/api/v1/home","statusCode":200,"latencyMs":53.268,"msg":"request completed"}
{"level":30,"time":1789777566111,"pid":21053,"hostname":"Glebs-MacBook-Pro.local","reqId":"0adbdc00-59fd-4634-be6c-cbfc88462b45","event":"request_completed","requestId":"0adbdc00-59fd-4634-be6c-cbfc88462b45","method":"GET","route":"/api/v1/auth/me","statusCode":200,"latencyMs":9.916,"msg":"request completed"}
{"level":30,"time":1789777566131,"pid":21053,"hostname":"Glebs-MacBook-Pro.local","reqId":"22618692-a221-4ea3-92ca-18b035a4836a","event":"request_completed","requestId":"22618692-a221-4ea3-92ca-18b035a4836a","method":"GET","route":"/api/v1/notifications","statusCode":200,"latencyMs":15.813,"msg":"request completed"}
{"level":30,"time":1789777566133,"pid":21053,"hostname":"Glebs-MacBook-Pro.local","reqId":"0a9a53ed-f9a0-46d3-b718-fd27925ec26f","event":"request_completed","requestId":"0a9a53ed-f9a0-46d3-b718-fd27925ec26f","method":"GET","route":"/api/v1/matches/:matchId","statusCode":200,"latencyMs":16.952,"msg":"request completed"}
{"level":30,"time":1789777566351,"pid":21053,"hostname":"Glebs-MacBook-Pro.local","reqId":"c5cb8990-7b70-4c07-bff6-f927e8009ed4","event":"request_completed","requestId":"c5cb8990-7b70-4c07-bff6-f927e8009ed4","method":"POST","route":"/api/v1/matches/:matchId/start","statusCode":200,"latencyMs":61.566,"msg":"request completed"}
{"level":30,"time":1789777595542,"pid":21053,"hostname":"Glebs-MacBook-Pro.local","reqId":"7fb08c4a-3252-4a25-a0c0-1e63108c1033","event":"request_completed","requestId":"7fb08c4a-3252-4a25-a0c0-1e63108c1033","method":"POST","route":"/api/v1/matches/:matchId/judge/heartbeat","statusCode":200,"latencyMs":21.255,"msg":"request completed"}
{"level":30,"time":1789777595577,"pid":21053,"hostname":"Glebs-MacBook-Pro.local","reqId":"d6d00938-e7b0-4b97-bb8b-62be73a7002e","event":"request_completed","requestId":"d6d00938-e7b0-4b97-bb8b-62be73a7002e","method":"GET","route":"/api/v1/matches/:matchId","statusCode":200,"latencyMs":32.344,"msg":"request completed"}
{"level":30,"time":1789777595606,"pid":21053,"hostname":"Glebs-MacBook-Pro.local","reqId":"9fa633aa-07c9-499d-9171-73beb9f3591d","event":"request_completed","requestId":"9fa633aa-07c9-499d-9171-73beb9f3591d","method":"POST","route":"/api/v1/matches/:matchId/judge/heartbeat","statusCode":200,"latencyMs":24.154,"msg":"request completed"}
{"level":30,"time":1789777595636,"pid":21053,"hostname":"Glebs-MacBook-Pro.local","reqId":"ac2ca988-6b88-47e5-90f6-0d225bd65d93","event":"request_completed","requestId":"ac2ca988-6b88-47e5-90f6-0d225bd65d93","method":"GET","route":"/api/v1/matches/:matchId","statusCode":200,"latencyMs":28.837,"msg":"request completed"}
{"level":30,"time":1789777596060,"pid":21053,"hostname":"Glebs-MacBook-Pro.local","reqId":"72c16237-65d0-4a6b-a61a-eaff5a7f9e9f","event":"request_completed","requestId":"72c16237-65d0-4a6b-a61a-eaff5a7f9e9f","method":"GET","route":"/api/v1/matches/:matchId","statusCode":200,"latencyMs":57.721,"msg":"request completed"}
{"level":30,"time":1789777596129,"pid":21053,"hostname":"Glebs-MacBook-Pro.local","reqId":"00870795-a13d-44d1-a573-929b506d7602","event":"request_completed","requestId":"00870795-a13d-44d1-a573-929b506d7602","method":"POST","route":"/api/v1/matches/:matchId/points","statusCode":200,"latencyMs":52.918,"msg":"request completed"}
{"level":30,"time":1789777596133,"pid":21053,"hostname":"Glebs-MacBook-Pro.local","reqId":"d4f231e5-89c1-4aa1-869e-232bc7f89c6a","event":"request_completed","requestId":"d4f231e5-89c1-4aa1-869e-232bc7f89c6a","method":"GET","route":"/api/v1/notifications","statusCode":200,"latencyMs":15.727,"msg":"request completed"}
{"level":30,"time":1789777596134,"pid":21053,"hostname":"Glebs-MacBook-Pro.local","reqId":"ec010459-2efe-4f1b-81be-1d2d1ed580ac","event":"request_completed","requestId":"ec010459-2efe-4f1b-81be-1d2d1ed580ac","method":"GET","route":"/api/v1/matches/:matchId","statusCode":200,"latencyMs":17.037,"msg":"request completed"}
{"level":30,"time":1789777596235,"pid":21053,"hostname":"Glebs-MacBook-Pro.local","reqId":"8daf6300-315a-4369-99e3-67f2559686b0","event":"request_completed","requestId":"8daf6300-315a-4369-99e3-67f2559686b0","method":"POST","route":"/api/v1/matches/:matchId/stop","statusCode":200,"latencyMs":53.815,"msg":"request completed"}
{"level":30,"time":1789777596366,"pid":21053,"hostname":"Glebs-MacBook-Pro.local","reqId":"57214be0-e3f4-49ff-84b6-35041c5e00d4","event":"request_completed","requestId":"57214be0-e3f4-49ff-84b6-35041c5e00d4","method":"GET","route":"/api/v1/auth/me","statusCode":200,"latencyMs":5.622,"msg":"request completed"}
{"level":30,"time":1789777596428,"pid":21053,"hostname":"Glebs-MacBook-Pro.local","reqId":"e3e747bb-5b5a-466d-b838-ee981d2af29a","event":"request_completed","requestId":"e3e747bb-5b5a-466d-b838-ee981d2af29a","method":"GET","route":"/api/v1/notifications","statusCode":200,"latencyMs":13.506,"msg":"request completed"}
{"level":30,"time":1789777596430,"pid":21053,"hostname":"Glebs-MacBook-Pro.local","reqId":"88b5ebdc-fd08-4368-8e95-497363044783","event":"request_completed","requestId":"88b5ebdc-fd08-4368-8e95-497363044783","method":"GET","route":"/api/v1/matches/:matchId","statusCode":200,"latencyMs":14.965,"msg":"request completed"}
  ✓  14 [chromium-desktop] › tests/e2e/wave-c.spec.ts:135:5 › Wave C AT-JUDGE-001 creator starts while another club judge retains the slot (31.9s)
{"level":30,"time":1789777596685,"pid":21053,"hostname":"Glebs-MacBook-Pro.local","reqId":"e7c27c6d-831b-48d9-8537-71c06fec17ee","event":"request_completed","requestId":"e7c27c6d-831b-48d9-8537-71c06fec17ee","method":"GET","route":"/health","statusCode":200,"latencyMs":0.193,"msg":"request completed"}
{"level":30,"time":1789777596716,"pid":21053,"hostname":"Glebs-MacBook-Pro.local","reqId":"f74d5568-503b-4ff3-9122-287640880fc6","event":"request_completed","requestId":"f74d5568-503b-4ff3-9122-287640880fc6","method":"POST","route":"/api/v1/auth/login","statusCode":200,"latencyMs":28.132,"msg":"request completed"}
{"level":30,"time":1789777596732,"pid":21053,"hostname":"Glebs-MacBook-Pro.local","reqId":"bb54d77e-9f8e-4e80-8b2b-ba5ec21bf14b","event":"request_completed","requestId":"bb54d77e-9f8e-4e80-8b2b-ba5ec21bf14b","method":"PATCH","route":"/api/v1/me/onboarding","statusCode":200,"latencyMs":12.28,"msg":"request completed"}
{"level":30,"time":1789777596782,"pid":21053,"hostname":"Glebs-MacBook-Pro.local","reqId":"33cb9dca-b501-4b8f-865f-d6ff089ae020","event":"request_completed","requestId":"33cb9dca-b501-4b8f-865f-d6ff089ae020","method":"POST","route":"/api/v1/admin/users","statusCode":200,"latencyMs":46.342,"msg":"request completed"}
{"level":30,"time":1789777596809,"pid":21053,"hostname":"Glebs-MacBook-Pro.local","reqId":"b8188170-a14b-429a-9e86-b910ade97921","event":"request_completed","requestId":"b8188170-a14b-429a-9e86-b910ade97921","method":"POST","route":"/api/v1/auth/login","statusCode":200,"latencyMs":22.561,"msg":"request completed"}
{"level":30,"time":1789777596838,"pid":21053,"hostname":"Glebs-MacBook-Pro.local","reqId":"3141fdf1-247f-4838-8aa9-624a15c8591a","event":"request_completed","requestId":"3141fdf1-247f-4838-8aa9-624a15c8591a","method":"POST","route":"/api/v1/auth/password/first-change","statusCode":200,"latencyMs":25.994,"msg":"request completed"}
{"level":30,"time":1789777596846,"pid":21053,"hostname":"Glebs-MacBook-Pro.local","reqId":"8cc3ff0c-269d-4b6b-80d2-444e97552d14","event":"request_completed","requestId":"8cc3ff0c-269d-4b6b-80d2-444e97552d14","method":"PATCH","route":"/api/v1/me/onboarding","statusCode":200,"latencyMs":4.361,"msg":"request completed"}
{"level":30,"time":1789777596880,"pid":21053,"hostname":"Glebs-MacBook-Pro.local","reqId":"19d5bdd6-1eb0-4298-a8c8-a4fc0f1e834c","event":"request_completed","requestId":"19d5bdd6-1eb0-4298-a8c8-a4fc0f1e834c","method":"POST","route":"/api/v1/admin/users","statusCode":200,"latencyMs":31.205,"msg":"request completed"}
{"level":30,"time":1789777596913,"pid":21053,"hostname":"Glebs-MacBook-Pro.local","reqId":"b5e3bfeb-79cd-495d-ad05-216b46191a3b","event":"request_completed","requestId":"b5e3bfeb-79cd-495d-ad05-216b46191a3b","method":"POST","route":"/api/v1/auth/login","statusCode":200,"latencyMs":27.468,"msg":"request completed"}
{"level":30,"time":1789777596955,"pid":21053,"hostname":"Glebs-MacBook-Pro.local","reqId":"b6d0b6b8-0a5f-4d77-95d9-a6e899b7f437","event":"request_completed","requestId":"b6d0b6b8-0a5f-4d77-95d9-a6e899b7f437","method":"POST","route":"/api/v1/auth/password/first-change","statusCode":200,"latencyMs":39.247,"msg":"request completed"}
{"level":30,"time":1789777596967,"pid":21053,"hostname":"Glebs-MacBook-Pro.local","reqId":"60660277-459d-4741-92f9-ae44ba826eeb","event":"request_completed","requestId":"60660277-459d-4741-92f9-ae44ba826eeb","method":"PATCH","route":"/api/v1/me/onboarding","statusCode":200,"latencyMs":8.788,"msg":"request completed"}
{"level":30,"time":1789777597271,"pid":21053,"hostname":"Glebs-MacBook-Pro.local","reqId":"bfdac208-56b8-48ab-9f5d-0fa4db0abec3","event":"request_completed","requestId":"bfdac208-56b8-48ab-9f5d-0fa4db0abec3","method":"GET","route":"/api/v1/auth/me","statusCode":401,"latencyMs":0.503,"msg":"request completed"}
{"level":30,"time":1789777597456,"pid":21053,"hostname":"Glebs-MacBook-Pro.local","reqId":"e9e1bad3-22c7-4cc8-96a5-091b2ab41f3b","event":"request_completed","requestId":"e9e1bad3-22c7-4cc8-96a5-091b2ab41f3b","method":"POST","route":"/api/v1/auth/login","statusCode":200,"latencyMs":36.215,"msg":"request completed"}
{"level":30,"time":1789777597477,"pid":21053,"hostname":"Glebs-MacBook-Pro.local","reqId":"b0249496-efb5-426c-be2d-29f1a115a43e","event":"request_completed","requestId":"b0249496-efb5-426c-be2d-29f1a115a43e","method":"GET","route":"/api/v1/auth/me","statusCode":200,"latencyMs":19.329,"msg":"request completed"}
{"level":30,"time":1789777597498,"pid":21053,"hostname":"Glebs-MacBook-Pro.local","reqId":"ee0334f2-c185-4248-8334-5f1c32144eca","event":"request_completed","requestId":"ee0334f2-c185-4248-8334-5f1c32144eca","method":"GET","route":"/api/v1/notifications","statusCode":200,"latencyMs":38.32,"msg":"request completed"}
{"level":30,"time":1789777597525,"pid":21053,"hostname":"Glebs-MacBook-Pro.local","reqId":"1dc4103b-dea1-47ea-bc30-3034a4caabf3","event":"request_completed","requestId":"1dc4103b-dea1-47ea-bc30-3034a4caabf3","method":"GET","route":"/api/v1/home","statusCode":200,"latencyMs":62.974,"msg":"request completed"}
{"level":30,"time":1789777597529,"pid":21053,"hostname":"Glebs-MacBook-Pro.local","reqId":"859346fc-bfe6-47b8-8451-e4e44b9da89c","event":"request_completed","requestId":"859346fc-bfe6-47b8-8451-e4e44b9da89c","method":"GET","route":"/api/v1/auth/me","statusCode":200,"latencyMs":4.683,"msg":"request completed"}
{"level":30,"time":1789777597551,"pid":21053,"hostname":"Glebs-MacBook-Pro.local","reqId":"550f3c7e-6054-4f67-b9a0-3f33ed0d86bf","event":"request_completed","requestId":"550f3c7e-6054-4f67-b9a0-3f33ed0d86bf","method":"GET","route":"/api/v1/notifications","statusCode":200,"latencyMs":14.34,"msg":"request completed"}
{"level":30,"time":1789777597553,"pid":21053,"hostname":"Glebs-MacBook-Pro.local","reqId":"c66e8f25-8842-4215-be5c-d6a75aacdd29","event":"request_completed","requestId":"c66e8f25-8842-4215-be5c-d6a75aacdd29","method":"GET","route":"/api/v1/teams","statusCode":200,"latencyMs":15.803,"msg":"request completed"}
{"level":30,"time":1789777597596,"pid":21053,"hostname":"Glebs-MacBook-Pro.local","reqId":"12de5bc8-858f-4450-b834-45a95c774819","event":"request_completed","requestId":"12de5bc8-858f-4450-b834-45a95c774819","method":"POST","route":"/api/v1/teams","statusCode":200,"latencyMs":14.993,"msg":"request completed"}
{"level":30,"time":1789777597655,"pid":21053,"hostname":"Glebs-MacBook-Pro.local","reqId":"05025237-bd9c-4bae-88e3-3434b371872c","event":"request_completed","requestId":"05025237-bd9c-4bae-88e3-3434b371872c","method":"GET","route":"/api/v1/teams/:id","statusCode":403,"latencyMs":18.186,"msg":"request completed"}
{"level":30,"time":1789777597657,"pid":21053,"hostname":"Glebs-MacBook-Pro.local","reqId":"d6500792-54f4-469c-9ffa-8aabba0f61a2","event":"request_completed","requestId":"d6500792-54f4-469c-9ffa-8aabba0f61a2","method":"GET","route":"/api/v1/teams/:id","statusCode":200,"latencyMs":24.78,"msg":"request completed"}
{"level":30,"time":1789777597672,"pid":21053,"hostname":"Glebs-MacBook-Pro.local","reqId":"e1f929b3-3204-4bb8-beb0-0b2fda704ddb","event":"request_completed","requestId":"e1f929b3-3204-4bb8-beb0-0b2fda704ddb","method":"GET","route":"/api/v1/users/directory","statusCode":200,"latencyMs":7.952,"msg":"request completed"}
{"level":30,"time":1789777597791,"pid":21053,"hostname":"Glebs-MacBook-Pro.local","reqId":"65746a43-0f0b-4259-a963-d74149760c67","event":"request_completed","requestId":"65746a43-0f0b-4259-a963-d74149760c67","method":"POST","route":"/api/v1/teams/:id/invitations","statusCode":200,"latencyMs":27.64,"msg":"request completed"}
{"level":30,"time":1789777597817,"pid":21053,"hostname":"Glebs-MacBook-Pro.local","reqId":"627b784d-94c1-43a1-9368-7dc88756d33d","event":"request_completed","requestId":"627b784d-94c1-43a1-9368-7dc88756d33d","method":"GET","route":"/api/v1/teams/:id","statusCode":200,"latencyMs":23.616,"msg":"request completed"}
{"level":30,"time":1789777597830,"pid":21053,"hostname":"Glebs-MacBook-Pro.local","reqId":"796a9cde-2386-4eb1-b303-8f959c12c444","event":"request_completed","requestId":"796a9cde-2386-4eb1-b303-8f959c12c444","method":"GET","route":"/api/v1/users/directory","statusCode":200,"latencyMs":9.852,"msg":"request completed"}
{"level":30,"time":1789777598128,"pid":21053,"hostname":"Glebs-MacBook-Pro.local","reqId":"cc8ad698-c683-4638-a5c3-660d42858a4d","event":"request_completed","requestId":"cc8ad698-c683-4638-a5c3-660d42858a4d","method":"GET","route":"/api/v1/auth/me","statusCode":200,"latencyMs":9.84,"msg":"request completed"}
{"level":30,"time":1789777598193,"pid":21053,"hostname":"Glebs-MacBook-Pro.local","reqId":"0b7735da-8723-47d0-8b2f-4418408f4c92","event":"request_completed","requestId":"0b7735da-8723-47d0-8b2f-4418408f4c92","method":"GET","route":"/api/v1/notifications","statusCode":200,"latencyMs":29.176,"msg":"request completed"}
{"level":30,"time":1789777598214,"pid":21053,"hostname":"Glebs-MacBook-Pro.local","reqId":"29e04205-a797-4dd1-bb6e-1177a96f2da3","event":"request_completed","requestId":"29e04205-a797-4dd1-bb6e-1177a96f2da3","method":"POST","route":"/api/v1/notifications/read-visible","statusCode":200,"latencyMs":16.648,"msg":"request completed"}
{"level":30,"time":1789777598280,"pid":21053,"hostname":"Glebs-MacBook-Pro.local","reqId":"c6df0c54-493f-4a9f-b4a2-c62df803924e","event":"request_completed","requestId":"c6df0c54-493f-4a9f-b4a2-c62df803924e","method":"POST","route":"/api/v1/team-invitations/:id/respond","statusCode":200,"latencyMs":34.171,"msg":"request completed"}
{"level":30,"time":1789777598302,"pid":21053,"hostname":"Glebs-MacBook-Pro.local","reqId":"6842cfdd-7244-42d6-af09-ddfeade072ff","event":"request_completed","requestId":"6842cfdd-7244-42d6-af09-ddfeade072ff","method":"GET","route":"/api/v1/teams/:id","statusCode":200,"latencyMs":12.724,"msg":"request completed"}
{"level":30,"time":1789777598306,"pid":21053,"hostname":"Glebs-MacBook-Pro.local","reqId":"04665784-5c60-4550-9ca4-fc66058ef46a","event":"request_completed","requestId":"04665784-5c60-4550-9ca4-fc66058ef46a","method":"GET","route":"/api/v1/notifications","statusCode":200,"latencyMs":17.541,"msg":"request completed"}
{"level":30,"time":1789777598403,"pid":21053,"hostname":"Glebs-MacBook-Pro.local","reqId":"0799331f-b8c7-4d2e-a74c-175dfdb74860","event":"request_completed","requestId":"0799331f-b8c7-4d2e-a74c-175dfdb74860","method":"GET","route":"/api/v1/auth/me","statusCode":200,"latencyMs":5.62,"msg":"request completed"}
{"level":30,"time":1789777598422,"pid":21053,"hostname":"Glebs-MacBook-Pro.local","reqId":"18ea34a1-0504-487e-b4f6-2fe28588795d","event":"request_completed","requestId":"18ea34a1-0504-487e-b4f6-2fe28588795d","method":"GET","route":"/api/v1/teams/:id","statusCode":200,"latencyMs":10.883,"msg":"request completed"}
{"level":30,"time":1789777598423,"pid":21053,"hostname":"Glebs-MacBook-Pro.local","reqId":"d23bbbf9-0a45-41af-8ecb-bad447645ba3","event":"request_completed","requestId":"d23bbbf9-0a45-41af-8ecb-bad447645ba3","method":"GET","route":"/api/v1/notifications","statusCode":200,"latencyMs":12.138,"msg":"request completed"}
{"level":30,"time":1789777598431,"pid":21053,"hostname":"Glebs-MacBook-Pro.local","reqId":"f5facf99-7ea6-44aa-b2ad-756622f2c03b","event":"request_completed","requestId":"f5facf99-7ea6-44aa-b2ad-756622f2c03b","method":"GET","route":"/api/v1/users/directory","statusCode":200,"latencyMs":5.837,"msg":"request completed"}
{"level":30,"time":1789777598482,"pid":21053,"hostname":"Glebs-MacBook-Pro.local","reqId":"83905402-ce88-492f-a25e-813c7325dc0b","event":"request_completed","requestId":"83905402-ce88-492f-a25e-813c7325dc0b","method":"PATCH","route":"/api/v1/teams/:id","statusCode":200,"latencyMs":15.374,"msg":"request completed"}
{"level":30,"time":1789777598511,"pid":21053,"hostname":"Glebs-MacBook-Pro.local","reqId":"13d8c5e9-0ed2-4212-a08b-f48e89faf284","event":"request_completed","requestId":"13d8c5e9-0ed2-4212-a08b-f48e89faf284","method":"GET","route":"/api/v1/teams/:id","statusCode":200,"latencyMs":8.901,"msg":"request completed"}
{"level":30,"time":1789777598572,"pid":21053,"hostname":"Glebs-MacBook-Pro.local","reqId":"bfe634d7-a9a3-4e2a-a197-35d564a2cea3","event":"request_completed","requestId":"bfe634d7-a9a3-4e2a-a197-35d564a2cea3","method":"POST","route":"/api/v1/teams/:id/captain-transfer","statusCode":200,"latencyMs":22.8,"msg":"request completed"}
{"level":30,"time":1789777598590,"pid":21053,"hostname":"Glebs-MacBook-Pro.local","reqId":"a30ebf54-3e89-4877-acfe-f8b6e6e9285e","event":"request_completed","requestId":"a30ebf54-3e89-4877-acfe-f8b6e6e9285e","method":"GET","route":"/api/v1/teams/:id","statusCode":200,"latencyMs":11.107,"msg":"request completed"}
{"level":30,"time":1789777598676,"pid":21053,"hostname":"Glebs-MacBook-Pro.local","reqId":"602bafa7-eebc-403d-b55f-c9c75137e82c","event":"request_completed","requestId":"602bafa7-eebc-403d-b55f-c9c75137e82c","method":"POST","route":"/api/v1/teams/:id/leave","statusCode":200,"latencyMs":27.109,"msg":"request completed"}
{"level":30,"time":1789777598753,"pid":21053,"hostname":"Glebs-MacBook-Pro.local","reqId":"647f7d78-9c15-41a9-83b4-3a509eb3ff40","event":"request_completed","requestId":"647f7d78-9c15-41a9-83b4-3a509eb3ff40","method":"GET","route":"/api/v1/matches/create-options","statusCode":200,"latencyMs":21.602,"msg":"request completed"}
{"level":30,"time":1789777598785,"pid":21053,"hostname":"Glebs-MacBook-Pro.local","reqId":"4a0c51f5-16e3-4f55-ad1a-f0922e1d4edd","event":"request_completed","requestId":"4a0c51f5-16e3-4f55-ad1a-f0922e1d4edd","method":"POST","route":"/api/v1/teams/:id/invitations","statusCode":200,"latencyMs":28.074,"msg":"request completed"}
{"level":30,"time":1789777598824,"pid":21053,"hostname":"Glebs-MacBook-Pro.local","reqId":"9cc25f22-319c-4214-94c6-bef3a850b1e8","event":"request_completed","requestId":"9cc25f22-319c-4214-94c6-bef3a850b1e8","method":"POST","route":"/api/v1/admin/users/:userId/block","statusCode":200,"latencyMs":34.847,"msg":"request completed"}
{"level":30,"time":1789777598840,"pid":21053,"hostname":"Glebs-MacBook-Pro.local","reqId":"aa640081-de07-4316-a7f3-d822ee9e208e","event":"request_completed","requestId":"aa640081-de07-4316-a7f3-d822ee9e208e","method":"GET","route":"/api/v1/teams/:id","statusCode":200,"latencyMs":12.94,"msg":"request completed"}
{"level":30,"time":1789777598856,"pid":21053,"hostname":"Glebs-MacBook-Pro.local","reqId":"0c178ee2-fd5c-4a4a-9d9f-ac66bda640f3","event":"request_completed","requestId":"0c178ee2-fd5c-4a4a-9d9f-ac66bda640f3","method":"POST","route":"/api/v1/team-invitations/:id/accept","statusCode":400,"latencyMs":11.401,"msg":"request completed"}
{"level":30,"time":1789777598876,"pid":21053,"hostname":"Glebs-MacBook-Pro.local","reqId":"f84f8230-19bb-48b9-a6a5-96ce73355658","event":"request_completed","requestId":"f84f8230-19bb-48b9-a6a5-96ce73355658","method":"GET","route":"/api/v1/auth/me","statusCode":200,"latencyMs":5.652,"msg":"request completed"}
{"level":30,"time":1789777598890,"pid":21053,"hostname":"Glebs-MacBook-Pro.local","reqId":"ee061210-abe9-47df-92e1-b0182041b1a9","event":"request_completed","requestId":"ee061210-abe9-47df-92e1-b0182041b1a9","method":"GET","route":"/api/v1/teams/:id","statusCode":200,"latencyMs":11.062,"msg":"request completed"}
{"level":30,"time":1789777598893,"pid":21053,"hostname":"Glebs-MacBook-Pro.local","reqId":"e0b1f557-a326-476e-a223-595ee8a4c6b4","event":"request_completed","requestId":"e0b1f557-a326-476e-a223-595ee8a4c6b4","method":"GET","route":"/api/v1/notifications","statusCode":200,"latencyMs":13.586,"msg":"request completed"}
  ✓  15 [chromium-desktop] › tests/e2e/wave-d-teams.spec.ts:23:5 › Wave D AT-TEAM-001..007 create, accept welcome, transfer, leave and automatic archive (2.4s)
{"level":30,"time":1789777599094,"pid":21053,"hostname":"Glebs-MacBook-Pro.local","reqId":"a11d7742-59fe-4e75-82b8-30c7eb49dd11","event":"request_completed","requestId":"a11d7742-59fe-4e75-82b8-30c7eb49dd11","method":"GET","route":"/health","statusCode":200,"latencyMs":0.164,"msg":"request completed"}
{"level":30,"time":1789777599124,"pid":21053,"hostname":"Glebs-MacBook-Pro.local","reqId":"422040ab-01f1-439f-8648-d783bebba2cc","event":"request_completed","requestId":"422040ab-01f1-439f-8648-d783bebba2cc","method":"POST","route":"/api/v1/auth/login","statusCode":200,"latencyMs":27.12,"msg":"request completed"}
{"level":30,"time":1789777599138,"pid":21053,"hostname":"Glebs-MacBook-Pro.local","reqId":"53d43032-65c8-46f7-9e95-0433dcc3edf7","event":"request_completed","requestId":"53d43032-65c8-46f7-9e95-0433dcc3edf7","method":"PATCH","route":"/api/v1/me/onboarding","statusCode":200,"latencyMs":10.546,"msg":"request completed"}
{"level":30,"time":1789777599404,"pid":21053,"hostname":"Glebs-MacBook-Pro.local","reqId":"e4569b95-be04-4c35-a0a3-1a50a2f64db0","event":"request_completed","requestId":"e4569b95-be04-4c35-a0a3-1a50a2f64db0","method":"GET","route":"/api/v1/auth/me","statusCode":401,"latencyMs":0.125,"msg":"request completed"}
{"level":30,"time":1789777599580,"pid":21053,"hostname":"Glebs-MacBook-Pro.local","reqId":"0d948484-e847-4a10-b6c7-d69a43e08fa8","event":"request_completed","requestId":"0d948484-e847-4a10-b6c7-d69a43e08fa8","method":"POST","route":"/api/v1/auth/login","statusCode":200,"latencyMs":27.612,"msg":"request completed"}
{"level":30,"time":1789777599595,"pid":21053,"hostname":"Glebs-MacBook-Pro.local","reqId":"87a8bf63-6779-433e-a2c9-1018e325fffe","event":"request_completed","requestId":"87a8bf63-6779-433e-a2c9-1018e325fffe","method":"GET","route":"/api/v1/auth/me","statusCode":200,"latencyMs":11.226,"msg":"request completed"}
{"level":30,"time":1789777599626,"pid":21053,"hostname":"Glebs-MacBook-Pro.local","reqId":"c84750b0-dfc0-442d-a3e9-dc9886a4013d","event":"request_completed","requestId":"c84750b0-dfc0-442d-a3e9-dc9886a4013d","method":"GET","route":"/api/v1/notifications","statusCode":200,"latencyMs":40.787,"msg":"request completed"}
{"level":30,"time":1789777599651,"pid":21053,"hostname":"Glebs-MacBook-Pro.local","reqId":"f55ad017-7556-4fe8-a2fd-eaccdc782699","event":"request_completed","requestId":"f55ad017-7556-4fe8-a2fd-eaccdc782699","method":"GET","route":"/api/v1/home","statusCode":200,"latencyMs":63.672,"msg":"request completed"}
{"level":30,"time":1789777599661,"pid":21053,"hostname":"Glebs-MacBook-Pro.local","reqId":"b78f4708-8be5-47e4-8ebf-92751aa29e2c","event":"request_completed","requestId":"b78f4708-8be5-47e4-8ebf-92751aa29e2c","method":"GET","route":"/api/v1/auth/me","statusCode":200,"latencyMs":4.582,"msg":"request completed"}
{"level":30,"time":1789777599680,"pid":21053,"hostname":"Glebs-MacBook-Pro.local","reqId":"32a67224-2724-4956-a5e9-f4618a9c7243","event":"request_completed","requestId":"32a67224-2724-4956-a5e9-f4618a9c7243","method":"GET","route":"/api/v1/notifications","statusCode":200,"latencyMs":11.59,"msg":"request completed"}
{"level":30,"time":1789777599748,"pid":21053,"hostname":"Glebs-MacBook-Pro.local","reqId":"a8ce72c0-4705-41be-955e-bcfad9366750","event":"request_completed","requestId":"a8ce72c0-4705-41be-955e-bcfad9366750","method":"POST","route":"/api/v1/tournaments","statusCode":200,"latencyMs":34.066,"msg":"request completed"}
{"level":30,"time":1789777599778,"pid":21053,"hostname":"Glebs-MacBook-Pro.local","reqId":"fcfc40a7-e93c-45de-bde6-5378ad57625e","event":"request_completed","requestId":"fcfc40a7-e93c-45de-bde6-5378ad57625e","method":"GET","route":"/api/v1/tournaments/:id","statusCode":200,"latencyMs":25.544,"msg":"request completed"}
{"level":30,"time":1789777599792,"pid":21053,"hostname":"Glebs-MacBook-Pro.local","reqId":"9bb150c4-1dc3-406e-9641-d70822d2e9c0","event":"request_completed","requestId":"9bb150c4-1dc3-406e-9641-d70822d2e9c0","method":"GET","route":"/api/v1/users/directory","statusCode":200,"latencyMs":9.538,"msg":"request completed"}
{"level":30,"time":1789777599880,"pid":21053,"hostname":"Glebs-MacBook-Pro.local","reqId":"d408c26d-f0ce-44f6-80c8-10439195c1df","event":"request_completed","requestId":"d408c26d-f0ce-44f6-80c8-10439195c1df","method":"POST","route":"/api/v1/tournaments/:id/participants","statusCode":200,"latencyMs":51.105,"msg":"request completed"}
{"level":30,"time":1789777599968,"pid":21053,"hostname":"Glebs-MacBook-Pro.local","reqId":"16ca66e6-1a89-4f8c-9f83-bf77597a46cb","event":"request_completed","requestId":"16ca66e6-1a89-4f8c-9f83-bf77597a46cb","method":"POST","route":"/api/v1/tournaments/:id/participants","statusCode":200,"latencyMs":50.748,"msg":"request completed"}
{"level":30,"time":1789777600004,"pid":21053,"hostname":"Glebs-MacBook-Pro.local","reqId":"5140e901-28c6-4a88-98ef-e10b669139d2","event":"request_completed","requestId":"5140e901-28c6-4a88-98ef-e10b669139d2","method":"PATCH","route":"/api/v1/tournaments/:id","statusCode":200,"latencyMs":32.299,"msg":"request completed"}
{"level":30,"time":1789777600029,"pid":21053,"hostname":"Glebs-MacBook-Pro.local","reqId":"947459ed-8434-49a9-a923-a1971fb4db5e","event":"request_completed","requestId":"947459ed-8434-49a9-a923-a1971fb4db5e","method":"GET","route":"/api/v1/auth/me","statusCode":200,"latencyMs":9.355,"msg":"request completed"}
{"level":30,"time":1789777600064,"pid":21053,"hostname":"Glebs-MacBook-Pro.local","reqId":"35a9ab7e-dddb-4910-a448-3f0d69cc8766","event":"request_completed","requestId":"35a9ab7e-dddb-4910-a448-3f0d69cc8766","method":"GET","route":"/api/v1/notifications","statusCode":200,"latencyMs":29.292,"msg":"request completed"}
{"level":30,"time":1789777600068,"pid":21053,"hostname":"Glebs-MacBook-Pro.local","reqId":"995ed17b-2e69-4bfc-a9e8-d621a9d5fffe","event":"request_completed","requestId":"995ed17b-2e69-4bfc-a9e8-d621a9d5fffe","method":"GET","route":"/api/v1/tournaments/:id","statusCode":200,"latencyMs":32.227,"msg":"request completed"}
{"level":30,"time":1789777600077,"pid":21053,"hostname":"Glebs-MacBook-Pro.local","reqId":"ed7b30b5-00b7-4974-bd12-1444b6fbd51b","event":"request_completed","requestId":"ed7b30b5-00b7-4974-bd12-1444b6fbd51b","method":"GET","route":"/api/v1/users/directory","statusCode":200,"latencyMs":6.664,"msg":"request completed"}
{"level":30,"time":1789777600195,"pid":21053,"hostname":"Glebs-MacBook-Pro.local","reqId":"0e0b18fa-5227-4bde-bba2-f93c28db11fb","event":"request_completed","requestId":"0e0b18fa-5227-4bde-bba2-f93c28db11fb","method":"POST","route":"/api/v1/tournaments/:id/bracket","statusCode":200,"latencyMs":43.917,"msg":"request completed"}
{"level":30,"time":1789777600211,"pid":21053,"hostname":"Glebs-MacBook-Pro.local","reqId":"021dda33-eea3-471d-a942-0bdb812825f5","event":"request_completed","requestId":"021dda33-eea3-471d-a942-0bdb812825f5","method":"GET","route":"/api/v1/tournaments/:id","statusCode":200,"latencyMs":13.834,"msg":"request completed"}
{"level":30,"time":1789777600276,"pid":21053,"hostname":"Glebs-MacBook-Pro.local","reqId":"92ce697b-5372-415b-ba24-80869cb74994","event":"request_completed","requestId":"92ce697b-5372-415b-ba24-80869cb74994","method":"GET","route":"/api/v1/tournaments/:id","statusCode":200,"latencyMs":28.539,"msg":"request completed"}
{"level":30,"time":1789777600357,"pid":21053,"hostname":"Glebs-MacBook-Pro.local","reqId":"c6f6d8a5-d3e4-42f5-8ed4-ad25e498daf7","event":"request_completed","requestId":"c6f6d8a5-d3e4-42f5-8ed4-ad25e498daf7","method":"GET","route":"/api/v1/tournaments/:id","statusCode":200,"latencyMs":32.059,"msg":"request completed"}
{"level":30,"time":1789777600359,"pid":21053,"hostname":"Glebs-MacBook-Pro.local","reqId":"6a644d6a-9155-4889-9a1d-36b697f81f28","event":"request_completed","requestId":"6a644d6a-9155-4889-9a1d-36b697f81f28","method":"PATCH","route":"/api/v1/tournaments/:id/bracket","statusCode":200,"latencyMs":38.131,"msg":"request completed"}
{"level":30,"time":1789777600388,"pid":21053,"hostname":"Glebs-MacBook-Pro.local","reqId":"ea0e24c9-d08a-49ae-8676-b67c4250a9fa","event":"request_completed","requestId":"ea0e24c9-d08a-49ae-8676-b67c4250a9fa","method":"GET","route":"/api/v1/tournaments/:id","statusCode":200,"latencyMs":26.138,"msg":"request completed"}
{"level":30,"time":1789777600480,"pid":21053,"hostname":"Glebs-MacBook-Pro.local","reqId":"e56f7495-556f-4493-8a46-763370fe998b","event":"request_completed","requestId":"e56f7495-556f-4493-8a46-763370fe998b","method":"GET","route":"/api/v1/tournaments/:id","statusCode":200,"latencyMs":14.258,"msg":"request completed"}
{"level":30,"time":1789777600614,"pid":21053,"hostname":"Glebs-MacBook-Pro.local","reqId":"babf3dfb-f9c9-4ea3-ae36-92e11922c040","event":"request_completed","requestId":"babf3dfb-f9c9-4ea3-ae36-92e11922c040","method":"GET","route":"/api/v1/tournaments/:id","statusCode":200,"latencyMs":24.138,"msg":"request completed"}
{"level":30,"time":1789777600631,"pid":21053,"hostname":"Glebs-MacBook-Pro.local","reqId":"dad94fd3-5e61-489a-9ce8-e22b55f11027","event":"request_completed","requestId":"dad94fd3-5e61-489a-9ce8-e22b55f11027","method":"GET","route":"/api/v1/tournaments/:id","statusCode":200,"latencyMs":13.635,"msg":"request completed"}
{"level":30,"time":1789777600636,"pid":21053,"hostname":"Glebs-MacBook-Pro.local","reqId":"a59fc419-6fc6-44ec-9e38-95a70c33dae4","event":"request_completed","requestId":"a59fc419-6fc6-44ec-9e38-95a70c33dae4","method":"POST","route":"/api/v1/tournaments/:id/start","statusCode":200,"latencyMs":49.837,"msg":"request completed"}
{"level":30,"time":1789777600774,"pid":21053,"hostname":"Glebs-MacBook-Pro.local","reqId":"b32454a7-412f-499b-b81b-e33d080e22af","event":"request_completed","requestId":"b32454a7-412f-499b-b81b-e33d080e22af","method":"GET","route":"/api/v1/tournaments/:id","statusCode":200,"latencyMs":35.558,"msg":"request completed"}
{"level":30,"time":1789777600808,"pid":21053,"hostname":"Glebs-MacBook-Pro.local","reqId":"917e8452-70c3-4854-b7ef-824e81fffbdd","event":"request_completed","requestId":"917e8452-70c3-4854-b7ef-824e81fffbdd","method":"GET","route":"/api/v1/tournaments/:id","statusCode":200,"latencyMs":30.872,"msg":"request completed"}
{"level":30,"time":1789777600829,"pid":21053,"hostname":"Glebs-MacBook-Pro.local","reqId":"79c901da-420a-421d-9a0b-2bec45d31a0e","event":"request_completed","requestId":"79c901da-420a-421d-9a0b-2bec45d31a0e","method":"GET","route":"/api/v1/matches/:matchId","statusCode":200,"latencyMs":17.211,"msg":"request completed"}
{"level":30,"time":1789777600862,"pid":21053,"hostname":"Glebs-MacBook-Pro.local","reqId":"8ed2cc29-1b86-4da0-9ca6-2c61eba23d90","event":"request_completed","requestId":"8ed2cc29-1b86-4da0-9ca6-2c61eba23d90","method":"POST","route":"/api/v1/matches/:matchId/judge/acquire","statusCode":200,"latencyMs":28.315,"msg":"request completed"}
{"level":30,"time":1789777600897,"pid":21053,"hostname":"Glebs-MacBook-Pro.local","reqId":"13797169-cbbb-48c2-af15-6ed57480ff0c","event":"request_completed","requestId":"13797169-cbbb-48c2-af15-6ed57480ff0c","method":"POST","route":"/api/v1/matches/:matchId/start","statusCode":200,"latencyMs":30.757,"msg":"request completed"}
{"level":30,"time":1789777600925,"pid":21053,"hostname":"Glebs-MacBook-Pro.local","reqId":"58bb2451-c454-4430-bf99-08398187abd7","event":"request_completed","requestId":"58bb2451-c454-4430-bf99-08398187abd7","method":"POST","route":"/api/v1/matches/:matchId/points","statusCode":200,"latencyMs":23.901,"msg":"request completed"}
{"level":30,"time":1789777600986,"pid":21053,"hostname":"Glebs-MacBook-Pro.local","reqId":"8a10c459-3165-4313-a8f2-36acf3f1e48d","event":"request_completed","requestId":"8a10c459-3165-4313-a8f2-36acf3f1e48d","method":"POST","route":"/api/v1/matches/:matchId/confirm-finish","statusCode":200,"latencyMs":56.588,"msg":"request completed"}
{"level":30,"time":1789777601003,"pid":21053,"hostname":"Glebs-MacBook-Pro.local","reqId":"b0b2ba20-45d9-4c42-bcfa-9205773c4180","event":"request_completed","requestId":"b0b2ba20-45d9-4c42-bcfa-9205773c4180","method":"GET","route":"/api/v1/tournaments/:id","statusCode":200,"latencyMs":13.308,"msg":"request completed"}
{"level":30,"time":1789777601017,"pid":21053,"hostname":"Glebs-MacBook-Pro.local","reqId":"360f111c-4b56-4949-a137-452dd42f7e56","event":"request_completed","requestId":"360f111c-4b56-4949-a137-452dd42f7e56","method":"GET","route":"/api/v1/matches/:matchId","statusCode":200,"latencyMs":10.751,"msg":"request completed"}
{"level":30,"time":1789777601045,"pid":21053,"hostname":"Glebs-MacBook-Pro.local","reqId":"cfc61a7a-b2e1-4e2e-b964-18eaac8ae6db","event":"request_completed","requestId":"cfc61a7a-b2e1-4e2e-b964-18eaac8ae6db","method":"POST","route":"/api/v1/matches/:matchId/judge/acquire","statusCode":200,"latencyMs":23.961,"msg":"request completed"}
{"level":30,"time":1789777601084,"pid":21053,"hostname":"Glebs-MacBook-Pro.local","reqId":"d7f66ffb-00e3-4f0d-8299-50356b2d523a","event":"request_completed","requestId":"d7f66ffb-00e3-4f0d-8299-50356b2d523a","method":"POST","route":"/api/v1/matches/:matchId/start","statusCode":200,"latencyMs":34.613,"msg":"request completed"}
{"level":30,"time":1789777601111,"pid":21053,"hostname":"Glebs-MacBook-Pro.local","reqId":"b2727d33-831b-45bc-b81b-2e3d5c186d21","event":"request_completed","requestId":"b2727d33-831b-45bc-b81b-2e3d5c186d21","method":"POST","route":"/api/v1/matches/:matchId/points","statusCode":200,"latencyMs":23.097,"msg":"request completed"}
{"level":30,"time":1789777601157,"pid":21053,"hostname":"Glebs-MacBook-Pro.local","reqId":"5db5a07f-185b-443f-b71c-0c1d9d33cb6a","event":"request_completed","requestId":"5db5a07f-185b-443f-b71c-0c1d9d33cb6a","method":"POST","route":"/api/v1/matches/:matchId/confirm-finish","statusCode":200,"latencyMs":42.728,"msg":"request completed"}
{"level":30,"time":1789777601173,"pid":21053,"hostname":"Glebs-MacBook-Pro.local","reqId":"4797354e-15fa-4acf-9433-0556968f3193","event":"request_completed","requestId":"4797354e-15fa-4acf-9433-0556968f3193","method":"GET","route":"/api/v1/tournaments/:id","statusCode":200,"latencyMs":11.736,"msg":"request completed"}
{"level":30,"time":1789777601186,"pid":21053,"hostname":"Glebs-MacBook-Pro.local","reqId":"325d4288-095d-425a-89f9-09d125f375f8","event":"request_completed","requestId":"325d4288-095d-425a-89f9-09d125f375f8","method":"GET","route":"/api/v1/tournaments/:id","statusCode":200,"latencyMs":9.818,"msg":"request completed"}
{"level":30,"time":1789777601207,"pid":21053,"hostname":"Glebs-MacBook-Pro.local","reqId":"87994b86-544d-4d96-abaf-c0832b2fc04e","event":"request_completed","requestId":"87994b86-544d-4d96-abaf-c0832b2fc04e","method":"GET","route":"/api/v1/auth/me","statusCode":200,"latencyMs":5.363,"msg":"request completed"}
{"level":30,"time":1789777601223,"pid":21053,"hostname":"Glebs-MacBook-Pro.local","reqId":"3c0e92bd-2230-405b-b777-8f1f0b2ffc6a","event":"request_completed","requestId":"3c0e92bd-2230-405b-b777-8f1f0b2ffc6a","method":"GET","route":"/api/v1/notifications","statusCode":200,"latencyMs":13.068,"msg":"request completed"}
{"level":30,"time":1789777601224,"pid":21053,"hostname":"Glebs-MacBook-Pro.local","reqId":"34ce11d4-12fb-4bb4-baf4-5142a154ff25","event":"request_completed","requestId":"34ce11d4-12fb-4bb4-baf4-5142a154ff25","method":"GET","route":"/api/v1/tournaments/:id","statusCode":200,"latencyMs":13.066,"msg":"request completed"}
  ✓  16 [chromium-desktop] › tests/e2e/wave-d-tournaments.spec.ts:19:7 › Wave D tournament single_elimination/3 roster, seed edit, complete and results (2.4s)
{"level":30,"time":1789777601461,"pid":21053,"hostname":"Glebs-MacBook-Pro.local","reqId":"5f49b4d3-bc4f-4a84-aab8-adf5bd4cc3b7","event":"request_completed","requestId":"5f49b4d3-bc4f-4a84-aab8-adf5bd4cc3b7","method":"GET","route":"/health","statusCode":200,"latencyMs":0.139,"msg":"request completed"}
{"level":30,"time":1789777601497,"pid":21053,"hostname":"Glebs-MacBook-Pro.local","reqId":"6b6802fb-734a-4513-b5fa-c07c20c6c93f","event":"request_completed","requestId":"6b6802fb-734a-4513-b5fa-c07c20c6c93f","method":"POST","route":"/api/v1/auth/login","statusCode":200,"latencyMs":32.795,"msg":"request completed"}
{"level":30,"time":1789777601512,"pid":21053,"hostname":"Glebs-MacBook-Pro.local","reqId":"02d51f83-c649-4482-b608-de358ba61732","event":"request_completed","requestId":"02d51f83-c649-4482-b608-de358ba61732","method":"PATCH","route":"/api/v1/me/onboarding","statusCode":200,"latencyMs":11.486,"msg":"request completed"}
{"level":30,"time":1789777601777,"pid":21053,"hostname":"Glebs-MacBook-Pro.local","reqId":"1922a281-94ad-4176-8152-9f94552ec773","event":"request_completed","requestId":"1922a281-94ad-4176-8152-9f94552ec773","method":"GET","route":"/api/v1/auth/me","statusCode":401,"latencyMs":0.732,"msg":"request completed"}
{"level":30,"time":1789777601938,"pid":21053,"hostname":"Glebs-MacBook-Pro.local","reqId":"ebfffc15-b682-469b-b411-aa43c90c4e28","event":"request_completed","requestId":"ebfffc15-b682-469b-b411-aa43c90c4e28","method":"POST","route":"/api/v1/auth/login","statusCode":200,"latencyMs":26.446,"msg":"request completed"}
{"level":30,"time":1789777601958,"pid":21053,"hostname":"Glebs-MacBook-Pro.local","reqId":"e27ec5c8-4b95-4391-8ed7-6252f4abb872","event":"request_completed","requestId":"e27ec5c8-4b95-4391-8ed7-6252f4abb872","method":"GET","route":"/api/v1/auth/me","statusCode":200,"latencyMs":16.905,"msg":"request completed"}
{"level":30,"time":1789777601982,"pid":21053,"hostname":"Glebs-MacBook-Pro.local","reqId":"853c9b0f-651d-48a1-9788-f885f527bbdc","event":"request_completed","requestId":"853c9b0f-651d-48a1-9788-f885f527bbdc","method":"GET","route":"/api/v1/notifications","statusCode":200,"latencyMs":39.459,"msg":"request completed"}
{"level":30,"time":1789777602016,"pid":21053,"hostname":"Glebs-MacBook-Pro.local","reqId":"2dfd59f4-0253-4b1e-97c5-8fba78fd3023","event":"request_completed","requestId":"2dfd59f4-0253-4b1e-97c5-8fba78fd3023","method":"GET","route":"/api/v1/home","statusCode":200,"latencyMs":71.167,"msg":"request completed"}
{"level":30,"time":1789777602019,"pid":21053,"hostname":"Glebs-MacBook-Pro.local","reqId":"82b1788d-0495-4bc6-916d-60bb28312cdf","event":"request_completed","requestId":"82b1788d-0495-4bc6-916d-60bb28312cdf","method":"GET","route":"/api/v1/auth/me","statusCode":200,"latencyMs":4.529,"msg":"request completed"}
{"level":30,"time":1789777602040,"pid":21053,"hostname":"Glebs-MacBook-Pro.local","reqId":"1a7e0693-edf8-4c16-9b73-6699e2cb9a3a","event":"request_completed","requestId":"1a7e0693-edf8-4c16-9b73-6699e2cb9a3a","method":"GET","route":"/api/v1/notifications","statusCode":200,"latencyMs":12.954,"msg":"request completed"}
{"level":30,"time":1789777602106,"pid":21053,"hostname":"Glebs-MacBook-Pro.local","reqId":"2c35ac81-4f0f-4d3e-8218-3c1d98a40782","event":"request_completed","requestId":"2c35ac81-4f0f-4d3e-8218-3c1d98a40782","method":"POST","route":"/api/v1/tournaments","statusCode":200,"latencyMs":34.886,"msg":"request completed"}
{"level":30,"time":1789777602126,"pid":21053,"hostname":"Glebs-MacBook-Pro.local","reqId":"91dd6396-a7a3-408e-b665-df75ebb14041","event":"request_completed","requestId":"91dd6396-a7a3-408e-b665-df75ebb14041","method":"GET","route":"/api/v1/tournaments/:id","statusCode":200,"latencyMs":15.739,"msg":"request completed"}
{"level":30,"time":1789777602134,"pid":21053,"hostname":"Glebs-MacBook-Pro.local","reqId":"2343eb5e-b385-4a40-b7c8-1143e7493d3d","event":"request_completed","requestId":"2343eb5e-b385-4a40-b7c8-1143e7493d3d","method":"GET","route":"/api/v1/users/directory","statusCode":200,"latencyMs":4.488,"msg":"request completed"}
{"level":30,"time":1789777602243,"pid":21053,"hostname":"Glebs-MacBook-Pro.local","reqId":"a1523deb-9d8d-4c31-93c9-a4e983a7b2e4","event":"request_completed","requestId":"a1523deb-9d8d-4c31-93c9-a4e983a7b2e4","method":"POST","route":"/api/v1/tournaments/:id/participants","statusCode":200,"latencyMs":57.602,"msg":"request completed"}
{"level":30,"time":1789777602307,"pid":21053,"hostname":"Glebs-MacBook-Pro.local","reqId":"87cac8b5-7dd5-4cf9-933a-f16b8a04f8b6","event":"request_completed","requestId":"87cac8b5-7dd5-4cf9-933a-f16b8a04f8b6","method":"POST","route":"/api/v1/tournaments/:id/participants","statusCode":200,"latencyMs":35.291,"msg":"request completed"}
{"level":30,"time":1789777602342,"pid":21053,"hostname":"Glebs-MacBook-Pro.local","reqId":"e2e84672-1e50-41f8-98e5-e2ba16f13e04","event":"request_completed","requestId":"e2e84672-1e50-41f8-98e5-e2ba16f13e04","method":"POST","route":"/api/v1/tournaments/:id/participants","statusCode":200,"latencyMs":30.62,"msg":"request completed"}
{"level":30,"time":1789777602378,"pid":21053,"hostname":"Glebs-MacBook-Pro.local","reqId":"d136b349-9069-491b-9fcf-357d5caa1e84","event":"request_completed","requestId":"d136b349-9069-491b-9fcf-357d5caa1e84","method":"POST","route":"/api/v1/tournaments/:id/participants","statusCode":200,"latencyMs":32.205,"msg":"request completed"}
{"level":30,"time":1789777602419,"pid":21053,"hostname":"Glebs-MacBook-Pro.local","reqId":"1471c3a9-b2ae-43ec-90d8-48df06c956cd","event":"request_completed","requestId":"1471c3a9-b2ae-43ec-90d8-48df06c956cd","method":"PATCH","route":"/api/v1/tournaments/:id","statusCode":200,"latencyMs":36.549,"msg":"request completed"}
{"level":30,"time":1789777602442,"pid":21053,"hostname":"Glebs-MacBook-Pro.local","reqId":"33c7145b-8a81-4ab3-ba2d-a472355f1b25","event":"request_completed","requestId":"33c7145b-8a81-4ab3-ba2d-a472355f1b25","method":"GET","route":"/api/v1/auth/me","statusCode":200,"latencyMs":6.712,"msg":"request completed"}
{"level":30,"time":1789777602463,"pid":21053,"hostname":"Glebs-MacBook-Pro.local","reqId":"4df98144-aa7b-403f-985d-d96e93f7c8a4","event":"request_completed","requestId":"4df98144-aa7b-403f-985d-d96e93f7c8a4","method":"GET","route":"/api/v1/notifications","statusCode":200,"latencyMs":12.9,"msg":"request completed"}
{"level":30,"time":1789777602465,"pid":21053,"hostname":"Glebs-MacBook-Pro.local","reqId":"ef988343-4d98-4727-ab66-348e0ebb93c8","event":"request_completed","requestId":"ef988343-4d98-4727-ab66-348e0ebb93c8","method":"GET","route":"/api/v1/tournaments/:id","statusCode":200,"latencyMs":15.221,"msg":"request completed"}
{"level":30,"time":1789777602473,"pid":21053,"hostname":"Glebs-MacBook-Pro.local","reqId":"80bcf69c-805e-4e0e-ad77-f74eb36d63c1","event":"request_completed","requestId":"80bcf69c-805e-4e0e-ad77-f74eb36d63c1","method":"GET","route":"/api/v1/users/directory","statusCode":200,"latencyMs":4.478,"msg":"request completed"}
{"level":30,"time":1789777602557,"pid":21053,"hostname":"Glebs-MacBook-Pro.local","reqId":"672ab04b-2ec5-4a84-baa0-82234cdb97e4","event":"request_completed","requestId":"672ab04b-2ec5-4a84-baa0-82234cdb97e4","method":"POST","route":"/api/v1/tournaments/:id/bracket","statusCode":200,"latencyMs":23.604,"msg":"request completed"}
{"level":30,"time":1789777602579,"pid":21053,"hostname":"Glebs-MacBook-Pro.local","reqId":"329815ce-47e5-428e-a11e-b814432e2694","event":"request_completed","requestId":"329815ce-47e5-428e-a11e-b814432e2694","method":"GET","route":"/api/v1/tournaments/:id","statusCode":200,"latencyMs":20.286,"msg":"request completed"}
{"level":30,"time":1789777602641,"pid":21053,"hostname":"Glebs-MacBook-Pro.local","reqId":"1da9d16a-c8ec-47bb-a340-1c0405bb2494","event":"request_completed","requestId":"1da9d16a-c8ec-47bb-a340-1c0405bb2494","method":"GET","route":"/api/v1/tournaments/:id","statusCode":200,"latencyMs":14.26,"msg":"request completed"}
{"level":30,"time":1789777602707,"pid":21053,"hostname":"Glebs-MacBook-Pro.local","reqId":"4b9d1e78-7b55-431e-be45-99940e4cc7f6","event":"request_completed","requestId":"4b9d1e78-7b55-431e-be45-99940e4cc7f6","method":"GET","route":"/api/v1/tournaments/:id","statusCode":200,"latencyMs":16.027,"msg":"request completed"}
{"level":30,"time":1789777602711,"pid":21053,"hostname":"Glebs-MacBook-Pro.local","reqId":"01b650ca-5016-403a-9373-80343e256977","event":"request_completed","requestId":"01b650ca-5016-403a-9373-80343e256977","method":"PATCH","route":"/api/v1/tournaments/:id/bracket","statusCode":200,"latencyMs":24.57,"msg":"request completed"}
{"level":30,"time":1789777602727,"pid":21053,"hostname":"Glebs-MacBook-Pro.local","reqId":"d764bbb0-c9fd-4589-b64a-24378f64cf66","event":"request_completed","requestId":"d764bbb0-c9fd-4589-b64a-24378f64cf66","method":"GET","route":"/api/v1/tournaments/:id","statusCode":200,"latencyMs":14.466,"msg":"request completed"}
{"level":30,"time":1789777602854,"pid":21053,"hostname":"Glebs-MacBook-Pro.local","reqId":"d75501da-68ee-4c57-9a19-c7f2f1309ab8","event":"request_completed","requestId":"d75501da-68ee-4c57-9a19-c7f2f1309ab8","method":"GET","route":"/api/v1/tournaments/:id","statusCode":200,"latencyMs":39.796,"msg":"request completed"}
{"level":30,"time":1789777603001,"pid":21053,"hostname":"Glebs-MacBook-Pro.local","reqId":"5ad85ada-9899-4412-9c9b-50b5394a7179","event":"request_completed","requestId":"5ad85ada-9899-4412-9c9b-50b5394a7179","method":"GET","route":"/api/v1/tournaments/:id","statusCode":200,"latencyMs":30.946,"msg":"request completed"}
{"level":30,"time":1789777603018,"pid":21053,"hostname":"Glebs-MacBook-Pro.local","reqId":"5b6c5a18-fe9f-48ee-944a-ca2cf732efa4","event":"request_completed","requestId":"5b6c5a18-fe9f-48ee-944a-ca2cf732efa4","method":"GET","route":"/api/v1/tournaments/:id","statusCode":200,"latencyMs":13.58,"msg":"request completed"}
{"level":30,"time":1789777603030,"pid":21053,"hostname":"Glebs-MacBook-Pro.local","reqId":"62345961-347b-4b25-93ac-5add5a9a60ad","event":"request_completed","requestId":"62345961-347b-4b25-93ac-5add5a9a60ad","method":"POST","route":"/api/v1/tournaments/:id/start","statusCode":200,"latencyMs":63.458,"msg":"request completed"}
{"level":30,"time":1789777603158,"pid":21053,"hostname":"Glebs-MacBook-Pro.local","reqId":"6259485a-a2af-4b84-8da8-384e5f1774a0","event":"request_completed","requestId":"6259485a-a2af-4b84-8da8-384e5f1774a0","method":"GET","route":"/api/v1/tournaments/:id","statusCode":200,"latencyMs":34.211,"msg":"request completed"}
{"level":30,"time":1789777603190,"pid":21053,"hostname":"Glebs-MacBook-Pro.local","reqId":"c862d997-3c4d-40cd-a350-1be457058894","event":"request_completed","requestId":"c862d997-3c4d-40cd-a350-1be457058894","method":"GET","route":"/api/v1/tournaments/:id","statusCode":200,"latencyMs":28.598,"msg":"request completed"}
{"level":30,"time":1789777603214,"pid":21053,"hostname":"Glebs-MacBook-Pro.local","reqId":"2fec6008-ebcb-483b-a3f9-8b1dba18346f","event":"request_completed","requestId":"2fec6008-ebcb-483b-a3f9-8b1dba18346f","method":"GET","route":"/api/v1/matches/:matchId","statusCode":200,"latencyMs":20.501,"msg":"request completed"}
{"level":30,"time":1789777603241,"pid":21053,"hostname":"Glebs-MacBook-Pro.local","reqId":"d53c8b97-9954-47c4-b445-f5bbd968a36c","event":"request_completed","requestId":"d53c8b97-9954-47c4-b445-f5bbd968a36c","method":"POST","route":"/api/v1/matches/:matchId/judge/acquire","statusCode":200,"latencyMs":23.329,"msg":"request completed"}
{"level":30,"time":1789777603279,"pid":21053,"hostname":"Glebs-MacBook-Pro.local","reqId":"906cc3bc-b205-4f81-9e3b-ef77637cd039","event":"request_completed","requestId":"906cc3bc-b205-4f81-9e3b-ef77637cd039","method":"POST","route":"/api/v1/matches/:matchId/start","statusCode":200,"latencyMs":33.627,"msg":"request completed"}
{"level":30,"time":1789777603308,"pid":21053,"hostname":"Glebs-MacBook-Pro.local","reqId":"1027480c-86f0-48b2-8eef-127c4a4d834d","event":"request_completed","requestId":"1027480c-86f0-48b2-8eef-127c4a4d834d","method":"POST","route":"/api/v1/matches/:matchId/points","statusCode":200,"latencyMs":24.741,"msg":"request completed"}
{"level":30,"time":1789777603391,"pid":21053,"hostname":"Glebs-MacBook-Pro.local","reqId":"3278942a-6c44-4843-8375-e43f3fff38ae","event":"request_completed","requestId":"3278942a-6c44-4843-8375-e43f3fff38ae","method":"POST","route":"/api/v1/matches/:matchId/confirm-finish","statusCode":200,"latencyMs":79.237,"msg":"request completed"}
{"level":30,"time":1789777603412,"pid":21053,"hostname":"Glebs-MacBook-Pro.local","reqId":"eb1afaae-49ac-4266-98c7-6d2485fbde47","event":"request_completed","requestId":"eb1afaae-49ac-4266-98c7-6d2485fbde47","method":"GET","route":"/api/v1/tournaments/:id","statusCode":200,"latencyMs":17.12,"msg":"request completed"}
{"level":30,"time":1789777603426,"pid":21053,"hostname":"Glebs-MacBook-Pro.local","reqId":"3f4cf999-7839-4db6-a314-33055b5e7c8e","event":"request_completed","requestId":"3f4cf999-7839-4db6-a314-33055b5e7c8e","method":"GET","route":"/api/v1/matches/:matchId","statusCode":200,"latencyMs":9.874,"msg":"request completed"}
{"level":30,"time":1789777603451,"pid":21053,"hostname":"Glebs-MacBook-Pro.local","reqId":"270f3946-2f2b-4b04-92fd-896847cc6878","event":"request_completed","requestId":"270f3946-2f2b-4b04-92fd-896847cc6878","method":"POST","route":"/api/v1/matches/:matchId/judge/acquire","statusCode":200,"latencyMs":22.617,"msg":"request completed"}
{"level":30,"time":1789777603486,"pid":21053,"hostname":"Glebs-MacBook-Pro.local","reqId":"c24cefe8-d2ef-4b17-8c5a-b3c68764f8a4","event":"request_completed","requestId":"c24cefe8-d2ef-4b17-8c5a-b3c68764f8a4","method":"POST","route":"/api/v1/matches/:matchId/start","statusCode":200,"latencyMs":30.274,"msg":"request completed"}
{"level":30,"time":1789777603513,"pid":21053,"hostname":"Glebs-MacBook-Pro.local","reqId":"9736fa0a-e0a9-49cc-ada7-b27120f6dbcf","event":"request_completed","requestId":"9736fa0a-e0a9-49cc-ada7-b27120f6dbcf","method":"POST","route":"/api/v1/matches/:matchId/points","statusCode":200,"latencyMs":22.719,"msg":"request completed"}
{"level":30,"time":1789777603554,"pid":21053,"hostname":"Glebs-MacBook-Pro.local","reqId":"0eeeb9c4-0b2b-4bf8-9b0f-36db79ae53b5","event":"request_completed","requestId":"0eeeb9c4-0b2b-4bf8-9b0f-36db79ae53b5","method":"POST","route":"/api/v1/matches/:matchId/confirm-finish","statusCode":200,"latencyMs":37.335,"msg":"request completed"}
{"level":30,"time":1789777603572,"pid":21053,"hostname":"Glebs-MacBook-Pro.local","reqId":"616ac772-dfff-4795-8680-e0913fde48fa","event":"request_completed","requestId":"616ac772-dfff-4795-8680-e0913fde48fa","method":"GET","route":"/api/v1/tournaments/:id","statusCode":200,"latencyMs":13.811,"msg":"request completed"}
{"level":30,"time":1789777603586,"pid":21053,"hostname":"Glebs-MacBook-Pro.local","reqId":"8746dd22-1c55-46dd-9224-f100ee0361c0","event":"request_completed","requestId":"8746dd22-1c55-46dd-9224-f100ee0361c0","method":"GET","route":"/api/v1/matches/:matchId","statusCode":200,"latencyMs":10.179,"msg":"request completed"}
{"level":30,"time":1789777603611,"pid":21053,"hostname":"Glebs-MacBook-Pro.local","reqId":"72625899-8908-4627-badf-6e6723a2abb5","event":"request_completed","requestId":"72625899-8908-4627-badf-6e6723a2abb5","method":"POST","route":"/api/v1/matches/:matchId/judge/acquire","statusCode":200,"latencyMs":22.707,"msg":"request completed"}
{"level":30,"time":1789777603658,"pid":21053,"hostname":"Glebs-MacBook-Pro.local","reqId":"47cb7bae-8310-47a3-abec-5d29b4c9cbb0","event":"request_completed","requestId":"47cb7bae-8310-47a3-abec-5d29b4c9cbb0","method":"POST","route":"/api/v1/matches/:matchId/start","statusCode":200,"latencyMs":42.693,"msg":"request completed"}
{"level":30,"time":1789777603687,"pid":21053,"hostname":"Glebs-MacBook-Pro.local","reqId":"72191ca4-d5a9-4d62-8a93-511d40c002ae","event":"request_completed","requestId":"72191ca4-d5a9-4d62-8a93-511d40c002ae","method":"POST","route":"/api/v1/matches/:matchId/points","statusCode":200,"latencyMs":24.529,"msg":"request completed"}
{"level":30,"time":1789777603762,"pid":21053,"hostname":"Glebs-MacBook-Pro.local","reqId":"483d57c8-f554-46cc-96af-6fd7c0f654dc","event":"request_completed","requestId":"483d57c8-f554-46cc-96af-6fd7c0f654dc","method":"POST","route":"/api/v1/matches/:matchId/confirm-finish","statusCode":200,"latencyMs":71.287,"msg":"request completed"}
{"level":30,"time":1789777603780,"pid":21053,"hostname":"Glebs-MacBook-Pro.local","reqId":"3028458f-f6cf-4c15-89b9-e9921e0e199f","event":"request_completed","requestId":"3028458f-f6cf-4c15-89b9-e9921e0e199f","method":"GET","route":"/api/v1/tournaments/:id","statusCode":200,"latencyMs":14.121,"msg":"request completed"}
{"level":30,"time":1789777603795,"pid":21053,"hostname":"Glebs-MacBook-Pro.local","reqId":"a36b29a1-102f-4590-a9e5-f231964b23a1","event":"request_completed","requestId":"a36b29a1-102f-4590-a9e5-f231964b23a1","method":"GET","route":"/api/v1/matches/:matchId","statusCode":200,"latencyMs":10.87,"msg":"request completed"}
{"level":30,"time":1789777603827,"pid":21053,"hostname":"Glebs-MacBook-Pro.local","reqId":"568ef119-6ac8-4eee-b634-6f2fbe2914f7","event":"request_completed","requestId":"568ef119-6ac8-4eee-b634-6f2fbe2914f7","method":"POST","route":"/api/v1/matches/:matchId/judge/acquire","statusCode":200,"latencyMs":29.195,"msg":"request completed"}
{"level":30,"time":1789777603867,"pid":21053,"hostname":"Glebs-MacBook-Pro.local","reqId":"6cc64e48-6d6f-4201-80f1-a8695ee827ff","event":"request_completed","requestId":"6cc64e48-6d6f-4201-80f1-a8695ee827ff","method":"POST","route":"/api/v1/matches/:matchId/start","statusCode":200,"latencyMs":36.009,"msg":"request completed"}
{"level":30,"time":1789777603897,"pid":21053,"hostname":"Glebs-MacBook-Pro.local","reqId":"d90d9d44-430f-4388-a8da-a41ad19a9bd3","event":"request_completed","requestId":"d90d9d44-430f-4388-a8da-a41ad19a9bd3","method":"POST","route":"/api/v1/matches/:matchId/points","statusCode":200,"latencyMs":25.883,"msg":"request completed"}
{"level":30,"time":1789777603946,"pid":21053,"hostname":"Glebs-MacBook-Pro.local","reqId":"ecb40dda-ec61-4664-aeb4-e6e8014c7144","event":"request_completed","requestId":"ecb40dda-ec61-4664-aeb4-e6e8014c7144","method":"POST","route":"/api/v1/matches/:matchId/confirm-finish","statusCode":200,"latencyMs":44.163,"msg":"request completed"}
{"level":30,"time":1789777603963,"pid":21053,"hostname":"Glebs-MacBook-Pro.local","reqId":"b8d62eca-b9fe-49eb-89b3-485378261d53","event":"request_completed","requestId":"b8d62eca-b9fe-49eb-89b3-485378261d53","method":"GET","route":"/api/v1/tournaments/:id","statusCode":200,"latencyMs":13.539,"msg":"request completed"}
{"level":30,"time":1789777603978,"pid":21053,"hostname":"Glebs-MacBook-Pro.local","reqId":"f4f90cd3-b853-4fe7-97e1-6b1267e70312","event":"request_completed","requestId":"f4f90cd3-b853-4fe7-97e1-6b1267e70312","method":"GET","route":"/api/v1/matches/:matchId","statusCode":200,"latencyMs":12.284,"msg":"request completed"}
{"level":30,"time":1789777604005,"pid":21053,"hostname":"Glebs-MacBook-Pro.local","reqId":"bf1ff1dd-46b4-4491-9e31-2fb2144c7ae6","event":"request_completed","requestId":"bf1ff1dd-46b4-4491-9e31-2fb2144c7ae6","method":"POST","route":"/api/v1/matches/:matchId/judge/acquire","statusCode":200,"latencyMs":24.12,"msg":"request completed"}
{"level":30,"time":1789777604037,"pid":21053,"hostname":"Glebs-MacBook-Pro.local","reqId":"d7f9e732-611c-4728-b8c6-9315ad4dbff9","event":"request_completed","requestId":"d7f9e732-611c-4728-b8c6-9315ad4dbff9","method":"POST","route":"/api/v1/matches/:matchId/start","statusCode":200,"latencyMs":27.441,"msg":"request completed"}
{"level":30,"time":1789777604063,"pid":21053,"hostname":"Glebs-MacBook-Pro.local","reqId":"d54bf4c0-7971-4caf-b8d5-15d983d4878d","event":"request_completed","requestId":"d54bf4c0-7971-4caf-b8d5-15d983d4878d","method":"POST","route":"/api/v1/matches/:matchId/points","statusCode":200,"latencyMs":21.962,"msg":"request completed"}
{"level":30,"time":1789777604106,"pid":21053,"hostname":"Glebs-MacBook-Pro.local","reqId":"d81f4e09-0607-4563-b4f5-b0e7b374ee06","event":"request_completed","requestId":"d81f4e09-0607-4563-b4f5-b0e7b374ee06","method":"POST","route":"/api/v1/matches/:matchId/confirm-finish","statusCode":200,"latencyMs":38.678,"msg":"request completed"}
{"level":30,"time":1789777604119,"pid":21053,"hostname":"Glebs-MacBook-Pro.local","reqId":"30627f07-6253-4df7-8649-8f6eb65150ff","event":"request_completed","requestId":"30627f07-6253-4df7-8649-8f6eb65150ff","method":"GET","route":"/api/v1/tournaments/:id","statusCode":200,"latencyMs":9.945,"msg":"request completed"}
{"level":30,"time":1789777604132,"pid":21053,"hostname":"Glebs-MacBook-Pro.local","reqId":"ab503909-1197-4deb-bddf-de8500ee91c8","event":"request_completed","requestId":"ab503909-1197-4deb-bddf-de8500ee91c8","method":"GET","route":"/api/v1/tournaments/:id","statusCode":200,"latencyMs":10.357,"msg":"request completed"}
{"level":30,"time":1789777604155,"pid":21053,"hostname":"Glebs-MacBook-Pro.local","reqId":"5dae0489-20bb-4978-aa65-d74dbead4d32","event":"request_completed","requestId":"5dae0489-20bb-4978-aa65-d74dbead4d32","method":"GET","route":"/api/v1/auth/me","statusCode":200,"latencyMs":5.571,"msg":"request completed"}
{"level":30,"time":1789777604173,"pid":21053,"hostname":"Glebs-MacBook-Pro.local","reqId":"b2a4d92b-b493-4290-afe8-a0d977583605","event":"request_completed","requestId":"b2a4d92b-b493-4290-afe8-a0d977583605","method":"GET","route":"/api/v1/notifications","statusCode":200,"latencyMs":14.398,"msg":"request completed"}
{"level":30,"time":1789777604173,"pid":21053,"hostname":"Glebs-MacBook-Pro.local","reqId":"c54f10cd-7314-49f4-bf94-66f619ad59ed","event":"request_completed","requestId":"c54f10cd-7314-49f4-bf94-66f619ad59ed","method":"GET","route":"/api/v1/tournaments/:id","statusCode":200,"latencyMs":14.603,"msg":"request completed"}
  ✓  17 [chromium-desktop] › tests/e2e/wave-d-tournaments.spec.ts:19:7 › Wave D tournament single_elimination/5 roster, seed edit, complete and results (2.9s)
{"level":30,"time":1789777604420,"pid":21053,"hostname":"Glebs-MacBook-Pro.local","reqId":"49ccb40f-df4e-43e5-98d9-2bbf98a38fc8","event":"request_completed","requestId":"49ccb40f-df4e-43e5-98d9-2bbf98a38fc8","method":"GET","route":"/health","statusCode":200,"latencyMs":0.154,"msg":"request completed"}
{"level":30,"time":1789777604450,"pid":21053,"hostname":"Glebs-MacBook-Pro.local","reqId":"5dc233c8-5629-4b6b-8655-73179ea82bba","event":"request_completed","requestId":"5dc233c8-5629-4b6b-8655-73179ea82bba","method":"POST","route":"/api/v1/auth/login","statusCode":200,"latencyMs":27.18,"msg":"request completed"}
{"level":30,"time":1789777604462,"pid":21053,"hostname":"Glebs-MacBook-Pro.local","reqId":"87efc139-681d-48f5-9b51-a5ad15ac8a8e","event":"request_completed","requestId":"87efc139-681d-48f5-9b51-a5ad15ac8a8e","method":"PATCH","route":"/api/v1/me/onboarding","statusCode":200,"latencyMs":6.593,"msg":"request completed"}
{"level":30,"time":1789777604728,"pid":21053,"hostname":"Glebs-MacBook-Pro.local","reqId":"fc281de4-6ee1-42d1-beb2-ec2c02571dbb","event":"request_completed","requestId":"fc281de4-6ee1-42d1-beb2-ec2c02571dbb","method":"GET","route":"/api/v1/auth/me","statusCode":401,"latencyMs":0.339,"msg":"request completed"}
{"level":30,"time":1789777604902,"pid":21053,"hostname":"Glebs-MacBook-Pro.local","reqId":"bf02497b-fe6e-460f-8b24-8eac9f739f49","event":"request_completed","requestId":"bf02497b-fe6e-460f-8b24-8eac9f739f49","method":"POST","route":"/api/v1/auth/login","statusCode":200,"latencyMs":24.092,"msg":"request completed"}
{"level":30,"time":1789777604909,"pid":21053,"hostname":"Glebs-MacBook-Pro.local","reqId":"0bd2acb4-0f59-4f9e-ada4-16f6adcab55b","event":"request_completed","requestId":"0bd2acb4-0f59-4f9e-ada4-16f6adcab55b","method":"GET","route":"/api/v1/auth/me","statusCode":200,"latencyMs":5.08,"msg":"request completed"}
{"level":30,"time":1789777604923,"pid":21053,"hostname":"Glebs-MacBook-Pro.local","reqId":"129238b6-b9f5-4ef5-b634-fbb36085f62b","event":"request_completed","requestId":"129238b6-b9f5-4ef5-b634-fbb36085f62b","method":"GET","route":"/api/v1/notifications","statusCode":200,"latencyMs":16.734,"msg":"request completed"}
{"level":30,"time":1789777604938,"pid":21053,"hostname":"Glebs-MacBook-Pro.local","reqId":"69d1f689-22da-41cc-a1a1-2bc8335a8bf7","event":"request_completed","requestId":"69d1f689-22da-41cc-a1a1-2bc8335a8bf7","method":"GET","route":"/api/v1/auth/me","statusCode":200,"latencyMs":4.742,"msg":"request completed"}
{"level":30,"time":1789777604959,"pid":21053,"hostname":"Glebs-MacBook-Pro.local","reqId":"01d4e4e6-155f-4e3c-afbf-32501777f45e","event":"request_completed","requestId":"01d4e4e6-155f-4e3c-afbf-32501777f45e","method":"GET","route":"/api/v1/notifications","statusCode":200,"latencyMs":12.896,"msg":"request completed"}
{"level":30,"time":1789777604959,"pid":21053,"hostname":"Glebs-MacBook-Pro.local","reqId":"1508b52f-ed9a-4e9c-9fb0-c14b198bf19b","event":"request_completed","requestId":"1508b52f-ed9a-4e9c-9fb0-c14b198bf19b","method":"GET","route":"/api/v1/home","statusCode":200,"latencyMs":48.523,"msg":"request completed"}
{"level":30,"time":1789777605004,"pid":21053,"hostname":"Glebs-MacBook-Pro.local","reqId":"ba74fe3e-8944-43f4-b329-bdcbe402cd4b","event":"request_completed","requestId":"ba74fe3e-8944-43f4-b329-bdcbe402cd4b","method":"POST","route":"/api/v1/tournaments","statusCode":200,"latencyMs":14.89,"msg":"request completed"}
{"level":30,"time":1789777605024,"pid":21053,"hostname":"Glebs-MacBook-Pro.local","reqId":"7767e83f-d451-4872-997e-fce53d91efb6","event":"request_completed","requestId":"7767e83f-d451-4872-997e-fce53d91efb6","method":"GET","route":"/api/v1/tournaments/:id","statusCode":200,"latencyMs":15.242,"msg":"request completed"}
{"level":30,"time":1789777605032,"pid":21053,"hostname":"Glebs-MacBook-Pro.local","reqId":"355fe6e1-6029-46a8-8ca4-1871f63773d2","event":"request_completed","requestId":"355fe6e1-6029-46a8-8ca4-1871f63773d2","method":"GET","route":"/api/v1/users/directory","statusCode":200,"latencyMs":4.447,"msg":"request completed"}
{"level":30,"time":1789777605116,"pid":21053,"hostname":"Glebs-MacBook-Pro.local","reqId":"e33cff86-56b3-473a-9302-ff9c158dc46e","event":"request_completed","requestId":"e33cff86-56b3-473a-9302-ff9c158dc46e","method":"POST","route":"/api/v1/tournaments/:id/participants","statusCode":200,"latencyMs":42.149,"msg":"request completed"}
{"level":30,"time":1789777605213,"pid":21053,"hostname":"Glebs-MacBook-Pro.local","reqId":"06c2bacd-f5e4-4fbd-8f1c-4c08289658a5","event":"request_completed","requestId":"06c2bacd-f5e4-4fbd-8f1c-4c08289658a5","method":"POST","route":"/api/v1/tournaments/:id/participants","statusCode":200,"latencyMs":52.888,"msg":"request completed"}
{"level":30,"time":1789777605249,"pid":21053,"hostname":"Glebs-MacBook-Pro.local","reqId":"f19c5514-29f6-4de9-948b-5f7037e97bb4","event":"request_completed","requestId":"f19c5514-29f6-4de9-948b-5f7037e97bb4","method":"POST","route":"/api/v1/tournaments/:id/participants","statusCode":200,"latencyMs":31.446,"msg":"request completed"}
{"level":30,"time":1789777605284,"pid":21053,"hostname":"Glebs-MacBook-Pro.local","reqId":"5eb2571b-9297-4147-9de6-1ac76ccc1390","event":"request_completed","requestId":"5eb2571b-9297-4147-9de6-1ac76ccc1390","method":"POST","route":"/api/v1/tournaments/:id/participants","statusCode":200,"latencyMs":31.502,"msg":"request completed"}
{"level":30,"time":1789777605319,"pid":21053,"hostname":"Glebs-MacBook-Pro.local","reqId":"6f12254a-c93d-4e5c-ac79-83e1b45cce23","event":"request_completed","requestId":"6f12254a-c93d-4e5c-ac79-83e1b45cce23","method":"POST","route":"/api/v1/tournaments/:id/participants","statusCode":200,"latencyMs":29.713,"msg":"request completed"}
{"level":30,"time":1789777605352,"pid":21053,"hostname":"Glebs-MacBook-Pro.local","reqId":"06161be4-7070-4720-a5b9-cfc8548611d0","event":"request_completed","requestId":"06161be4-7070-4720-a5b9-cfc8548611d0","method":"POST","route":"/api/v1/tournaments/:id/participants","statusCode":200,"latencyMs":29.154,"msg":"request completed"}
{"level":30,"time":1789777605389,"pid":21053,"hostname":"Glebs-MacBook-Pro.local","reqId":"c7db8a8b-913d-46c1-a2e5-7a7070f173dc","event":"request_completed","requestId":"c7db8a8b-913d-46c1-a2e5-7a7070f173dc","method":"POST","route":"/api/v1/tournaments/:id/participants","statusCode":200,"latencyMs":32.018,"msg":"request completed"}
{"level":30,"time":1789777605411,"pid":21053,"hostname":"Glebs-MacBook-Pro.local","reqId":"18fd6553-a978-49e7-b149-63a1017b1a91","event":"request_completed","requestId":"18fd6553-a978-49e7-b149-63a1017b1a91","method":"PATCH","route":"/api/v1/tournaments/:id","statusCode":200,"latencyMs":18.515,"msg":"request completed"}
{"level":30,"time":1789777605434,"pid":21053,"hostname":"Glebs-MacBook-Pro.local","reqId":"0b926f42-1c0f-435f-8871-c9e44cb06d86","event":"request_completed","requestId":"0b926f42-1c0f-435f-8871-c9e44cb06d86","method":"GET","route":"/api/v1/auth/me","statusCode":200,"latencyMs":8.786,"msg":"request completed"}
{"level":30,"time":1789777605456,"pid":21053,"hostname":"Glebs-MacBook-Pro.local","reqId":"73acef5c-0e1a-406a-afb5-ac03908a85dd","event":"request_completed","requestId":"73acef5c-0e1a-406a-afb5-ac03908a85dd","method":"GET","route":"/api/v1/notifications","statusCode":200,"latencyMs":15.88,"msg":"request completed"}
{"level":30,"time":1789777605459,"pid":21053,"hostname":"Glebs-MacBook-Pro.local","reqId":"77f14616-3a32-4b9b-bdd0-08899154422a","event":"request_completed","requestId":"77f14616-3a32-4b9b-bdd0-08899154422a","method":"GET","route":"/api/v1/tournaments/:id","statusCode":200,"latencyMs":18.48,"msg":"request completed"}
{"level":30,"time":1789777605466,"pid":21053,"hostname":"Glebs-MacBook-Pro.local","reqId":"2e6c5173-f72b-4d41-a570-84d05d02dc8b","event":"request_completed","requestId":"2e6c5173-f72b-4d41-a570-84d05d02dc8b","method":"GET","route":"/api/v1/users/directory","statusCode":200,"latencyMs":4.481,"msg":"request completed"}
{"level":30,"time":1789777605621,"pid":21053,"hostname":"Glebs-MacBook-Pro.local","reqId":"4f3fbb30-748e-405b-9020-bb035a90fd3a","event":"request_completed","requestId":"4f3fbb30-748e-405b-9020-bb035a90fd3a","method":"POST","route":"/api/v1/tournaments/:id/bracket","statusCode":200,"latencyMs":46.69,"msg":"request completed"}
{"level":30,"time":1789777605636,"pid":21053,"hostname":"Glebs-MacBook-Pro.local","reqId":"f081c0de-9c88-4d6f-b4d5-ca66eaf462c4","event":"request_completed","requestId":"f081c0de-9c88-4d6f-b4d5-ca66eaf462c4","method":"GET","route":"/api/v1/tournaments/:id","statusCode":200,"latencyMs":12.771,"msg":"request completed"}
{"level":30,"time":1789777605702,"pid":21053,"hostname":"Glebs-MacBook-Pro.local","reqId":"5881e072-0374-40a7-b9d7-78261ceca26c","event":"request_completed","requestId":"5881e072-0374-40a7-b9d7-78261ceca26c","method":"GET","route":"/api/v1/tournaments/:id","statusCode":200,"latencyMs":32.712,"msg":"request completed"}
{"level":30,"time":1789777605783,"pid":21053,"hostname":"Glebs-MacBook-Pro.local","reqId":"c2fd1d0b-0b20-45b4-a301-e89fda085317","event":"request_completed","requestId":"c2fd1d0b-0b20-45b4-a301-e89fda085317","method":"GET","route":"/api/v1/tournaments/:id","statusCode":200,"latencyMs":35.093,"msg":"request completed"}
{"level":30,"time":1789777605790,"pid":21053,"hostname":"Glebs-MacBook-Pro.local","reqId":"7a4e5867-bcc0-4bd0-9650-b3b23a94e11a","event":"request_completed","requestId":"7a4e5867-bcc0-4bd0-9650-b3b23a94e11a","method":"PATCH","route":"/api/v1/tournaments/:id/bracket","statusCode":200,"latencyMs":46.22,"msg":"request completed"}
{"level":30,"time":1789777605804,"pid":21053,"hostname":"Glebs-MacBook-Pro.local","reqId":"99527bd9-b24f-493d-b931-82c5018b13bb","event":"request_completed","requestId":"99527bd9-b24f-493d-b931-82c5018b13bb","method":"GET","route":"/api/v1/tournaments/:id","statusCode":200,"latencyMs":11.801,"msg":"request completed"}
{"level":30,"time":1789777605922,"pid":21053,"hostname":"Glebs-MacBook-Pro.local","reqId":"04b2fd19-f7fb-4058-ae3b-183437ae18f3","event":"request_completed","requestId":"04b2fd19-f7fb-4058-ae3b-183437ae18f3","method":"GET","route":"/api/v1/tournaments/:id","statusCode":200,"latencyMs":33.207,"msg":"request completed"}
{"level":30,"time":1789777606094,"pid":21053,"hostname":"Glebs-MacBook-Pro.local","reqId":"f8077b06-8fcd-4231-ab41-ccce710d41e0","event":"request_completed","requestId":"f8077b06-8fcd-4231-ab41-ccce710d41e0","method":"GET","route":"/api/v1/tournaments/:id","statusCode":200,"latencyMs":31.884,"msg":"request completed"}
{"level":30,"time":1789777606112,"pid":21053,"hostname":"Glebs-MacBook-Pro.local","reqId":"142cc121-90c9-4a91-a75c-05f6afed4bcc","event":"request_completed","requestId":"142cc121-90c9-4a91-a75c-05f6afed4bcc","method":"GET","route":"/api/v1/tournaments/:id","statusCode":200,"latencyMs":15.021,"msg":"request completed"}
{"level":30,"time":1789777606150,"pid":21053,"hostname":"Glebs-MacBook-Pro.local","reqId":"2a5a1fb3-bb4a-4ee0-aa8c-a806f4db90d2","event":"request_completed","requestId":"2a5a1fb3-bb4a-4ee0-aa8c-a806f4db90d2","method":"POST","route":"/api/v1/tournaments/:id/start","statusCode":200,"latencyMs":92.386,"msg":"request completed"}
{"level":30,"time":1789777606248,"pid":21053,"hostname":"Glebs-MacBook-Pro.local","reqId":"342dccfe-8fc5-41a5-84a6-5252b982a7df","event":"request_completed","requestId":"342dccfe-8fc5-41a5-84a6-5252b982a7df","method":"GET","route":"/api/v1/tournaments/:id","statusCode":200,"latencyMs":31.534,"msg":"request completed"}
{"level":30,"time":1789777606347,"pid":21053,"hostname":"Glebs-MacBook-Pro.local","reqId":"9a891db5-aa24-4147-b1ec-6c34db1e7e49","event":"request_completed","requestId":"9a891db5-aa24-4147-b1ec-6c34db1e7e49","method":"GET","route":"/api/v1/matches/:matchId","statusCode":200,"latencyMs":19.804,"msg":"request completed"}
{"level":30,"time":1789777606386,"pid":21053,"hostname":"Glebs-MacBook-Pro.local","reqId":"10584ecb-e257-450d-a3a8-9c7e39a3ae69","event":"request_completed","requestId":"10584ecb-e257-450d-a3a8-9c7e39a3ae69","method":"POST","route":"/api/v1/matches/:matchId/judge/acquire","statusCode":200,"latencyMs":37.137,"msg":"request completed"}
{"level":30,"time":1789777606398,"pid":21053,"hostname":"Glebs-MacBook-Pro.local","reqId":"7154169c-f1f8-4035-9143-d99c3f4cbee3","event":"request_completed","requestId":"7154169c-f1f8-4035-9143-d99c3f4cbee3","method":"GET","route":"/api/v1/matches/:matchId","statusCode":200,"latencyMs":10.476,"msg":"request completed"}
{"level":30,"time":1789777606414,"pid":21053,"hostname":"Glebs-MacBook-Pro.local","reqId":"bf79ca0c-6c52-4adc-b4e1-662888e6aa68","event":"request_completed","requestId":"bf79ca0c-6c52-4adc-b4e1-662888e6aa68","method":"POST","route":"/api/v1/matches/:matchId/judge/heartbeat","statusCode":200,"latencyMs":11.93,"msg":"request completed"}
{"level":30,"time":1789777606429,"pid":21053,"hostname":"Glebs-MacBook-Pro.local","reqId":"fda3cd57-a49e-4cc6-a861-c18eff3ca395","event":"request_completed","requestId":"fda3cd57-a49e-4cc6-a861-c18eff3ca395","method":"GET","route":"/api/v1/matches/:matchId","statusCode":200,"latencyMs":13.376,"msg":"request completed"}
{"level":30,"time":1789777606451,"pid":21053,"hostname":"Glebs-MacBook-Pro.local","reqId":"5a28aaa9-7330-400e-ab95-19ad4bda3855","event":"request_completed","requestId":"5a28aaa9-7330-400e-ab95-19ad4bda3855","method":"POST","route":"/api/v1/matches/:matchId/judge/release","statusCode":200,"latencyMs":10.221,"msg":"request completed"}
{"level":30,"time":1789777606475,"pid":21053,"hostname":"Glebs-MacBook-Pro.local","reqId":"8e8ddd04-0eb1-463a-b607-f70227c1770f","event":"request_completed","requestId":"8e8ddd04-0eb1-463a-b607-f70227c1770f","method":"GET","route":"/api/v1/notifications","statusCode":200,"latencyMs":17.482,"msg":"request completed"}
{"level":30,"time":1789777606486,"pid":21053,"hostname":"Glebs-MacBook-Pro.local","reqId":"4d18d13e-1d7a-4377-995d-9055f210a7c5","event":"request_completed","requestId":"4d18d13e-1d7a-4377-995d-9055f210a7c5","method":"GET","route":"/api/v1/tournaments/:id","statusCode":200,"latencyMs":28.34,"msg":"request completed"}
{"level":30,"time":1789777606513,"pid":21053,"hostname":"Glebs-MacBook-Pro.local","reqId":"3ff710ec-20a1-4624-8bfd-c23378375af9","event":"request_completed","requestId":"3ff710ec-20a1-4624-8bfd-c23378375af9","method":"GET","route":"/api/v1/tournaments/:id","statusCode":200,"latencyMs":11.841,"msg":"request completed"}
{"level":30,"time":1789777606524,"pid":21053,"hostname":"Glebs-MacBook-Pro.local","reqId":"9df10363-0790-4c99-b333-5d529afd11d6","event":"request_completed","requestId":"9df10363-0790-4c99-b333-5d529afd11d6","method":"GET","route":"/api/v1/matches/:matchId","statusCode":200,"latencyMs":8.143,"msg":"request completed"}
{"level":30,"time":1789777606548,"pid":21053,"hostname":"Glebs-MacBook-Pro.local","reqId":"a344fc12-c2ff-40b6-9bfd-96f84f2a9b0a","event":"request_completed","requestId":"a344fc12-c2ff-40b6-9bfd-96f84f2a9b0a","method":"POST","route":"/api/v1/matches/:matchId/judge/acquire","statusCode":200,"latencyMs":21.528,"msg":"request completed"}
{"level":30,"time":1789777606581,"pid":21053,"hostname":"Glebs-MacBook-Pro.local","reqId":"0f3a2a3f-3fef-4691-b985-01332a4c74a4","event":"request_completed","requestId":"0f3a2a3f-3fef-4691-b985-01332a4c74a4","method":"POST","route":"/api/v1/matches/:matchId/start","statusCode":200,"latencyMs":28.401,"msg":"request completed"}
{"level":30,"time":1789777606606,"pid":21053,"hostname":"Glebs-MacBook-Pro.local","reqId":"6b32c9be-215d-4cf2-ba12-ba15fcbb4b05","event":"request_completed","requestId":"6b32c9be-215d-4cf2-ba12-ba15fcbb4b05","method":"POST","route":"/api/v1/matches/:matchId/points","statusCode":200,"latencyMs":21.047,"msg":"request completed"}
{"level":30,"time":1789777606648,"pid":21053,"hostname":"Glebs-MacBook-Pro.local","reqId":"69364d76-7715-45d1-8d04-c3ea44a04a8c","event":"request_completed","requestId":"69364d76-7715-45d1-8d04-c3ea44a04a8c","method":"POST","route":"/api/v1/matches/:matchId/confirm-finish","statusCode":200,"latencyMs":38.105,"msg":"request completed"}
{"level":30,"time":1789777606664,"pid":21053,"hostname":"Glebs-MacBook-Pro.local","reqId":"255a1f67-aeab-4ba6-b76d-22e990fb1a66","event":"request_completed","requestId":"255a1f67-aeab-4ba6-b76d-22e990fb1a66","method":"GET","route":"/api/v1/tournaments/:id","statusCode":200,"latencyMs":12.707,"msg":"request completed"}
{"level":30,"time":1789777606675,"pid":21053,"hostname":"Glebs-MacBook-Pro.local","reqId":"fdd4c856-8c30-4dec-a466-92d29ea7e194","event":"request_completed","requestId":"fdd4c856-8c30-4dec-a466-92d29ea7e194","method":"GET","route":"/api/v1/matches/:matchId","statusCode":200,"latencyMs":8.332,"msg":"request completed"}
{"level":30,"time":1789777606699,"pid":21053,"hostname":"Glebs-MacBook-Pro.local","reqId":"6aa31999-c27e-4a5d-a1c7-c79b5da2bb2b","event":"request_completed","requestId":"6aa31999-c27e-4a5d-a1c7-c79b5da2bb2b","method":"POST","route":"/api/v1/matches/:matchId/judge/acquire","statusCode":200,"latencyMs":20.587,"msg":"request completed"}
{"level":30,"time":1789777606731,"pid":21053,"hostname":"Glebs-MacBook-Pro.local","reqId":"a70d26af-fd0e-45c8-a376-49f4895748b5","event":"request_completed","requestId":"a70d26af-fd0e-45c8-a376-49f4895748b5","method":"POST","route":"/api/v1/matches/:matchId/start","statusCode":200,"latencyMs":28.777,"msg":"request completed"}
{"level":30,"time":1789777606755,"pid":21053,"hostname":"Glebs-MacBook-Pro.local","reqId":"91528a4d-6333-4e16-bc1a-119e4ce0ca1c","event":"request_completed","requestId":"91528a4d-6333-4e16-bc1a-119e4ce0ca1c","method":"POST","route":"/api/v1/matches/:matchId/points","statusCode":200,"latencyMs":20.559,"msg":"request completed"}
{"level":30,"time":1789777606807,"pid":21053,"hostname":"Glebs-MacBook-Pro.local","reqId":"2cf68ef9-cbde-4718-a8de-92d2756e5742","event":"request_completed","requestId":"2cf68ef9-cbde-4718-a8de-92d2756e5742","method":"POST","route":"/api/v1/matches/:matchId/confirm-finish","statusCode":200,"latencyMs":47.573,"msg":"request completed"}
{"level":30,"time":1789777606823,"pid":21053,"hostname":"Glebs-MacBook-Pro.local","reqId":"610e21a3-f06c-42d9-aa8e-a0789e19b3d1","event":"request_completed","requestId":"610e21a3-f06c-42d9-aa8e-a0789e19b3d1","method":"GET","route":"/api/v1/tournaments/:id","statusCode":200,"latencyMs":12.675,"msg":"request completed"}
{"level":30,"time":1789777606834,"pid":21053,"hostname":"Glebs-MacBook-Pro.local","reqId":"df45817f-5400-42bc-8031-c9da47217d6d","event":"request_completed","requestId":"df45817f-5400-42bc-8031-c9da47217d6d","method":"GET","route":"/api/v1/matches/:matchId","statusCode":200,"latencyMs":8.323,"msg":"request completed"}
{"level":30,"time":1789777606856,"pid":21053,"hostname":"Glebs-MacBook-Pro.local","reqId":"231ba81b-befd-49b0-b63e-9d08874cbf03","event":"request_completed","requestId":"231ba81b-befd-49b0-b63e-9d08874cbf03","method":"POST","route":"/api/v1/matches/:matchId/judge/acquire","statusCode":200,"latencyMs":19.738,"msg":"request completed"}
{"level":30,"time":1789777606889,"pid":21053,"hostname":"Glebs-MacBook-Pro.local","reqId":"e852ed09-0fe1-4a6f-8e78-9569ac4fd53f","event":"request_completed","requestId":"e852ed09-0fe1-4a6f-8e78-9569ac4fd53f","method":"POST","route":"/api/v1/matches/:matchId/start","statusCode":200,"latencyMs":28.82,"msg":"request completed"}
{"level":30,"time":1789777606917,"pid":21053,"hostname":"Glebs-MacBook-Pro.local","reqId":"a2ace5d2-9a42-40f7-85f3-4847558937db","event":"request_completed","requestId":"a2ace5d2-9a42-40f7-85f3-4847558937db","method":"POST","route":"/api/v1/matches/:matchId/points","statusCode":200,"latencyMs":24.268,"msg":"request completed"}
{"level":30,"time":1789777606959,"pid":21053,"hostname":"Glebs-MacBook-Pro.local","reqId":"88642df3-790c-4d2c-a4fa-43914bb567ff","event":"request_completed","requestId":"88642df3-790c-4d2c-a4fa-43914bb567ff","method":"POST","route":"/api/v1/matches/:matchId/confirm-finish","statusCode":200,"latencyMs":37.548,"msg":"request completed"}
{"level":30,"time":1789777606975,"pid":21053,"hostname":"Glebs-MacBook-Pro.local","reqId":"eeda15ba-3660-410d-913a-80979e5621d2","event":"request_completed","requestId":"eeda15ba-3660-410d-913a-80979e5621d2","method":"GET","route":"/api/v1/tournaments/:id","statusCode":200,"latencyMs":11.937,"msg":"request completed"}
{"level":30,"time":1789777606987,"pid":21053,"hostname":"Glebs-MacBook-Pro.local","reqId":"dd8c85a6-79ee-449c-b589-a8570f1b23b5","event":"request_completed","requestId":"dd8c85a6-79ee-449c-b589-a8570f1b23b5","method":"GET","route":"/api/v1/matches/:matchId","statusCode":200,"latencyMs":9.356,"msg":"request completed"}
{"level":30,"time":1789777607012,"pid":21053,"hostname":"Glebs-MacBook-Pro.local","reqId":"7506b40b-ef23-457a-bfe7-4dd0e60dc4f8","event":"request_completed","requestId":"7506b40b-ef23-457a-bfe7-4dd0e60dc4f8","method":"POST","route":"/api/v1/matches/:matchId/judge/acquire","statusCode":200,"latencyMs":20.215,"msg":"request completed"}
{"level":30,"time":1789777607051,"pid":21053,"hostname":"Glebs-MacBook-Pro.local","reqId":"a85b96a4-5107-4949-bab3-9042f740eda7","event":"request_completed","requestId":"a85b96a4-5107-4949-bab3-9042f740eda7","method":"POST","route":"/api/v1/matches/:matchId/start","statusCode":200,"latencyMs":35.408,"msg":"request completed"}
{"level":30,"time":1789777607076,"pid":21053,"hostname":"Glebs-MacBook-Pro.local","reqId":"9959980b-ef7b-47d2-a768-b87048077ad2","event":"request_completed","requestId":"9959980b-ef7b-47d2-a768-b87048077ad2","method":"POST","route":"/api/v1/matches/:matchId/points","statusCode":200,"latencyMs":21.154,"msg":"request completed"}
{"level":30,"time":1789777607134,"pid":21053,"hostname":"Glebs-MacBook-Pro.local","reqId":"759f2062-ab13-452b-9fa4-3a47af3543de","event":"request_completed","requestId":"759f2062-ab13-452b-9fa4-3a47af3543de","method":"POST","route":"/api/v1/matches/:matchId/confirm-finish","statusCode":200,"latencyMs":54.089,"msg":"request completed"}
{"level":30,"time":1789777607153,"pid":21053,"hostname":"Glebs-MacBook-Pro.local","reqId":"7f7a08e6-48a0-4298-bde7-c90a5efb26b4","event":"request_completed","requestId":"7f7a08e6-48a0-4298-bde7-c90a5efb26b4","method":"GET","route":"/api/v1/tournaments/:id","statusCode":200,"latencyMs":14.895,"msg":"request completed"}
{"level":30,"time":1789777607165,"pid":21053,"hostname":"Glebs-MacBook-Pro.local","reqId":"5bec8903-9f03-4314-9b51-33ac310783d5","event":"request_completed","requestId":"5bec8903-9f03-4314-9b51-33ac310783d5","method":"GET","route":"/api/v1/matches/:matchId","statusCode":200,"latencyMs":8.952,"msg":"request completed"}
{"level":30,"time":1789777607189,"pid":21053,"hostname":"Glebs-MacBook-Pro.local","reqId":"2e31802c-d574-465f-a11d-e2f07fdb590d","event":"request_completed","requestId":"2e31802c-d574-465f-a11d-e2f07fdb590d","method":"POST","route":"/api/v1/matches/:matchId/judge/acquire","statusCode":200,"latencyMs":21.103,"msg":"request completed"}
{"level":30,"time":1789777607221,"pid":21053,"hostname":"Glebs-MacBook-Pro.local","reqId":"948de97a-2eca-457b-8637-16418ace7e80","event":"request_completed","requestId":"948de97a-2eca-457b-8637-16418ace7e80","method":"POST","route":"/api/v1/matches/:matchId/start","statusCode":200,"latencyMs":28.262,"msg":"request completed"}
{"level":30,"time":1789777607245,"pid":21053,"hostname":"Glebs-MacBook-Pro.local","reqId":"f832a552-23f5-458b-9cd5-87cf7cebcde3","event":"request_completed","requestId":"f832a552-23f5-458b-9cd5-87cf7cebcde3","method":"POST","route":"/api/v1/matches/:matchId/points","statusCode":200,"latencyMs":20.419,"msg":"request completed"}
{"level":30,"time":1789777607290,"pid":21053,"hostname":"Glebs-MacBook-Pro.local","reqId":"d30ed9c1-c9b6-4f48-bc50-c1d016f572c1","event":"request_completed","requestId":"d30ed9c1-c9b6-4f48-bc50-c1d016f572c1","method":"POST","route":"/api/v1/matches/:matchId/confirm-finish","statusCode":200,"latencyMs":40.229,"msg":"request completed"}
{"level":30,"time":1789777607305,"pid":21053,"hostname":"Glebs-MacBook-Pro.local","reqId":"a022370c-fb97-4899-9f1e-40dd1c6ac1d7","event":"request_completed","requestId":"a022370c-fb97-4899-9f1e-40dd1c6ac1d7","method":"GET","route":"/api/v1/tournaments/:id","statusCode":200,"latencyMs":11.704,"msg":"request completed"}
{"level":30,"time":1789777607316,"pid":21053,"hostname":"Glebs-MacBook-Pro.local","reqId":"ee9d7eb6-8b51-4ac6-8e74-c045f6116ed8","event":"request_completed","requestId":"ee9d7eb6-8b51-4ac6-8e74-c045f6116ed8","method":"GET","route":"/api/v1/matches/:matchId","statusCode":200,"latencyMs":8.438,"msg":"request completed"}
{"level":30,"time":1789777607338,"pid":21053,"hostname":"Glebs-MacBook-Pro.local","reqId":"552669bd-8ded-4170-87a1-f9ea0e1483d5","event":"request_completed","requestId":"552669bd-8ded-4170-87a1-f9ea0e1483d5","method":"POST","route":"/api/v1/matches/:matchId/judge/acquire","statusCode":200,"latencyMs":18.872,"msg":"request completed"}
{"level":30,"time":1789777607370,"pid":21053,"hostname":"Glebs-MacBook-Pro.local","reqId":"851b05e0-7e07-4c28-bfa3-27b060f8b421","event":"request_completed","requestId":"851b05e0-7e07-4c28-bfa3-27b060f8b421","method":"POST","route":"/api/v1/matches/:matchId/start","statusCode":200,"latencyMs":28.713,"msg":"request completed"}
{"level":30,"time":1789777607392,"pid":21053,"hostname":"Glebs-MacBook-Pro.local","reqId":"2cd2ec2e-692d-44c7-a491-3ba3e9ee4160","event":"request_completed","requestId":"2cd2ec2e-692d-44c7-a491-3ba3e9ee4160","method":"POST","route":"/api/v1/matches/:matchId/points","statusCode":200,"latencyMs":18.497,"msg":"request completed"}
{"level":30,"time":1789777607455,"pid":21053,"hostname":"Glebs-MacBook-Pro.local","reqId":"07390f95-b897-4fa6-8ce1-3387fc7299e1","event":"request_completed","requestId":"07390f95-b897-4fa6-8ce1-3387fc7299e1","method":"POST","route":"/api/v1/matches/:matchId/confirm-finish","statusCode":200,"latencyMs":59.029,"msg":"request completed"}
{"level":30,"time":1789777607472,"pid":21053,"hostname":"Glebs-MacBook-Pro.local","reqId":"6a85bafd-69f4-45b4-bb90-409a073643ff","event":"request_completed","requestId":"6a85bafd-69f4-45b4-bb90-409a073643ff","method":"GET","route":"/api/v1/tournaments/:id","statusCode":200,"latencyMs":13.689,"msg":"request completed"}
{"level":30,"time":1789777607484,"pid":21053,"hostname":"Glebs-MacBook-Pro.local","reqId":"9dd20816-e63d-4346-93ff-6f04dfa466b5","event":"request_completed","requestId":"9dd20816-e63d-4346-93ff-6f04dfa466b5","method":"GET","route":"/api/v1/matches/:matchId","statusCode":200,"latencyMs":8.586,"msg":"request completed"}
{"level":30,"time":1789777607512,"pid":21053,"hostname":"Glebs-MacBook-Pro.local","reqId":"edfa51c4-e9ec-4dc3-b9c8-91f13a4e046e","event":"request_completed","requestId":"edfa51c4-e9ec-4dc3-b9c8-91f13a4e046e","method":"POST","route":"/api/v1/matches/:matchId/judge/acquire","statusCode":200,"latencyMs":24.339,"msg":"request completed"}
{"level":30,"time":1789777607543,"pid":21053,"hostname":"Glebs-MacBook-Pro.local","reqId":"efe8689e-4ae3-4898-9e78-405b009e38d5","event":"request_completed","requestId":"efe8689e-4ae3-4898-9e78-405b009e38d5","method":"POST","route":"/api/v1/matches/:matchId/start","statusCode":200,"latencyMs":27.798,"msg":"request completed"}
{"level":30,"time":1789777607570,"pid":21053,"hostname":"Glebs-MacBook-Pro.local","reqId":"390e46a9-76cb-4bce-9a5e-dc516189b6cf","event":"request_completed","requestId":"390e46a9-76cb-4bce-9a5e-dc516189b6cf","method":"POST","route":"/api/v1/matches/:matchId/points","statusCode":200,"latencyMs":22.799,"msg":"request completed"}
{"level":30,"time":1789777607612,"pid":21053,"hostname":"Glebs-MacBook-Pro.local","reqId":"070d187e-033a-4a9b-9c95-be949b0f3844","event":"request_completed","requestId":"070d187e-033a-4a9b-9c95-be949b0f3844","method":"POST","route":"/api/v1/matches/:matchId/confirm-finish","statusCode":200,"latencyMs":38.661,"msg":"request completed"}
{"level":30,"time":1789777607629,"pid":21053,"hostname":"Glebs-MacBook-Pro.local","reqId":"bd2c70aa-0acc-4e46-8536-2e350c9744a8","event":"request_completed","requestId":"bd2c70aa-0acc-4e46-8536-2e350c9744a8","method":"GET","route":"/api/v1/tournaments/:id","statusCode":200,"latencyMs":13.546,"msg":"request completed"}
{"level":30,"time":1789777607641,"pid":21053,"hostname":"Glebs-MacBook-Pro.local","reqId":"95f6f809-c64e-4134-80dc-cf419dfab386","event":"request_completed","requestId":"95f6f809-c64e-4134-80dc-cf419dfab386","method":"GET","route":"/api/v1/matches/:matchId","statusCode":200,"latencyMs":8.468,"msg":"request completed"}
{"level":30,"time":1789777607666,"pid":21053,"hostname":"Glebs-MacBook-Pro.local","reqId":"055de317-5f95-4f83-88d4-bed384047031","event":"request_completed","requestId":"055de317-5f95-4f83-88d4-bed384047031","method":"POST","route":"/api/v1/matches/:matchId/judge/acquire","statusCode":200,"latencyMs":21.86,"msg":"request completed"}
{"level":30,"time":1789777607696,"pid":21053,"hostname":"Glebs-MacBook-Pro.local","reqId":"bd65713f-d46b-4171-a44f-65810ec0c15f","event":"request_completed","requestId":"bd65713f-d46b-4171-a44f-65810ec0c15f","method":"POST","route":"/api/v1/matches/:matchId/start","statusCode":200,"latencyMs":26.811,"msg":"request completed"}
{"level":30,"time":1789777607720,"pid":21053,"hostname":"Glebs-MacBook-Pro.local","reqId":"784d1ac8-756b-43db-9ef8-c4c694256fcf","event":"request_completed","requestId":"784d1ac8-756b-43db-9ef8-c4c694256fcf","method":"POST","route":"/api/v1/matches/:matchId/points","statusCode":200,"latencyMs":19.399,"msg":"request completed"}
{"level":30,"time":1789777607763,"pid":21053,"hostname":"Glebs-MacBook-Pro.local","reqId":"232c19ab-ed3f-4bca-8966-ae8b6a9b7bdb","event":"request_completed","requestId":"232c19ab-ed3f-4bca-8966-ae8b6a9b7bdb","method":"POST","route":"/api/v1/matches/:matchId/confirm-finish","statusCode":200,"latencyMs":39.527,"msg":"request completed"}
{"level":30,"time":1789777607777,"pid":21053,"hostname":"Glebs-MacBook-Pro.local","reqId":"81ebdbc7-e7fd-4a45-acfe-afd14fab7868","event":"request_completed","requestId":"81ebdbc7-e7fd-4a45-acfe-afd14fab7868","method":"GET","route":"/api/v1/tournaments/:id","statusCode":200,"latencyMs":10.312,"msg":"request completed"}
{"level":30,"time":1789777607789,"pid":21053,"hostname":"Glebs-MacBook-Pro.local","reqId":"d38e0e7a-e868-4057-a6fd-957b5fb77553","event":"request_completed","requestId":"d38e0e7a-e868-4057-a6fd-957b5fb77553","method":"GET","route":"/api/v1/tournaments/:id","statusCode":200,"latencyMs":9.574,"msg":"request completed"}
{"level":30,"time":1789777607811,"pid":21053,"hostname":"Glebs-MacBook-Pro.local","reqId":"f9edf5c4-dbb1-4f33-a6b5-e1e5c8d84c08","event":"request_completed","requestId":"f9edf5c4-dbb1-4f33-a6b5-e1e5c8d84c08","method":"GET","route":"/api/v1/auth/me","statusCode":200,"latencyMs":5.799,"msg":"request completed"}
{"level":30,"time":1789777607828,"pid":21053,"hostname":"Glebs-MacBook-Pro.local","reqId":"2524578d-20a1-4da7-a9f9-9dc63a17bf9b","event":"request_completed","requestId":"2524578d-20a1-4da7-a9f9-9dc63a17bf9b","method":"GET","route":"/api/v1/notifications","statusCode":200,"latencyMs":13.947,"msg":"request completed"}
{"level":30,"time":1789777607830,"pid":21053,"hostname":"Glebs-MacBook-Pro.local","reqId":"d13ad929-3247-4a9d-8350-37534d8369d0","event":"request_completed","requestId":"d13ad929-3247-4a9d-8350-37534d8369d0","method":"GET","route":"/api/v1/tournaments/:id","statusCode":200,"latencyMs":14.936,"msg":"request completed"}
  ✓  18 [chromium-desktop] › tests/e2e/wave-d-tournaments.spec.ts:19:7 › Wave D tournament single_elimination/8 roster, seed edit, complete and results (3.7s)
{"level":30,"time":1789777608112,"pid":21053,"hostname":"Glebs-MacBook-Pro.local","reqId":"b64d4bb6-4c39-4173-8350-a1b55f9e72f2","event":"request_completed","requestId":"b64d4bb6-4c39-4173-8350-a1b55f9e72f2","method":"GET","route":"/health","statusCode":200,"latencyMs":0.374,"msg":"request completed"}
{"level":30,"time":1789777608147,"pid":21053,"hostname":"Glebs-MacBook-Pro.local","reqId":"7e79e8e1-0530-4b0e-a615-150e6bf64d68","event":"request_completed","requestId":"7e79e8e1-0530-4b0e-a615-150e6bf64d68","method":"POST","route":"/api/v1/auth/login","statusCode":200,"latencyMs":29.043,"msg":"request completed"}
{"level":30,"time":1789777608163,"pid":21053,"hostname":"Glebs-MacBook-Pro.local","reqId":"ad1254cf-89cc-48db-bd38-8777667bc926","event":"request_completed","requestId":"ad1254cf-89cc-48db-bd38-8777667bc926","method":"PATCH","route":"/api/v1/me/onboarding","statusCode":200,"latencyMs":11.991,"msg":"request completed"}
{"level":30,"time":1789777608429,"pid":21053,"hostname":"Glebs-MacBook-Pro.local","reqId":"35ac1769-235f-4115-a9b8-519380dc9fff","event":"request_completed","requestId":"35ac1769-235f-4115-a9b8-519380dc9fff","method":"GET","route":"/api/v1/auth/me","statusCode":401,"latencyMs":0.195,"msg":"request completed"}
{"level":30,"time":1789777608600,"pid":21053,"hostname":"Glebs-MacBook-Pro.local","reqId":"82fa6c19-41b2-4705-a425-9448c89417b5","event":"request_completed","requestId":"82fa6c19-41b2-4705-a425-9448c89417b5","method":"POST","route":"/api/v1/auth/login","statusCode":200,"latencyMs":21.675,"msg":"request completed"}
{"level":30,"time":1789777608607,"pid":21053,"hostname":"Glebs-MacBook-Pro.local","reqId":"16807ac7-140e-473b-9454-e51a9fbf27a1","event":"request_completed","requestId":"16807ac7-140e-473b-9454-e51a9fbf27a1","method":"GET","route":"/api/v1/auth/me","statusCode":200,"latencyMs":5.196,"msg":"request completed"}
{"level":30,"time":1789777608623,"pid":21053,"hostname":"Glebs-MacBook-Pro.local","reqId":"60d30e19-1254-4976-b551-5c0bf38cc66c","event":"request_completed","requestId":"60d30e19-1254-4976-b551-5c0bf38cc66c","method":"GET","route":"/api/v1/notifications","statusCode":200,"latencyMs":19.081,"msg":"request completed"}
{"level":30,"time":1789777608640,"pid":21053,"hostname":"Glebs-MacBook-Pro.local","reqId":"d9677214-81e3-42c4-80cc-69381effd59f","event":"request_completed","requestId":"d9677214-81e3-42c4-80cc-69381effd59f","method":"GET","route":"/api/v1/auth/me","statusCode":200,"latencyMs":5.877,"msg":"request completed"}
{"level":30,"time":1789777608658,"pid":21053,"hostname":"Glebs-MacBook-Pro.local","reqId":"f35282df-536c-4d82-b399-e7cf75a4fbd4","event":"request_completed","requestId":"f35282df-536c-4d82-b399-e7cf75a4fbd4","method":"GET","route":"/api/v1/notifications","statusCode":200,"latencyMs":12.184,"msg":"request completed"}
{"level":30,"time":1789777608661,"pid":21053,"hostname":"Glebs-MacBook-Pro.local","reqId":"66abfebf-65ee-4b96-917e-d3e9717aa6d3","event":"request_completed","requestId":"66abfebf-65ee-4b96-917e-d3e9717aa6d3","method":"GET","route":"/api/v1/home","statusCode":200,"latencyMs":52.668,"msg":"request completed"}
{"level":30,"time":1789777608735,"pid":21053,"hostname":"Glebs-MacBook-Pro.local","reqId":"c2231464-8abc-4e09-8f36-fe6ac0e85151","event":"request_completed","requestId":"c2231464-8abc-4e09-8f36-fe6ac0e85151","method":"POST","route":"/api/v1/tournaments","statusCode":200,"latencyMs":13.835,"msg":"request completed"}
{"level":30,"time":1789777608753,"pid":21053,"hostname":"Glebs-MacBook-Pro.local","reqId":"7dae414b-2ffb-4c6b-8286-8d81f0490a2f","event":"request_completed","requestId":"7dae414b-2ffb-4c6b-8286-8d81f0490a2f","method":"GET","route":"/api/v1/tournaments/:id","statusCode":200,"latencyMs":13.464,"msg":"request completed"}
{"level":30,"time":1789777608762,"pid":21053,"hostname":"Glebs-MacBook-Pro.local","reqId":"572d603f-81da-4aaa-b840-aa43cf0fbe0f","event":"request_completed","requestId":"572d603f-81da-4aaa-b840-aa43cf0fbe0f","method":"GET","route":"/api/v1/users/directory","statusCode":200,"latencyMs":4.652,"msg":"request completed"}
{"level":30,"time":1789777608866,"pid":21053,"hostname":"Glebs-MacBook-Pro.local","reqId":"85519856-e9f1-45ce-a916-07fff8da1f3b","event":"request_completed","requestId":"85519856-e9f1-45ce-a916-07fff8da1f3b","method":"POST","route":"/api/v1/tournaments/:id/participants","statusCode":200,"latencyMs":61.341,"msg":"request completed"}
{"level":30,"time":1789777608936,"pid":21053,"hostname":"Glebs-MacBook-Pro.local","reqId":"47cef442-4048-4174-a7cd-d29edc6e724c","event":"request_completed","requestId":"47cef442-4048-4174-a7cd-d29edc6e724c","method":"POST","route":"/api/v1/tournaments/:id/participants","statusCode":200,"latencyMs":45.917,"msg":"request completed"}
{"level":30,"time":1789777608957,"pid":21053,"hostname":"Glebs-MacBook-Pro.local","reqId":"94f56502-3315-48d5-a0e0-322642a7584b","event":"request_completed","requestId":"94f56502-3315-48d5-a0e0-322642a7584b","method":"PATCH","route":"/api/v1/tournaments/:id","statusCode":200,"latencyMs":16.77,"msg":"request completed"}
{"level":30,"time":1789777608976,"pid":21053,"hostname":"Glebs-MacBook-Pro.local","reqId":"94255b9a-9954-4b00-990c-17d7169e5f85","event":"request_completed","requestId":"94255b9a-9954-4b00-990c-17d7169e5f85","method":"GET","route":"/api/v1/auth/me","statusCode":200,"latencyMs":4.624,"msg":"request completed"}
{"level":30,"time":1789777608990,"pid":21053,"hostname":"Glebs-MacBook-Pro.local","reqId":"0658007f-8973-4fb4-8cb2-5dce2c6dfbef","event":"request_completed","requestId":"0658007f-8973-4fb4-8cb2-5dce2c6dfbef","method":"GET","route":"/api/v1/notifications","statusCode":200,"latencyMs":11.11,"msg":"request completed"}
{"level":30,"time":1789777608994,"pid":21053,"hostname":"Glebs-MacBook-Pro.local","reqId":"e019c27d-d0cf-4b53-80e8-bb002c3f3da4","event":"request_completed","requestId":"e019c27d-d0cf-4b53-80e8-bb002c3f3da4","method":"GET","route":"/api/v1/tournaments/:id","statusCode":200,"latencyMs":14.401,"msg":"request completed"}
{"level":30,"time":1789777609001,"pid":21053,"hostname":"Glebs-MacBook-Pro.local","reqId":"dab852b3-b732-4ad0-b9db-b0460c706ce9","event":"request_completed","requestId":"dab852b3-b732-4ad0-b9db-b0460c706ce9","method":"GET","route":"/api/v1/users/directory","statusCode":200,"latencyMs":4.468,"msg":"request completed"}
{"level":30,"time":1789777609116,"pid":21053,"hostname":"Glebs-MacBook-Pro.local","reqId":"ba514cf9-52d4-4313-83f2-d86bbb4c897b","event":"request_completed","requestId":"ba514cf9-52d4-4313-83f2-d86bbb4c897b","method":"POST","route":"/api/v1/tournaments/:id/bracket","statusCode":200,"latencyMs":45.979,"msg":"request completed"}
{"level":30,"time":1789777609144,"pid":21053,"hostname":"Glebs-MacBook-Pro.local","reqId":"51b8703e-8935-4505-b124-1fff83885410","event":"request_completed","requestId":"51b8703e-8935-4505-b124-1fff83885410","method":"GET","route":"/api/v1/tournaments/:id","statusCode":200,"latencyMs":25.913,"msg":"request completed"}
{"level":30,"time":1789777609218,"pid":21053,"hostname":"Glebs-MacBook-Pro.local","reqId":"939f82f8-08d8-4ee3-a6bb-1b8aeb4fb725","event":"request_completed","requestId":"939f82f8-08d8-4ee3-a6bb-1b8aeb4fb725","method":"GET","route":"/api/v1/tournaments/:id","statusCode":200,"latencyMs":34.111,"msg":"request completed"}
{"level":30,"time":1789777609290,"pid":21053,"hostname":"Glebs-MacBook-Pro.local","reqId":"c1271530-9fba-42c9-912c-70c505ca9533","event":"request_completed","requestId":"c1271530-9fba-42c9-912c-70c505ca9533","method":"GET","route":"/api/v1/tournaments/:id","statusCode":200,"latencyMs":30.533,"msg":"request completed"}
{"level":30,"time":1789777609293,"pid":21053,"hostname":"Glebs-MacBook-Pro.local","reqId":"98eacceb-111e-47ac-b35d-7c15a2f069fb","event":"request_completed","requestId":"98eacceb-111e-47ac-b35d-7c15a2f069fb","method":"PATCH","route":"/api/v1/tournaments/:id/bracket","statusCode":200,"latencyMs":37.039,"msg":"request completed"}
{"level":30,"time":1789777609309,"pid":21053,"hostname":"Glebs-MacBook-Pro.local","reqId":"edaf9669-b6b1-41e6-b560-ad1afabf6d5e","event":"request_completed","requestId":"edaf9669-b6b1-41e6-b560-ad1afabf6d5e","method":"GET","route":"/api/v1/tournaments/:id","statusCode":200,"latencyMs":13.804,"msg":"request completed"}
{"level":30,"time":1789777609433,"pid":21053,"hostname":"Glebs-MacBook-Pro.local","reqId":"9ffedf61-a335-45aa-9be5-84c4a1e11ba6","event":"request_completed","requestId":"9ffedf61-a335-45aa-9be5-84c4a1e11ba6","method":"GET","route":"/api/v1/tournaments/:id","statusCode":200,"latencyMs":36.244,"msg":"request completed"}
{"level":30,"time":1789777609584,"pid":21053,"hostname":"Glebs-MacBook-Pro.local","reqId":"d295764e-237e-4d04-b587-0d2e5105994b","event":"request_completed","requestId":"d295764e-237e-4d04-b587-0d2e5105994b","method":"GET","route":"/api/v1/tournaments/:id","statusCode":200,"latencyMs":26.606,"msg":"request completed"}
{"level":30,"time":1789777609599,"pid":21053,"hostname":"Glebs-MacBook-Pro.local","reqId":"457c0607-19a9-4da4-96d2-4eab7c952a37","event":"request_completed","requestId":"457c0607-19a9-4da4-96d2-4eab7c952a37","method":"GET","route":"/api/v1/tournaments/:id","statusCode":200,"latencyMs":11.762,"msg":"request completed"}
{"level":30,"time":1789777609602,"pid":21053,"hostname":"Glebs-MacBook-Pro.local","reqId":"a686705a-b57d-4b34-8fe8-e09d01d36d7a","event":"request_completed","requestId":"a686705a-b57d-4b34-8fe8-e09d01d36d7a","method":"POST","route":"/api/v1/tournaments/:id/start","statusCode":200,"latencyMs":47.842,"msg":"request completed"}
{"level":30,"time":1789777609743,"pid":21053,"hostname":"Glebs-MacBook-Pro.local","reqId":"b0d055be-9376-4d08-9163-87f2700b258a","event":"request_completed","requestId":"b0d055be-9376-4d08-9163-87f2700b258a","method":"GET","route":"/api/v1/tournaments/:id","statusCode":200,"latencyMs":37.811,"msg":"request completed"}
{"level":30,"time":1789777609779,"pid":21053,"hostname":"Glebs-MacBook-Pro.local","reqId":"9712fe9f-07ad-47d7-b5bc-2510d1965661","event":"request_completed","requestId":"9712fe9f-07ad-47d7-b5bc-2510d1965661","method":"GET","route":"/api/v1/tournaments/:id","statusCode":200,"latencyMs":32.415,"msg":"request completed"}
{"level":30,"time":1789777609802,"pid":21053,"hostname":"Glebs-MacBook-Pro.local","reqId":"aae06298-de84-4404-8d3c-74e3f7578f5e","event":"request_completed","requestId":"aae06298-de84-4404-8d3c-74e3f7578f5e","method":"GET","route":"/api/v1/matches/:matchId","statusCode":200,"latencyMs":19.617,"msg":"request completed"}
{"level":30,"time":1789777609837,"pid":21053,"hostname":"Glebs-MacBook-Pro.local","reqId":"744cfbc9-1e5e-45bc-9c4b-12bd02e4d876","event":"request_completed","requestId":"744cfbc9-1e5e-45bc-9c4b-12bd02e4d876","method":"POST","route":"/api/v1/matches/:matchId/judge/acquire","statusCode":200,"latencyMs":32.312,"msg":"request completed"}
{"level":30,"time":1789777609874,"pid":21053,"hostname":"Glebs-MacBook-Pro.local","reqId":"2680f195-f40a-4fd7-a16a-60cd0ede5923","event":"request_completed","requestId":"2680f195-f40a-4fd7-a16a-60cd0ede5923","method":"POST","route":"/api/v1/matches/:matchId/start","statusCode":200,"latencyMs":32.639,"msg":"request completed"}
{"level":30,"time":1789777609911,"pid":21053,"hostname":"Glebs-MacBook-Pro.local","reqId":"4ef7115a-d2ef-4e3b-a5ac-2c79ff877b2a","event":"request_completed","requestId":"4ef7115a-d2ef-4e3b-a5ac-2c79ff877b2a","method":"POST","route":"/api/v1/matches/:matchId/points","statusCode":200,"latencyMs":32.068,"msg":"request completed"}
{"level":30,"time":1789777609974,"pid":21053,"hostname":"Glebs-MacBook-Pro.local","reqId":"a8bee80e-3461-42e6-95d4-ceabcbad280a","event":"request_completed","requestId":"a8bee80e-3461-42e6-95d4-ceabcbad280a","method":"POST","route":"/api/v1/matches/:matchId/confirm-finish","statusCode":200,"latencyMs":58.812,"msg":"request completed"}
{"level":30,"time":1789777609993,"pid":21053,"hostname":"Glebs-MacBook-Pro.local","reqId":"82e16eb6-156b-49a8-ab6c-07fdcad767f1","event":"request_completed","requestId":"82e16eb6-156b-49a8-ab6c-07fdcad767f1","method":"GET","route":"/api/v1/tournaments/:id","statusCode":200,"latencyMs":15.478,"msg":"request completed"}
{"level":30,"time":1789777610017,"pid":21053,"hostname":"Glebs-MacBook-Pro.local","reqId":"e529d4b4-e13d-4ede-878e-0d5d6d8bdf73","event":"request_completed","requestId":"e529d4b4-e13d-4ede-878e-0d5d6d8bdf73","method":"GET","route":"/api/v1/matches/:matchId","statusCode":200,"latencyMs":19.838,"msg":"request completed"}
{"level":30,"time":1789777610044,"pid":21053,"hostname":"Glebs-MacBook-Pro.local","reqId":"58fcf5a4-2170-43aa-8f7a-354f4fb26d4d","event":"request_completed","requestId":"58fcf5a4-2170-43aa-8f7a-354f4fb26d4d","method":"POST","route":"/api/v1/matches/:matchId/judge/acquire","statusCode":200,"latencyMs":23.622,"msg":"request completed"}
{"level":30,"time":1789777610079,"pid":21053,"hostname":"Glebs-MacBook-Pro.local","reqId":"9ab9cac8-4a91-4e0d-b58a-5c7389097c11","event":"request_completed","requestId":"9ab9cac8-4a91-4e0d-b58a-5c7389097c11","method":"POST","route":"/api/v1/matches/:matchId/start","statusCode":200,"latencyMs":32.378,"msg":"request completed"}
{"level":30,"time":1789777610108,"pid":21053,"hostname":"Glebs-MacBook-Pro.local","reqId":"e3737a3f-9bd4-4f62-8dc8-4a47f9237b78","event":"request_completed","requestId":"e3737a3f-9bd4-4f62-8dc8-4a47f9237b78","method":"POST","route":"/api/v1/matches/:matchId/points","statusCode":200,"latencyMs":24.043,"msg":"request completed"}
{"level":30,"time":1789777610162,"pid":21053,"hostname":"Glebs-MacBook-Pro.local","reqId":"070f52ba-ce1b-4707-8021-0923a6e61a8f","event":"request_completed","requestId":"070f52ba-ce1b-4707-8021-0923a6e61a8f","method":"POST","route":"/api/v1/matches/:matchId/confirm-finish","statusCode":200,"latencyMs":50.694,"msg":"request completed"}
{"level":30,"time":1789777610179,"pid":21053,"hostname":"Glebs-MacBook-Pro.local","reqId":"7bdcbd18-8ef3-440c-9661-d5f94d4da7b3","event":"request_completed","requestId":"7bdcbd18-8ef3-440c-9661-d5f94d4da7b3","method":"GET","route":"/api/v1/tournaments/:id","statusCode":200,"latencyMs":12.626,"msg":"request completed"}
{"level":30,"time":1789777610193,"pid":21053,"hostname":"Glebs-MacBook-Pro.local","reqId":"31d3124b-b23f-4431-8597-07092b1012bd","event":"request_completed","requestId":"31d3124b-b23f-4431-8597-07092b1012bd","method":"GET","route":"/api/v1/matches/:matchId","statusCode":200,"latencyMs":9.681,"msg":"request completed"}
{"level":30,"time":1789777610217,"pid":21053,"hostname":"Glebs-MacBook-Pro.local","reqId":"164b6c63-4d74-48a4-bd1f-548bc0094d5b","event":"request_completed","requestId":"164b6c63-4d74-48a4-bd1f-548bc0094d5b","method":"POST","route":"/api/v1/matches/:matchId/judge/acquire","statusCode":200,"latencyMs":21.391,"msg":"request completed"}
{"level":30,"time":1789777610252,"pid":21053,"hostname":"Glebs-MacBook-Pro.local","reqId":"263fbac5-243c-43d5-a99b-47d26c5075ba","event":"request_completed","requestId":"263fbac5-243c-43d5-a99b-47d26c5075ba","method":"POST","route":"/api/v1/matches/:matchId/start","statusCode":200,"latencyMs":29.111,"msg":"request completed"}
{"level":30,"time":1789777610278,"pid":21053,"hostname":"Glebs-MacBook-Pro.local","reqId":"3ddba31f-c311-45c3-9535-fb3bb715fc26","event":"request_completed","requestId":"3ddba31f-c311-45c3-9535-fb3bb715fc26","method":"POST","route":"/api/v1/matches/:matchId/points","statusCode":200,"latencyMs":22.558,"msg":"request completed"}
{"level":30,"time":1789777610339,"pid":21053,"hostname":"Glebs-MacBook-Pro.local","reqId":"5f7982c5-4874-4089-8764-b77f6c7ba885","event":"request_completed","requestId":"5f7982c5-4874-4089-8764-b77f6c7ba885","method":"POST","route":"/api/v1/matches/:matchId/confirm-finish","statusCode":200,"latencyMs":55.43,"msg":"request completed"}
{"level":30,"time":1789777610357,"pid":21053,"hostname":"Glebs-MacBook-Pro.local","reqId":"2883dc68-b512-4a8c-8b49-bbe5ae2d532f","event":"request_completed","requestId":"2883dc68-b512-4a8c-8b49-bbe5ae2d532f","method":"GET","route":"/api/v1/tournaments/:id","statusCode":200,"latencyMs":14.473,"msg":"request completed"}
{"level":30,"time":1789777610371,"pid":21053,"hostname":"Glebs-MacBook-Pro.local","reqId":"24f61f0c-9c9a-4970-bec7-c2f9e915dba3","event":"request_completed","requestId":"24f61f0c-9c9a-4970-bec7-c2f9e915dba3","method":"GET","route":"/api/v1/matches/:matchId","statusCode":200,"latencyMs":10.867,"msg":"request completed"}
{"level":30,"time":1789777610399,"pid":21053,"hostname":"Glebs-MacBook-Pro.local","reqId":"aa7837a8-5be6-4317-807b-d6c5c8da7e02","event":"request_completed","requestId":"aa7837a8-5be6-4317-807b-d6c5c8da7e02","method":"POST","route":"/api/v1/matches/:matchId/judge/acquire","statusCode":200,"latencyMs":24.753,"msg":"request completed"}
{"level":30,"time":1789777610446,"pid":21053,"hostname":"Glebs-MacBook-Pro.local","reqId":"2048ed76-7202-4064-ab18-c9196fab33c3","event":"request_completed","requestId":"2048ed76-7202-4064-ab18-c9196fab33c3","method":"POST","route":"/api/v1/matches/:matchId/start","statusCode":200,"latencyMs":41.379,"msg":"request completed"}
{"level":30,"time":1789777610479,"pid":21053,"hostname":"Glebs-MacBook-Pro.local","reqId":"7625b5ef-d38f-4047-b163-5f335c9354db","event":"request_completed","requestId":"7625b5ef-d38f-4047-b163-5f335c9354db","method":"POST","route":"/api/v1/matches/:matchId/points","statusCode":200,"latencyMs":27.706,"msg":"request completed"}
{"level":30,"time":1789777610557,"pid":21053,"hostname":"Glebs-MacBook-Pro.local","reqId":"cf4fe2aa-af4e-4a43-bd11-41f7c073d6ac","event":"request_completed","requestId":"cf4fe2aa-af4e-4a43-bd11-41f7c073d6ac","method":"POST","route":"/api/v1/matches/:matchId/confirm-finish","statusCode":200,"latencyMs":73.691,"msg":"request completed"}
{"level":30,"time":1789777610571,"pid":21053,"hostname":"Glebs-MacBook-Pro.local","reqId":"3aa2bae5-3d55-43f3-851d-8dd556423b68","event":"request_completed","requestId":"3aa2bae5-3d55-43f3-851d-8dd556423b68","method":"GET","route":"/api/v1/tournaments/:id","statusCode":200,"latencyMs":10.894,"msg":"request completed"}
{"level":30,"time":1789777610584,"pid":21053,"hostname":"Glebs-MacBook-Pro.local","reqId":"18308a98-9985-4f26-b464-d6194639dff9","event":"request_completed","requestId":"18308a98-9985-4f26-b464-d6194639dff9","method":"GET","route":"/api/v1/tournaments/:id","statusCode":200,"latencyMs":9.593,"msg":"request completed"}
{"level":30,"time":1789777610607,"pid":21053,"hostname":"Glebs-MacBook-Pro.local","reqId":"7f7cd649-c514-4cdb-8829-681d425a37ab","event":"request_completed","requestId":"7f7cd649-c514-4cdb-8829-681d425a37ab","method":"GET","route":"/api/v1/auth/me","statusCode":200,"latencyMs":5.423,"msg":"request completed"}
{"level":30,"time":1789777610623,"pid":21053,"hostname":"Glebs-MacBook-Pro.local","reqId":"94d1e7b3-48b8-4a28-8111-6e8695bc0869","event":"request_completed","requestId":"94d1e7b3-48b8-4a28-8111-6e8695bc0869","method":"GET","route":"/api/v1/notifications","statusCode":200,"latencyMs":12.827,"msg":"request completed"}
{"level":30,"time":1789777610625,"pid":21053,"hostname":"Glebs-MacBook-Pro.local","reqId":"c0a84969-86d5-443f-a3b1-e27472fbba56","event":"request_completed","requestId":"c0a84969-86d5-443f-a3b1-e27472fbba56","method":"GET","route":"/api/v1/tournaments/:id","statusCode":200,"latencyMs":14.272,"msg":"request completed"}
  ✓  19 [chromium-desktop] › tests/e2e/wave-d-tournaments.spec.ts:19:7 › Wave D tournament double_elimination/3 roster, seed edit, complete and results (2.8s)
{"level":30,"time":1789777610867,"pid":21053,"hostname":"Glebs-MacBook-Pro.local","reqId":"3dc77087-5844-437e-9069-548a0c532b96","event":"request_completed","requestId":"3dc77087-5844-437e-9069-548a0c532b96","method":"GET","route":"/health","statusCode":200,"latencyMs":0.157,"msg":"request completed"}
{"level":30,"time":1789777610899,"pid":21053,"hostname":"Glebs-MacBook-Pro.local","reqId":"c2ad7f10-3599-437b-b5fe-c7d6d0442e43","event":"request_completed","requestId":"c2ad7f10-3599-437b-b5fe-c7d6d0442e43","method":"POST","route":"/api/v1/auth/login","statusCode":200,"latencyMs":29.246,"msg":"request completed"}
{"level":30,"time":1789777610916,"pid":21053,"hostname":"Glebs-MacBook-Pro.local","reqId":"c67ed600-434b-4043-80e9-4879eb1b9013","event":"request_completed","requestId":"c67ed600-434b-4043-80e9-4879eb1b9013","method":"PATCH","route":"/api/v1/me/onboarding","statusCode":200,"latencyMs":12.992,"msg":"request completed"}
{"level":30,"time":1789777611184,"pid":21053,"hostname":"Glebs-MacBook-Pro.local","reqId":"c7db1cc4-4d1c-488a-a4fe-72ec438768c0","event":"request_completed","requestId":"c7db1cc4-4d1c-488a-a4fe-72ec438768c0","method":"GET","route":"/api/v1/auth/me","statusCode":401,"latencyMs":0.22,"msg":"request completed"}
{"level":30,"time":1789777611358,"pid":21053,"hostname":"Glebs-MacBook-Pro.local","reqId":"af7b1f60-ed64-4437-a04a-d447dfe239ce","event":"request_completed","requestId":"af7b1f60-ed64-4437-a04a-d447dfe239ce","method":"POST","route":"/api/v1/auth/login","statusCode":200,"latencyMs":27.174,"msg":"request completed"}
{"level":30,"time":1789777611373,"pid":21053,"hostname":"Glebs-MacBook-Pro.local","reqId":"479a1816-65c9-4074-9ac9-77ac5e2fca36","event":"request_completed","requestId":"479a1816-65c9-4074-9ac9-77ac5e2fca36","method":"GET","route":"/api/v1/auth/me","statusCode":200,"latencyMs":11.196,"msg":"request completed"}
{"level":30,"time":1789777611396,"pid":21053,"hostname":"Glebs-MacBook-Pro.local","reqId":"8dbb2ee5-7351-44e9-82ec-c7c2e45949bb","event":"request_completed","requestId":"8dbb2ee5-7351-44e9-82ec-c7c2e45949bb","method":"GET","route":"/api/v1/notifications","statusCode":200,"latencyMs":32.135,"msg":"request completed"}
{"level":30,"time":1789777611433,"pid":21053,"hostname":"Glebs-MacBook-Pro.local","reqId":"11f085cf-7aa4-4642-9844-17faeb9e5056","event":"request_completed","requestId":"11f085cf-7aa4-4642-9844-17faeb9e5056","method":"GET","route":"/api/v1/home","statusCode":200,"latencyMs":67.758,"msg":"request completed"}
{"level":30,"time":1789777611440,"pid":21053,"hostname":"Glebs-MacBook-Pro.local","reqId":"31729ecd-a860-4595-b40b-0d09aa45de05","event":"request_completed","requestId":"31729ecd-a860-4595-b40b-0d09aa45de05","method":"GET","route":"/api/v1/auth/me","statusCode":200,"latencyMs":4.54,"msg":"request completed"}
{"level":30,"time":1789777611460,"pid":21053,"hostname":"Glebs-MacBook-Pro.local","reqId":"0ddf129f-2f7c-41fa-9d87-b47c7f993021","event":"request_completed","requestId":"0ddf129f-2f7c-41fa-9d87-b47c7f993021","method":"GET","route":"/api/v1/notifications","statusCode":200,"latencyMs":11.82,"msg":"request completed"}
{"level":30,"time":1789777611563,"pid":21053,"hostname":"Glebs-MacBook-Pro.local","reqId":"33a86b6b-30da-4369-bdc9-098355901605","event":"request_completed","requestId":"33a86b6b-30da-4369-bdc9-098355901605","method":"POST","route":"/api/v1/tournaments","statusCode":200,"latencyMs":38.422,"msg":"request completed"}
{"level":30,"time":1789777611598,"pid":21053,"hostname":"Glebs-MacBook-Pro.local","reqId":"633f2e47-7e45-4f6f-9d1a-c723e19301b3","event":"request_completed","requestId":"633f2e47-7e45-4f6f-9d1a-c723e19301b3","method":"GET","route":"/api/v1/tournaments/:id","statusCode":200,"latencyMs":30.737,"msg":"request completed"}
{"level":30,"time":1789777611612,"pid":21053,"hostname":"Glebs-MacBook-Pro.local","reqId":"6c0b0da2-9254-4cb9-b3b3-c91125b16498","event":"request_completed","requestId":"6c0b0da2-9254-4cb9-b3b3-c91125b16498","method":"GET","route":"/api/v1/users/directory","statusCode":200,"latencyMs":10.398,"msg":"request completed"}
{"level":30,"time":1789777611705,"pid":21053,"hostname":"Glebs-MacBook-Pro.local","reqId":"0698cea0-085a-4166-8342-0166f121860d","event":"request_completed","requestId":"0698cea0-085a-4166-8342-0166f121860d","method":"POST","route":"/api/v1/tournaments/:id/participants","statusCode":200,"latencyMs":61.49,"msg":"request completed"}
{"level":30,"time":1789777611771,"pid":21053,"hostname":"Glebs-MacBook-Pro.local","reqId":"0228fa3a-5820-4fa0-a6a1-54c575d02ae9","event":"request_completed","requestId":"0228fa3a-5820-4fa0-a6a1-54c575d02ae9","method":"POST","route":"/api/v1/tournaments/:id/participants","statusCode":200,"latencyMs":40.551,"msg":"request completed"}
{"level":30,"time":1789777611800,"pid":21053,"hostname":"Glebs-MacBook-Pro.local","reqId":"db741327-46bc-443c-aeca-f1d325052e88","event":"request_completed","requestId":"db741327-46bc-443c-aeca-f1d325052e88","method":"POST","route":"/api/v1/tournaments/:id/participants","statusCode":200,"latencyMs":25.075,"msg":"request completed"}
{"level":30,"time":1789777611832,"pid":21053,"hostname":"Glebs-MacBook-Pro.local","reqId":"49fda15e-5e9d-4cec-8c9e-fe1b8174c828","event":"request_completed","requestId":"49fda15e-5e9d-4cec-8c9e-fe1b8174c828","method":"POST","route":"/api/v1/tournaments/:id/participants","statusCode":200,"latencyMs":26.987,"msg":"request completed"}
{"level":30,"time":1789777611854,"pid":21053,"hostname":"Glebs-MacBook-Pro.local","reqId":"67610a35-dc71-46cf-90ae-b49dda7e672a","event":"request_completed","requestId":"67610a35-dc71-46cf-90ae-b49dda7e672a","method":"PATCH","route":"/api/v1/tournaments/:id","statusCode":200,"latencyMs":18.134,"msg":"request completed"}
{"level":30,"time":1789777611874,"pid":21053,"hostname":"Glebs-MacBook-Pro.local","reqId":"8f6bafb1-6563-4506-a596-610a4d03462d","event":"request_completed","requestId":"8f6bafb1-6563-4506-a596-610a4d03462d","method":"GET","route":"/api/v1/auth/me","statusCode":200,"latencyMs":5.552,"msg":"request completed"}
{"level":30,"time":1789777611889,"pid":21053,"hostname":"Glebs-MacBook-Pro.local","reqId":"a666b4de-aa22-4a3f-a743-a1206a89a1d1","event":"request_completed","requestId":"a666b4de-aa22-4a3f-a743-a1206a89a1d1","method":"GET","route":"/api/v1/notifications","statusCode":200,"latencyMs":12.217,"msg":"request completed"}
{"level":30,"time":1789777611893,"pid":21053,"hostname":"Glebs-MacBook-Pro.local","reqId":"ef1ea56b-7c87-4e85-a198-b154f76593d3","event":"request_completed","requestId":"ef1ea56b-7c87-4e85-a198-b154f76593d3","method":"GET","route":"/api/v1/tournaments/:id","statusCode":200,"latencyMs":15.036,"msg":"request completed"}
{"level":30,"time":1789777611901,"pid":21053,"hostname":"Glebs-MacBook-Pro.local","reqId":"316256af-c944-4f29-a095-ade9dc11ae7b","event":"request_completed","requestId":"316256af-c944-4f29-a095-ade9dc11ae7b","method":"GET","route":"/api/v1/users/directory","statusCode":200,"latencyMs":5.285,"msg":"request completed"}
{"level":30,"time":1789777612009,"pid":21053,"hostname":"Glebs-MacBook-Pro.local","reqId":"c6b9c4ea-7113-4f43-80b5-810d4d9799c8","event":"request_completed","requestId":"c6b9c4ea-7113-4f43-80b5-810d4d9799c8","method":"POST","route":"/api/v1/tournaments/:id/bracket","statusCode":200,"latencyMs":41.185,"msg":"request completed"}
{"level":30,"time":1789777612024,"pid":21053,"hostname":"Glebs-MacBook-Pro.local","reqId":"b25e41f3-78e2-48eb-8c2d-5d039260e52d","event":"request_completed","requestId":"b25e41f3-78e2-48eb-8c2d-5d039260e52d","method":"GET","route":"/api/v1/tournaments/:id","statusCode":200,"latencyMs":13.303,"msg":"request completed"}
{"level":30,"time":1789777612094,"pid":21053,"hostname":"Glebs-MacBook-Pro.local","reqId":"9f7598e1-042d-4b49-a75f-fb00bb204bb3","event":"request_completed","requestId":"9f7598e1-042d-4b49-a75f-fb00bb204bb3","method":"GET","route":"/api/v1/tournaments/:id","statusCode":200,"latencyMs":31.193,"msg":"request completed"}
{"level":30,"time":1789777612176,"pid":21053,"hostname":"Glebs-MacBook-Pro.local","reqId":"908d3d00-895e-4fc8-9665-e167bfaf75ef","event":"request_completed","requestId":"908d3d00-895e-4fc8-9665-e167bfaf75ef","method":"GET","route":"/api/v1/tournaments/:id","statusCode":200,"latencyMs":35.967,"msg":"request completed"}
{"level":30,"time":1789777612181,"pid":21053,"hostname":"Glebs-MacBook-Pro.local","reqId":"034b9f63-dfc5-4186-b689-4189e0e61169","event":"request_completed","requestId":"034b9f63-dfc5-4186-b689-4189e0e61169","method":"PATCH","route":"/api/v1/tournaments/:id/bracket","statusCode":200,"latencyMs":45.227,"msg":"request completed"}
{"level":30,"time":1789777612195,"pid":21053,"hostname":"Glebs-MacBook-Pro.local","reqId":"d3b8b6e5-0194-451b-a007-7c100584e181","event":"request_completed","requestId":"d3b8b6e5-0194-451b-a007-7c100584e181","method":"GET","route":"/api/v1/tournaments/:id","statusCode":200,"latencyMs":12.13,"msg":"request completed"}
{"level":30,"time":1789777612317,"pid":21053,"hostname":"Glebs-MacBook-Pro.local","reqId":"6ee1c7b6-8bdc-4072-9608-0b52d596bc82","event":"request_completed","requestId":"6ee1c7b6-8bdc-4072-9608-0b52d596bc82","method":"GET","route":"/api/v1/tournaments/:id","statusCode":200,"latencyMs":34.089,"msg":"request completed"}
{"level":30,"time":1789777612510,"pid":21053,"hostname":"Glebs-MacBook-Pro.local","reqId":"0365b638-0933-476c-9406-1f577bc6d7a7","event":"request_completed","requestId":"0365b638-0933-476c-9406-1f577bc6d7a7","method":"GET","route":"/api/v1/tournaments/:id","statusCode":200,"latencyMs":37.034,"msg":"request completed"}
{"level":30,"time":1789777612533,"pid":21053,"hostname":"Glebs-MacBook-Pro.local","reqId":"08722a35-a2fe-4cbb-b1ad-ea359c5b1145","event":"request_completed","requestId":"08722a35-a2fe-4cbb-b1ad-ea359c5b1145","method":"GET","route":"/api/v1/tournaments/:id","statusCode":200,"latencyMs":20.647,"msg":"request completed"}
{"level":30,"time":1789777612554,"pid":21053,"hostname":"Glebs-MacBook-Pro.local","reqId":"1693a2e4-ae29-4fcd-8b47-611a118778e0","event":"request_completed","requestId":"1693a2e4-ae29-4fcd-8b47-611a118778e0","method":"POST","route":"/api/v1/tournaments/:id/start","statusCode":200,"latencyMs":85.339,"msg":"request completed"}
{"level":30,"time":1789777612655,"pid":21053,"hostname":"Glebs-MacBook-Pro.local","reqId":"c7d372d5-0983-4909-bef3-78228f843bc5","event":"request_completed","requestId":"c7d372d5-0983-4909-bef3-78228f843bc5","method":"GET","route":"/api/v1/tournaments/:id","statusCode":200,"latencyMs":16.691,"msg":"request completed"}
{"level":30,"time":1789777612674,"pid":21053,"hostname":"Glebs-MacBook-Pro.local","reqId":"b9326765-2c45-473d-9955-a1537b65b11f","event":"request_completed","requestId":"b9326765-2c45-473d-9955-a1537b65b11f","method":"GET","route":"/api/v1/tournaments/:id","statusCode":200,"latencyMs":14.647,"msg":"request completed"}
{"level":30,"time":1789777612687,"pid":21053,"hostname":"Glebs-MacBook-Pro.local","reqId":"a2e628f8-5371-4fcb-bfce-8ca8d0a0a3cc","event":"request_completed","requestId":"a2e628f8-5371-4fcb-bfce-8ca8d0a0a3cc","method":"GET","route":"/api/v1/matches/:matchId","statusCode":200,"latencyMs":9.177,"msg":"request completed"}
{"level":30,"time":1789777612712,"pid":21053,"hostname":"Glebs-MacBook-Pro.local","reqId":"efa74a9f-1e9a-4a69-bff8-f02597021380","event":"request_completed","requestId":"efa74a9f-1e9a-4a69-bff8-f02597021380","method":"POST","route":"/api/v1/matches/:matchId/judge/acquire","statusCode":200,"latencyMs":22.126,"msg":"request completed"}
{"level":30,"time":1789777612745,"pid":21053,"hostname":"Glebs-MacBook-Pro.local","reqId":"2facc0ff-607b-47f7-aedf-5d05b4c6e8d4","event":"request_completed","requestId":"2facc0ff-607b-47f7-aedf-5d05b4c6e8d4","method":"POST","route":"/api/v1/matches/:matchId/start","statusCode":200,"latencyMs":29.375,"msg":"request completed"}
{"level":30,"time":1789777612770,"pid":21053,"hostname":"Glebs-MacBook-Pro.local","reqId":"d7da3192-f5b4-4a59-8440-c138a44a15c1","event":"request_completed","requestId":"d7da3192-f5b4-4a59-8440-c138a44a15c1","method":"POST","route":"/api/v1/matches/:matchId/points","statusCode":200,"latencyMs":20.46,"msg":"request completed"}
{"level":30,"time":1789777612824,"pid":21053,"hostname":"Glebs-MacBook-Pro.local","reqId":"13909584-b13a-4826-8576-60c0e962459f","event":"request_completed","requestId":"13909584-b13a-4826-8576-60c0e962459f","method":"POST","route":"/api/v1/matches/:matchId/confirm-finish","statusCode":200,"latencyMs":50.655,"msg":"request completed"}
{"level":30,"time":1789777612839,"pid":21053,"hostname":"Glebs-MacBook-Pro.local","reqId":"22f0b002-5e95-4aae-b314-ae8ed098d45c","event":"request_completed","requestId":"22f0b002-5e95-4aae-b314-ae8ed098d45c","method":"GET","route":"/api/v1/tournaments/:id","statusCode":200,"latencyMs":12.22,"msg":"request completed"}
{"level":30,"time":1789777612851,"pid":21053,"hostname":"Glebs-MacBook-Pro.local","reqId":"80841dea-c811-4faa-8d10-d16e272b4a88","event":"request_completed","requestId":"80841dea-c811-4faa-8d10-d16e272b4a88","method":"GET","route":"/api/v1/matches/:matchId","statusCode":200,"latencyMs":8.007,"msg":"request completed"}
{"level":30,"time":1789777612876,"pid":21053,"hostname":"Glebs-MacBook-Pro.local","reqId":"a21f0e24-33cd-45eb-b780-53781e1461ba","event":"request_completed","requestId":"a21f0e24-33cd-45eb-b780-53781e1461ba","method":"POST","route":"/api/v1/matches/:matchId/judge/acquire","statusCode":200,"latencyMs":22.632,"msg":"request completed"}
{"level":30,"time":1789777612907,"pid":21053,"hostname":"Glebs-MacBook-Pro.local","reqId":"dabe5f75-e06d-41a1-b505-1dff20d30764","event":"request_completed","requestId":"dabe5f75-e06d-41a1-b505-1dff20d30764","method":"POST","route":"/api/v1/matches/:matchId/start","statusCode":200,"latencyMs":26.381,"msg":"request completed"}
{"level":30,"time":1789777612929,"pid":21053,"hostname":"Glebs-MacBook-Pro.local","reqId":"995e02d3-4da9-4e72-81df-faa8444e11ff","event":"request_completed","requestId":"995e02d3-4da9-4e72-81df-faa8444e11ff","method":"POST","route":"/api/v1/matches/:matchId/points","statusCode":200,"latencyMs":18.828,"msg":"request completed"}
{"level":30,"time":1789777612989,"pid":21053,"hostname":"Glebs-MacBook-Pro.local","reqId":"19b36a64-9376-4423-9f5a-6154123b8dcf","event":"request_completed","requestId":"19b36a64-9376-4423-9f5a-6154123b8dcf","method":"POST","route":"/api/v1/matches/:matchId/confirm-finish","statusCode":200,"latencyMs":56.181,"msg":"request completed"}
{"level":30,"time":1789777613005,"pid":21053,"hostname":"Glebs-MacBook-Pro.local","reqId":"25902d53-c502-4123-a5a8-31cd6285b5ad","event":"request_completed","requestId":"25902d53-c502-4123-a5a8-31cd6285b5ad","method":"GET","route":"/api/v1/tournaments/:id","statusCode":200,"latencyMs":12.401,"msg":"request completed"}
{"level":30,"time":1789777613017,"pid":21053,"hostname":"Glebs-MacBook-Pro.local","reqId":"c9e21090-5ce9-45e8-959d-003ebd9e9475","event":"request_completed","requestId":"c9e21090-5ce9-45e8-959d-003ebd9e9475","method":"GET","route":"/api/v1/matches/:matchId","statusCode":200,"latencyMs":8.846,"msg":"request completed"}
{"level":30,"time":1789777613042,"pid":21053,"hostname":"Glebs-MacBook-Pro.local","reqId":"4a0baa71-e809-4527-a9b7-eec196e1721c","event":"request_completed","requestId":"4a0baa71-e809-4527-a9b7-eec196e1721c","method":"POST","route":"/api/v1/matches/:matchId/judge/acquire","statusCode":200,"latencyMs":22.24,"msg":"request completed"}
{"level":30,"time":1789777613082,"pid":21053,"hostname":"Glebs-MacBook-Pro.local","reqId":"714bf212-1ead-4e35-a21a-74c7cce82e20","event":"request_completed","requestId":"714bf212-1ead-4e35-a21a-74c7cce82e20","method":"POST","route":"/api/v1/matches/:matchId/start","statusCode":200,"latencyMs":35.557,"msg":"request completed"}
{"level":30,"time":1789777613109,"pid":21053,"hostname":"Glebs-MacBook-Pro.local","reqId":"42422ee0-664c-44a1-9724-181e8741b51c","event":"request_completed","requestId":"42422ee0-664c-44a1-9724-181e8741b51c","method":"POST","route":"/api/v1/matches/:matchId/points","statusCode":200,"latencyMs":23.191,"msg":"request completed"}
{"level":30,"time":1789777613173,"pid":21053,"hostname":"Glebs-MacBook-Pro.local","reqId":"40f6bb3f-b216-4cab-a576-92a965287da6","event":"request_completed","requestId":"40f6bb3f-b216-4cab-a576-92a965287da6","method":"POST","route":"/api/v1/matches/:matchId/confirm-finish","statusCode":200,"latencyMs":60.192,"msg":"request completed"}
{"level":30,"time":1789777613190,"pid":21053,"hostname":"Glebs-MacBook-Pro.local","reqId":"d512d98b-27e5-447a-af57-213b88287626","event":"request_completed","requestId":"d512d98b-27e5-447a-af57-213b88287626","method":"GET","route":"/api/v1/tournaments/:id","statusCode":200,"latencyMs":13.394,"msg":"request completed"}
{"level":30,"time":1789777613203,"pid":21053,"hostname":"Glebs-MacBook-Pro.local","reqId":"3e404f40-52e7-4636-8cfd-9076cf4e5fcc","event":"request_completed","requestId":"3e404f40-52e7-4636-8cfd-9076cf4e5fcc","method":"GET","route":"/api/v1/matches/:matchId","statusCode":200,"latencyMs":9.483,"msg":"request completed"}
{"level":30,"time":1789777613227,"pid":21053,"hostname":"Glebs-MacBook-Pro.local","reqId":"a56944b6-685e-469e-aa9b-ddb3386d24f8","event":"request_completed","requestId":"a56944b6-685e-469e-aa9b-ddb3386d24f8","method":"POST","route":"/api/v1/matches/:matchId/judge/acquire","statusCode":200,"latencyMs":21.116,"msg":"request completed"}
{"level":30,"time":1789777613263,"pid":21053,"hostname":"Glebs-MacBook-Pro.local","reqId":"87c5bb36-f8f6-4fb6-bf55-71763e0df9ac","event":"request_completed","requestId":"87c5bb36-f8f6-4fb6-bf55-71763e0df9ac","method":"POST","route":"/api/v1/matches/:matchId/start","statusCode":200,"latencyMs":32.098,"msg":"request completed"}
{"level":30,"time":1789777613289,"pid":21053,"hostname":"Glebs-MacBook-Pro.local","reqId":"cad8618b-4198-4d58-870e-e1c47923a02f","event":"request_completed","requestId":"cad8618b-4198-4d58-870e-e1c47923a02f","method":"POST","route":"/api/v1/matches/:matchId/points","statusCode":200,"latencyMs":22.997,"msg":"request completed"}
{"level":30,"time":1789777613333,"pid":21053,"hostname":"Glebs-MacBook-Pro.local","reqId":"7df486c7-72ae-4511-acfd-d408eaadbf0a","event":"request_completed","requestId":"7df486c7-72ae-4511-acfd-d408eaadbf0a","method":"POST","route":"/api/v1/matches/:matchId/confirm-finish","statusCode":200,"latencyMs":40.14,"msg":"request completed"}
{"level":30,"time":1789777613349,"pid":21053,"hostname":"Glebs-MacBook-Pro.local","reqId":"a17230e1-d13e-4ec9-8f18-d9b9bf686cda","event":"request_completed","requestId":"a17230e1-d13e-4ec9-8f18-d9b9bf686cda","method":"GET","route":"/api/v1/tournaments/:id","statusCode":200,"latencyMs":12.021,"msg":"request completed"}
{"level":30,"time":1789777613361,"pid":21053,"hostname":"Glebs-MacBook-Pro.local","reqId":"3929216c-982a-43d0-a643-1902bddcb51f","event":"request_completed","requestId":"3929216c-982a-43d0-a643-1902bddcb51f","method":"GET","route":"/api/v1/matches/:matchId","statusCode":200,"latencyMs":8.858,"msg":"request completed"}
{"level":30,"time":1789777613384,"pid":21053,"hostname":"Glebs-MacBook-Pro.local","reqId":"735f2c59-e2c4-4335-96c6-75711b98b53c","event":"request_completed","requestId":"735f2c59-e2c4-4335-96c6-75711b98b53c","method":"POST","route":"/api/v1/matches/:matchId/judge/acquire","statusCode":200,"latencyMs":19.712,"msg":"request completed"}
{"level":30,"time":1789777613415,"pid":21053,"hostname":"Glebs-MacBook-Pro.local","reqId":"41d8c3a1-3e4e-4595-a591-4c436378e114","event":"request_completed","requestId":"41d8c3a1-3e4e-4595-a591-4c436378e114","method":"POST","route":"/api/v1/matches/:matchId/start","statusCode":200,"latencyMs":28.292,"msg":"request completed"}
{"level":30,"time":1789777613440,"pid":21053,"hostname":"Glebs-MacBook-Pro.local","reqId":"e54d6319-2871-4b99-bda0-25df888eaf9b","event":"request_completed","requestId":"e54d6319-2871-4b99-bda0-25df888eaf9b","method":"POST","route":"/api/v1/matches/:matchId/points","statusCode":200,"latencyMs":21.456,"msg":"request completed"}
{"level":30,"time":1789777613493,"pid":21053,"hostname":"Glebs-MacBook-Pro.local","reqId":"32f9de1c-08e3-4ee1-8ec8-0c5ca66a41bb","event":"request_completed","requestId":"32f9de1c-08e3-4ee1-8ec8-0c5ca66a41bb","method":"POST","route":"/api/v1/matches/:matchId/confirm-finish","statusCode":200,"latencyMs":48.73,"msg":"request completed"}
{"level":30,"time":1789777613509,"pid":21053,"hostname":"Glebs-MacBook-Pro.local","reqId":"ec0fc9b7-6c8d-4c23-92c0-46ffc6433163","event":"request_completed","requestId":"ec0fc9b7-6c8d-4c23-92c0-46ffc6433163","method":"GET","route":"/api/v1/tournaments/:id","statusCode":200,"latencyMs":12.503,"msg":"request completed"}
{"level":30,"time":1789777613519,"pid":21053,"hostname":"Glebs-MacBook-Pro.local","reqId":"eb96496e-5da3-4bd6-8053-b86a3d6e07a6","event":"request_completed","requestId":"eb96496e-5da3-4bd6-8053-b86a3d6e07a6","method":"GET","route":"/api/v1/matches/:matchId","statusCode":200,"latencyMs":7.526,"msg":"request completed"}
{"level":30,"time":1789777613542,"pid":21053,"hostname":"Glebs-MacBook-Pro.local","reqId":"1fb94862-96a1-41b1-a25c-de00f2c4eee8","event":"request_completed","requestId":"1fb94862-96a1-41b1-a25c-de00f2c4eee8","method":"POST","route":"/api/v1/matches/:matchId/judge/acquire","statusCode":200,"latencyMs":19.582,"msg":"request completed"}
{"level":30,"time":1789777613573,"pid":21053,"hostname":"Glebs-MacBook-Pro.local","reqId":"35b18cc3-abc0-4777-b72c-2881e4f4575f","event":"request_completed","requestId":"35b18cc3-abc0-4777-b72c-2881e4f4575f","method":"POST","route":"/api/v1/matches/:matchId/start","statusCode":200,"latencyMs":28.066,"msg":"request completed"}
{"level":30,"time":1789777613596,"pid":21053,"hostname":"Glebs-MacBook-Pro.local","reqId":"18fd95ea-53f2-4aa5-b05f-c6bacaf55507","event":"request_completed","requestId":"18fd95ea-53f2-4aa5-b05f-c6bacaf55507","method":"POST","route":"/api/v1/matches/:matchId/points","statusCode":200,"latencyMs":19.248,"msg":"request completed"}
{"level":30,"time":1789777613654,"pid":21053,"hostname":"Glebs-MacBook-Pro.local","reqId":"61488eb5-0633-42a3-8937-d240d372a7dc","event":"request_completed","requestId":"61488eb5-0633-42a3-8937-d240d372a7dc","method":"POST","route":"/api/v1/matches/:matchId/confirm-finish","statusCode":200,"latencyMs":54.97,"msg":"request completed"}
{"level":30,"time":1789777613672,"pid":21053,"hostname":"Glebs-MacBook-Pro.local","reqId":"f4c814fb-3780-4ded-9d13-e2747111dd7c","event":"request_completed","requestId":"f4c814fb-3780-4ded-9d13-e2747111dd7c","method":"GET","route":"/api/v1/tournaments/:id","statusCode":200,"latencyMs":14.939,"msg":"request completed"}
{"level":30,"time":1789777613686,"pid":21053,"hostname":"Glebs-MacBook-Pro.local","reqId":"459ac633-61db-414a-bf1d-47da09eca79f","event":"request_completed","requestId":"459ac633-61db-414a-bf1d-47da09eca79f","method":"GET","route":"/api/v1/matches/:matchId","statusCode":200,"latencyMs":10.319,"msg":"request completed"}
{"level":30,"time":1789777613711,"pid":21053,"hostname":"Glebs-MacBook-Pro.local","reqId":"095f25bf-4222-4b31-9eaa-c27422e6f9b7","event":"request_completed","requestId":"095f25bf-4222-4b31-9eaa-c27422e6f9b7","method":"POST","route":"/api/v1/matches/:matchId/judge/acquire","statusCode":200,"latencyMs":21.697,"msg":"request completed"}
{"level":30,"time":1789777613750,"pid":21053,"hostname":"Glebs-MacBook-Pro.local","reqId":"097578ac-f731-4fcb-8b23-24f7e2afb5f1","event":"request_completed","requestId":"097578ac-f731-4fcb-8b23-24f7e2afb5f1","method":"POST","route":"/api/v1/matches/:matchId/start","statusCode":200,"latencyMs":35.505,"msg":"request completed"}
{"level":30,"time":1789777613778,"pid":21053,"hostname":"Glebs-MacBook-Pro.local","reqId":"71052bc9-1354-439e-a33f-09ec075c775b","event":"request_completed","requestId":"71052bc9-1354-439e-a33f-09ec075c775b","method":"POST","route":"/api/v1/matches/:matchId/points","statusCode":200,"latencyMs":24.262,"msg":"request completed"}
{"level":30,"time":1789777613835,"pid":21053,"hostname":"Glebs-MacBook-Pro.local","reqId":"b9a11d3b-6cc0-4e88-95b7-6c2becc58e97","event":"request_completed","requestId":"b9a11d3b-6cc0-4e88-95b7-6c2becc58e97","method":"POST","route":"/api/v1/matches/:matchId/confirm-finish","statusCode":200,"latencyMs":52.386,"msg":"request completed"}
{"level":30,"time":1789777613852,"pid":21053,"hostname":"Glebs-MacBook-Pro.local","reqId":"fe02fefc-e3c5-4ae8-aabb-397ac1da804f","event":"request_completed","requestId":"fe02fefc-e3c5-4ae8-aabb-397ac1da804f","method":"GET","route":"/api/v1/tournaments/:id","statusCode":200,"latencyMs":13.625,"msg":"request completed"}
{"level":30,"time":1789777613864,"pid":21053,"hostname":"Glebs-MacBook-Pro.local","reqId":"3d4d63e2-cbdf-4d01-892f-e1ae2adf6271","event":"request_completed","requestId":"3d4d63e2-cbdf-4d01-892f-e1ae2adf6271","method":"GET","route":"/api/v1/matches/:matchId","statusCode":200,"latencyMs":8.479,"msg":"request completed"}
{"level":30,"time":1789777613890,"pid":21053,"hostname":"Glebs-MacBook-Pro.local","reqId":"8fdd9dc0-c430-4904-9cf2-8d6c2814851b","event":"request_completed","requestId":"8fdd9dc0-c430-4904-9cf2-8d6c2814851b","method":"POST","route":"/api/v1/matches/:matchId/judge/acquire","statusCode":200,"latencyMs":22.685,"msg":"request completed"}
{"level":30,"time":1789777613922,"pid":21053,"hostname":"Glebs-MacBook-Pro.local","reqId":"4003d071-a5db-4803-8c71-70fc36340e71","event":"request_completed","requestId":"4003d071-a5db-4803-8c71-70fc36340e71","method":"POST","route":"/api/v1/matches/:matchId/start","statusCode":200,"latencyMs":27.964,"msg":"request completed"}
{"level":30,"time":1789777613947,"pid":21053,"hostname":"Glebs-MacBook-Pro.local","reqId":"7605948f-406f-4d1e-b94b-f89b9c480c22","event":"request_completed","requestId":"7605948f-406f-4d1e-b94b-f89b9c480c22","method":"POST","route":"/api/v1/matches/:matchId/points","statusCode":200,"latencyMs":22.182,"msg":"request completed"}
{"level":30,"time":1789777613989,"pid":21053,"hostname":"Glebs-MacBook-Pro.local","reqId":"14c6fd96-12e4-437c-9d37-b7ebd5e36906","event":"request_completed","requestId":"14c6fd96-12e4-437c-9d37-b7ebd5e36906","method":"POST","route":"/api/v1/matches/:matchId/confirm-finish","statusCode":200,"latencyMs":37.577,"msg":"request completed"}
{"level":30,"time":1789777614003,"pid":21053,"hostname":"Glebs-MacBook-Pro.local","reqId":"5bc3253b-22c6-4b7d-9dc4-e339a7630bad","event":"request_completed","requestId":"5bc3253b-22c6-4b7d-9dc4-e339a7630bad","method":"GET","route":"/api/v1/tournaments/:id","statusCode":200,"latencyMs":10.254,"msg":"request completed"}
{"level":30,"time":1789777614016,"pid":21053,"hostname":"Glebs-MacBook-Pro.local","reqId":"96af2723-1cc9-4d83-937b-0821e204a571","event":"request_completed","requestId":"96af2723-1cc9-4d83-937b-0821e204a571","method":"GET","route":"/api/v1/tournaments/:id","statusCode":200,"latencyMs":10.089,"msg":"request completed"}
{"level":30,"time":1789777614039,"pid":21053,"hostname":"Glebs-MacBook-Pro.local","reqId":"2e5d73ec-0f47-4e1f-85f2-b5eb2d6c4b00","event":"request_completed","requestId":"2e5d73ec-0f47-4e1f-85f2-b5eb2d6c4b00","method":"GET","route":"/api/v1/auth/me","statusCode":200,"latencyMs":5.194,"msg":"request completed"}
{"level":30,"time":1789777614054,"pid":21053,"hostname":"Glebs-MacBook-Pro.local","reqId":"230760a7-babc-499b-ab5f-fba5ffb6bdc0","event":"request_completed","requestId":"230760a7-babc-499b-ab5f-fba5ffb6bdc0","method":"GET","route":"/api/v1/notifications","statusCode":200,"latencyMs":12.344,"msg":"request completed"}
{"level":30,"time":1789777614056,"pid":21053,"hostname":"Glebs-MacBook-Pro.local","reqId":"8a7934a6-c29f-4630-b0c2-2bf0a0835511","event":"request_completed","requestId":"8a7934a6-c29f-4630-b0c2-2bf0a0835511","method":"GET","route":"/api/v1/tournaments/:id","statusCode":200,"latencyMs":13.868,"msg":"request completed"}
  ✓  20 [chromium-desktop] › tests/e2e/wave-d-tournaments.spec.ts:19:7 › Wave D tournament double_elimination/5 roster, seed edit, complete and results (3.5s)
{"level":30,"time":1789777614327,"pid":21053,"hostname":"Glebs-MacBook-Pro.local","reqId":"e9ec09ca-02f0-4543-9609-36b629f759c1","event":"request_completed","requestId":"e9ec09ca-02f0-4543-9609-36b629f759c1","method":"GET","route":"/health","statusCode":200,"latencyMs":0.147,"msg":"request completed"}
{"level":30,"time":1789777614356,"pid":21053,"hostname":"Glebs-MacBook-Pro.local","reqId":"a2c42932-68dd-4724-90fe-1e17d2025e98","event":"request_completed","requestId":"a2c42932-68dd-4724-90fe-1e17d2025e98","method":"POST","route":"/api/v1/auth/login","statusCode":200,"latencyMs":25.963,"msg":"request completed"}
{"level":30,"time":1789777614370,"pid":21053,"hostname":"Glebs-MacBook-Pro.local","reqId":"92c14224-82ea-410b-b4c4-72a60dedce16","event":"request_completed","requestId":"92c14224-82ea-410b-b4c4-72a60dedce16","method":"PATCH","route":"/api/v1/me/onboarding","statusCode":200,"latencyMs":9.968,"msg":"request completed"}
{"level":30,"time":1789777614637,"pid":21053,"hostname":"Glebs-MacBook-Pro.local","reqId":"3fde76af-4d0f-4705-8ab6-5e41b220515d","event":"request_completed","requestId":"3fde76af-4d0f-4705-8ab6-5e41b220515d","method":"GET","route":"/api/v1/auth/me","statusCode":401,"latencyMs":0.192,"msg":"request completed"}
{"level":30,"time":1789777614812,"pid":21053,"hostname":"Glebs-MacBook-Pro.local","reqId":"aaffb2bf-c5a5-4254-9729-7bcbb09249a3","event":"request_completed","requestId":"aaffb2bf-c5a5-4254-9729-7bcbb09249a3","method":"POST","route":"/api/v1/auth/login","statusCode":200,"latencyMs":28.003,"msg":"request completed"}
{"level":30,"time":1789777614830,"pid":21053,"hostname":"Glebs-MacBook-Pro.local","reqId":"f2cd61ef-0e31-489d-9bdb-95893eb11877","event":"request_completed","requestId":"f2cd61ef-0e31-489d-9bdb-95893eb11877","method":"GET","route":"/api/v1/auth/me","statusCode":200,"latencyMs":14.442,"msg":"request completed"}
{"level":30,"time":1789777614852,"pid":21053,"hostname":"Glebs-MacBook-Pro.local","reqId":"54d961d3-06a6-4682-a432-91dae9534dce","event":"request_completed","requestId":"54d961d3-06a6-4682-a432-91dae9534dce","method":"GET","route":"/api/v1/notifications","statusCode":200,"latencyMs":35.376,"msg":"request completed"}
{"level":30,"time":1789777614874,"pid":21053,"hostname":"Glebs-MacBook-Pro.local","reqId":"a04ffad0-16bd-4a0f-975c-6f05e8ad9715","event":"request_completed","requestId":"a04ffad0-16bd-4a0f-975c-6f05e8ad9715","method":"GET","route":"/api/v1/home","statusCode":200,"latencyMs":54.919,"msg":"request completed"}
{"level":30,"time":1789777614894,"pid":21053,"hostname":"Glebs-MacBook-Pro.local","reqId":"38517a96-db33-4b95-b4f7-364c566d3dec","event":"request_completed","requestId":"38517a96-db33-4b95-b4f7-364c566d3dec","method":"GET","route":"/api/v1/auth/me","statusCode":200,"latencyMs":4.877,"msg":"request completed"}
{"level":30,"time":1789777614913,"pid":21053,"hostname":"Glebs-MacBook-Pro.local","reqId":"8e3cfd55-d86a-4f81-a8fd-b96508ff404f","event":"request_completed","requestId":"8e3cfd55-d86a-4f81-a8fd-b96508ff404f","method":"GET","route":"/api/v1/notifications","statusCode":200,"latencyMs":11.477,"msg":"request completed"}
{"level":30,"time":1789777615009,"pid":21053,"hostname":"Glebs-MacBook-Pro.local","reqId":"cb39db5f-cbb5-4b35-811b-94f9a83dc027","event":"request_completed","requestId":"cb39db5f-cbb5-4b35-811b-94f9a83dc027","method":"POST","route":"/api/v1/tournaments","statusCode":200,"latencyMs":31.453,"msg":"request completed"}
{"level":30,"time":1789777615030,"pid":21053,"hostname":"Glebs-MacBook-Pro.local","reqId":"2697e66e-22c3-4180-8761-4388b6879c3f","event":"request_completed","requestId":"2697e66e-22c3-4180-8761-4388b6879c3f","method":"GET","route":"/api/v1/tournaments/:id","statusCode":200,"latencyMs":16.35,"msg":"request completed"}
{"level":30,"time":1789777615038,"pid":21053,"hostname":"Glebs-MacBook-Pro.local","reqId":"c6d3e30e-0dcb-4b7f-a339-5983f335f604","event":"request_completed","requestId":"c6d3e30e-0dcb-4b7f-a339-5983f335f604","method":"GET","route":"/api/v1/users/directory","statusCode":200,"latencyMs":4.069,"msg":"request completed"}
{"level":30,"time":1789777615156,"pid":21053,"hostname":"Glebs-MacBook-Pro.local","reqId":"cf776e7a-71ca-447f-a60d-9a7ad31d1418","event":"request_completed","requestId":"cf776e7a-71ca-447f-a60d-9a7ad31d1418","method":"POST","route":"/api/v1/tournaments/:id/participants","statusCode":200,"latencyMs":60.694,"msg":"request completed"}
{"level":30,"time":1789777615225,"pid":21053,"hostname":"Glebs-MacBook-Pro.local","reqId":"ff04fe6f-d599-4f21-a62c-70aa57eda186","event":"request_completed","requestId":"ff04fe6f-d599-4f21-a62c-70aa57eda186","method":"POST","route":"/api/v1/tournaments/:id/participants","statusCode":200,"latencyMs":43.832,"msg":"request completed"}
{"level":30,"time":1789777615255,"pid":21053,"hostname":"Glebs-MacBook-Pro.local","reqId":"4d047528-f7f7-4c1a-a280-756036736a65","event":"request_completed","requestId":"4d047528-f7f7-4c1a-a280-756036736a65","method":"POST","route":"/api/v1/tournaments/:id/participants","statusCode":200,"latencyMs":25.815,"msg":"request completed"}
{"level":30,"time":1789777615287,"pid":21053,"hostname":"Glebs-MacBook-Pro.local","reqId":"b421b18b-6d7c-4cf7-ad38-38fdb9b1603a","event":"request_completed","requestId":"b421b18b-6d7c-4cf7-ad38-38fdb9b1603a","method":"POST","route":"/api/v1/tournaments/:id/participants","statusCode":200,"latencyMs":27.951,"msg":"request completed"}
{"level":30,"time":1789777615316,"pid":21053,"hostname":"Glebs-MacBook-Pro.local","reqId":"e62f0f06-9d22-4da8-b409-716f71fa7426","event":"request_completed","requestId":"e62f0f06-9d22-4da8-b409-716f71fa7426","method":"POST","route":"/api/v1/tournaments/:id/participants","statusCode":200,"latencyMs":25.902,"msg":"request completed"}
{"level":30,"time":1789777615350,"pid":21053,"hostname":"Glebs-MacBook-Pro.local","reqId":"9557c3ec-f270-418e-9948-84034ce54282","event":"request_completed","requestId":"9557c3ec-f270-418e-9948-84034ce54282","method":"POST","route":"/api/v1/tournaments/:id/participants","statusCode":200,"latencyMs":30.171,"msg":"request completed"}
{"level":30,"time":1789777615391,"pid":21053,"hostname":"Glebs-MacBook-Pro.local","reqId":"24cd2a36-c209-4ffe-8896-d49411cbe5b0","event":"request_completed","requestId":"24cd2a36-c209-4ffe-8896-d49411cbe5b0","method":"POST","route":"/api/v1/tournaments/:id/participants","statusCode":200,"latencyMs":36.804,"msg":"request completed"}
{"level":30,"time":1789777615414,"pid":21053,"hostname":"Glebs-MacBook-Pro.local","reqId":"1a49dbd5-f55d-4a61-97e4-98c0dd2938a3","event":"request_completed","requestId":"1a49dbd5-f55d-4a61-97e4-98c0dd2938a3","method":"PATCH","route":"/api/v1/tournaments/:id","statusCode":200,"latencyMs":18.632,"msg":"request completed"}
{"level":30,"time":1789777615443,"pid":21053,"hostname":"Glebs-MacBook-Pro.local","reqId":"641fb44c-716f-4ca1-884c-6309f3a4e4b1","event":"request_completed","requestId":"641fb44c-716f-4ca1-884c-6309f3a4e4b1","method":"GET","route":"/api/v1/auth/me","statusCode":200,"latencyMs":12.525,"msg":"request completed"}
{"level":30,"time":1789777615470,"pid":21053,"hostname":"Glebs-MacBook-Pro.local","reqId":"3a81ca22-c3bf-4d35-8a2d-fe30bc2caf00","event":"request_completed","requestId":"3a81ca22-c3bf-4d35-8a2d-fe30bc2caf00","method":"GET","route":"/api/v1/notifications","statusCode":200,"latencyMs":24.226,"msg":"request completed"}
{"level":30,"time":1789777615473,"pid":21053,"hostname":"Glebs-MacBook-Pro.local","reqId":"95b8f656-db9c-4277-ad35-558008b6f4de","event":"request_completed","requestId":"95b8f656-db9c-4277-ad35-558008b6f4de","method":"GET","route":"/api/v1/tournaments/:id","statusCode":200,"latencyMs":26.769,"msg":"request completed"}
{"level":30,"time":1789777615491,"pid":21053,"hostname":"Glebs-MacBook-Pro.local","reqId":"9727f258-8bbc-4109-a2b1-1dbb9647900f","event":"request_completed","requestId":"9727f258-8bbc-4109-a2b1-1dbb9647900f","method":"GET","route":"/api/v1/users/directory","statusCode":200,"latencyMs":13.476,"msg":"request completed"}
{"level":30,"time":1789777615614,"pid":21053,"hostname":"Glebs-MacBook-Pro.local","reqId":"f81d5aea-5674-489a-a238-545b2ec49fb3","event":"request_completed","requestId":"f81d5aea-5674-489a-a238-545b2ec49fb3","method":"POST","route":"/api/v1/tournaments/:id/bracket","statusCode":200,"latencyMs":51.745,"msg":"request completed"}
{"level":30,"time":1789777615640,"pid":21053,"hostname":"Glebs-MacBook-Pro.local","reqId":"4d2bfe84-a3e2-4062-b1f9-3ff86c0bb2c3","event":"request_completed","requestId":"4d2bfe84-a3e2-4062-b1f9-3ff86c0bb2c3","method":"GET","route":"/api/v1/tournaments/:id","statusCode":200,"latencyMs":23.225,"msg":"request completed"}
{"level":30,"time":1789777615712,"pid":21053,"hostname":"Glebs-MacBook-Pro.local","reqId":"cb610326-bcd5-4906-a5e2-bcda39f1d871","event":"request_completed","requestId":"cb610326-bcd5-4906-a5e2-bcda39f1d871","method":"GET","route":"/api/v1/tournaments/:id","statusCode":200,"latencyMs":29.151,"msg":"request completed"}
{"level":30,"time":1789777615805,"pid":21053,"hostname":"Glebs-MacBook-Pro.local","reqId":"d1896c39-24bd-4093-b57c-30c6a7aa2dde","event":"request_completed","requestId":"d1896c39-24bd-4093-b57c-30c6a7aa2dde","method":"GET","route":"/api/v1/tournaments/:id","statusCode":200,"latencyMs":33.51,"msg":"request completed"}
{"level":30,"time":1789777615812,"pid":21053,"hostname":"Glebs-MacBook-Pro.local","reqId":"454ce74e-6418-4ddb-96c2-356b021cafbe","event":"request_completed","requestId":"454ce74e-6418-4ddb-96c2-356b021cafbe","method":"PATCH","route":"/api/v1/tournaments/:id/bracket","statusCode":200,"latencyMs":46.198,"msg":"request completed"}
{"level":30,"time":1789777615827,"pid":21053,"hostname":"Glebs-MacBook-Pro.local","reqId":"05b69381-9562-43ce-8126-771c25af8443","event":"request_completed","requestId":"05b69381-9562-43ce-8126-771c25af8443","method":"GET","route":"/api/v1/tournaments/:id","statusCode":200,"latencyMs":12.496,"msg":"request completed"}
{"level":30,"time":1789777615963,"pid":21053,"hostname":"Glebs-MacBook-Pro.local","reqId":"e2b70716-e696-4819-8539-3dd78f37032e","event":"request_completed","requestId":"e2b70716-e696-4819-8539-3dd78f37032e","method":"GET","route":"/api/v1/tournaments/:id","statusCode":200,"latencyMs":51.996,"msg":"request completed"}
{"level":30,"time":1789777616150,"pid":21053,"hostname":"Glebs-MacBook-Pro.local","reqId":"cebae25d-a520-45c2-8f27-e11e1527e156","event":"request_completed","requestId":"cebae25d-a520-45c2-8f27-e11e1527e156","method":"GET","route":"/api/v1/tournaments/:id","statusCode":200,"latencyMs":32.215,"msg":"request completed"}
{"level":30,"time":1789777616169,"pid":21053,"hostname":"Glebs-MacBook-Pro.local","reqId":"2676a135-e2cd-4fac-971a-1970aca8d502","event":"request_completed","requestId":"2676a135-e2cd-4fac-971a-1970aca8d502","method":"GET","route":"/api/v1/tournaments/:id","statusCode":200,"latencyMs":15.86,"msg":"request completed"}
{"level":30,"time":1789777616205,"pid":21053,"hostname":"Glebs-MacBook-Pro.local","reqId":"102888a8-768c-4a6b-89a8-31f4f0fddd92","event":"request_completed","requestId":"102888a8-768c-4a6b-89a8-31f4f0fddd92","method":"POST","route":"/api/v1/tournaments/:id/start","statusCode":200,"latencyMs":92.197,"msg":"request completed"}
{"level":30,"time":1789777616307,"pid":21053,"hostname":"Glebs-MacBook-Pro.local","reqId":"c938b60f-5aa6-4527-96a1-1382c3c65fe8","event":"request_completed","requestId":"c938b60f-5aa6-4527-96a1-1382c3c65fe8","method":"GET","route":"/api/v1/tournaments/:id","statusCode":200,"latencyMs":34.068,"msg":"request completed"}
{"level":30,"time":1789777616328,"pid":21053,"hostname":"Glebs-MacBook-Pro.local","reqId":"d02d446f-77f3-4662-a48f-c1f65c979182","event":"request_completed","requestId":"d02d446f-77f3-4662-a48f-c1f65c979182","method":"GET","route":"/api/v1/tournaments/:id","statusCode":200,"latencyMs":17.16,"msg":"request completed"}
{"level":30,"time":1789777616350,"pid":21053,"hostname":"Glebs-MacBook-Pro.local","reqId":"03850485-0f75-4a17-bc3d-3ea9e4b7c9ac","event":"request_completed","requestId":"03850485-0f75-4a17-bc3d-3ea9e4b7c9ac","method":"GET","route":"/api/v1/matches/:matchId","statusCode":200,"latencyMs":19.124,"msg":"request completed"}
{"level":30,"time":1789777616374,"pid":21053,"hostname":"Glebs-MacBook-Pro.local","reqId":"beabe7f6-0198-4233-84f1-4767ca8aa58b","event":"request_completed","requestId":"beabe7f6-0198-4233-84f1-4767ca8aa58b","method":"POST","route":"/api/v1/matches/:matchId/judge/acquire","statusCode":200,"latencyMs":21.045,"msg":"request completed"}
{"level":30,"time":1789777616405,"pid":21053,"hostname":"Glebs-MacBook-Pro.local","reqId":"7b671f83-c3ee-4495-a425-7df5b7c36eb9","event":"request_completed","requestId":"7b671f83-c3ee-4495-a425-7df5b7c36eb9","method":"POST","route":"/api/v1/matches/:matchId/start","statusCode":200,"latencyMs":25.258,"msg":"request completed"}
{"level":30,"time":1789777616428,"pid":21053,"hostname":"Glebs-MacBook-Pro.local","reqId":"e1eb7924-635b-4adc-b7aa-257392193373","event":"request_completed","requestId":"e1eb7924-635b-4adc-b7aa-257392193373","method":"POST","route":"/api/v1/matches/:matchId/points","statusCode":200,"latencyMs":18.586,"msg":"request completed"}
{"level":30,"time":1789777616467,"pid":21053,"hostname":"Glebs-MacBook-Pro.local","reqId":"420a89cb-51c8-402f-bc14-9e668d868e6a","event":"request_completed","requestId":"420a89cb-51c8-402f-bc14-9e668d868e6a","method":"POST","route":"/api/v1/matches/:matchId/confirm-finish","statusCode":200,"latencyMs":35.944,"msg":"request completed"}
{"level":30,"time":1789777616484,"pid":21053,"hostname":"Glebs-MacBook-Pro.local","reqId":"9bfe744f-1a13-424b-a438-ce6278cce3d5","event":"request_completed","requestId":"9bfe744f-1a13-424b-a438-ce6278cce3d5","method":"GET","route":"/api/v1/tournaments/:id","statusCode":200,"latencyMs":13.928,"msg":"request completed"}
{"level":30,"time":1789777616496,"pid":21053,"hostname":"Glebs-MacBook-Pro.local","reqId":"9865a0c2-35cc-42e6-9a17-6f3ce26bc75b","event":"request_completed","requestId":"9865a0c2-35cc-42e6-9a17-6f3ce26bc75b","method":"GET","route":"/api/v1/matches/:matchId","statusCode":200,"latencyMs":8.152,"msg":"request completed"}
{"level":30,"time":1789777616519,"pid":21053,"hostname":"Glebs-MacBook-Pro.local","reqId":"11ee383c-9217-4bd9-9e02-a1599d75cf99","event":"request_completed","requestId":"11ee383c-9217-4bd9-9e02-a1599d75cf99","method":"POST","route":"/api/v1/matches/:matchId/judge/acquire","statusCode":200,"latencyMs":20.351,"msg":"request completed"}
{"level":30,"time":1789777616550,"pid":21053,"hostname":"Glebs-MacBook-Pro.local","reqId":"605a44ff-eddf-4d4a-8bfe-c550878ee369","event":"request_completed","requestId":"605a44ff-eddf-4d4a-8bfe-c550878ee369","method":"POST","route":"/api/v1/matches/:matchId/start","statusCode":200,"latencyMs":26.233,"msg":"request completed"}
{"level":30,"time":1789777616575,"pid":21053,"hostname":"Glebs-MacBook-Pro.local","reqId":"e0de9340-aa82-4cd2-a502-03be3e0e9e28","event":"request_completed","requestId":"e0de9340-aa82-4cd2-a502-03be3e0e9e28","method":"POST","route":"/api/v1/matches/:matchId/points","statusCode":200,"latencyMs":21.91,"msg":"request completed"}
{"level":30,"time":1789777616659,"pid":21053,"hostname":"Glebs-MacBook-Pro.local","reqId":"f855b74f-83ce-4422-b645-f258090eb158","event":"request_completed","requestId":"f855b74f-83ce-4422-b645-f258090eb158","method":"POST","route":"/api/v1/matches/:matchId/confirm-finish","statusCode":200,"latencyMs":80.852,"msg":"request completed"}
{"level":30,"time":1789777616678,"pid":21053,"hostname":"Glebs-MacBook-Pro.local","reqId":"ff07d363-e7f7-4550-bcd9-e00306301e95","event":"request_completed","requestId":"ff07d363-e7f7-4550-bcd9-e00306301e95","method":"GET","route":"/api/v1/tournaments/:id","statusCode":200,"latencyMs":15.468,"msg":"request completed"}
{"level":30,"time":1789777616689,"pid":21053,"hostname":"Glebs-MacBook-Pro.local","reqId":"b6c1656d-f2c4-40e5-ba63-470ed684bab9","event":"request_completed","requestId":"b6c1656d-f2c4-40e5-ba63-470ed684bab9","method":"GET","route":"/api/v1/matches/:matchId","statusCode":200,"latencyMs":7.557,"msg":"request completed"}
{"level":30,"time":1789777616713,"pid":21053,"hostname":"Glebs-MacBook-Pro.local","reqId":"ce86b7d8-d626-47d0-9ed4-68f6ccb593d7","event":"request_completed","requestId":"ce86b7d8-d626-47d0-9ed4-68f6ccb593d7","method":"POST","route":"/api/v1/matches/:matchId/judge/acquire","statusCode":200,"latencyMs":21.317,"msg":"request completed"}
{"level":30,"time":1789777616749,"pid":21053,"hostname":"Glebs-MacBook-Pro.local","reqId":"31bb87b8-3385-4c9e-b4b4-db417aaf0eaa","event":"request_completed","requestId":"31bb87b8-3385-4c9e-b4b4-db417aaf0eaa","method":"POST","route":"/api/v1/matches/:matchId/start","statusCode":200,"latencyMs":31.554,"msg":"request completed"}
{"level":30,"time":1789777616774,"pid":21053,"hostname":"Glebs-MacBook-Pro.local","reqId":"33333805-a129-4b40-92f6-6ab7a84edddc","event":"request_completed","requestId":"33333805-a129-4b40-92f6-6ab7a84edddc","method":"POST","route":"/api/v1/matches/:matchId/points","statusCode":200,"latencyMs":21.26,"msg":"request completed"}
{"level":30,"time":1789777616823,"pid":21053,"hostname":"Glebs-MacBook-Pro.local","reqId":"f7a8ae70-0bc2-4f61-a0ea-a7430bd3eff4","event":"request_completed","requestId":"f7a8ae70-0bc2-4f61-a0ea-a7430bd3eff4","method":"POST","route":"/api/v1/matches/:matchId/confirm-finish","statusCode":200,"latencyMs":45.408,"msg":"request completed"}
{"level":30,"time":1789777616840,"pid":21053,"hostname":"Glebs-MacBook-Pro.local","reqId":"2a90e1f0-dc47-466c-8923-b06807423174","event":"request_completed","requestId":"2a90e1f0-dc47-466c-8923-b06807423174","method":"GET","route":"/api/v1/tournaments/:id","statusCode":200,"latencyMs":13.79,"msg":"request completed"}
{"level":30,"time":1789777616854,"pid":21053,"hostname":"Glebs-MacBook-Pro.local","reqId":"295fa377-cdd7-42c8-94b8-8748cdbe04ec","event":"request_completed","requestId":"295fa377-cdd7-42c8-94b8-8748cdbe04ec","method":"GET","route":"/api/v1/matches/:matchId","statusCode":200,"latencyMs":9.508,"msg":"request completed"}
{"level":30,"time":1789777616880,"pid":21053,"hostname":"Glebs-MacBook-Pro.local","reqId":"a5001370-c224-4bc1-86cc-7cd972471f90","event":"request_completed","requestId":"a5001370-c224-4bc1-86cc-7cd972471f90","method":"POST","route":"/api/v1/matches/:matchId/judge/acquire","statusCode":200,"latencyMs":22.615,"msg":"request completed"}
{"level":30,"time":1789777616919,"pid":21053,"hostname":"Glebs-MacBook-Pro.local","reqId":"0774f10d-da4e-4aac-b243-78a694c62ba3","event":"request_completed","requestId":"0774f10d-da4e-4aac-b243-78a694c62ba3","method":"POST","route":"/api/v1/matches/:matchId/start","statusCode":200,"latencyMs":35.376,"msg":"request completed"}
{"level":30,"time":1789777616944,"pid":21053,"hostname":"Glebs-MacBook-Pro.local","reqId":"dc088e37-da33-430d-b6aa-6b4614b9cd7c","event":"request_completed","requestId":"dc088e37-da33-430d-b6aa-6b4614b9cd7c","method":"POST","route":"/api/v1/matches/:matchId/points","statusCode":200,"latencyMs":21.051,"msg":"request completed"}
{"level":30,"time":1789777617015,"pid":21053,"hostname":"Glebs-MacBook-Pro.local","reqId":"092f6244-5f7b-4b39-9bbb-4be4301cbdca","event":"request_completed","requestId":"092f6244-5f7b-4b39-9bbb-4be4301cbdca","method":"POST","route":"/api/v1/matches/:matchId/confirm-finish","statusCode":200,"latencyMs":67.382,"msg":"request completed"}
{"level":30,"time":1789777617041,"pid":21053,"hostname":"Glebs-MacBook-Pro.local","reqId":"c08f644d-d749-4aee-944e-d583313f3785","event":"request_completed","requestId":"c08f644d-d749-4aee-944e-d583313f3785","method":"GET","route":"/api/v1/tournaments/:id","statusCode":200,"latencyMs":21.67,"msg":"request completed"}
{"level":30,"time":1789777617053,"pid":21053,"hostname":"Glebs-MacBook-Pro.local","reqId":"5d7ea9cf-a185-4793-aedd-50dee9da88dd","event":"request_completed","requestId":"5d7ea9cf-a185-4793-aedd-50dee9da88dd","method":"GET","route":"/api/v1/matches/:matchId","statusCode":200,"latencyMs":9.247,"msg":"request completed"}
{"level":30,"time":1789777617094,"pid":21053,"hostname":"Glebs-MacBook-Pro.local","reqId":"d8992e55-705e-4ccc-a0c6-07ef137e1cb1","event":"request_completed","requestId":"d8992e55-705e-4ccc-a0c6-07ef137e1cb1","method":"POST","route":"/api/v1/matches/:matchId/judge/acquire","statusCode":200,"latencyMs":23.651,"msg":"request completed"}
{"level":30,"time":1789777617125,"pid":21053,"hostname":"Glebs-MacBook-Pro.local","reqId":"53a90464-dc20-4f8a-a470-857504b12502","event":"request_completed","requestId":"53a90464-dc20-4f8a-a470-857504b12502","method":"POST","route":"/api/v1/matches/:matchId/start","statusCode":200,"latencyMs":27.903,"msg":"request completed"}
{"level":30,"time":1789777617151,"pid":21053,"hostname":"Glebs-MacBook-Pro.local","reqId":"8bfac7f5-c46c-4449-bf65-7effad5ca2e8","event":"request_completed","requestId":"8bfac7f5-c46c-4449-bf65-7effad5ca2e8","method":"POST","route":"/api/v1/matches/:matchId/points","statusCode":200,"latencyMs":22.088,"msg":"request completed"}
{"level":30,"time":1789777617192,"pid":21053,"hostname":"Glebs-MacBook-Pro.local","reqId":"fd4120ad-5ef0-467c-8127-1ae74015aa9e","event":"request_completed","requestId":"fd4120ad-5ef0-467c-8127-1ae74015aa9e","method":"POST","route":"/api/v1/matches/:matchId/confirm-finish","statusCode":200,"latencyMs":37.33,"msg":"request completed"}
{"level":30,"time":1789777617209,"pid":21053,"hostname":"Glebs-MacBook-Pro.local","reqId":"984005f4-ff0d-44cd-a18b-86210eecabf7","event":"request_completed","requestId":"984005f4-ff0d-44cd-a18b-86210eecabf7","method":"GET","route":"/api/v1/tournaments/:id","statusCode":200,"latencyMs":13.97,"msg":"request completed"}
{"level":30,"time":1789777617221,"pid":21053,"hostname":"Glebs-MacBook-Pro.local","reqId":"d58d6b51-3198-47a1-8f4e-ddaf9a91af0e","event":"request_completed","requestId":"d58d6b51-3198-47a1-8f4e-ddaf9a91af0e","method":"GET","route":"/api/v1/matches/:matchId","statusCode":200,"latencyMs":8.859,"msg":"request completed"}
{"level":30,"time":1789777617248,"pid":21053,"hostname":"Glebs-MacBook-Pro.local","reqId":"18004060-8639-4e1d-b94f-d233d6f1a694","event":"request_completed","requestId":"18004060-8639-4e1d-b94f-d233d6f1a694","method":"POST","route":"/api/v1/matches/:matchId/judge/acquire","statusCode":200,"latencyMs":23.351,"msg":"request completed"}
{"level":30,"time":1789777617288,"pid":21053,"hostname":"Glebs-MacBook-Pro.local","reqId":"6da4911e-8d11-466d-a1cc-7ccab32f0136","event":"request_completed","requestId":"6da4911e-8d11-466d-a1cc-7ccab32f0136","method":"POST","route":"/api/v1/matches/:matchId/start","statusCode":200,"latencyMs":36.394,"msg":"request completed"}
{"level":30,"time":1789777617314,"pid":21053,"hostname":"Glebs-MacBook-Pro.local","reqId":"1af9d5f8-756e-4f73-b9f0-7759a01c630f","event":"request_completed","requestId":"1af9d5f8-756e-4f73-b9f0-7759a01c630f","method":"POST","route":"/api/v1/matches/:matchId/points","statusCode":200,"latencyMs":22.327,"msg":"request completed"}
{"level":30,"time":1789777617360,"pid":21053,"hostname":"Glebs-MacBook-Pro.local","reqId":"ba50e932-e5b4-45b3-802e-68486f9cb7d4","event":"request_completed","requestId":"ba50e932-e5b4-45b3-802e-68486f9cb7d4","method":"POST","route":"/api/v1/matches/:matchId/confirm-finish","statusCode":200,"latencyMs":42.273,"msg":"request completed"}
{"level":30,"time":1789777617375,"pid":21053,"hostname":"Glebs-MacBook-Pro.local","reqId":"d2c5cf0a-d99e-4008-b67d-e1a0e5e81a2f","event":"request_completed","requestId":"d2c5cf0a-d99e-4008-b67d-e1a0e5e81a2f","method":"GET","route":"/api/v1/tournaments/:id","statusCode":200,"latencyMs":11.782,"msg":"request completed"}
{"level":30,"time":1789777617388,"pid":21053,"hostname":"Glebs-MacBook-Pro.local","reqId":"c704fb83-5e97-49cd-9a63-e7898b15c2a0","event":"request_completed","requestId":"c704fb83-5e97-49cd-9a63-e7898b15c2a0","method":"GET","route":"/api/v1/matches/:matchId","statusCode":200,"latencyMs":8.022,"msg":"request completed"}
{"level":30,"time":1789777617413,"pid":21053,"hostname":"Glebs-MacBook-Pro.local","reqId":"d9c395f7-5d77-477a-ab4c-cc453a0c94e0","event":"request_completed","requestId":"d9c395f7-5d77-477a-ab4c-cc453a0c94e0","method":"POST","route":"/api/v1/matches/:matchId/judge/acquire","statusCode":200,"latencyMs":21.86,"msg":"request completed"}
{"level":30,"time":1789777617444,"pid":21053,"hostname":"Glebs-MacBook-Pro.local","reqId":"06c91e57-cb0e-428d-9c9e-32784772c5b9","event":"request_completed","requestId":"06c91e57-cb0e-428d-9c9e-32784772c5b9","method":"POST","route":"/api/v1/matches/:matchId/start","statusCode":200,"latencyMs":27.945,"msg":"request completed"}
{"level":30,"time":1789777622530,"pid":21053,"hostname":"Glebs-MacBook-Pro.local","reqId":"9b13e543-ede3-4b4f-970e-7f9b80173fb6","event":"request_completed","requestId":"9b13e543-ede3-4b4f-970e-7f9b80173fb6","method":"POST","route":"/api/v1/matches/:matchId/points","statusCode":200,"latencyMs":80.595,"msg":"request completed"}
{"level":30,"time":1789777622626,"pid":21053,"hostname":"Glebs-MacBook-Pro.local","reqId":"31e08e15-a439-4125-9129-13ef7274b03f","event":"request_completed","requestId":"31e08e15-a439-4125-9129-13ef7274b03f","method":"POST","route":"/api/v1/matches/:matchId/confirm-finish","statusCode":200,"latencyMs":86.679,"msg":"request completed"}
{"level":30,"time":1789777622648,"pid":21053,"hostname":"Glebs-MacBook-Pro.local","reqId":"67b5993d-3d75-426a-9bc1-ba0ecdf0f82e","event":"request_completed","requestId":"67b5993d-3d75-426a-9bc1-ba0ecdf0f82e","method":"GET","route":"/api/v1/tournaments/:id","statusCode":200,"latencyMs":17.209,"msg":"request completed"}
{"level":30,"time":1789777622660,"pid":21053,"hostname":"Glebs-MacBook-Pro.local","reqId":"59b5ac4d-5404-431c-93a6-e29aaf7ad0c8","event":"request_completed","requestId":"59b5ac4d-5404-431c-93a6-e29aaf7ad0c8","method":"GET","route":"/api/v1/matches/:matchId","statusCode":200,"latencyMs":9.461,"msg":"request completed"}
{"level":30,"time":1789777622687,"pid":21053,"hostname":"Glebs-MacBook-Pro.local","reqId":"f0b03d6d-3424-404b-b2d9-e3b5d06efe77","event":"request_completed","requestId":"f0b03d6d-3424-404b-b2d9-e3b5d06efe77","method":"POST","route":"/api/v1/matches/:matchId/judge/acquire","statusCode":200,"latencyMs":23.295,"msg":"request completed"}
{"level":30,"time":1789777622722,"pid":21053,"hostname":"Glebs-MacBook-Pro.local","reqId":"039a6aa4-5167-45a3-bb10-aec1b05a9401","event":"request_completed","requestId":"039a6aa4-5167-45a3-bb10-aec1b05a9401","method":"POST","route":"/api/v1/matches/:matchId/start","statusCode":200,"latencyMs":31.237,"msg":"request completed"}
{"level":30,"time":1789777622750,"pid":21053,"hostname":"Glebs-MacBook-Pro.local","reqId":"5d1a6681-c6fb-4fe6-ad88-1dd65f149602","event":"request_completed","requestId":"5d1a6681-c6fb-4fe6-ad88-1dd65f149602","method":"POST","route":"/api/v1/matches/:matchId/points","statusCode":200,"latencyMs":24.536,"msg":"request completed"}
{"level":30,"time":1789777622796,"pid":21053,"hostname":"Glebs-MacBook-Pro.local","reqId":"980d626b-1e02-4e6f-9d17-70451ee88f78","event":"request_completed","requestId":"980d626b-1e02-4e6f-9d17-70451ee88f78","method":"POST","route":"/api/v1/matches/:matchId/confirm-finish","statusCode":200,"latencyMs":41.826,"msg":"request completed"}
{"level":30,"time":1789777622826,"pid":21053,"hostname":"Glebs-MacBook-Pro.local","reqId":"30554f26-ce46-4e18-a56b-fe51f8e464d2","event":"request_completed","requestId":"30554f26-ce46-4e18-a56b-fe51f8e464d2","method":"GET","route":"/api/v1/tournaments/:id","statusCode":200,"latencyMs":26.719,"msg":"request completed"}
{"level":30,"time":1789777622845,"pid":21053,"hostname":"Glebs-MacBook-Pro.local","reqId":"33291c08-ce77-4390-b594-4bd40cb4e3ad","event":"request_completed","requestId":"33291c08-ce77-4390-b594-4bd40cb4e3ad","method":"GET","route":"/api/v1/matches/:matchId","statusCode":200,"latencyMs":14.892,"msg":"request completed"}
{"level":30,"time":1789777622880,"pid":21053,"hostname":"Glebs-MacBook-Pro.local","reqId":"ab16ff01-2dd6-48be-8b1f-1d11bbec22d6","event":"request_completed","requestId":"ab16ff01-2dd6-48be-8b1f-1d11bbec22d6","method":"POST","route":"/api/v1/matches/:matchId/judge/acquire","statusCode":200,"latencyMs":31.632,"msg":"request completed"}
{"level":30,"time":1789777622913,"pid":21053,"hostname":"Glebs-MacBook-Pro.local","reqId":"0706c4c8-0401-46f6-a43f-402b50e2cd54","event":"request_completed","requestId":"0706c4c8-0401-46f6-a43f-402b50e2cd54","method":"POST","route":"/api/v1/matches/:matchId/start","statusCode":200,"latencyMs":29.112,"msg":"request completed"}
{"level":30,"time":1789777622938,"pid":21053,"hostname":"Glebs-MacBook-Pro.local","reqId":"37151dea-a06e-420a-a501-ba122499e61d","event":"request_completed","requestId":"37151dea-a06e-420a-a501-ba122499e61d","method":"POST","route":"/api/v1/matches/:matchId/points","statusCode":200,"latencyMs":21.418,"msg":"request completed"}
{"level":30,"time":1789777622995,"pid":21053,"hostname":"Glebs-MacBook-Pro.local","reqId":"6fdf11cd-1f20-49ef-8315-d60e5437e186","event":"request_completed","requestId":"6fdf11cd-1f20-49ef-8315-d60e5437e186","method":"POST","route":"/api/v1/matches/:matchId/confirm-finish","statusCode":200,"latencyMs":51.402,"msg":"request completed"}
{"level":30,"time":1789777623013,"pid":21053,"hostname":"Glebs-MacBook-Pro.local","reqId":"4c9396c2-7fde-47b8-8a91-183033d0e300","event":"request_completed","requestId":"4c9396c2-7fde-47b8-8a91-183033d0e300","method":"GET","route":"/api/v1/tournaments/:id","statusCode":200,"latencyMs":14.314,"msg":"request completed"}
{"level":30,"time":1789777623026,"pid":21053,"hostname":"Glebs-MacBook-Pro.local","reqId":"d01c59d8-687e-413c-8a80-7a7e6b41676c","event":"request_completed","requestId":"d01c59d8-687e-413c-8a80-7a7e6b41676c","method":"GET","route":"/api/v1/matches/:matchId","statusCode":200,"latencyMs":9.684,"msg":"request completed"}
{"level":30,"time":1789777623050,"pid":21053,"hostname":"Glebs-MacBook-Pro.local","reqId":"e3075022-ee03-4c91-8dfe-37a3e364b864","event":"request_completed","requestId":"e3075022-ee03-4c91-8dfe-37a3e364b864","method":"POST","route":"/api/v1/matches/:matchId/judge/acquire","statusCode":200,"latencyMs":21.077,"msg":"request completed"}
{"level":30,"time":1789777623082,"pid":21053,"hostname":"Glebs-MacBook-Pro.local","reqId":"20bf1683-643b-4eaf-9c1e-584612ae38f3","event":"request_completed","requestId":"20bf1683-643b-4eaf-9c1e-584612ae38f3","method":"POST","route":"/api/v1/matches/:matchId/start","statusCode":200,"latencyMs":28.706,"msg":"request completed"}
{"level":30,"time":1789777623104,"pid":21053,"hostname":"Glebs-MacBook-Pro.local","reqId":"c71e6d93-b34a-46f4-a2a4-33a3c1877e80","event":"request_completed","requestId":"c71e6d93-b34a-46f4-a2a4-33a3c1877e80","method":"POST","route":"/api/v1/matches/:matchId/points","statusCode":200,"latencyMs":18.607,"msg":"request completed"}
{"level":30,"time":1789777623146,"pid":21053,"hostname":"Glebs-MacBook-Pro.local","reqId":"4bc09af5-76fb-4817-ba34-69ead436b020","event":"request_completed","requestId":"4bc09af5-76fb-4817-ba34-69ead436b020","method":"POST","route":"/api/v1/matches/:matchId/confirm-finish","statusCode":200,"latencyMs":38.101,"msg":"request completed"}
{"level":30,"time":1789777623166,"pid":21053,"hostname":"Glebs-MacBook-Pro.local","reqId":"65edfc5a-5255-4f9f-9b2e-7a2408a4db1e","event":"request_completed","requestId":"65edfc5a-5255-4f9f-9b2e-7a2408a4db1e","method":"GET","route":"/api/v1/tournaments/:id","statusCode":200,"latencyMs":15.028,"msg":"request completed"}
{"level":30,"time":1789777623179,"pid":21053,"hostname":"Glebs-MacBook-Pro.local","reqId":"9566fbf4-c1fe-4ca5-ade5-a7fd30db927b","event":"request_completed","requestId":"9566fbf4-c1fe-4ca5-ade5-a7fd30db927b","method":"GET","route":"/api/v1/matches/:matchId","statusCode":200,"latencyMs":10.115,"msg":"request completed"}
{"level":30,"time":1789777623204,"pid":21053,"hostname":"Glebs-MacBook-Pro.local","reqId":"a49ba6e6-728f-456b-80fb-1d6d61ddb287","event":"request_completed","requestId":"a49ba6e6-728f-456b-80fb-1d6d61ddb287","method":"POST","route":"/api/v1/matches/:matchId/judge/acquire","statusCode":200,"latencyMs":21.675,"msg":"request completed"}
{"level":30,"time":1789777623236,"pid":21053,"hostname":"Glebs-MacBook-Pro.local","reqId":"65885735-3d79-41a0-8f16-4ede4b6ad92b","event":"request_completed","requestId":"65885735-3d79-41a0-8f16-4ede4b6ad92b","method":"POST","route":"/api/v1/matches/:matchId/start","statusCode":200,"latencyMs":28.092,"msg":"request completed"}
{"level":30,"time":1789777623261,"pid":21053,"hostname":"Glebs-MacBook-Pro.local","reqId":"3d7ad85e-6112-4368-bc7c-ddf4071a8de1","event":"request_completed","requestId":"3d7ad85e-6112-4368-bc7c-ddf4071a8de1","method":"POST","route":"/api/v1/matches/:matchId/points","statusCode":200,"latencyMs":21.483,"msg":"request completed"}
{"level":30,"time":1789777623314,"pid":21053,"hostname":"Glebs-MacBook-Pro.local","reqId":"97d4a45e-4819-4506-b0ed-281eb05b2aff","event":"request_completed","requestId":"97d4a45e-4819-4506-b0ed-281eb05b2aff","method":"POST","route":"/api/v1/matches/:matchId/confirm-finish","statusCode":200,"latencyMs":49.128,"msg":"request completed"}
{"level":30,"time":1789777623329,"pid":21053,"hostname":"Glebs-MacBook-Pro.local","reqId":"337c2025-1c6e-4f75-873d-92370752593b","event":"request_completed","requestId":"337c2025-1c6e-4f75-873d-92370752593b","method":"GET","route":"/api/v1/tournaments/:id","statusCode":200,"latencyMs":11.325,"msg":"request completed"}
{"level":30,"time":1789777623341,"pid":21053,"hostname":"Glebs-MacBook-Pro.local","reqId":"47c91865-dc1f-4893-9b29-943a2346b4b1","event":"request_completed","requestId":"47c91865-dc1f-4893-9b29-943a2346b4b1","method":"GET","route":"/api/v1/matches/:matchId","statusCode":200,"latencyMs":8.64,"msg":"request completed"}
{"level":30,"time":1789777623363,"pid":21053,"hostname":"Glebs-MacBook-Pro.local","reqId":"fc683427-f740-4f4f-b8fb-d3d3e1c4f365","event":"request_completed","requestId":"fc683427-f740-4f4f-b8fb-d3d3e1c4f365","method":"POST","route":"/api/v1/matches/:matchId/judge/acquire","statusCode":200,"latencyMs":19.516,"msg":"request completed"}
{"level":30,"time":1789777623395,"pid":21053,"hostname":"Glebs-MacBook-Pro.local","reqId":"a19e630f-ec18-4f05-867a-8f2c91ad0e33","event":"request_completed","requestId":"a19e630f-ec18-4f05-867a-8f2c91ad0e33","method":"POST","route":"/api/v1/matches/:matchId/start","statusCode":200,"latencyMs":28.033,"msg":"request completed"}
{"level":30,"time":1789777623422,"pid":21053,"hostname":"Glebs-MacBook-Pro.local","reqId":"5f1e70e4-9247-4a86-86dd-32be3047a575","event":"request_completed","requestId":"5f1e70e4-9247-4a86-86dd-32be3047a575","method":"POST","route":"/api/v1/matches/:matchId/points","statusCode":200,"latencyMs":23.249,"msg":"request completed"}
{"level":30,"time":1789777623472,"pid":21053,"hostname":"Glebs-MacBook-Pro.local","reqId":"7ae334ad-b5ba-4c5b-b210-b3f3e2e7dbb0","event":"request_completed","requestId":"7ae334ad-b5ba-4c5b-b210-b3f3e2e7dbb0","method":"POST","route":"/api/v1/matches/:matchId/confirm-finish","statusCode":200,"latencyMs":46.378,"msg":"request completed"}
{"level":30,"time":1789777623488,"pid":21053,"hostname":"Glebs-MacBook-Pro.local","reqId":"b4ff0d1b-9423-4c03-97c9-76acddf153af","event":"request_completed","requestId":"b4ff0d1b-9423-4c03-97c9-76acddf153af","method":"GET","route":"/api/v1/tournaments/:id","statusCode":200,"latencyMs":12.44,"msg":"request completed"}
{"level":30,"time":1789777623500,"pid":21053,"hostname":"Glebs-MacBook-Pro.local","reqId":"e58c9c22-63f1-4152-b2d8-95e3134f5a11","event":"request_completed","requestId":"e58c9c22-63f1-4152-b2d8-95e3134f5a11","method":"GET","route":"/api/v1/matches/:matchId","statusCode":200,"latencyMs":8.319,"msg":"request completed"}
{"level":30,"time":1789777623527,"pid":21053,"hostname":"Glebs-MacBook-Pro.local","reqId":"a957bc96-f8b4-43ba-8031-fb8c00f35e4d","event":"request_completed","requestId":"a957bc96-f8b4-43ba-8031-fb8c00f35e4d","method":"POST","route":"/api/v1/matches/:matchId/judge/acquire","statusCode":200,"latencyMs":23.769,"msg":"request completed"}
{"level":30,"time":1789777623560,"pid":21053,"hostname":"Glebs-MacBook-Pro.local","reqId":"18c05be8-576d-4d7d-83dc-6d2ecb40f5b5","event":"request_completed","requestId":"18c05be8-576d-4d7d-83dc-6d2ecb40f5b5","method":"POST","route":"/api/v1/matches/:matchId/start","statusCode":200,"latencyMs":29.953,"msg":"request completed"}
{"level":30,"time":1789777623586,"pid":21053,"hostname":"Glebs-MacBook-Pro.local","reqId":"4b5616eb-1c74-40c1-84e6-81308e046eb3","event":"request_completed","requestId":"4b5616eb-1c74-40c1-84e6-81308e046eb3","method":"POST","route":"/api/v1/matches/:matchId/points","statusCode":200,"latencyMs":22.288,"msg":"request completed"}
{"level":30,"time":1789777623643,"pid":21053,"hostname":"Glebs-MacBook-Pro.local","reqId":"4621d9a4-00a3-4fa3-b3ff-f3494eff5067","event":"request_completed","requestId":"4621d9a4-00a3-4fa3-b3ff-f3494eff5067","method":"POST","route":"/api/v1/matches/:matchId/confirm-finish","statusCode":200,"latencyMs":53.041,"msg":"request completed"}
{"level":30,"time":1789777623662,"pid":21053,"hostname":"Glebs-MacBook-Pro.local","reqId":"062e609f-cb8f-4e0c-8abb-939aff1a8c5d","event":"request_completed","requestId":"062e609f-cb8f-4e0c-8abb-939aff1a8c5d","method":"GET","route":"/api/v1/tournaments/:id","statusCode":200,"latencyMs":15.202,"msg":"request completed"}
{"level":30,"time":1789777623673,"pid":21053,"hostname":"Glebs-MacBook-Pro.local","reqId":"4f0ddb9b-7121-4334-a4bb-7a5bd16f1efc","event":"request_completed","requestId":"4f0ddb9b-7121-4334-a4bb-7a5bd16f1efc","method":"GET","route":"/api/v1/matches/:matchId","statusCode":200,"latencyMs":8.479,"msg":"request completed"}
{"level":30,"time":1789777623696,"pid":21053,"hostname":"Glebs-MacBook-Pro.local","reqId":"ea97b265-1764-48d3-8f7d-afb5e5119788","event":"request_completed","requestId":"ea97b265-1764-48d3-8f7d-afb5e5119788","method":"POST","route":"/api/v1/matches/:matchId/judge/acquire","statusCode":200,"latencyMs":20.094,"msg":"request completed"}
{"level":30,"time":1789777623725,"pid":21053,"hostname":"Glebs-MacBook-Pro.local","reqId":"64703417-776d-456e-8e9f-466b42da948a","event":"request_completed","requestId":"64703417-776d-456e-8e9f-466b42da948a","method":"POST","route":"/api/v1/matches/:matchId/start","statusCode":200,"latencyMs":25.431,"msg":"request completed"}
{"level":30,"time":1789777623751,"pid":21053,"hostname":"Glebs-MacBook-Pro.local","reqId":"5393d9c2-0821-4c9e-8567-87e913cb85e9","event":"request_completed","requestId":"5393d9c2-0821-4c9e-8567-87e913cb85e9","method":"POST","route":"/api/v1/matches/:matchId/points","statusCode":200,"latencyMs":22.501,"msg":"request completed"}
{"level":30,"time":1789777623791,"pid":21053,"hostname":"Glebs-MacBook-Pro.local","reqId":"79d2e173-1eff-4bfd-80a8-2989684be5b3","event":"request_completed","requestId":"79d2e173-1eff-4bfd-80a8-2989684be5b3","method":"POST","route":"/api/v1/matches/:matchId/confirm-finish","statusCode":200,"latencyMs":36.09,"msg":"request completed"}
{"level":30,"time":1789777623805,"pid":21053,"hostname":"Glebs-MacBook-Pro.local","reqId":"ec06d329-5cb4-429f-aa93-7abc84b4d2d8","event":"request_completed","requestId":"ec06d329-5cb4-429f-aa93-7abc84b4d2d8","method":"GET","route":"/api/v1/tournaments/:id","statusCode":200,"latencyMs":10.097,"msg":"request completed"}
{"level":30,"time":1789777623819,"pid":21053,"hostname":"Glebs-MacBook-Pro.local","reqId":"4e014b43-bb37-401b-89d7-020e79edd698","event":"request_completed","requestId":"4e014b43-bb37-401b-89d7-020e79edd698","method":"GET","route":"/api/v1/tournaments/:id","statusCode":200,"latencyMs":11.333,"msg":"request completed"}
{"level":30,"time":1789777623843,"pid":21053,"hostname":"Glebs-MacBook-Pro.local","reqId":"512289c8-35ac-4141-aa9e-04f4453585a3","event":"request_completed","requestId":"512289c8-35ac-4141-aa9e-04f4453585a3","method":"GET","route":"/api/v1/auth/me","statusCode":200,"latencyMs":5.181,"msg":"request completed"}
{"level":30,"time":1789777623861,"pid":21053,"hostname":"Glebs-MacBook-Pro.local","reqId":"ec22be15-24ad-41f9-a923-627d3e61f623","event":"request_completed","requestId":"ec22be15-24ad-41f9-a923-627d3e61f623","method":"GET","route":"/api/v1/notifications","statusCode":200,"latencyMs":14.743,"msg":"request completed"}
{"level":30,"time":1789777623862,"pid":21053,"hostname":"Glebs-MacBook-Pro.local","reqId":"a16d5665-c626-4670-96fc-8139bd5cca58","event":"request_completed","requestId":"a16d5665-c626-4670-96fc-8139bd5cca58","method":"GET","route":"/api/v1/tournaments/:id","statusCode":200,"latencyMs":15.058,"msg":"request completed"}
  ✓  21 [chromium-desktop] › tests/e2e/wave-d-tournaments.spec.ts:19:7 › Wave D tournament double_elimination/8 roster, seed edit, complete and results (9.9s)
{"level":30,"time":1789777624197,"pid":21053,"hostname":"Glebs-MacBook-Pro.local","reqId":"cd4792d0-09c3-40b5-b226-2e6d9edf1bfa","event":"request_completed","requestId":"cd4792d0-09c3-40b5-b226-2e6d9edf1bfa","method":"GET","route":"/health","statusCode":200,"latencyMs":0.174,"msg":"request completed"}
{"level":30,"time":1789777624236,"pid":21053,"hostname":"Glebs-MacBook-Pro.local","reqId":"87964332-b02f-4918-88e1-db091db39bb1","event":"request_completed","requestId":"87964332-b02f-4918-88e1-db091db39bb1","method":"POST","route":"/api/v1/auth/login","statusCode":200,"latencyMs":35.03,"msg":"request completed"}
{"level":30,"time":1789777624254,"pid":21053,"hostname":"Glebs-MacBook-Pro.local","reqId":"bbd0c821-7663-479b-9aa2-399eb7d1e6f8","event":"request_completed","requestId":"bbd0c821-7663-479b-9aa2-399eb7d1e6f8","method":"PATCH","route":"/api/v1/me/onboarding","statusCode":200,"latencyMs":14.592,"msg":"request completed"}
{"level":30,"time":1789777624518,"pid":21053,"hostname":"Glebs-MacBook-Pro.local","reqId":"5536262f-caa2-4c23-9d6a-113300381f91","event":"request_completed","requestId":"5536262f-caa2-4c23-9d6a-113300381f91","method":"GET","route":"/api/v1/auth/me","statusCode":401,"latencyMs":0.186,"msg":"request completed"}
{"level":30,"time":1789777624689,"pid":21053,"hostname":"Glebs-MacBook-Pro.local","reqId":"d41f25ca-9b65-465f-b37c-3b2e594c3b80","event":"request_completed","requestId":"d41f25ca-9b65-465f-b37c-3b2e594c3b80","method":"POST","route":"/api/v1/auth/login","statusCode":200,"latencyMs":35.85,"msg":"request completed"}
{"level":30,"time":1789777624704,"pid":21053,"hostname":"Glebs-MacBook-Pro.local","reqId":"2b7d1063-b5fa-4149-bbb0-06c788994518","event":"request_completed","requestId":"2b7d1063-b5fa-4149-bbb0-06c788994518","method":"GET","route":"/api/v1/auth/me","statusCode":200,"latencyMs":12.678,"msg":"request completed"}
{"level":30,"time":1789777624727,"pid":21053,"hostname":"Glebs-MacBook-Pro.local","reqId":"70784859-cb58-4fd2-99f1-901121463d15","event":"request_completed","requestId":"70784859-cb58-4fd2-99f1-901121463d15","method":"GET","route":"/api/v1/notifications","statusCode":200,"latencyMs":34.026,"msg":"request completed"}
{"level":30,"time":1789777624750,"pid":21053,"hostname":"Glebs-MacBook-Pro.local","reqId":"42043210-f30c-49e4-95d3-5e15a4b3afa2","event":"request_completed","requestId":"42043210-f30c-49e4-95d3-5e15a4b3afa2","method":"POST","route":"/api/v1/tournaments","statusCode":200,"latencyMs":12.719,"msg":"request completed"}
{"level":30,"time":1789777624750,"pid":21053,"hostname":"Glebs-MacBook-Pro.local","reqId":"0c81bf2d-6097-402c-97f6-20f6c10af02a","event":"request_completed","requestId":"0c81bf2d-6097-402c-97f6-20f6c10af02a","method":"GET","route":"/api/v1/home","statusCode":200,"latencyMs":55.119,"msg":"request completed"}
{"level":30,"time":1789777624781,"pid":21053,"hostname":"Glebs-MacBook-Pro.local","reqId":"f22e8167-398d-4ff3-ada4-f98167b90742","event":"request_completed","requestId":"f22e8167-398d-4ff3-ada4-f98167b90742","method":"POST","route":"/api/v1/tournaments/:id/participants","statusCode":200,"latencyMs":26.781,"msg":"request completed"}
{"level":30,"time":1789777624810,"pid":21053,"hostname":"Glebs-MacBook-Pro.local","reqId":"b39e9765-1854-4bba-a919-8773637e534e","event":"request_completed","requestId":"b39e9765-1854-4bba-a919-8773637e534e","method":"POST","route":"/api/v1/tournaments/:id/participants","statusCode":200,"latencyMs":25.395,"msg":"request completed"}
{"level":30,"time":1789777624828,"pid":21053,"hostname":"Glebs-MacBook-Pro.local","reqId":"b1b06846-0455-44dc-be86-206aa144ecea","event":"request_completed","requestId":"b1b06846-0455-44dc-be86-206aa144ecea","method":"POST","route":"/api/v1/tournaments/:id/bracket","statusCode":200,"latencyMs":14.773,"msg":"request completed"}
{"level":30,"time":1789777624861,"pid":21053,"hostname":"Glebs-MacBook-Pro.local","reqId":"730a82a0-c0f9-49ed-9cef-dff794e1a216","event":"request_completed","requestId":"730a82a0-c0f9-49ed-9cef-dff794e1a216","method":"GET","route":"/api/v1/auth/me","statusCode":200,"latencyMs":8.126,"msg":"request completed"}
{"level":30,"time":1789777624878,"pid":21053,"hostname":"Glebs-MacBook-Pro.local","reqId":"46aacc02-9d48-4994-bc1c-3fc2d67a262f","event":"request_completed","requestId":"46aacc02-9d48-4994-bc1c-3fc2d67a262f","method":"GET","route":"/api/v1/notifications","statusCode":200,"latencyMs":12.996,"msg":"request completed"}
{"level":30,"time":1789777624884,"pid":21053,"hostname":"Glebs-MacBook-Pro.local","reqId":"09be19bc-ee0d-4ebb-80f6-e144a31c91c7","event":"request_completed","requestId":"09be19bc-ee0d-4ebb-80f6-e144a31c91c7","method":"GET","route":"/api/v1/tournaments/:id","statusCode":200,"latencyMs":18.322,"msg":"request completed"}
{"level":30,"time":1789777624920,"pid":21053,"hostname":"Glebs-MacBook-Pro.local","reqId":"cb1607ef-4914-410e-963f-bf6b9f4ce0ce","event":"request_completed","requestId":"cb1607ef-4914-410e-963f-bf6b9f4ce0ce","method":"GET","route":"/api/v1/users/directory","statusCode":200,"latencyMs":5.86,"msg":"request completed"}
{"level":30,"time":1789777624994,"pid":21053,"hostname":"Glebs-MacBook-Pro.local","reqId":"fe5bac80-5747-476c-8c0d-71175524a8b1","event":"request_completed","requestId":"fe5bac80-5747-476c-8c0d-71175524a8b1","method":"GET","route":"/api/v1/tournaments/:id","statusCode":200,"latencyMs":13.843,"msg":"request completed"}
{"level":30,"time":1789777624999,"pid":21053,"hostname":"Glebs-MacBook-Pro.local","reqId":"ce5dd6f2-c354-4c9b-b4f9-c93c5fd9bde8","event":"request_completed","requestId":"ce5dd6f2-c354-4c9b-b4f9-c93c5fd9bde8","method":"POST","route":"/api/v1/tournaments/:id/withdraw","statusCode":200,"latencyMs":22.568,"msg":"request completed"}
{"level":30,"time":1789777625008,"pid":21053,"hostname":"Glebs-MacBook-Pro.local","reqId":"ffb93ceb-bc1c-47a3-94fe-5b884f03debf","event":"request_completed","requestId":"ffb93ceb-bc1c-47a3-94fe-5b884f03debf","method":"GET","route":"/api/v1/users/directory","statusCode":200,"latencyMs":5.302,"msg":"request completed"}
{"level":30,"time":1789777625115,"pid":21053,"hostname":"Glebs-MacBook-Pro.local","reqId":"5c6308ba-b61f-47b2-b15a-ac43abb0f0d4","event":"request_completed","requestId":"5c6308ba-b61f-47b2-b15a-ac43abb0f0d4","method":"GET","route":"/api/v1/tournaments/:id","statusCode":200,"latencyMs":16.302,"msg":"request completed"}
{"level":30,"time":1789777625180,"pid":21053,"hostname":"Glebs-MacBook-Pro.local","reqId":"5c5b866c-af1f-4551-a655-f5972f922f91","event":"request_completed","requestId":"5c5b866c-af1f-4551-a655-f5972f922f91","method":"POST","route":"/api/v1/tournaments/:id/dissolve-bracket","statusCode":200,"latencyMs":20.648,"msg":"request completed"}
{"level":30,"time":1789777625182,"pid":21053,"hostname":"Glebs-MacBook-Pro.local","reqId":"12926a44-97eb-4b3e-b54a-d309d802ddf5","event":"request_completed","requestId":"12926a44-97eb-4b3e-b54a-d309d802ddf5","method":"GET","route":"/api/v1/tournaments/:id","statusCode":200,"latencyMs":18.543,"msg":"request completed"}
{"level":30,"time":1789777625199,"pid":21053,"hostname":"Glebs-MacBook-Pro.local","reqId":"9b4e7f1f-f16b-455c-a30c-86963b8d16e4","event":"request_completed","requestId":"9b4e7f1f-f16b-455c-a30c-86963b8d16e4","method":"GET","route":"/api/v1/tournaments/:id","statusCode":200,"latencyMs":16.551,"msg":"request completed"}
{"level":30,"time":1789777625210,"pid":21053,"hostname":"Glebs-MacBook-Pro.local","reqId":"8af4445a-ce2a-4c54-84bc-05e86d5a7620","event":"request_completed","requestId":"8af4445a-ce2a-4c54-84bc-05e86d5a7620","method":"GET","route":"/api/v1/users/directory","statusCode":200,"latencyMs":6.971,"msg":"request completed"}
{"level":30,"time":1789777625315,"pid":21053,"hostname":"Glebs-MacBook-Pro.local","reqId":"63a44069-b1e1-4cbb-a32e-96ced1ac2c0e","event":"request_completed","requestId":"63a44069-b1e1-4cbb-a32e-96ced1ac2c0e","method":"GET","route":"/api/v1/tournaments/:id","statusCode":200,"latencyMs":29.305,"msg":"request completed"}
{"level":30,"time":1789777625374,"pid":21053,"hostname":"Glebs-MacBook-Pro.local","reqId":"90b545d1-3e40-48b2-ba54-40fc43649e9a","event":"request_completed","requestId":"90b545d1-3e40-48b2-ba54-40fc43649e9a","method":"GET","route":"/api/v1/tournaments/:id","statusCode":200,"latencyMs":29.546,"msg":"request completed"}
{"level":30,"time":1789777625375,"pid":21053,"hostname":"Glebs-MacBook-Pro.local","reqId":"8fdf6937-ad42-4ee1-9985-14a7448705b6","event":"request_completed","requestId":"8fdf6937-ad42-4ee1-9985-14a7448705b6","method":"POST","route":"/api/v1/tournaments/:id/cancel","statusCode":200,"latencyMs":33.469,"msg":"request completed"}
{"level":30,"time":1789777625509,"pid":21053,"hostname":"Glebs-MacBook-Pro.local","reqId":"5184b987-2c25-4dd0-98f8-c13131361895","event":"request_completed","requestId":"5184b987-2c25-4dd0-98f8-c13131361895","method":"GET","route":"/api/v1/tournaments/:id","statusCode":200,"latencyMs":30.904,"msg":"request completed"}
{"level":30,"time":1789777625555,"pid":21053,"hostname":"Glebs-MacBook-Pro.local","reqId":"2c380394-8af5-48a1-9e5b-0562614b7024","event":"request_completed","requestId":"2c380394-8af5-48a1-9e5b-0562614b7024","method":"POST","route":"/api/v1/tournaments","statusCode":200,"latencyMs":42.361,"msg":"request completed"}
{"level":30,"time":1789777625603,"pid":21053,"hostname":"Glebs-MacBook-Pro.local","reqId":"924d70a5-4863-49bf-a829-3f1b7cf03070","event":"request_completed","requestId":"924d70a5-4863-49bf-a829-3f1b7cf03070","method":"POST","route":"/api/v1/tournaments/:id/participants","statusCode":200,"latencyMs":45.009,"msg":"request completed"}
{"level":30,"time":1789777625632,"pid":21053,"hostname":"Glebs-MacBook-Pro.local","reqId":"48dfcc85-6ce9-4914-ac5b-815545656ef2","event":"request_completed","requestId":"48dfcc85-6ce9-4914-ac5b-815545656ef2","method":"POST","route":"/api/v1/tournaments/:id/participants","statusCode":200,"latencyMs":25.221,"msg":"request completed"}
{"level":30,"time":1789777625656,"pid":21053,"hostname":"Glebs-MacBook-Pro.local","reqId":"2e5c7cd7-2493-4a48-83e1-d67483a02c3b","event":"request_completed","requestId":"2e5c7cd7-2493-4a48-83e1-d67483a02c3b","method":"POST","route":"/api/v1/tournaments/:id/bracket","statusCode":200,"latencyMs":19.462,"msg":"request completed"}
{"level":30,"time":1789777625680,"pid":21053,"hostname":"Glebs-MacBook-Pro.local","reqId":"25f93846-53c4-48f3-857c-9e91261dc844","event":"request_completed","requestId":"25f93846-53c4-48f3-857c-9e91261dc844","method":"GET","route":"/api/v1/auth/me","statusCode":200,"latencyMs":9.082,"msg":"request completed"}
{"level":30,"time":1789777625710,"pid":21053,"hostname":"Glebs-MacBook-Pro.local","reqId":"294bf691-f147-464c-8c5d-ad1221f52f58","event":"request_completed","requestId":"294bf691-f147-464c-8c5d-ad1221f52f58","method":"GET","route":"/api/v1/notifications","statusCode":200,"latencyMs":23.38,"msg":"request completed"}
{"level":30,"time":1789777625712,"pid":21053,"hostname":"Glebs-MacBook-Pro.local","reqId":"3a512698-af63-4d71-902e-f03ba6d87c71","event":"request_completed","requestId":"3a512698-af63-4d71-902e-f03ba6d87c71","method":"GET","route":"/api/v1/tournaments/:id","statusCode":200,"latencyMs":25.509,"msg":"request completed"}
{"level":30,"time":1789777625723,"pid":21053,"hostname":"Glebs-MacBook-Pro.local","reqId":"43b9b7b3-f2e4-4762-8233-d0816d2b71b8","event":"request_completed","requestId":"43b9b7b3-f2e4-4762-8233-d0816d2b71b8","method":"GET","route":"/api/v1/users/directory","statusCode":200,"latencyMs":5.49,"msg":"request completed"}
{"level":30,"time":1789777625844,"pid":21053,"hostname":"Glebs-MacBook-Pro.local","reqId":"ec4a93de-5a07-4b2a-8c5a-59deeb13cdd9","event":"request_completed","requestId":"ec4a93de-5a07-4b2a-8c5a-59deeb13cdd9","method":"POST","route":"/api/v1/tournaments/:id/start","statusCode":200,"latencyMs":73.202,"msg":"request completed"}
{"level":30,"time":1789777625982,"pid":21053,"hostname":"Glebs-MacBook-Pro.local","reqId":"57601fa0-ba7f-453a-bee1-5a1b8059c595","event":"request_completed","requestId":"57601fa0-ba7f-453a-bee1-5a1b8059c595","method":"GET","route":"/api/v1/tournaments/:id","statusCode":200,"latencyMs":38.891,"msg":"request completed"}
{"level":30,"time":1789777625994,"pid":21053,"hostname":"Glebs-MacBook-Pro.local","reqId":"561dd19c-fe22-4b6b-9f45-b79e956e8425","event":"request_completed","requestId":"561dd19c-fe22-4b6b-9f45-b79e956e8425","method":"POST","route":"/api/v1/tournaments/:id/stop","statusCode":200,"latencyMs":55.714,"msg":"request completed"}
{"level":30,"time":1789777626118,"pid":21053,"hostname":"Glebs-MacBook-Pro.local","reqId":"19ed8fe8-3ad8-42c3-8b99-360791e91037","event":"request_completed","requestId":"19ed8fe8-3ad8-42c3-8b99-360791e91037","method":"GET","route":"/api/v1/tournaments/:id","statusCode":200,"latencyMs":30.727,"msg":"request completed"}
{"level":30,"time":1789777626145,"pid":21053,"hostname":"Glebs-MacBook-Pro.local","reqId":"6d7e77e7-5b8a-43de-b726-937024b930af","event":"request_completed","requestId":"6d7e77e7-5b8a-43de-b726-937024b930af","method":"GET","route":"/api/v1/tournaments/:id","statusCode":200,"latencyMs":23.642,"msg":"request completed"}
{"level":30,"time":1789777626168,"pid":21053,"hostname":"Glebs-MacBook-Pro.local","reqId":"15670da1-1e1b-4db3-a915-4a349a8f4399","event":"request_completed","requestId":"15670da1-1e1b-4db3-a915-4a349a8f4399","method":"GET","route":"/api/v1/auth/me","statusCode":200,"latencyMs":8.31,"msg":"request completed"}
{"level":30,"time":1789777626193,"pid":21053,"hostname":"Glebs-MacBook-Pro.local","reqId":"94580a9b-c97b-4fdc-a5e3-77b9654c13e4","event":"request_completed","requestId":"94580a9b-c97b-4fdc-a5e3-77b9654c13e4","method":"GET","route":"/api/v1/notifications","statusCode":200,"latencyMs":17.356,"msg":"request completed"}
{"level":30,"time":1789777626195,"pid":21053,"hostname":"Glebs-MacBook-Pro.local","reqId":"ed0e4ff5-0205-466a-b784-9e85ed1af0d4","event":"request_completed","requestId":"ed0e4ff5-0205-466a-b784-9e85ed1af0d4","method":"GET","route":"/api/v1/tournaments/:id","statusCode":200,"latencyMs":18.929,"msg":"request completed"}
  ✓  22 [chromium-desktop] › tests/e2e/wave-d-tournaments.spec.ts:103:5 › Wave D tournament invalidation, dissolve, cancel and reasoned stop (2.2s)
{"level":30,"time":1789777626386,"pid":21053,"hostname":"Glebs-MacBook-Pro.local","reqId":"ffbb9d24-d217-4395-876d-4ec2805c4499","event":"request_completed","requestId":"ffbb9d24-d217-4395-876d-4ec2805c4499","method":"GET","route":"/health","statusCode":200,"latencyMs":0.19,"msg":"request completed"}
{"level":30,"time":1789777626421,"pid":21053,"hostname":"Glebs-MacBook-Pro.local","reqId":"e9dc0c2e-2cbb-429b-aa6d-152eab91bbba","event":"request_completed","requestId":"e9dc0c2e-2cbb-429b-aa6d-152eab91bbba","method":"POST","route":"/api/v1/auth/login","statusCode":200,"latencyMs":30.967,"msg":"request completed"}
{"level":30,"time":1789777626443,"pid":21053,"hostname":"Glebs-MacBook-Pro.local","reqId":"66863cff-10a5-4408-af9e-ab89bdf97942","event":"request_completed","requestId":"66863cff-10a5-4408-af9e-ab89bdf97942","method":"PATCH","route":"/api/v1/me/onboarding","statusCode":200,"latencyMs":18.54,"msg":"request completed"}
{"level":30,"time":1789777626748,"pid":21053,"hostname":"Glebs-MacBook-Pro.local","reqId":"43ed7fa5-36e5-46f9-93da-90b2208acb94","event":"request_completed","requestId":"43ed7fa5-36e5-46f9-93da-90b2208acb94","method":"GET","route":"/api/v1/auth/me","statusCode":401,"latencyMs":0.252,"msg":"request completed"}
{"level":30,"time":1789777626920,"pid":21053,"hostname":"Glebs-MacBook-Pro.local","reqId":"dfaa6e0a-3f8b-4003-9136-51065bfb32f8","event":"request_completed","requestId":"dfaa6e0a-3f8b-4003-9136-51065bfb32f8","method":"POST","route":"/api/v1/auth/login","statusCode":200,"latencyMs":24.985,"msg":"request completed"}
{"level":30,"time":1789777626930,"pid":21053,"hostname":"Glebs-MacBook-Pro.local","reqId":"e731f456-92ad-485b-85f4-0a5d294f7a8b","event":"request_completed","requestId":"e731f456-92ad-485b-85f4-0a5d294f7a8b","method":"GET","route":"/api/v1/auth/me","statusCode":200,"latencyMs":7.426,"msg":"request completed"}
{"level":30,"time":1789777626947,"pid":21053,"hostname":"Glebs-MacBook-Pro.local","reqId":"bd6be2a3-62ee-42bb-af5b-98b9f4d026e2","event":"request_completed","requestId":"bd6be2a3-62ee-42bb-af5b-98b9f4d026e2","method":"GET","route":"/api/v1/notifications","statusCode":200,"latencyMs":22.395,"msg":"request completed"}
{"level":30,"time":1789777626965,"pid":21053,"hostname":"Glebs-MacBook-Pro.local","reqId":"ed0a2fdf-026f-47e1-8dc0-c0395527663c","event":"request_completed","requestId":"ed0a2fdf-026f-47e1-8dc0-c0395527663c","method":"GET","route":"/api/v1/home","statusCode":200,"latencyMs":38.283,"msg":"request completed"}
{"level":30,"time":1789777627003,"pid":21053,"hostname":"Glebs-MacBook-Pro.local","reqId":"1430d57e-f1ce-4aec-b84f-42ef89afc7d7","event":"request_completed","requestId":"1430d57e-f1ce-4aec-b84f-42ef89afc7d7","method":"GET","route":"/api/v1/auth/me","statusCode":200,"latencyMs":4.208,"msg":"request completed"}
{"level":30,"time":1789777627021,"pid":21053,"hostname":"Glebs-MacBook-Pro.local","reqId":"97fedfaa-f854-4500-b87b-bb384eafb784","event":"request_completed","requestId":"97fedfaa-f854-4500-b87b-bb384eafb784","method":"GET","route":"/api/v1/admin/users","statusCode":200,"latencyMs":6.953,"msg":"request completed"}
{"level":30,"time":1789777627029,"pid":21053,"hostname":"Glebs-MacBook-Pro.local","reqId":"a46971da-6c60-44a2-8c7c-fad8c3520663","event":"request_completed","requestId":"a46971da-6c60-44a2-8c7c-fad8c3520663","method":"GET","route":"/api/v1/notifications","statusCode":200,"latencyMs":15.164,"msg":"request completed"}
{"level":30,"time":1789777627100,"pid":21053,"hostname":"Glebs-MacBook-Pro.local","reqId":"72365e78-6abd-4610-a7af-0e7f7a40ebb9","event":"request_completed","requestId":"72365e78-6abd-4610-a7af-0e7f7a40ebb9","method":"POST","route":"/api/v1/admin/users","statusCode":200,"latencyMs":27.673,"msg":"request completed"}
{"level":30,"time":1789777627108,"pid":21053,"hostname":"Glebs-MacBook-Pro.local","reqId":"761b80f8-adf5-4dd9-9110-efc4986df21c","event":"request_completed","requestId":"761b80f8-adf5-4dd9-9110-efc4986df21c","method":"GET","route":"/api/v1/admin/users","statusCode":200,"latencyMs":5.787,"msg":"request completed"}
{"level":30,"time":1789777627240,"pid":21053,"hostname":"Glebs-MacBook-Pro.local","reqId":"f30adab6-491d-4b3a-a365-13248bd2567c","event":"request_completed","requestId":"f30adab6-491d-4b3a-a365-13248bd2567c","method":"GET","route":"/api/v1/admin/users","statusCode":200,"latencyMs":19.288,"msg":"request completed"}
{"level":30,"time":1789777627500,"pid":21053,"hostname":"Glebs-MacBook-Pro.local","reqId":"a40ec6ca-9b40-45cb-91c7-0cbe098f37f0","event":"request_completed","requestId":"a40ec6ca-9b40-45cb-91c7-0cbe098f37f0","method":"GET","route":"/api/v1/auth/me","statusCode":401,"latencyMs":0.131,"msg":"request completed"}
{"level":30,"time":1789777627673,"pid":21053,"hostname":"Glebs-MacBook-Pro.local","reqId":"b8f5e6d7-da0f-4d73-b35a-8192cbcaae29","event":"request_completed","requestId":"b8f5e6d7-da0f-4d73-b35a-8192cbcaae29","method":"POST","route":"/api/v1/auth/login","statusCode":200,"latencyMs":26.919,"msg":"request completed"}
{"level":30,"time":1789777627799,"pid":21053,"hostname":"Glebs-MacBook-Pro.local","reqId":"707c1ef0-d1f1-4163-926a-3e79a61b24de","event":"request_completed","requestId":"707c1ef0-d1f1-4163-926a-3e79a61b24de","method":"POST","route":"/api/v1/auth/password/first-change","statusCode":200,"latencyMs":37.122,"msg":"request completed"}
{"level":30,"time":1789777627810,"pid":21053,"hostname":"Glebs-MacBook-Pro.local","reqId":"0bc12e47-1623-4093-9890-b1a53443a8e0","event":"request_completed","requestId":"0bc12e47-1623-4093-9890-b1a53443a8e0","method":"GET","route":"/api/v1/auth/me","statusCode":200,"latencyMs":9.078,"msg":"request completed"}
{"level":30,"time":1789777627873,"pid":21053,"hostname":"Glebs-MacBook-Pro.local","reqId":"b6a674cc-e0da-4993-8351-a0469cc78661","event":"request_completed","requestId":"b6a674cc-e0da-4993-8351-a0469cc78661","method":"PATCH","route":"/api/v1/me/onboarding","statusCode":200,"latencyMs":12.899,"msg":"request completed"}
{"level":30,"time":1789777627909,"pid":21053,"hostname":"Glebs-MacBook-Pro.local","reqId":"dc51866c-f6d6-4d48-84e9-0cbb3e9b9c02","event":"request_completed","requestId":"dc51866c-f6d6-4d48-84e9-0cbb3e9b9c02","method":"GET","route":"/api/v1/admin/users","statusCode":403,"latencyMs":21.863,"msg":"request completed"}
{"level":30,"time":1789777627922,"pid":21053,"hostname":"Glebs-MacBook-Pro.local","reqId":"a507102c-51fc-460c-8a2b-8223ea5b5074","event":"request_completed","requestId":"a507102c-51fc-460c-8a2b-8223ea5b5074","method":"GET","route":"/api/v1/notifications","statusCode":200,"latencyMs":42.515,"msg":"request completed"}
{"level":30,"time":1789777627936,"pid":21053,"hostname":"Glebs-MacBook-Pro.local","reqId":"51ff9ab7-7a60-4821-90b8-9ac940c61bc2","event":"request_completed","requestId":"51ff9ab7-7a60-4821-90b8-9ac940c61bc2","method":"GET","route":"/api/v1/home","statusCode":200,"latencyMs":56.666,"msg":"request completed"}
{"level":30,"time":1789777628009,"pid":21053,"hostname":"Glebs-MacBook-Pro.local","reqId":"50063468-fbd4-4b30-bdc8-1a9cc9ce261d","event":"request_completed","requestId":"50063468-fbd4-4b30-bdc8-1a9cc9ce261d","method":"PATCH","route":"/api/v1/admin/users/:userId","statusCode":200,"latencyMs":20.65,"msg":"request completed"}
{"level":30,"time":1789777628026,"pid":21053,"hostname":"Glebs-MacBook-Pro.local","reqId":"e4c9e8ec-df16-4472-b053-7c050aa43dbb","event":"request_completed","requestId":"e4c9e8ec-df16-4472-b053-7c050aa43dbb","method":"GET","route":"/api/v1/admin/users","statusCode":200,"latencyMs":14.026,"msg":"request completed"}
{"level":30,"time":1789777628030,"pid":21053,"hostname":"Glebs-MacBook-Pro.local","reqId":"980367da-0fd6-46c5-8251-b04d26e0814a","event":"request_completed","requestId":"980367da-0fd6-46c5-8251-b04d26e0814a","method":"GET","route":"/api/v1/admin/users","statusCode":200,"latencyMs":12.958,"msg":"request completed"}
{"level":30,"time":1789777628043,"pid":21053,"hostname":"Glebs-MacBook-Pro.local","reqId":"767c7ef4-81af-4eb6-ba00-40da1ec08548","event":"request_completed","requestId":"767c7ef4-81af-4eb6-ba00-40da1ec08548","method":"GET","route":"/api/v1/auth/me","statusCode":200,"latencyMs":9.979,"msg":"request completed"}
{"level":30,"time":1789777628137,"pid":21053,"hostname":"Glebs-MacBook-Pro.local","reqId":"fd8c5d9d-8453-4602-acfd-c432c629e8b3","event":"request_completed","requestId":"fd8c5d9d-8453-4602-acfd-c432c629e8b3","method":"PATCH","route":"/api/v1/admin/users/:userId","statusCode":200,"latencyMs":33.393,"msg":"request completed"}
{"level":30,"time":1789777628149,"pid":21053,"hostname":"Glebs-MacBook-Pro.local","reqId":"f753bde1-de1b-4e30-b601-594c0d18ceee","event":"request_completed","requestId":"f753bde1-de1b-4e30-b601-594c0d18ceee","method":"GET","route":"/api/v1/admin/users","statusCode":200,"latencyMs":9.627,"msg":"request completed"}
{"level":30,"time":1789777628196,"pid":21053,"hostname":"Glebs-MacBook-Pro.local","reqId":"5e31d1e5-aced-407f-816d-a3c8d4707e42","event":"request_completed","requestId":"5e31d1e5-aced-407f-816d-a3c8d4707e42","method":"GET","route":"/api/v1/auth/me","statusCode":401,"latencyMs":3.564,"msg":"request completed"}
{"level":30,"time":1789777628296,"pid":21053,"hostname":"Glebs-MacBook-Pro.local","reqId":"25b77e50-ab29-4d7d-81ff-1ad996545018","event":"request_completed","requestId":"25b77e50-ab29-4d7d-81ff-1ad996545018","method":"PATCH","route":"/api/v1/admin/users/:userId","statusCode":200,"latencyMs":25.77,"msg":"request completed"}
{"level":30,"time":1789777628307,"pid":21053,"hostname":"Glebs-MacBook-Pro.local","reqId":"78ac0b0a-f467-4c63-937f-9820ca7c5aef","event":"request_completed","requestId":"78ac0b0a-f467-4c63-937f-9820ca7c5aef","method":"GET","route":"/api/v1/admin/users","statusCode":200,"latencyMs":9.17,"msg":"request completed"}
{"level":30,"time":1789777628407,"pid":21053,"hostname":"Glebs-MacBook-Pro.local","reqId":"fc472670-3ebc-4a7e-bb86-19f87eb0a27e","event":"request_completed","requestId":"fc472670-3ebc-4a7e-bb86-19f87eb0a27e","method":"POST","route":"/api/v1/admin/users/:userId/block","statusCode":200,"latencyMs":37.82,"msg":"request completed"}
{"level":30,"time":1789777628415,"pid":21053,"hostname":"Glebs-MacBook-Pro.local","reqId":"64494770-8665-4c72-8892-39b496cefb31","event":"request_completed","requestId":"64494770-8665-4c72-8892-39b496cefb31","method":"GET","route":"/api/v1/admin/users","statusCode":200,"latencyMs":5.573,"msg":"request completed"}
{"level":30,"time":1789777628470,"pid":21053,"hostname":"Glebs-MacBook-Pro.local","reqId":"0955f70a-5560-4524-a3a7-d0c31cebaaa1","event":"request_completed","requestId":"0955f70a-5560-4524-a3a7-d0c31cebaaa1","method":"GET","route":"/api/v1/admin/users","statusCode":200,"latencyMs":12.555,"msg":"request completed"}
{"level":30,"time":1789777628543,"pid":21053,"hostname":"Glebs-MacBook-Pro.local","reqId":"d7462403-bbd5-444d-adae-12f529218d6c","event":"request_completed","requestId":"d7462403-bbd5-444d-adae-12f529218d6c","method":"POST","route":"/api/v1/admin/users/:userId/unblock","statusCode":200,"latencyMs":22.41,"msg":"request completed"}
{"level":30,"time":1789777628559,"pid":21053,"hostname":"Glebs-MacBook-Pro.local","reqId":"a7a94c22-5286-473b-ac2e-d32997289467","event":"request_completed","requestId":"a7a94c22-5286-473b-ac2e-d32997289467","method":"GET","route":"/api/v1/admin/users","statusCode":200,"latencyMs":13.804,"msg":"request completed"}
{"level":30,"time":1789777628621,"pid":21053,"hostname":"Glebs-MacBook-Pro.local","reqId":"cb1a8856-5543-41d7-bcec-a9aa255e9137","event":"request_completed","requestId":"cb1a8856-5543-41d7-bcec-a9aa255e9137","method":"GET","route":"/api/v1/admin/users","statusCode":200,"latencyMs":12.125,"msg":"request completed"}
{"level":30,"time":1789777628641,"pid":21053,"hostname":"Glebs-MacBook-Pro.local","reqId":"e48e1a43-9e70-4beb-8939-8cfef6deea1b","event":"request_completed","requestId":"e48e1a43-9e70-4beb-8939-8cfef6deea1b","method":"GET","route":"/api/v1/auth/me","statusCode":401,"latencyMs":3.113,"msg":"request completed"}
  ✓  23 [chromium-desktop] › tests/e2e/wave-e-admin.spec.ts:10:5 › Wave E ADM catalog, first login, profile, role and block lifecycle (2.5s)
{"level":30,"time":1789777628842,"pid":21053,"hostname":"Glebs-MacBook-Pro.local","reqId":"23798982-f421-4031-9bcd-5b109d38699f","event":"request_completed","requestId":"23798982-f421-4031-9bcd-5b109d38699f","method":"GET","route":"/health","statusCode":200,"latencyMs":0.119,"msg":"request completed"}
{"level":30,"time":1789777628872,"pid":21053,"hostname":"Glebs-MacBook-Pro.local","reqId":"296962a9-82ca-4735-9a48-7df8b1f29f96","event":"request_completed","requestId":"296962a9-82ca-4735-9a48-7df8b1f29f96","method":"POST","route":"/api/v1/auth/login","statusCode":200,"latencyMs":26.38,"msg":"request completed"}
{"level":30,"time":1789777628891,"pid":21053,"hostname":"Glebs-MacBook-Pro.local","reqId":"a6b03464-dde9-4214-b868-329f8a96cd42","event":"request_completed","requestId":"a6b03464-dde9-4214-b868-329f8a96cd42","method":"PATCH","route":"/api/v1/me/onboarding","statusCode":200,"latencyMs":15.288,"msg":"request completed"}
{"level":30,"time":1789777628932,"pid":21053,"hostname":"Glebs-MacBook-Pro.local","reqId":"b8f33779-ba72-4bc3-b80a-71cbc866c8c3","event":"request_completed","requestId":"b8f33779-ba72-4bc3-b80a-71cbc866c8c3","method":"POST","route":"/api/v1/admin/users","statusCode":200,"latencyMs":38.958,"msg":"request completed"}
{"level":30,"time":1789777628963,"pid":21053,"hostname":"Glebs-MacBook-Pro.local","reqId":"aac08d8d-720d-4e9c-9578-81d0b799ca9c","event":"request_completed","requestId":"aac08d8d-720d-4e9c-9578-81d0b799ca9c","method":"POST","route":"/api/v1/auth/login","statusCode":200,"latencyMs":25.339,"msg":"request completed"}
{"level":30,"time":1789777628991,"pid":21053,"hostname":"Glebs-MacBook-Pro.local","reqId":"f1195165-3094-455c-adfd-10d48a35e55b","event":"request_completed","requestId":"f1195165-3094-455c-adfd-10d48a35e55b","method":"POST","route":"/api/v1/auth/password/first-change","statusCode":200,"latencyMs":24.13,"msg":"request completed"}
{"level":30,"time":1789777629000,"pid":21053,"hostname":"Glebs-MacBook-Pro.local","reqId":"8b592860-bd37-4d05-9134-16371de6b819","event":"request_completed","requestId":"8b592860-bd37-4d05-9134-16371de6b819","method":"PATCH","route":"/api/v1/me/onboarding","statusCode":200,"latencyMs":4.702,"msg":"request completed"}
{"level":30,"time":1789777629027,"pid":21053,"hostname":"Glebs-MacBook-Pro.local","reqId":"f0e4b28a-0495-4ef8-96c7-e4b7f55a9c2c","event":"request_completed","requestId":"f0e4b28a-0495-4ef8-96c7-e4b7f55a9c2c","method":"POST","route":"/api/v1/admin/users","statusCode":200,"latencyMs":24.687,"msg":"request completed"}
{"level":30,"time":1789777629051,"pid":21053,"hostname":"Glebs-MacBook-Pro.local","reqId":"e3b996cf-5aed-4d0f-9e97-876d9294b807","event":"request_completed","requestId":"e3b996cf-5aed-4d0f-9e97-876d9294b807","method":"POST","route":"/api/v1/auth/login","statusCode":200,"latencyMs":19.624,"msg":"request completed"}
{"level":30,"time":1789777629078,"pid":21053,"hostname":"Glebs-MacBook-Pro.local","reqId":"c29bd3b6-5018-41e8-8abf-f2afcb96d857","event":"request_completed","requestId":"c29bd3b6-5018-41e8-8abf-f2afcb96d857","method":"POST","route":"/api/v1/auth/password/first-change","statusCode":200,"latencyMs":23.882,"msg":"request completed"}
{"level":30,"time":1789777629086,"pid":21053,"hostname":"Glebs-MacBook-Pro.local","reqId":"827edd38-5f88-4663-9fc1-05f754aa3934","event":"request_completed","requestId":"827edd38-5f88-4663-9fc1-05f754aa3934","method":"PATCH","route":"/api/v1/me/onboarding","statusCode":200,"latencyMs":4.121,"msg":"request completed"}
{"level":30,"time":1789777629114,"pid":21053,"hostname":"Glebs-MacBook-Pro.local","reqId":"846fd1ff-e380-4392-8fdd-579945faf47a","event":"request_completed","requestId":"846fd1ff-e380-4392-8fdd-579945faf47a","method":"POST","route":"/api/v1/admin/users","statusCode":200,"latencyMs":25.362,"msg":"request completed"}
{"level":30,"time":1789777629140,"pid":21053,"hostname":"Glebs-MacBook-Pro.local","reqId":"659c94a6-8e0b-46a6-be6b-f650323a9a24","event":"request_completed","requestId":"659c94a6-8e0b-46a6-be6b-f650323a9a24","method":"POST","route":"/api/v1/auth/login","statusCode":200,"latencyMs":21.658,"msg":"request completed"}
{"level":30,"time":1789777629169,"pid":21053,"hostname":"Glebs-MacBook-Pro.local","reqId":"43b51513-4213-4ec5-bdee-b7a73411c3c3","event":"request_completed","requestId":"43b51513-4213-4ec5-bdee-b7a73411c3c3","method":"POST","route":"/api/v1/auth/password/first-change","statusCode":200,"latencyMs":26.739,"msg":"request completed"}
{"level":30,"time":1789777629177,"pid":21053,"hostname":"Glebs-MacBook-Pro.local","reqId":"89bcb6cf-b00e-462a-9c40-71b1951fb759","event":"request_completed","requestId":"89bcb6cf-b00e-462a-9c40-71b1951fb759","method":"PATCH","route":"/api/v1/me/onboarding","statusCode":200,"latencyMs":4.271,"msg":"request completed"}
{"level":30,"time":1789777629442,"pid":21053,"hostname":"Glebs-MacBook-Pro.local","reqId":"e9a3841e-7859-4c0e-855f-eea2e07cc042","event":"request_completed","requestId":"e9a3841e-7859-4c0e-855f-eea2e07cc042","method":"GET","route":"/api/v1/auth/me","statusCode":401,"latencyMs":0.131,"msg":"request completed"}
{"level":30,"time":1789777629622,"pid":21053,"hostname":"Glebs-MacBook-Pro.local","reqId":"4d5b4682-6748-4b23-ac39-5f03c835083f","event":"request_completed","requestId":"4d5b4682-6748-4b23-ac39-5f03c835083f","method":"POST","route":"/api/v1/auth/login","statusCode":200,"latencyMs":29.029,"msg":"request completed"}
{"level":30,"time":1789777629639,"pid":21053,"hostname":"Glebs-MacBook-Pro.local","reqId":"902a8d2b-7b84-414e-a228-4efa08739f09","event":"request_completed","requestId":"902a8d2b-7b84-414e-a228-4efa08739f09","method":"GET","route":"/api/v1/auth/me","statusCode":200,"latencyMs":14.906,"msg":"request completed"}
{"level":30,"time":1789777629654,"pid":21053,"hostname":"Glebs-MacBook-Pro.local","reqId":"db556658-75d9-477c-b3bf-1ff2f2bfaf26","event":"request_completed","requestId":"db556658-75d9-477c-b3bf-1ff2f2bfaf26","method":"GET","route":"/api/v1/notifications","statusCode":200,"latencyMs":28.466,"msg":"request completed"}
{"level":30,"time":1789777629673,"pid":21053,"hostname":"Glebs-MacBook-Pro.local","reqId":"b7855a40-214f-4379-82fa-7c35253a04db","event":"request_completed","requestId":"b7855a40-214f-4379-82fa-7c35253a04db","method":"GET","route":"/api/v1/home","statusCode":200,"latencyMs":45.683,"msg":"request completed"}
{"level":30,"time":1789777629711,"pid":21053,"hostname":"Glebs-MacBook-Pro.local","reqId":"0f4ade28-2360-4761-abc0-a25d0348d349","event":"request_completed","requestId":"0f4ade28-2360-4761-abc0-a25d0348d349","method":"GET","route":"/api/v1/auth/me","statusCode":200,"latencyMs":9.829,"msg":"request completed"}
{"level":30,"time":1789777629741,"pid":21053,"hostname":"Glebs-MacBook-Pro.local","reqId":"b7e895c4-2e71-4284-9e81-1e66d2989cc7","event":"request_completed","requestId":"b7e895c4-2e71-4284-9e81-1e66d2989cc7","method":"GET","route":"/api/v1/matches/create-options","statusCode":200,"latencyMs":25.354,"msg":"request completed"}
{"level":30,"time":1789777629744,"pid":21053,"hostname":"Glebs-MacBook-Pro.local","reqId":"acf6a293-f1c5-4634-9193-29ea2f9a001e","event":"request_completed","requestId":"acf6a293-f1c5-4634-9193-29ea2f9a001e","method":"GET","route":"/api/v1/notifications","statusCode":200,"latencyMs":28.108,"msg":"request completed"}
{"level":30,"time":1789777629912,"pid":21053,"hostname":"Glebs-MacBook-Pro.local","reqId":"5a00d4bb-6e89-4045-85c9-3c8a64467ded","event":"request_completed","requestId":"5a00d4bb-6e89-4045-85c9-3c8a64467ded","method":"POST","route":"/api/v1/matches","statusCode":200,"latencyMs":53.166,"msg":"request completed"}
{"level":30,"time":1789777629931,"pid":21053,"hostname":"Glebs-MacBook-Pro.local","reqId":"dd7c432a-c25c-4da9-ba0f-88b66277491c","event":"request_completed","requestId":"dd7c432a-c25c-4da9-ba0f-88b66277491c","method":"GET","route":"/api/v1/matches/:matchId","statusCode":200,"latencyMs":14.929,"msg":"request completed"}
{"level":30,"time":1789777629968,"pid":21053,"hostname":"Glebs-MacBook-Pro.local","reqId":"bbe1226b-edcf-41e4-a7f9-97d384e8e47f","event":"request_completed","requestId":"bbe1226b-edcf-41e4-a7f9-97d384e8e47f","method":"GET","route":"/api/v1/matches/:matchId","statusCode":200,"latencyMs":20.953,"msg":"request completed"}
{"level":30,"time":1789777629993,"pid":21053,"hostname":"Glebs-MacBook-Pro.local","reqId":"84a8453e-5950-4969-891b-515426b9aebf","event":"request_completed","requestId":"84a8453e-5950-4969-891b-515426b9aebf","method":"POST","route":"/api/v1/matches/:matchId/invitations","statusCode":200,"latencyMs":20.457,"msg":"request completed"}
{"level":30,"time":1789777630033,"pid":21053,"hostname":"Glebs-MacBook-Pro.local","reqId":"1f78cfb5-f271-446a-a407-d8a096394a0c","event":"request_completed","requestId":"1f78cfb5-f271-446a-a407-d8a096394a0c","method":"GET","route":"/api/v1/matches/create-options","statusCode":200,"latencyMs":25.093,"msg":"request completed"}
{"level":30,"time":1789777630131,"pid":21053,"hostname":"Glebs-MacBook-Pro.local","reqId":"a72fba2a-e33b-4def-af98-248b134e7d11","event":"request_completed","requestId":"a72fba2a-e33b-4def-af98-248b134e7d11","method":"PATCH","route":"/api/v1/matches/:matchId","statusCode":200,"latencyMs":56.809,"msg":"request completed"}
{"level":30,"time":1789777630182,"pid":21053,"hostname":"Glebs-MacBook-Pro.local","reqId":"e8443cdc-8b5b-4007-90eb-f93a354e1e7e","event":"request_completed","requestId":"e8443cdc-8b5b-4007-90eb-f93a354e1e7e","method":"GET","route":"/api/v1/matches/:matchId","statusCode":200,"latencyMs":26.254,"msg":"request completed"}
{"level":30,"time":1789777630330,"pid":21053,"hostname":"Glebs-MacBook-Pro.local","reqId":"db3c53e2-b9b5-40c9-8a20-60509fce70b2","event":"request_completed","requestId":"db3c53e2-b9b5-40c9-8a20-60509fce70b2","method":"POST","route":"/api/v1/matches/:matchId/start","statusCode":200,"latencyMs":56.163,"msg":"request completed"}
{"level":30,"time":1789777630389,"pid":21053,"hostname":"Glebs-MacBook-Pro.local","reqId":"a06815a7-2720-440c-a9d8-cc7fc9516c05","event":"request_completed","requestId":"a06815a7-2720-440c-a9d8-cc7fc9516c05","method":"GET","route":"/api/v1/matches/:matchId","statusCode":200,"latencyMs":33.165,"msg":"request completed"}
{"level":30,"time":1789777630404,"pid":21053,"hostname":"Glebs-MacBook-Pro.local","reqId":"e06e494c-fc78-425d-a28e-efc11f76e940","event":"request_completed","requestId":"e06e494c-fc78-425d-a28e-efc11f76e940","method":"GET","route":"/api/v1/notifications","statusCode":200,"latencyMs":11.668,"msg":"request completed"}
{"level":30,"time":1789777630513,"pid":21053,"hostname":"Glebs-MacBook-Pro.local","reqId":"cdec67bc-c3dd-4fe4-9ef6-117397306226","event":"request_completed","requestId":"cdec67bc-c3dd-4fe4-9ef6-117397306226","method":"GET","route":"/api/v1/matches/:matchId","statusCode":200,"latencyMs":54.333,"msg":"request completed"}
  ✓  24 [chromium-desktop] › tests/e2e/wave-e-user.spec.ts:95:5 › GAP-012 operator creates A-vs-B, edits it and starts without player consent (1.8s)
{"level":30,"time":1789777630689,"pid":21053,"hostname":"Glebs-MacBook-Pro.local","reqId":"af782d88-60e0-4763-8d1a-780eba91b168","event":"request_completed","requestId":"af782d88-60e0-4763-8d1a-780eba91b168","method":"GET","route":"/health","statusCode":200,"latencyMs":0.125,"msg":"request completed"}
{"level":30,"time":1789777630725,"pid":21053,"hostname":"Glebs-MacBook-Pro.local","reqId":"68d0b884-ab5e-4e0d-a0a8-4799bfa346dd","event":"request_completed","requestId":"68d0b884-ab5e-4e0d-a0a8-4799bfa346dd","method":"POST","route":"/api/v1/auth/login","statusCode":200,"latencyMs":32.616,"msg":"request completed"}
{"level":30,"time":1789777630744,"pid":21053,"hostname":"Glebs-MacBook-Pro.local","reqId":"ad524abf-a2ce-46c5-84be-1488dbc2e64f","event":"request_completed","requestId":"ad524abf-a2ce-46c5-84be-1488dbc2e64f","method":"PATCH","route":"/api/v1/me/onboarding","statusCode":200,"latencyMs":14.139,"msg":"request completed"}
{"level":30,"time":1789777630785,"pid":21053,"hostname":"Glebs-MacBook-Pro.local","reqId":"b0041194-6322-4e24-8e40-d8ef1560e3fa","event":"request_completed","requestId":"b0041194-6322-4e24-8e40-d8ef1560e3fa","method":"POST","route":"/api/v1/admin/users","statusCode":200,"latencyMs":37.851,"msg":"request completed"}
{"level":30,"time":1789777631050,"pid":21053,"hostname":"Glebs-MacBook-Pro.local","reqId":"01779685-8d9a-4888-a728-f940d100d022","event":"request_completed","requestId":"01779685-8d9a-4888-a728-f940d100d022","method":"GET","route":"/api/v1/auth/me","statusCode":401,"latencyMs":0.144,"msg":"request completed"}
{"level":30,"time":1789777631226,"pid":21053,"hostname":"Glebs-MacBook-Pro.local","reqId":"37f4d376-ddae-4d5a-8b0f-85da12840fb0","event":"request_completed","requestId":"37f4d376-ddae-4d5a-8b0f-85da12840fb0","method":"POST","route":"/api/v1/auth/login","statusCode":200,"latencyMs":27.461,"msg":"request completed"}
{"level":30,"time":1789777631346,"pid":21053,"hostname":"Glebs-MacBook-Pro.local","reqId":"331e0352-2335-458e-ab39-92666c5358b3","event":"request_completed","requestId":"331e0352-2335-458e-ab39-92666c5358b3","method":"POST","route":"/api/v1/auth/password/first-change","statusCode":200,"latencyMs":31.218,"msg":"request completed"}
{"level":30,"time":1789777631353,"pid":21053,"hostname":"Glebs-MacBook-Pro.local","reqId":"f253f9cd-7d8d-41fc-8077-2a6624b6d8a4","event":"request_completed","requestId":"f253f9cd-7d8d-41fc-8077-2a6624b6d8a4","method":"GET","route":"/api/v1/auth/me","statusCode":200,"latencyMs":4.389,"msg":"request completed"}
{"level":30,"time":1789777631449,"pid":21053,"hostname":"Glebs-MacBook-Pro.local","reqId":"efcfc06d-77f8-43a9-ae82-54286512d159","event":"request_completed","requestId":"efcfc06d-77f8-43a9-ae82-54286512d159","method":"PATCH","route":"/api/v1/me/onboarding","statusCode":200,"latencyMs":18.25,"msg":"request completed"}
{"level":30,"time":1789777631494,"pid":21053,"hostname":"Glebs-MacBook-Pro.local","reqId":"f8847299-3301-428c-ac61-0d2994a12c9e","event":"request_completed","requestId":"f8847299-3301-428c-ac61-0d2994a12c9e","method":"PATCH","route":"/api/v1/me/onboarding","statusCode":200,"latencyMs":13.365,"msg":"request completed"}
{"level":30,"time":1789777631542,"pid":21053,"hostname":"Glebs-MacBook-Pro.local","reqId":"9c0de3a0-bfd2-47c1-99e8-9dffebb7b05e","event":"request_completed","requestId":"9c0de3a0-bfd2-47c1-99e8-9dffebb7b05e","method":"PATCH","route":"/api/v1/me/onboarding","statusCode":200,"latencyMs":11.974,"msg":"request completed"}
{"level":30,"time":1789777631610,"pid":21053,"hostname":"Glebs-MacBook-Pro.local","reqId":"ca887f11-11f1-48ee-ac2c-d006311b9e39","event":"request_completed","requestId":"ca887f11-11f1-48ee-ac2c-d006311b9e39","method":"PATCH","route":"/api/v1/me/onboarding","statusCode":200,"latencyMs":11.788,"msg":"request completed"}
{"level":30,"time":1789777631656,"pid":21053,"hostname":"Glebs-MacBook-Pro.local","reqId":"7a5c778c-1aca-4f63-9fb1-f662d520381e","event":"request_completed","requestId":"7a5c778c-1aca-4f63-9fb1-f662d520381e","method":"GET","route":"/api/v1/auth/me","statusCode":200,"latencyMs":9.086,"msg":"request completed"}
{"level":30,"time":1789777631714,"pid":21053,"hostname":"Glebs-MacBook-Pro.local","reqId":"c0c30ce1-045d-4d5f-8ac6-34b88325aedc","event":"request_completed","requestId":"c0c30ce1-045d-4d5f-8ac6-34b88325aedc","method":"PATCH","route":"/api/v1/me/onboarding","statusCode":200,"latencyMs":10.299,"msg":"request completed"}
{"level":30,"time":1789777631780,"pid":21053,"hostname":"Glebs-MacBook-Pro.local","reqId":"b0200f7e-b6d4-4a9d-b88e-f221b6192083","event":"request_completed","requestId":"b0200f7e-b6d4-4a9d-b88e-f221b6192083","method":"PATCH","route":"/api/v1/me/onboarding","statusCode":200,"latencyMs":10.636,"msg":"request completed"}
{"level":30,"time":1789777631830,"pid":21053,"hostname":"Glebs-MacBook-Pro.local","reqId":"40eb0931-69cb-47e1-82ec-6e75720c6a3b","event":"request_completed","requestId":"40eb0931-69cb-47e1-82ec-6e75720c6a3b","method":"PATCH","route":"/api/v1/me/onboarding","statusCode":200,"latencyMs":10.119,"msg":"request completed"}
{"level":30,"time":1789777631873,"pid":21053,"hostname":"Glebs-MacBook-Pro.local","reqId":"839b92de-2de0-47c2-8255-056896e5a14f","event":"request_completed","requestId":"839b92de-2de0-47c2-8255-056896e5a14f","method":"POST","route":"/api/v1/matches/tutorial","statusCode":200,"latencyMs":38.975,"msg":"request completed"}
{"level":30,"time":1789777631907,"pid":21053,"hostname":"Glebs-MacBook-Pro.local","reqId":"712795e4-62e0-4f2c-ab35-3d9c897ef827","event":"request_completed","requestId":"712795e4-62e0-4f2c-ab35-3d9c897ef827","method":"GET","route":"/api/v1/matches/:matchId","statusCode":200,"latencyMs":30.382,"msg":"request completed"}
{"level":30,"time":1789777631941,"pid":21053,"hostname":"Glebs-MacBook-Pro.local","reqId":"e115c146-3050-4ccc-a348-58e99461affb","event":"request_completed","requestId":"e115c146-3050-4ccc-a348-58e99461affb","method":"POST","route":"/api/v1/matches/:matchId/judge/acquire","statusCode":200,"latencyMs":31.342,"msg":"request completed"}
{"level":30,"time":1789777631953,"pid":21053,"hostname":"Glebs-MacBook-Pro.local","reqId":"4e033fcf-a846-434b-ad92-77ee4c663fbb","event":"request_completed","requestId":"4e033fcf-a846-434b-ad92-77ee4c663fbb","method":"GET","route":"/api/v1/matches/:matchId","statusCode":200,"latencyMs":10.7,"msg":"request completed"}
{"level":30,"time":1789777631966,"pid":21053,"hostname":"Glebs-MacBook-Pro.local","reqId":"529179e0-664e-4952-ba88-6d5fa41b19f0","event":"request_completed","requestId":"529179e0-664e-4952-ba88-6d5fa41b19f0","method":"POST","route":"/api/v1/matches/:matchId/judge/heartbeat","statusCode":200,"latencyMs":7.448,"msg":"request completed"}
{"level":30,"time":1789777631980,"pid":21053,"hostname":"Glebs-MacBook-Pro.local","reqId":"5d105905-8f33-4cee-9241-e503a9fde01e","event":"request_completed","requestId":"5d105905-8f33-4cee-9241-e503a9fde01e","method":"GET","route":"/api/v1/matches/:matchId","statusCode":200,"latencyMs":12.399,"msg":"request completed"}
{"level":30,"time":1789777632023,"pid":21053,"hostname":"Glebs-MacBook-Pro.local","reqId":"a47b06ae-52f7-4456-8271-89ca344dce4c","event":"request_completed","requestId":"a47b06ae-52f7-4456-8271-89ca344dce4c","method":"POST","route":"/api/v1/matches/:matchId/judge/release","statusCode":200,"latencyMs":18.474,"msg":"request completed"}
{"level":30,"time":1789777632046,"pid":21053,"hostname":"Glebs-MacBook-Pro.local","reqId":"665e8876-c79d-4463-a949-0ec0e64e3b78","event":"request_completed","requestId":"665e8876-c79d-4463-a949-0ec0e64e3b78","method":"GET","route":"/api/v1/auth/me","statusCode":200,"latencyMs":10.31,"msg":"request completed"}
{"level":30,"time":1789777632081,"pid":21053,"hostname":"Glebs-MacBook-Pro.local","reqId":"71165ca7-08eb-4d3f-8fd1-9933a2aafd33","event":"request_completed","requestId":"71165ca7-08eb-4d3f-8fd1-9933a2aafd33","method":"PATCH","route":"/api/v1/me/onboarding","statusCode":200,"latencyMs":10.336,"msg":"request completed"}
{"level":30,"time":1789777632119,"pid":21053,"hostname":"Glebs-MacBook-Pro.local","reqId":"ea21fe10-b94e-46a5-bc45-11b217ba7176","event":"request_completed","requestId":"ea21fe10-b94e-46a5-bc45-11b217ba7176","method":"GET","route":"/api/v1/auth/me","statusCode":200,"latencyMs":9.579,"msg":"request completed"}
{"level":30,"time":1789777632120,"pid":21053,"hostname":"Glebs-MacBook-Pro.local","reqId":"64be5dd4-9a9b-42a9-93c1-b48d836bdbc6","event":"request_completed","requestId":"64be5dd4-9a9b-42a9-93c1-b48d836bdbc6","method":"GET","route":"/api/v1/notifications","statusCode":200,"latencyMs":33.217,"msg":"request completed"}
{"level":30,"time":1789777632134,"pid":21053,"hostname":"Glebs-MacBook-Pro.local","reqId":"048754af-1bb0-4ab2-942e-8c847ba1b022","event":"request_completed","requestId":"048754af-1bb0-4ab2-942e-8c847ba1b022","method":"GET","route":"/api/v1/auth/sessions","statusCode":200,"latencyMs":7.787,"msg":"request completed"}
{"level":30,"time":1789777632142,"pid":21053,"hostname":"Glebs-MacBook-Pro.local","reqId":"85225511-6ec9-47b3-94f1-10d40a730622","event":"request_completed","requestId":"85225511-6ec9-47b3-94f1-10d40a730622","method":"GET","route":"/api/v1/home","statusCode":200,"latencyMs":54.105,"msg":"request completed"}
{"level":30,"time":1789777632145,"pid":21053,"hostname":"Glebs-MacBook-Pro.local","reqId":"50ab6b9a-d2a8-4580-8f81-19e6e76a23dc","event":"request_completed","requestId":"50ab6b9a-d2a8-4580-8f81-19e6e76a23dc","method":"GET","route":"/api/v1/notifications","statusCode":200,"latencyMs":19.387,"msg":"request completed"}
{"level":30,"time":1789777632148,"pid":21053,"hostname":"Glebs-MacBook-Pro.local","reqId":"08c043ab-a8ab-45d7-a023-fe1bcbaddcbd","event":"request_completed","requestId":"08c043ab-a8ab-45d7-a023-fe1bcbaddcbd","method":"GET","route":"/api/v1/profile/me","statusCode":200,"latencyMs":22.2,"msg":"request completed"}
{"level":30,"time":1789777632158,"pid":21053,"hostname":"Glebs-MacBook-Pro.local","reqId":"f3f72b8f-1f5a-4321-b68a-85268edcb288","event":"request_completed","requestId":"f3f72b8f-1f5a-4321-b68a-85268edcb288","method":"GET","route":"/api/v1/home","statusCode":200,"latencyMs":30.981,"msg":"request completed"}
{"level":30,"time":1789777632233,"pid":21053,"hostname":"Glebs-MacBook-Pro.local","reqId":"3872dc88-3ce0-49cd-a598-080002211382","event":"request_completed","requestId":"3872dc88-3ce0-49cd-a598-080002211382","method":"PATCH","route":"/api/v1/me/onboarding","statusCode":200,"latencyMs":6.045,"msg":"request completed"}
{"level":30,"time":1789777632306,"pid":21053,"hostname":"Glebs-MacBook-Pro.local","reqId":"763174d5-5188-4a76-aa04-2ec63968dd77","event":"request_completed","requestId":"763174d5-5188-4a76-aa04-2ec63968dd77","method":"PATCH","route":"/api/v1/me/onboarding","statusCode":200,"latencyMs":13.561,"msg":"request completed"}
{"level":30,"time":1789777632343,"pid":21053,"hostname":"Glebs-MacBook-Pro.local","reqId":"7c41e74d-1d0b-4171-b698-79dfa0e865a4","event":"request_completed","requestId":"7c41e74d-1d0b-4171-b698-79dfa0e865a4","method":"GET","route":"/api/v1/auth/me","statusCode":200,"latencyMs":11.892,"msg":"request completed"}
{"level":30,"time":1789777632347,"pid":21053,"hostname":"Glebs-MacBook-Pro.local","reqId":"25aa24f1-397e-4de3-8f82-dad68c5c59b9","event":"request_completed","requestId":"25aa24f1-397e-4de3-8f82-dad68c5c59b9","method":"GET","route":"/api/v1/notifications","statusCode":200,"latencyMs":37.136,"msg":"request completed"}
{"level":30,"time":1789777632360,"pid":21053,"hostname":"Glebs-MacBook-Pro.local","reqId":"8d209897-0ecf-4e77-8fc9-adb85db484cb","event":"request_completed","requestId":"8d209897-0ecf-4e77-8fc9-adb85db484cb","method":"GET","route":"/api/v1/home","statusCode":200,"latencyMs":50.192,"msg":"request completed"}
{"level":30,"time":1789777632364,"pid":21053,"hostname":"Glebs-MacBook-Pro.local","reqId":"8d286554-9e17-40dd-82ca-536dc96c5b69","event":"request_completed","requestId":"8d286554-9e17-40dd-82ca-536dc96c5b69","method":"GET","route":"/api/v1/notifications","statusCode":200,"latencyMs":11.284,"msg":"request completed"}
{"level":30,"time":1789777632369,"pid":21053,"hostname":"Glebs-MacBook-Pro.local","reqId":"ddd82146-76c9-4b44-9c30-3fba9c143814","event":"request_completed","requestId":"ddd82146-76c9-4b44-9c30-3fba9c143814","method":"GET","route":"/api/v1/faq","statusCode":200,"latencyMs":15.976,"msg":"request completed"}
{"level":30,"time":1789777632444,"pid":21053,"hostname":"Glebs-MacBook-Pro.local","reqId":"5140c4c5-87c6-4408-ba5b-c35d67c84462","event":"request_completed","requestId":"5140c4c5-87c6-4408-ba5b-c35d67c84462","method":"POST","route":"/api/v1/feedback","statusCode":200,"latencyMs":14.82,"msg":"request completed"}
  ✓  25 [chromium-desktop] › tests/e2e/wave-e-user.spec.ts:182:5 › Wave E onboarding resume, tutorial return, restart and Help feedback (1.9s)
{"level":30,"time":1789777633017,"pid":21053,"hostname":"Glebs-MacBook-Pro.local","reqId":"fa0f3868-24ec-40a0-bcef-b5fbdcefb770","event":"request_completed","requestId":"fa0f3868-24ec-40a0-bcef-b5fbdcefb770","method":"GET","route":"/api/v1/auth/me","statusCode":401,"latencyMs":0.148,"msg":"request completed"}
{"level":30,"time":1789777633058,"pid":21053,"hostname":"Glebs-MacBook-Pro.local","reqId":"4ffd4133-8d11-43ce-b618-a5be6a610173","event":"request_completed","requestId":"4ffd4133-8d11-43ce-b618-a5be6a610173","method":"GET","route":"/api/v1/auth/me","statusCode":401,"latencyMs":0.111,"msg":"request completed"}
{"level":30,"time":1789777633433,"pid":21053,"hostname":"Glebs-MacBook-Pro.local","reqId":"d8cbaaeb-9d9e-4cee-8c2d-e54358309256","event":"request_completed","requestId":"d8cbaaeb-9d9e-4cee-8c2d-e54358309256","method":"GET","route":"/api/v1/auth/me","statusCode":401,"latencyMs":0.114,"msg":"request completed"}
{"level":30,"time":1789777633775,"pid":21053,"hostname":"Glebs-MacBook-Pro.local","reqId":"4d11d710-8bdf-492d-857b-0c5cc2bcf8ef","event":"request_completed","requestId":"4d11d710-8bdf-492d-857b-0c5cc2bcf8ef","method":"GET","route":"/api/v1/auth/me","statusCode":401,"latencyMs":0.126,"msg":"request completed"}
{"level":30,"time":1789777634220,"pid":21053,"hostname":"Glebs-MacBook-Pro.local","reqId":"4d6015a5-9bf3-4577-97a8-8693bf65b532","event":"request_completed","requestId":"4d6015a5-9bf3-4577-97a8-8693bf65b532","method":"GET","route":"/api/v1/auth/me","statusCode":401,"latencyMs":0.141,"msg":"request completed"}
{"level":30,"time":1789777634632,"pid":21053,"hostname":"Glebs-MacBook-Pro.local","reqId":"b8a3a8a5-ebe6-405b-873d-f3ab5306a8c3","event":"request_completed","requestId":"b8a3a8a5-ebe6-405b-873d-f3ab5306a8c3","method":"GET","route":"/api/v1/auth/me","statusCode":401,"latencyMs":0.107,"msg":"request completed"}
{"level":30,"time":1789777634967,"pid":21053,"hostname":"Glebs-MacBook-Pro.local","reqId":"78f31331-ecfd-470f-8870-f8482e6a337b","event":"request_completed","requestId":"78f31331-ecfd-470f-8870-f8482e6a337b","method":"GET","route":"/api/v1/auth/me","statusCode":401,"latencyMs":0.12,"msg":"request completed"}
{"level":30,"time":1789777635007,"pid":21053,"hostname":"Glebs-MacBook-Pro.local","reqId":"f59209bf-7a4b-4208-9f99-bae726bea56f","event":"request_completed","requestId":"f59209bf-7a4b-4208-9f99-bae726bea56f","method":"GET","route":"/health","statusCode":200,"latencyMs":0.125,"msg":"request completed"}
{"level":30,"time":1789777635054,"pid":21053,"hostname":"Glebs-MacBook-Pro.local","reqId":"fa6b80cd-e8d6-4a7f-a2b7-c7e289b9c431","event":"request_completed","requestId":"fa6b80cd-e8d6-4a7f-a2b7-c7e289b9c431","method":"POST","route":"/api/v1/auth/login","statusCode":200,"latencyMs":43.887,"msg":"request completed"}
{"level":30,"time":1789777635067,"pid":21053,"hostname":"Glebs-MacBook-Pro.local","reqId":"51d242ae-3cce-4178-9f83-e64caf32762e","event":"request_completed","requestId":"51d242ae-3cce-4178-9f83-e64caf32762e","method":"PATCH","route":"/api/v1/me/onboarding","statusCode":200,"latencyMs":9.226,"msg":"request completed"}
{"level":30,"time":1789777635099,"pid":21053,"hostname":"Glebs-MacBook-Pro.local","reqId":"a43b0524-f83a-4008-905b-b7ca1cdf314f","event":"request_completed","requestId":"a43b0524-f83a-4008-905b-b7ca1cdf314f","method":"POST","route":"/api/v1/admin/users","statusCode":200,"latencyMs":28.789,"msg":"request completed"}
{"level":30,"time":1789777635129,"pid":21053,"hostname":"Glebs-MacBook-Pro.local","reqId":"b1f45d47-d3a3-40e7-bf29-75b99d8ca38e","event":"request_completed","requestId":"b1f45d47-d3a3-40e7-bf29-75b99d8ca38e","method":"POST","route":"/api/v1/admin/users","statusCode":200,"latencyMs":26.274,"msg":"request completed"}
{"level":30,"time":1789777635158,"pid":21053,"hostname":"Glebs-MacBook-Pro.local","reqId":"ec7815c8-8b94-4123-9183-4c92dbee5cd2","event":"request_completed","requestId":"ec7815c8-8b94-4123-9183-4c92dbee5cd2","method":"POST","route":"/api/v1/admin/users","statusCode":200,"latencyMs":25.131,"msg":"request completed"}
{"level":30,"time":1789777635173,"pid":21053,"hostname":"Glebs-MacBook-Pro.local","reqId":"857d2f5c-237e-4858-9a7b-f884ef599193","event":"request_completed","requestId":"857d2f5c-237e-4858-9a7b-f884ef599193","method":"GET","route":"/api/v1/auth/me","statusCode":401,"latencyMs":0.118,"msg":"request completed"}
{"level":30,"time":1789777635290,"pid":21053,"hostname":"Glebs-MacBook-Pro.local","reqId":"bdc8e46c-e358-47e1-9e8d-8f77c4e6829b","event":"request_completed","requestId":"bdc8e46c-e358-47e1-9e8d-8f77c4e6829b","method":"POST","route":"/api/v1/auth/login","statusCode":200,"latencyMs":34.144,"msg":"request completed"}
{"level":30,"time":1789777635308,"pid":21053,"hostname":"Glebs-MacBook-Pro.local","reqId":"ebedafaf-7453-4596-8e1f-41b4d20b5112","event":"request_completed","requestId":"ebedafaf-7453-4596-8e1f-41b4d20b5112","method":"GET","route":"/api/v1/auth/me","statusCode":200,"latencyMs":15.805,"msg":"request completed"}
{"level":30,"time":1789777635328,"pid":21053,"hostname":"Glebs-MacBook-Pro.local","reqId":"d4e4692f-2562-4a52-9250-80bb83eb425d","event":"request_completed","requestId":"d4e4692f-2562-4a52-9250-80bb83eb425d","method":"GET","route":"/api/v1/notifications","statusCode":200,"latencyMs":34.623,"msg":"request completed"}
{"level":30,"time":1789777635358,"pid":21053,"hostname":"Glebs-MacBook-Pro.local","reqId":"313cd2d1-7921-45b6-b905-f1f9ab67bd96","event":"request_completed","requestId":"313cd2d1-7921-45b6-b905-f1f9ab67bd96","method":"GET","route":"/api/v1/auth/me","statusCode":200,"latencyMs":4.971,"msg":"request completed"}
{"level":30,"time":1789777635366,"pid":21053,"hostname":"Glebs-MacBook-Pro.local","reqId":"12cefec4-e5c1-4130-9c97-98c48e3250c2","event":"request_completed","requestId":"12cefec4-e5c1-4130-9c97-98c48e3250c2","method":"GET","route":"/api/v1/home","statusCode":200,"latencyMs":69.854,"msg":"request completed"}
{"level":30,"time":1789777635367,"pid":21053,"hostname":"Glebs-MacBook-Pro.local","reqId":"8fb471f4-7d28-4b35-a8e5-ac94e4a80341","event":"request_completed","requestId":"8fb471f4-7d28-4b35-a8e5-ac94e4a80341","method":"GET","route":"/api/v1/admin/users","statusCode":200,"latencyMs":5.017,"msg":"request completed"}
{"level":30,"time":1789777635374,"pid":21053,"hostname":"Glebs-MacBook-Pro.local","reqId":"d1a79e2a-ea89-4c46-8495-a09293aa970d","event":"request_completed","requestId":"d1a79e2a-ea89-4c46-8495-a09293aa970d","method":"GET","route":"/api/v1/notifications","statusCode":200,"latencyMs":12.543,"msg":"request completed"}
{"level":30,"time":1789777635505,"pid":21053,"hostname":"Glebs-MacBook-Pro.local","reqId":"c478d209-b56e-4ed2-836f-1e89a51add39","event":"request_completed","requestId":"c478d209-b56e-4ed2-836f-1e89a51add39","method":"POST","route":"/api/v1/auth/login","statusCode":200,"latencyMs":28.424,"msg":"request completed"}
{"level":30,"time":1789777635545,"pid":21053,"hostname":"Glebs-MacBook-Pro.local","reqId":"e7f05da1-616f-4d02-8bdc-3bf04c4070dd","event":"request_completed","requestId":"e7f05da1-616f-4d02-8bdc-3bf04c4070dd","method":"POST","route":"/api/v1/auth/password/first-change","statusCode":200,"latencyMs":35.56,"msg":"request completed"}
{"level":30,"time":1789777635560,"pid":21053,"hostname":"Glebs-MacBook-Pro.local","reqId":"a93db548-7394-4b1f-bd41-0bbb2d7d35b3","event":"request_completed","requestId":"a93db548-7394-4b1f-bd41-0bbb2d7d35b3","method":"PATCH","route":"/api/v1/me/onboarding","statusCode":200,"latencyMs":12.056,"msg":"request completed"}
{"level":30,"time":1789777635593,"pid":21053,"hostname":"Glebs-MacBook-Pro.local","reqId":"a8479600-a552-4d01-8f35-2f561b9c2d73","event":"request_completed","requestId":"a8479600-a552-4d01-8f35-2f561b9c2d73","method":"GET","route":"/api/v1/auth/me","statusCode":200,"latencyMs":9.549,"msg":"request completed"}
{"level":30,"time":1789777635612,"pid":21053,"hostname":"Glebs-MacBook-Pro.local","reqId":"d504398c-9582-4ece-b39e-841e18b01d8f","event":"request_completed","requestId":"d504398c-9582-4ece-b39e-841e18b01d8f","method":"GET","route":"/api/v1/rankings","statusCode":200,"latencyMs":16.191,"msg":"request completed"}
{"level":30,"time":1789777635623,"pid":21053,"hostname":"Glebs-MacBook-Pro.local","reqId":"7f8378ce-2121-44ea-80ce-a9dded5596f2","event":"request_completed","requestId":"7f8378ce-2121-44ea-80ce-a9dded5596f2","method":"GET","route":"/api/v1/notifications","statusCode":200,"latencyMs":27.388,"msg":"request completed"}
{"level":30,"time":1789777636175,"pid":21053,"hostname":"Glebs-MacBook-Pro.local","reqId":"f82dd3bb-fd9d-4979-af19-f684e12dfee9","event":"request_completed","requestId":"f82dd3bb-fd9d-4979-af19-f684e12dfee9","method":"GET","route":"/api/v1/auth/me","statusCode":200,"latencyMs":8.926,"msg":"request completed"}
{"level":30,"time":1789777636236,"pid":21053,"hostname":"Glebs-MacBook-Pro.local","reqId":"602e1d55-d1c1-4ca4-9f63-9b1b562720e8","event":"request_completed","requestId":"602e1d55-d1c1-4ca4-9f63-9b1b562720e8","method":"GET","route":"/api/v1/rankings","statusCode":200,"latencyMs":16.774,"msg":"request completed"}
{"level":30,"time":1789777636247,"pid":21053,"hostname":"Glebs-MacBook-Pro.local","reqId":"ac6d66d2-cc37-4cc8-b006-7ae74a0566ff","event":"request_completed","requestId":"ac6d66d2-cc37-4cc8-b006-7ae74a0566ff","method":"GET","route":"/api/v1/notifications","statusCode":200,"latencyMs":28.273,"msg":"request completed"}
  ✓  26 [chromium-desktop] › tests/e2e/wave-f-a11y.spec.ts:55:5 › Wave F auth geometry contrast and admin readable rows (4.2s)
{"level":30,"time":1789777636821,"pid":21053,"hostname":"Glebs-MacBook-Pro.local","reqId":"60c16e40-6a96-43cd-ba9b-3c681336b667","event":"request_completed","requestId":"60c16e40-6a96-43cd-ba9b-3c681336b667","method":"GET","route":"/health","statusCode":200,"latencyMs":0.116,"msg":"request completed"}
{"level":30,"time":1789777636850,"pid":21053,"hostname":"Glebs-MacBook-Pro.local","reqId":"a1b5cc74-4276-41e9-b604-643fbca1758a","event":"request_completed","requestId":"a1b5cc74-4276-41e9-b604-643fbca1758a","method":"POST","route":"/api/v1/auth/login","statusCode":200,"latencyMs":27.132,"msg":"request completed"}
{"level":30,"time":1789777636871,"pid":21053,"hostname":"Glebs-MacBook-Pro.local","reqId":"6dd84e9b-d6a1-4dbc-8c0c-cf3553c72a93","event":"request_completed","requestId":"6dd84e9b-d6a1-4dbc-8c0c-cf3553c72a93","method":"PATCH","route":"/api/v1/me/onboarding","statusCode":200,"latencyMs":16.266,"msg":"request completed"}
{"level":30,"time":1789777636900,"pid":21053,"hostname":"Glebs-MacBook-Pro.local","reqId":"15ccb4ba-0923-4afb-8c2e-a773e3caa778","event":"request_completed","requestId":"15ccb4ba-0923-4afb-8c2e-a773e3caa778","method":"POST","route":"/api/v1/tournaments","statusCode":200,"latencyMs":26.838,"msg":"request completed"}
{"level":30,"time":1789777636937,"pid":21053,"hostname":"Glebs-MacBook-Pro.local","reqId":"df954344-1108-4b93-9c84-956f097200b7","event":"request_completed","requestId":"df954344-1108-4b93-9c84-956f097200b7","method":"POST","route":"/api/v1/tournaments/:id/participants","statusCode":200,"latencyMs":32.761,"msg":"request completed"}
{"level":30,"time":1789777636975,"pid":21053,"hostname":"Glebs-MacBook-Pro.local","reqId":"c4362b3b-4572-49ac-a67c-a31bd33e087b","event":"request_completed","requestId":"c4362b3b-4572-49ac-a67c-a31bd33e087b","method":"POST","route":"/api/v1/tournaments/:id/participants","statusCode":200,"latencyMs":34.347,"msg":"request completed"}
{"level":30,"time":1789777637004,"pid":21053,"hostname":"Glebs-MacBook-Pro.local","reqId":"615b109b-c187-429e-92ee-bedf6254056a","event":"request_completed","requestId":"615b109b-c187-429e-92ee-bedf6254056a","method":"POST","route":"/api/v1/tournaments/:id/participants","statusCode":200,"latencyMs":25.538,"msg":"request completed"}
{"level":30,"time":1789777637039,"pid":21053,"hostname":"Glebs-MacBook-Pro.local","reqId":"790e044b-d463-4812-9397-db5dad57d2b0","event":"request_completed","requestId":"790e044b-d463-4812-9397-db5dad57d2b0","method":"POST","route":"/api/v1/tournaments/:id/participants","statusCode":200,"latencyMs":31.475,"msg":"request completed"}
{"level":30,"time":1789777637092,"pid":21053,"hostname":"Glebs-MacBook-Pro.local","reqId":"800646c5-6885-4743-839c-c7c437a36b5f","event":"request_completed","requestId":"800646c5-6885-4743-839c-c7c437a36b5f","method":"POST","route":"/api/v1/tournaments/:id/participants","statusCode":200,"latencyMs":48.336,"msg":"request completed"}
{"level":30,"time":1789777637130,"pid":21053,"hostname":"Glebs-MacBook-Pro.local","reqId":"729f25b6-ffe9-4383-bde0-77f4862870e0","event":"request_completed","requestId":"729f25b6-ffe9-4383-bde0-77f4862870e0","method":"POST","route":"/api/v1/tournaments/:id/participants","statusCode":200,"latencyMs":33.545,"msg":"request completed"}
{"level":30,"time":1789777637156,"pid":21053,"hostname":"Glebs-MacBook-Pro.local","reqId":"492a98f3-213f-49ce-a1b0-41f4faf77a98","event":"request_completed","requestId":"492a98f3-213f-49ce-a1b0-41f4faf77a98","method":"POST","route":"/api/v1/tournaments/:id/participants","statusCode":200,"latencyMs":21.934,"msg":"request completed"}
{"level":30,"time":1789777637181,"pid":21053,"hostname":"Glebs-MacBook-Pro.local","reqId":"af9a631d-ab7c-4bee-af0e-4853592a310f","event":"request_completed","requestId":"af9a631d-ab7c-4bee-af0e-4853592a310f","method":"POST","route":"/api/v1/tournaments/:id/participants","statusCode":200,"latencyMs":21.91,"msg":"request completed"}
{"level":30,"time":1789777637452,"pid":21053,"hostname":"Glebs-MacBook-Pro.local","reqId":"c5b94eb5-0224-46a9-89bd-bc5d0e469539","event":"request_completed","requestId":"c5b94eb5-0224-46a9-89bd-bc5d0e469539","method":"GET","route":"/api/v1/auth/me","statusCode":401,"latencyMs":0.124,"msg":"request completed"}
{"level":30,"time":1789777637627,"pid":21053,"hostname":"Glebs-MacBook-Pro.local","reqId":"1a15685f-37f8-4fa1-a4e7-b878d3f64b4e","event":"request_completed","requestId":"1a15685f-37f8-4fa1-a4e7-b878d3f64b4e","method":"POST","route":"/api/v1/auth/login","statusCode":200,"latencyMs":29.973,"msg":"request completed"}
{"level":30,"time":1789777637643,"pid":21053,"hostname":"Glebs-MacBook-Pro.local","reqId":"b934fd81-3382-4a1c-9128-9a82060320f2","event":"request_completed","requestId":"b934fd81-3382-4a1c-9128-9a82060320f2","method":"GET","route":"/api/v1/auth/me","statusCode":200,"latencyMs":13.9,"msg":"request completed"}
{"level":30,"time":1789777637659,"pid":21053,"hostname":"Glebs-MacBook-Pro.local","reqId":"ee518102-85d4-4f9f-90a0-fc1b9d70ecc1","event":"request_completed","requestId":"ee518102-85d4-4f9f-90a0-fc1b9d70ecc1","method":"GET","route":"/api/v1/notifications","statusCode":200,"latencyMs":28.309,"msg":"request completed"}
{"level":30,"time":1789777637691,"pid":21053,"hostname":"Glebs-MacBook-Pro.local","reqId":"fbe632d8-88b3-4035-954a-fad12e365541","event":"request_completed","requestId":"fbe632d8-88b3-4035-954a-fad12e365541","method":"GET","route":"/api/v1/home","statusCode":200,"latencyMs":57.836,"msg":"request completed"}
{"level":30,"time":1789777637705,"pid":21053,"hostname":"Glebs-MacBook-Pro.local","reqId":"49c1f4a7-0b8f-4db3-ae8a-9e4b09f48caf","event":"request_completed","requestId":"49c1f4a7-0b8f-4db3-ae8a-9e4b09f48caf","method":"GET","route":"/api/v1/auth/me","statusCode":200,"latencyMs":4.245,"msg":"request completed"}
{"level":30,"time":1789777637728,"pid":21053,"hostname":"Glebs-MacBook-Pro.local","reqId":"9aa01979-2267-499b-a902-35ec51d92a7e","event":"request_completed","requestId":"9aa01979-2267-499b-a902-35ec51d92a7e","method":"GET","route":"/api/v1/notifications","statusCode":200,"latencyMs":15.108,"msg":"request completed"}
{"level":30,"time":1789777637729,"pid":21053,"hostname":"Glebs-MacBook-Pro.local","reqId":"0bf43f35-f10d-4b2b-830b-0a9555df2ef4","event":"request_completed","requestId":"0bf43f35-f10d-4b2b-830b-0a9555df2ef4","method":"GET","route":"/api/v1/tournaments/:id","statusCode":200,"latencyMs":16.677,"msg":"request completed"}
{"level":30,"time":1789777637739,"pid":21053,"hostname":"Glebs-MacBook-Pro.local","reqId":"e6ceb911-db91-4994-8fb7-82a89129703c","event":"request_completed","requestId":"e6ceb911-db91-4994-8fb7-82a89129703c","method":"GET","route":"/api/v1/users/directory","statusCode":200,"latencyMs":5.729,"msg":"request completed"}
{"level":30,"time":1789777638483,"pid":21053,"hostname":"Glebs-MacBook-Pro.local","reqId":"b5c0c827-8b24-4193-b7a1-7b5132272afb","event":"request_completed","requestId":"b5c0c827-8b24-4193-b7a1-7b5132272afb","method":"POST","route":"/api/v1/tournaments/:id/bracket","statusCode":200,"latencyMs":49.387,"msg":"request completed"}
{"level":30,"time":1789777638504,"pid":21053,"hostname":"Glebs-MacBook-Pro.local","reqId":"cb0fdce1-ee6b-481c-9537-11a51b904f0b","event":"request_completed","requestId":"cb0fdce1-ee6b-481c-9537-11a51b904f0b","method":"GET","route":"/api/v1/auth/me","statusCode":200,"latencyMs":5.051,"msg":"request completed"}
{"level":30,"time":1789777638522,"pid":21053,"hostname":"Glebs-MacBook-Pro.local","reqId":"04534bdf-8fe8-4ebb-b31e-e9338ec9a268","event":"request_completed","requestId":"04534bdf-8fe8-4ebb-b31e-e9338ec9a268","method":"GET","route":"/api/v1/notifications","statusCode":200,"latencyMs":14.899,"msg":"request completed"}
{"level":30,"time":1789777638523,"pid":21053,"hostname":"Glebs-MacBook-Pro.local","reqId":"fdd188b9-c3ac-490d-91f0-8a4e7fce16ea","event":"request_completed","requestId":"fdd188b9-c3ac-490d-91f0-8a4e7fce16ea","method":"GET","route":"/api/v1/tournaments/:id","statusCode":200,"latencyMs":16.452,"msg":"request completed"}
{"level":30,"time":1789777638543,"pid":21053,"hostname":"Glebs-MacBook-Pro.local","reqId":"b0086380-e30d-4f72-8de2-21750f491b43","event":"request_completed","requestId":"b0086380-e30d-4f72-8de2-21750f491b43","method":"GET","route":"/api/v1/users/directory","statusCode":200,"latencyMs":10.226,"msg":"request completed"}
  ✓  27 [chromium-desktop] › tests/e2e/wave-f-a11y.spec.ts:113:5 › Wave F algorithm focus and bracket keyboard geometry (2.7s)
{"level":30,"time":1789777639523,"pid":21053,"hostname":"Glebs-MacBook-Pro.local","reqId":"e5dc3c88-484b-4dea-bbcd-676a352995a4","event":"request_completed","requestId":"e5dc3c88-484b-4dea-bbcd-676a352995a4","method":"GET","route":"/health","statusCode":200,"latencyMs":0.154,"msg":"request completed"}
{"level":30,"time":1789777639551,"pid":21053,"hostname":"Glebs-MacBook-Pro.local","reqId":"f51c5cd4-3b25-45f5-8d02-2b21f78745fc","event":"request_completed","requestId":"f51c5cd4-3b25-45f5-8d02-2b21f78745fc","method":"POST","route":"/api/v1/auth/login","statusCode":200,"latencyMs":25.8,"msg":"request completed"}
{"level":30,"time":1789777639573,"pid":21053,"hostname":"Glebs-MacBook-Pro.local","reqId":"f83ea5ad-20ed-4c4c-a506-575a296b8661","event":"request_completed","requestId":"f83ea5ad-20ed-4c4c-a506-575a296b8661","method":"PATCH","route":"/api/v1/me/onboarding","statusCode":200,"latencyMs":18.18,"msg":"request completed"}
{"level":30,"time":1789777639840,"pid":21053,"hostname":"Glebs-MacBook-Pro.local","reqId":"f7c4e265-46ac-4f04-aed8-e9db282672b4","event":"request_completed","requestId":"f7c4e265-46ac-4f04-aed8-e9db282672b4","method":"GET","route":"/api/v1/auth/me","statusCode":401,"latencyMs":0.124,"msg":"request completed"}
{"level":30,"time":1789777640019,"pid":21053,"hostname":"Glebs-MacBook-Pro.local","reqId":"c0bbbe28-6d30-4549-a636-ee5c206eed76","event":"request_completed","requestId":"c0bbbe28-6d30-4549-a636-ee5c206eed76","method":"POST","route":"/api/v1/auth/login","statusCode":200,"latencyMs":29.595,"msg":"request completed"}
{"level":30,"time":1789777640036,"pid":21053,"hostname":"Glebs-MacBook-Pro.local","reqId":"c8103987-9a79-4fd8-835e-ddb3bf05ff3f","event":"request_completed","requestId":"c8103987-9a79-4fd8-835e-ddb3bf05ff3f","method":"GET","route":"/api/v1/auth/me","statusCode":200,"latencyMs":14.127,"msg":"request completed"}
{"level":30,"time":1789777640054,"pid":21053,"hostname":"Glebs-MacBook-Pro.local","reqId":"d715025e-42fa-4ba5-a390-4892c0123084","event":"request_completed","requestId":"d715025e-42fa-4ba5-a390-4892c0123084","method":"GET","route":"/api/v1/notifications","statusCode":200,"latencyMs":28.481,"msg":"request completed"}
{"level":30,"time":1789777640087,"pid":21053,"hostname":"Glebs-MacBook-Pro.local","reqId":"d833f586-4560-4c4d-94ae-2d52fcfe3971","event":"request_completed","requestId":"d833f586-4560-4c4d-94ae-2d52fcfe3971","method":"GET","route":"/api/v1/home","statusCode":200,"latencyMs":60.67,"msg":"request completed"}
{"level":30,"time":1789777640100,"pid":21053,"hostname":"Glebs-MacBook-Pro.local","reqId":"86bab372-fb77-4e61-961f-3d50c5031785","event":"request_completed","requestId":"86bab372-fb77-4e61-961f-3d50c5031785","method":"GET","route":"/api/v1/auth/me","statusCode":200,"latencyMs":4.738,"msg":"request completed"}
{"level":30,"time":1789777640123,"pid":21053,"hostname":"Glebs-MacBook-Pro.local","reqId":"56b22857-ad3d-4c16-b3cc-c5cbf8c7d675","event":"request_completed","requestId":"56b22857-ad3d-4c16-b3cc-c5cbf8c7d675","method":"GET","route":"/api/v1/matches/create-options","statusCode":200,"latencyMs":12.467,"msg":"request completed"}
{"level":30,"time":1789777640124,"pid":21053,"hostname":"Glebs-MacBook-Pro.local","reqId":"3b7ebd99-406b-46a7-a4e0-603c1686fbce","event":"request_completed","requestId":"3b7ebd99-406b-46a7-a4e0-603c1686fbce","method":"GET","route":"/api/v1/notifications","statusCode":200,"latencyMs":14.377,"msg":"request completed"}
{"level":30,"time":1789777640270,"pid":21053,"hostname":"Glebs-MacBook-Pro.local","reqId":"af0273d4-a931-426c-bd4a-cf610b3f4ab5","event":"request_completed","requestId":"af0273d4-a931-426c-bd4a-cf610b3f4ab5","method":"POST","route":"/api/v1/matches","statusCode":200,"latencyMs":51.308,"msg":"request completed"}
{"level":30,"time":1789777640300,"pid":21053,"hostname":"Glebs-MacBook-Pro.local","reqId":"243d8d74-a1f7-4e4e-ae80-0204c8985454","event":"request_completed","requestId":"243d8d74-a1f7-4e4e-ae80-0204c8985454","method":"GET","route":"/api/v1/matches/:matchId","statusCode":200,"latencyMs":26.119,"msg":"request completed"}
{"level":30,"time":1789777640358,"pid":21053,"hostname":"Glebs-MacBook-Pro.local","reqId":"a62331d3-6675-4c12-9e72-a2c454748178","event":"request_completed","requestId":"a62331d3-6675-4c12-9e72-a2c454748178","method":"GET","route":"/api/v1/matches/:matchId","statusCode":200,"latencyMs":22.517,"msg":"request completed"}
{"level":30,"time":1789777640380,"pid":21053,"hostname":"Glebs-MacBook-Pro.local","reqId":"8e129421-6f50-4431-bdce-772b9a0b907f","event":"request_completed","requestId":"8e129421-6f50-4431-bdce-772b9a0b907f","method":"POST","route":"/api/v1/matches/:matchId/judge/acquire","statusCode":200,"latencyMs":20.42,"msg":"request completed"}
{"level":30,"time":1789777640393,"pid":21053,"hostname":"Glebs-MacBook-Pro.local","reqId":"3179d8e5-5958-4f0d-b488-7c51b03f3456","event":"request_completed","requestId":"3179d8e5-5958-4f0d-b488-7c51b03f3456","method":"GET","route":"/api/v1/matches/:matchId","statusCode":200,"latencyMs":10.561,"msg":"request completed"}
{"level":30,"time":1789777640403,"pid":21053,"hostname":"Glebs-MacBook-Pro.local","reqId":"c2194d53-7c95-4f28-90c8-94cf64f0eb2a","event":"request_completed","requestId":"c2194d53-7c95-4f28-90c8-94cf64f0eb2a","method":"POST","route":"/api/v1/matches/:matchId/judge/heartbeat","statusCode":200,"latencyMs":7.604,"msg":"request completed"}
{"level":30,"time":1789777640418,"pid":21053,"hostname":"Glebs-MacBook-Pro.local","reqId":"3297d37e-2b32-4bcb-93e5-6cd47130ddaf","event":"request_completed","requestId":"3297d37e-2b32-4bcb-93e5-6cd47130ddaf","method":"GET","route":"/api/v1/matches/:matchId","statusCode":200,"latencyMs":12.386,"msg":"request completed"}
{"level":30,"time":1789777640520,"pid":21053,"hostname":"Glebs-MacBook-Pro.local","reqId":"81978c49-8b10-4694-8247-f1a49e331531","event":"request_completed","requestId":"81978c49-8b10-4694-8247-f1a49e331531","method":"POST","route":"/api/v1/matches/:matchId/start","statusCode":200,"latencyMs":53.061,"msg":"request completed"}
{"level":30,"time":1789777640545,"pid":21053,"hostname":"Glebs-MacBook-Pro.local","reqId":"b66071a8-9773-469e-989c-b6d252be1ef4","event":"request_completed","requestId":"b66071a8-9773-469e-989c-b6d252be1ef4","method":"POST","route":"/api/v1/matches/:matchId/judge/setup","statusCode":200,"latencyMs":22.091,"msg":"request completed"}
{"level":30,"time":1789777640557,"pid":21053,"hostname":"Glebs-MacBook-Pro.local","reqId":"657fd32b-a60b-4aa9-95d5-bf3bd5d0d073","event":"request_completed","requestId":"657fd32b-a60b-4aa9-95d5-bf3bd5d0d073","method":"POST","route":"/api/v1/matches/:matchId/judge/heartbeat","statusCode":200,"latencyMs":6.79,"msg":"request completed"}
{"level":30,"time":1789777640569,"pid":21053,"hostname":"Glebs-MacBook-Pro.local","reqId":"96307f71-91a9-4330-8c07-0478aebe9304","event":"request_completed","requestId":"96307f71-91a9-4330-8c07-0478aebe9304","method":"GET","route":"/api/v1/matches/:matchId","statusCode":200,"latencyMs":10.424,"msg":"request completed"}
{"level":30,"time":1789777640964,"pid":21053,"hostname":"Glebs-MacBook-Pro.local","reqId":"c00d4cfc-7c5b-4a03-9709-60b6c979ccdd","event":"request_completed","requestId":"c00d4cfc-7c5b-4a03-9709-60b6c979ccdd","method":"GET","route":"/api/v1/users/directory","statusCode":200,"latencyMs":12.197,"msg":"request completed"}
{"level":30,"time":1789777641416,"pid":21053,"hostname":"Glebs-MacBook-Pro.local","reqId":"620f0bc4-6f34-41d7-b492-c8947d0c9358","event":"request_completed","requestId":"620f0bc4-6f34-41d7-b492-c8947d0c9358","method":"POST","route":"/api/v1/matches/:matchId/points","statusCode":200,"latencyMs":65.072,"msg":"request completed"}
{"level":30,"time":1789777641450,"pid":21053,"hostname":"Glebs-MacBook-Pro.local","reqId":"9cf3023f-cacb-4664-a2a6-e2b009892c40","event":"request_completed","requestId":"9cf3023f-cacb-4664-a2a6-e2b009892c40","method":"GET","route":"/api/v1/matches/:matchId","statusCode":200,"latencyMs":18.254,"msg":"request completed"}
{"level":30,"time":1789777641548,"pid":21053,"hostname":"Glebs-MacBook-Pro.local","reqId":"cd7aea63-e684-47b7-9aac-a71fa0420de5","event":"request_completed","requestId":"cd7aea63-e684-47b7-9aac-a71fa0420de5","method":"GET","route":"/api/v1/matches/:matchId","statusCode":200,"latencyMs":24.392,"msg":"request completed"}
{"level":30,"time":1789777641579,"pid":21053,"hostname":"Glebs-MacBook-Pro.local","reqId":"322d72fb-de87-497c-be29-b01cfb0a8700","event":"request_completed","requestId":"322d72fb-de87-497c-be29-b01cfb0a8700","method":"POST","route":"/api/v1/matches/:matchId/cancel","statusCode":200,"latencyMs":28.112,"msg":"request completed"}
{"level":30,"time":1789777641592,"pid":21053,"hostname":"Glebs-MacBook-Pro.local","reqId":"f820dafe-2f6c-4608-9ae5-ab1d724bfffc","event":"request_completed","requestId":"f820dafe-2f6c-4608-9ae5-ab1d724bfffc","method":"GET","route":"/api/v1/matches/:matchId","statusCode":200,"latencyMs":9.517,"msg":"request completed"}
  ✓  28 [chromium-desktop] › tests/e2e/wave-f-a11y.spec.ts:149:5 › Wave F judge disclosure score and landscape (2.2s)
{"level":30,"time":1789777641688,"pid":21053,"hostname":"Glebs-MacBook-Pro.local","reqId":"e1e3f99d-455a-4f37-bc57-0aa6c8f360c8","event":"request_completed","requestId":"e1e3f99d-455a-4f37-bc57-0aa6c8f360c8","method":"GET","route":"/health","statusCode":200,"latencyMs":0.16,"msg":"request completed"}
{"level":30,"time":1789777641718,"pid":21053,"hostname":"Glebs-MacBook-Pro.local","reqId":"dc67571f-6053-43bd-9e3d-deeb4e7ff3f0","event":"request_completed","requestId":"dc67571f-6053-43bd-9e3d-deeb4e7ff3f0","method":"POST","route":"/api/v1/auth/login","statusCode":200,"latencyMs":26.818,"msg":"request completed"}
{"level":30,"time":1789777641733,"pid":21053,"hostname":"Glebs-MacBook-Pro.local","reqId":"d5f40dd4-32b7-488c-8fa6-3f7dba07638b","event":"request_completed","requestId":"d5f40dd4-32b7-488c-8fa6-3f7dba07638b","method":"PATCH","route":"/api/v1/me/onboarding","statusCode":200,"latencyMs":11.428,"msg":"request completed"}
{"level":30,"time":1789777641750,"pid":21053,"hostname":"Glebs-MacBook-Pro.local","reqId":"eb3fb370-5b1f-4289-a4fd-39fffa8c4ae7","event":"request_completed","requestId":"eb3fb370-5b1f-4289-a4fd-39fffa8c4ae7","method":"PATCH","route":"/api/v1/me/onboarding","statusCode":200,"latencyMs":13.617,"msg":"request completed"}
{"level":30,"time":1789777642014,"pid":21053,"hostname":"Glebs-MacBook-Pro.local","reqId":"aaefb281-dc3a-4065-b18e-ebac9c775002","event":"request_completed","requestId":"aaefb281-dc3a-4065-b18e-ebac9c775002","method":"GET","route":"/api/v1/auth/me","statusCode":401,"latencyMs":0.149,"msg":"request completed"}
{"level":30,"time":1789777642185,"pid":21053,"hostname":"Glebs-MacBook-Pro.local","reqId":"adda3fa5-7111-43e7-b34f-6b93aa01beb5","event":"request_completed","requestId":"adda3fa5-7111-43e7-b34f-6b93aa01beb5","method":"POST","route":"/api/v1/auth/login","statusCode":200,"latencyMs":36.51,"msg":"request completed"}
{"level":30,"time":1789777642196,"pid":21053,"hostname":"Glebs-MacBook-Pro.local","reqId":"00c80703-db1b-4cf9-af95-152abbdb73a2","event":"request_completed","requestId":"00c80703-db1b-4cf9-af95-152abbdb73a2","method":"GET","route":"/api/v1/auth/me","statusCode":200,"latencyMs":8.98,"msg":"request completed"}
{"level":30,"time":1789777642276,"pid":21053,"hostname":"Glebs-MacBook-Pro.local","reqId":"c9a057d7-29f0-4405-9743-40c1bae21ca9","event":"request_completed","requestId":"c9a057d7-29f0-4405-9743-40c1bae21ca9","method":"PATCH","route":"/api/v1/me/onboarding","statusCode":200,"latencyMs":12.02,"msg":"request completed"}
{"level":30,"time":1789777642337,"pid":21053,"hostname":"Glebs-MacBook-Pro.local","reqId":"5cbbc001-07b6-4e9a-b986-2f507f9e55ca","event":"request_completed","requestId":"5cbbc001-07b6-4e9a-b986-2f507f9e55ca","method":"PATCH","route":"/api/v1/me/onboarding","statusCode":200,"latencyMs":11.147,"msg":"request completed"}
{"level":30,"time":1789777642369,"pid":21053,"hostname":"Glebs-MacBook-Pro.local","reqId":"9909a095-cd7a-445c-9bca-49f1891dc899","event":"request_completed","requestId":"9909a095-cd7a-445c-9bca-49f1891dc899","method":"GET","route":"/api/v1/auth/me","statusCode":200,"latencyMs":8.746,"msg":"request completed"}
{"level":30,"time":1789777642407,"pid":21053,"hostname":"Glebs-MacBook-Pro.local","reqId":"2e747fea-3ab8-4de2-8d27-590e0eb2b5a9","event":"request_completed","requestId":"2e747fea-3ab8-4de2-8d27-590e0eb2b5a9","method":"GET","route":"/api/v1/auth/me","statusCode":200,"latencyMs":4.956,"msg":"request completed"}
{"level":30,"time":1789777642408,"pid":21053,"hostname":"Glebs-MacBook-Pro.local","reqId":"1c56008c-948e-4fcc-b55f-620af62d65ca","event":"request_completed","requestId":"1c56008c-948e-4fcc-b55f-620af62d65ca","method":"GET","route":"/api/v1/notifications","statusCode":200,"latencyMs":32.417,"msg":"request completed"}
{"level":30,"time":1789777642426,"pid":21053,"hostname":"Glebs-MacBook-Pro.local","reqId":"912e8bd6-07bf-41f4-b725-ab6ab806edaf","event":"request_completed","requestId":"912e8bd6-07bf-41f4-b725-ab6ab806edaf","method":"GET","route":"/api/v1/notifications","statusCode":200,"latencyMs":15.73,"msg":"request completed"}
{"level":30,"time":1789777642439,"pid":21053,"hostname":"Glebs-MacBook-Pro.local","reqId":"bf2aa3fd-d8b6-4b93-8d4a-c0bf78873401","event":"request_completed","requestId":"bf2aa3fd-d8b6-4b93-8d4a-c0bf78873401","method":"GET","route":"/api/v1/home","statusCode":200,"latencyMs":62.89,"msg":"request completed"}
{"level":30,"time":1789777642497,"pid":21053,"hostname":"Glebs-MacBook-Pro.local","reqId":"9ff90d8d-87bf-4e05-895b-b841b5038bef","event":"request_completed","requestId":"9ff90d8d-87bf-4e05-895b-b841b5038bef","method":"POST","route":"/api/v1/notifications/read-visible","statusCode":200,"latencyMs":12.692,"msg":"request completed"}
{"level":30,"time":1789777643163,"pid":21053,"hostname":"Glebs-MacBook-Pro.local","reqId":"6a22b84d-37c9-4151-8ef8-7f091be5f003","event":"request_completed","requestId":"6a22b84d-37c9-4151-8ef8-7f091be5f003","method":"GET","route":"/api/v1/auth/me","statusCode":200,"latencyMs":9.313,"msg":"request completed"}
  ✓  29 [chromium-desktop] › tests/e2e/wave-f-a11y.spec.ts:165:5 › Wave F onboarding heading and recovery states keep keyboard context (1.6s)
{"level":30,"time":1789777643324,"pid":21053,"hostname":"Glebs-MacBook-Pro.local","reqId":"adc5cc0f-8c49-4de3-bfea-d8b0b0e6b862","event":"request_completed","requestId":"adc5cc0f-8c49-4de3-bfea-d8b0b0e6b862","method":"GET","route":"/health","statusCode":200,"latencyMs":0.115,"msg":"request completed"}
{"level":30,"time":1789777643348,"pid":21053,"hostname":"Glebs-MacBook-Pro.local","reqId":"052e84fd-95d6-4bb9-88ca-27f6cfdce36e","event":"request_completed","requestId":"052e84fd-95d6-4bb9-88ca-27f6cfdce36e","method":"POST","route":"/api/v1/auth/login","statusCode":200,"latencyMs":21.001,"msg":"request completed"}
{"level":30,"time":1789777643356,"pid":21053,"hostname":"Glebs-MacBook-Pro.local","reqId":"0021f241-5252-4835-83ec-b5577a08f0c0","event":"request_completed","requestId":"0021f241-5252-4835-83ec-b5577a08f0c0","method":"PATCH","route":"/api/v1/me/onboarding","statusCode":200,"latencyMs":4.211,"msg":"request completed"}
{"level":30,"time":1789777643371,"pid":21053,"hostname":"Glebs-MacBook-Pro.local","reqId":"5605680e-046b-4d7f-a805-1387129b38d0","event":"request_completed","requestId":"5605680e-046b-4d7f-a805-1387129b38d0","method":"POST","route":"/api/v1/tournaments","statusCode":200,"latencyMs":10.101,"msg":"request completed"}
{"level":30,"time":1789777643397,"pid":21053,"hostname":"Glebs-MacBook-Pro.local","reqId":"3935ad57-85b4-460b-8ced-1197e25785cb","event":"request_completed","requestId":"3935ad57-85b4-460b-8ced-1197e25785cb","method":"POST","route":"/api/v1/tournaments/:id/participants","statusCode":200,"latencyMs":22.91,"msg":"request completed"}
{"level":30,"time":1789777643424,"pid":21053,"hostname":"Glebs-MacBook-Pro.local","reqId":"7f33ef13-b563-4dc4-a0c5-c8032b628415","event":"request_completed","requestId":"7f33ef13-b563-4dc4-a0c5-c8032b628415","method":"POST","route":"/api/v1/tournaments/:id/participants","statusCode":200,"latencyMs":23.511,"msg":"request completed"}
{"level":30,"time":1789777643448,"pid":21053,"hostname":"Glebs-MacBook-Pro.local","reqId":"3331798b-2780-4b05-a956-091a5377696c","event":"request_completed","requestId":"3331798b-2780-4b05-a956-091a5377696c","method":"POST","route":"/api/v1/tournaments/:id/participants","statusCode":200,"latencyMs":19.693,"msg":"request completed"}
{"level":30,"time":1789777643714,"pid":21053,"hostname":"Glebs-MacBook-Pro.local","reqId":"d4de10e9-8142-40ba-8dba-70f1561212e7","event":"request_completed","requestId":"d4de10e9-8142-40ba-8dba-70f1561212e7","method":"GET","route":"/api/v1/auth/me","statusCode":401,"latencyMs":0.117,"msg":"request completed"}
{"level":30,"time":1789777643893,"pid":21053,"hostname":"Glebs-MacBook-Pro.local","reqId":"e8d36fb5-3a66-47f7-b74a-fc192c08ca70","event":"request_completed","requestId":"e8d36fb5-3a66-47f7-b74a-fc192c08ca70","method":"POST","route":"/api/v1/auth/login","statusCode":200,"latencyMs":30.685,"msg":"request completed"}
{"level":30,"time":1789777643907,"pid":21053,"hostname":"Glebs-MacBook-Pro.local","reqId":"82494839-0fbf-42e9-b22f-3640509c20b8","event":"request_completed","requestId":"82494839-0fbf-42e9-b22f-3640509c20b8","method":"GET","route":"/api/v1/auth/me","statusCode":200,"latencyMs":12.128,"msg":"request completed"}
{"level":30,"time":1789777643924,"pid":21053,"hostname":"Glebs-MacBook-Pro.local","reqId":"9122dfce-18c4-4fa1-b91d-978aa9ba18ab","event":"request_completed","requestId":"9122dfce-18c4-4fa1-b91d-978aa9ba18ab","method":"GET","route":"/api/v1/notifications","statusCode":200,"latencyMs":27.407,"msg":"request completed"}
{"level":30,"time":1789777643960,"pid":21053,"hostname":"Glebs-MacBook-Pro.local","reqId":"ae824205-881f-4cf1-a238-831083ff80ab","event":"request_completed","requestId":"ae824205-881f-4cf1-a238-831083ff80ab","method":"GET","route":"/api/v1/home","statusCode":200,"latencyMs":61.258,"msg":"request completed"}
{"level":30,"time":1789777643971,"pid":21053,"hostname":"Glebs-MacBook-Pro.local","reqId":"22ba8316-0c6d-45d4-a794-d325c6ef7074","event":"request_completed","requestId":"22ba8316-0c6d-45d4-a794-d325c6ef7074","method":"GET","route":"/api/v1/auth/me","statusCode":200,"latencyMs":4.585,"msg":"request completed"}
{"level":30,"time":1789777643989,"pid":21053,"hostname":"Glebs-MacBook-Pro.local","reqId":"1de15b02-cf90-4252-ab38-b09e0a62605a","event":"request_completed","requestId":"1de15b02-cf90-4252-ab38-b09e0a62605a","method":"GET","route":"/api/v1/notifications","statusCode":200,"latencyMs":12.107,"msg":"request completed"}
{"level":30,"time":1789777643991,"pid":21053,"hostname":"Glebs-MacBook-Pro.local","reqId":"2ccc0fc6-5ae8-4264-a5bf-43c4db17e8f9","event":"request_completed","requestId":"2ccc0fc6-5ae8-4264-a5bf-43c4db17e8f9","method":"GET","route":"/api/v1/tournaments/:id","statusCode":200,"latencyMs":13.863,"msg":"request completed"}
{"level":30,"time":1789777643999,"pid":21053,"hostname":"Glebs-MacBook-Pro.local","reqId":"18e08269-c324-4490-abc6-1faea5a22c89","event":"request_completed","requestId":"18e08269-c324-4490-abc6-1faea5a22c89","method":"GET","route":"/api/v1/users/directory","statusCode":200,"latencyMs":4.682,"msg":"request completed"}
  ✓  30 [chromium-desktop] › tests/e2e/wave-f-a11y.spec.ts:187:5 › Wave F dialog review recovers hidden removed and busy focus (986ms)
(node:21220) Warning: The 'NO_COLOR' env is ignored due to the 'FORCE_COLOR' env being set.
(Use `node --trace-warnings ...` to show where the warning was created)
{"level":30,"time":1789777644892,"pid":21053,"hostname":"Glebs-MacBook-Pro.local","reqId":"3f1f69a7-bdc9-4e06-80c8-219987abeae3","event":"request_completed","requestId":"3f1f69a7-bdc9-4e06-80c8-219987abeae3","method":"GET","route":"/health","statusCode":200,"latencyMs":0.176,"msg":"request completed"}
{"level":30,"time":1789777644932,"pid":21053,"hostname":"Glebs-MacBook-Pro.local","reqId":"50816dae-d56a-4fd9-bf89-f678d9ba60b2","event":"request_completed","requestId":"50816dae-d56a-4fd9-bf89-f678d9ba60b2","method":"POST","route":"/api/v1/auth/login","statusCode":200,"latencyMs":32.015,"msg":"request completed"}
{"level":30,"time":1789777644960,"pid":21053,"hostname":"Glebs-MacBook-Pro.local","reqId":"25785e2a-6031-4b91-ad3f-b34bac8e170a","event":"request_completed","requestId":"25785e2a-6031-4b91-ad3f-b34bac8e170a","method":"PATCH","route":"/api/v1/me/onboarding","statusCode":200,"latencyMs":23.856,"msg":"request completed"}
{"level":30,"time":1789777644976,"pid":21053,"hostname":"Glebs-MacBook-Pro.local","reqId":"dd7941ae-3452-489f-9c36-64eb403919a4","event":"request_completed","requestId":"dd7941ae-3452-489f-9c36-64eb403919a4","method":"POST","route":"/api/v1/auth/logout","statusCode":200,"latencyMs":12.876,"msg":"request completed"}
{"level":30,"time":1789777645253,"pid":21053,"hostname":"Glebs-MacBook-Pro.local","reqId":"56c8ff60-a39c-4586-a65f-0ccda1fae7a1","event":"request_completed","requestId":"56c8ff60-a39c-4586-a65f-0ccda1fae7a1","method":"GET","route":"/api/v1/auth/me","statusCode":401,"latencyMs":0.17,"msg":"request completed"}
{"level":30,"time":1789777645802,"pid":21053,"hostname":"Glebs-MacBook-Pro.local","reqId":"3f72e297-c242-415e-9227-2b25dbebb709","event":"request_completed","requestId":"3f72e297-c242-415e-9227-2b25dbebb709","method":"POST","route":"/api/v1/auth/login","statusCode":200,"latencyMs":47.826,"msg":"request completed"}
{"level":30,"time":1789777645814,"pid":21053,"hostname":"Glebs-MacBook-Pro.local","reqId":"563a718f-1b3b-4ee2-b03d-ace85c14be97","event":"request_completed","requestId":"563a718f-1b3b-4ee2-b03d-ace85c14be97","method":"GET","route":"/api/v1/auth/me","statusCode":200,"latencyMs":10.445,"msg":"request completed"}
{"level":30,"time":1789777645828,"pid":21053,"hostname":"Glebs-MacBook-Pro.local","reqId":"ea1b553b-3fe3-417d-8c68-39b83eaa05e0","event":"request_completed","requestId":"ea1b553b-3fe3-417d-8c68-39b83eaa05e0","method":"GET","route":"/api/v1/notifications","statusCode":200,"latencyMs":22.114,"msg":"request completed"}
{"level":30,"time":1789777645862,"pid":21053,"hostname":"Glebs-MacBook-Pro.local","reqId":"b72ed042-aaf8-4ab1-be80-f9ac0fc112de","event":"request_completed","requestId":"b72ed042-aaf8-4ab1-be80-f9ac0fc112de","method":"GET","route":"/api/v1/home","statusCode":200,"latencyMs":54.836,"msg":"request completed"}
{"level":30,"time":1789777646215,"pid":21053,"hostname":"Glebs-MacBook-Pro.local","reqId":"1a6c33de-2aab-4441-8aae-8e7fa88575a8","event":"request_completed","requestId":"1a6c33de-2aab-4441-8aae-8e7fa88575a8","method":"GET","route":"/api/v1/auth/me","statusCode":200,"latencyMs":13.619,"msg":"request completed"}
{"level":30,"time":1789777646248,"pid":21053,"hostname":"Glebs-MacBook-Pro.local","reqId":"cc72cee0-9522-4106-9038-7d475af3ea48","event":"request_completed","requestId":"cc72cee0-9522-4106-9038-7d475af3ea48","method":"GET","route":"/api/v1/matches/create-options","statusCode":200,"latencyMs":27.637,"msg":"request completed"}
{"level":30,"time":1789777646250,"pid":21053,"hostname":"Glebs-MacBook-Pro.local","reqId":"122d7629-e259-4242-ac9c-3797ffc48405","event":"request_completed","requestId":"122d7629-e259-4242-ac9c-3797ffc48405","method":"GET","route":"/api/v1/notifications","statusCode":200,"latencyMs":30.323,"msg":"request completed"}
{"level":30,"time":1789777646387,"pid":21053,"hostname":"Glebs-MacBook-Pro.local","reqId":"dcb907dd-920b-4594-aab1-13ebe5da277e","event":"request_completed","requestId":"dcb907dd-920b-4594-aab1-13ebe5da277e","method":"POST","route":"/api/v1/matches","statusCode":200,"latencyMs":45.216,"msg":"request completed"}
{"level":30,"time":1789777646401,"pid":21053,"hostname":"Glebs-MacBook-Pro.local","reqId":"614d55d9-b979-4c7b-b006-bb5d11c713a6","event":"request_completed","requestId":"614d55d9-b979-4c7b-b006-bb5d11c713a6","method":"GET","route":"/api/v1/matches/:matchId","statusCode":200,"latencyMs":9.764,"msg":"request completed"}
{"level":30,"time":1789777646492,"pid":21053,"hostname":"Glebs-MacBook-Pro.local","reqId":"d9607a89-e0d7-4fff-ba12-8bccb3085dfb","event":"request_completed","requestId":"d9607a89-e0d7-4fff-ba12-8bccb3085dfb","method":"GET","route":"/api/v1/matches/:matchId","statusCode":200,"latencyMs":32.936,"msg":"request completed"}
{"level":30,"time":1789777646524,"pid":21053,"hostname":"Glebs-MacBook-Pro.local","reqId":"1cf7b0a9-5059-42ee-a5f8-624cfaeb13a5","event":"request_completed","requestId":"1cf7b0a9-5059-42ee-a5f8-624cfaeb13a5","method":"POST","route":"/api/v1/matches/:matchId/judge/acquire","statusCode":200,"latencyMs":30.087,"msg":"request completed"}
{"level":30,"time":1789777646537,"pid":21053,"hostname":"Glebs-MacBook-Pro.local","reqId":"026df56f-1d74-4fb9-943f-2f6fcb36cac7","event":"request_completed","requestId":"026df56f-1d74-4fb9-943f-2f6fcb36cac7","method":"GET","route":"/api/v1/matches/:matchId","statusCode":200,"latencyMs":10.991,"msg":"request completed"}
{"level":30,"time":1789777646550,"pid":21053,"hostname":"Glebs-MacBook-Pro.local","reqId":"7f45ea35-adf1-40a3-b87b-f51420c10093","event":"request_completed","requestId":"7f45ea35-adf1-40a3-b87b-f51420c10093","method":"POST","route":"/api/v1/matches/:matchId/judge/heartbeat","statusCode":200,"latencyMs":7.207,"msg":"request completed"}
{"level":30,"time":1789777646569,"pid":21053,"hostname":"Glebs-MacBook-Pro.local","reqId":"da1d9402-774b-4d0a-8600-4935f178d984","event":"request_completed","requestId":"da1d9402-774b-4d0a-8600-4935f178d984","method":"GET","route":"/api/v1/matches/:matchId","statusCode":200,"latencyMs":16.86,"msg":"request completed"}
{"level":30,"time":1789777646773,"pid":21053,"hostname":"Glebs-MacBook-Pro.local","reqId":"5e2bf8a9-5bd6-4851-980d-ce9897c373f2","event":"request_completed","requestId":"5e2bf8a9-5bd6-4851-980d-ce9897c373f2","method":"POST","route":"/api/v1/matches/:matchId/start","statusCode":200,"latencyMs":64.953,"msg":"request completed"}
{"level":30,"time":1789777646801,"pid":21053,"hostname":"Glebs-MacBook-Pro.local","reqId":"759d67d8-4147-453d-acc5-3cd250cb9086","event":"request_completed","requestId":"759d67d8-4147-453d-acc5-3cd250cb9086","method":"POST","route":"/api/v1/matches/:matchId/judge/setup","statusCode":200,"latencyMs":26.391,"msg":"request completed"}
{"level":30,"time":1789777646814,"pid":21053,"hostname":"Glebs-MacBook-Pro.local","reqId":"4510cd8a-a1a4-4609-9177-01ced6a473d6","event":"request_completed","requestId":"4510cd8a-a1a4-4609-9177-01ced6a473d6","method":"POST","route":"/api/v1/matches/:matchId/judge/heartbeat","statusCode":200,"latencyMs":8.184,"msg":"request completed"}
{"level":30,"time":1789777646828,"pid":21053,"hostname":"Glebs-MacBook-Pro.local","reqId":"ed8f068c-8f3b-4872-b61a-27decaa18a5f","event":"request_completed","requestId":"ed8f068c-8f3b-4872-b61a-27decaa18a5f","method":"GET","route":"/api/v1/matches/:matchId","statusCode":200,"latencyMs":11.363,"msg":"request completed"}
{"level":30,"time":1789777646960,"pid":21053,"hostname":"Glebs-MacBook-Pro.local","reqId":"add9d83f-6faf-4701-9cc2-ca9eff3c0d38","event":"request_completed","requestId":"add9d83f-6faf-4701-9cc2-ca9eff3c0d38","method":"POST","route":"/api/v1/matches/:matchId/points","statusCode":200,"latencyMs":52.369,"msg":"request completed"}
{"level":30,"time":1789777646991,"pid":21053,"hostname":"Glebs-MacBook-Pro.local","reqId":"4e2180e5-1241-447f-addf-579dcf1e3d8a","event":"request_completed","requestId":"4e2180e5-1241-447f-addf-579dcf1e3d8a","method":"POST","route":"/api/v1/matches/:matchId/points","statusCode":200,"latencyMs":29.422,"msg":"request completed"}
{"level":30,"time":1789777647017,"pid":21053,"hostname":"Glebs-MacBook-Pro.local","reqId":"7b140b0b-645c-41e2-b8db-622cee006b86","event":"request_completed","requestId":"7b140b0b-645c-41e2-b8db-622cee006b86","method":"POST","route":"/api/v1/matches/:matchId/points","statusCode":200,"latencyMs":23.841,"msg":"request completed"}
{"level":30,"time":1789777647046,"pid":21053,"hostname":"Glebs-MacBook-Pro.local","reqId":"8c43b7ac-0a83-4b59-924e-83b62e3c0164","event":"request_completed","requestId":"8c43b7ac-0a83-4b59-924e-83b62e3c0164","method":"POST","route":"/api/v1/matches/:matchId/points","statusCode":200,"latencyMs":24.793,"msg":"request completed"}
{"level":30,"time":1789777647083,"pid":21053,"hostname":"Glebs-MacBook-Pro.local","reqId":"866d9ea7-c7a4-4b59-a4de-f6a136c4506f","event":"request_completed","requestId":"866d9ea7-c7a4-4b59-a4de-f6a136c4506f","method":"POST","route":"/api/v1/matches/:matchId/points","statusCode":200,"latencyMs":28.305,"msg":"request completed"}
{"level":30,"time":1789777647450,"pid":21053,"hostname":"Glebs-MacBook-Pro.local","reqId":"3abd993a-b81d-41b7-aa0f-f6c71bf1413f","event":"request_completed","requestId":"3abd993a-b81d-41b7-aa0f-f6c71bf1413f","method":"POST","route":"/api/v1/matches/:matchId/confirm-finish","statusCode":200,"latencyMs":26.115,"msg":"request completed"}
{"level":30,"time":1789777647464,"pid":21053,"hostname":"Glebs-MacBook-Pro.local","reqId":"e7e9501a-7b2a-4a32-8d28-14dad11711b1","event":"request_completed","requestId":"e7e9501a-7b2a-4a32-8d28-14dad11711b1","method":"GET","route":"/api/v1/notifications","statusCode":200,"latencyMs":10.744,"msg":"request completed"}
{"level":30,"time":1789777647465,"pid":21053,"hostname":"Glebs-MacBook-Pro.local","reqId":"2790a568-a451-40b4-9726-9853f0225f37","event":"request_completed","requestId":"2790a568-a451-40b4-9726-9853f0225f37","method":"GET","route":"/api/v1/matches/:matchId","statusCode":200,"latencyMs":11.315,"msg":"request completed"}
{"level":30,"time":1789777647636,"pid":21053,"hostname":"Glebs-MacBook-Pro.local","reqId":"1882d65e-30b0-4e44-ae57-04a250d7d4ca","event":"request_completed","requestId":"1882d65e-30b0-4e44-ae57-04a250d7d4ca","method":"GET","route":"/api/v1/auth/me","statusCode":200,"latencyMs":10.593,"msg":"request completed"}
{"level":30,"time":1789777647703,"pid":21053,"hostname":"Glebs-MacBook-Pro.local","reqId":"5b43944c-068e-4219-8ac8-29498a74eaee","event":"request_completed","requestId":"5b43944c-068e-4219-8ac8-29498a74eaee","method":"GET","route":"/api/v1/matches/:matchId","statusCode":200,"latencyMs":24.538,"msg":"request completed"}
{"level":30,"time":1789777647703,"pid":21053,"hostname":"Glebs-MacBook-Pro.local","reqId":"4727e2f7-ddf6-4d69-8ff0-07fa6840f728","event":"request_completed","requestId":"4727e2f7-ddf6-4d69-8ff0-07fa6840f728","method":"GET","route":"/api/v1/notifications","statusCode":200,"latencyMs":25.025,"msg":"request completed"}
  ✓  31 [chromium-mobile-390] › tests/e2e/critical.spec.ts:109:5 › E2E_auth_match_judge__AT-MATCH-001_005_008_AT-JUDGE-001_003_006_007__finishes_disposable_match (3.0s)
{"level":30,"time":1789777647842,"pid":21053,"hostname":"Glebs-MacBook-Pro.local","reqId":"99d5e397-d6c7-49d9-b0da-867ff6b5caff","event":"request_completed","requestId":"99d5e397-d6c7-49d9-b0da-867ff6b5caff","method":"GET","route":"/health","statusCode":200,"latencyMs":0.125,"msg":"request completed"}
{"level":30,"time":1789777647871,"pid":21053,"hostname":"Glebs-MacBook-Pro.local","reqId":"754b8d2e-07bb-460d-bcb6-e5a9fbf75d47","event":"request_completed","requestId":"754b8d2e-07bb-460d-bcb6-e5a9fbf75d47","method":"POST","route":"/api/v1/auth/login","statusCode":200,"latencyMs":25.703,"msg":"request completed"}
{"level":30,"time":1789777647892,"pid":21053,"hostname":"Glebs-MacBook-Pro.local","reqId":"4d0ee769-84b0-4a8f-b556-fa740373a69f","event":"request_completed","requestId":"4d0ee769-84b0-4a8f-b556-fa740373a69f","method":"PATCH","route":"/api/v1/me/onboarding","statusCode":200,"latencyMs":16.609,"msg":"request completed"}
{"level":30,"time":1789777647906,"pid":21053,"hostname":"Glebs-MacBook-Pro.local","reqId":"bbdaa675-e786-4060-bc46-81b859e3d556","event":"request_completed","requestId":"bbdaa675-e786-4060-bc46-81b859e3d556","method":"POST","route":"/api/v1/auth/logout","statusCode":200,"latencyMs":11.617,"msg":"request completed"}
{"level":30,"time":1789777648175,"pid":21053,"hostname":"Glebs-MacBook-Pro.local","reqId":"efa9227b-41ef-4631-ab4b-bf9f55b2f0cb","event":"request_completed","requestId":"efa9227b-41ef-4631-ab4b-bf9f55b2f0cb","method":"GET","route":"/api/v1/auth/me","statusCode":401,"latencyMs":0.131,"msg":"request completed"}
{"level":30,"time":1789777648655,"pid":21053,"hostname":"Glebs-MacBook-Pro.local","reqId":"cc385418-5c08-496d-bdfc-e4b32d2f4930","event":"request_completed","requestId":"cc385418-5c08-496d-bdfc-e4b32d2f4930","method":"POST","route":"/api/v1/auth/login","statusCode":200,"latencyMs":27.708,"msg":"request completed"}
{"level":30,"time":1789777648669,"pid":21053,"hostname":"Glebs-MacBook-Pro.local","reqId":"43b2ea5f-5017-4c77-b6ea-bf82becc7bd4","event":"request_completed","requestId":"43b2ea5f-5017-4c77-b6ea-bf82becc7bd4","method":"GET","route":"/api/v1/auth/me","statusCode":200,"latencyMs":10.389,"msg":"request completed"}
{"level":30,"time":1789777648697,"pid":21053,"hostname":"Glebs-MacBook-Pro.local","reqId":"bb396a1a-4f5e-4fec-b946-848a587ff040","event":"request_completed","requestId":"bb396a1a-4f5e-4fec-b946-848a587ff040","method":"GET","route":"/api/v1/notifications","statusCode":200,"latencyMs":36.955,"msg":"request completed"}
{"level":30,"time":1789777648725,"pid":21053,"hostname":"Glebs-MacBook-Pro.local","reqId":"a67c4f16-a98a-4abd-86f3-b8fcd094ad2f","event":"request_completed","requestId":"a67c4f16-a98a-4abd-86f3-b8fcd094ad2f","method":"GET","route":"/api/v1/home","statusCode":200,"latencyMs":63.374,"msg":"request completed"}
{"level":30,"time":1789777648739,"pid":21053,"hostname":"Glebs-MacBook-Pro.local","reqId":"18e37b8b-fbc2-4769-b7cc-4812413996c1","event":"request_completed","requestId":"18e37b8b-fbc2-4769-b7cc-4812413996c1","method":"GET","route":"/api/v1/auth/me","statusCode":200,"latencyMs":4.441,"msg":"request completed"}
{"level":30,"time":1789777648762,"pid":21053,"hostname":"Glebs-MacBook-Pro.local","reqId":"48dfc324-ae22-4502-a80c-6a91cd122efb","event":"request_completed","requestId":"48dfc324-ae22-4502-a80c-6a91cd122efb","method":"GET","route":"/api/v1/matches/create-options","statusCode":200,"latencyMs":11.995,"msg":"request completed"}
{"level":30,"time":1789777648762,"pid":21053,"hostname":"Glebs-MacBook-Pro.local","reqId":"976539f6-ac93-4352-b7ea-eeec46717112","event":"request_completed","requestId":"976539f6-ac93-4352-b7ea-eeec46717112","method":"GET","route":"/api/v1/notifications","statusCode":200,"latencyMs":12.557,"msg":"request completed"}
{"level":30,"time":1789777648833,"pid":21053,"hostname":"Glebs-MacBook-Pro.local","reqId":"a5661516-80ba-47b3-8808-04a18014cd73","event":"request_completed","requestId":"a5661516-80ba-47b3-8808-04a18014cd73","method":"GET","route":"/health","statusCode":200,"latencyMs":0.121,"msg":"request completed"}
{"level":30,"time":1789777648866,"pid":21053,"hostname":"Glebs-MacBook-Pro.local","reqId":"7fb8b2db-23e1-45b0-8070-abcab7f323e6","event":"request_completed","requestId":"7fb8b2db-23e1-45b0-8070-abcab7f323e6","method":"POST","route":"/api/v1/auth/login","statusCode":200,"latencyMs":29.431,"msg":"request completed"}
{"level":30,"time":1789777648881,"pid":21053,"hostname":"Glebs-MacBook-Pro.local","reqId":"b2afcef7-a6f8-4748-bb30-0efd3e17347a","event":"request_completed","requestId":"b2afcef7-a6f8-4748-bb30-0efd3e17347a","method":"GET","route":"/api/v1/auth/sessions","statusCode":200,"latencyMs":12.885,"msg":"request completed"}
{"level":30,"time":1789777648908,"pid":21053,"hostname":"Glebs-MacBook-Pro.local","reqId":"4dcdc557-ef75-4817-a476-8463d7f16fd1","event":"request_completed","requestId":"4dcdc557-ef75-4817-a476-8463d7f16fd1","method":"DELETE","route":"/api/v1/auth/sessions/:sessionId","statusCode":200,"latencyMs":15.185,"msg":"request completed"}
{"level":30,"time":1789777648946,"pid":21053,"hostname":"Glebs-MacBook-Pro.local","reqId":"2627753a-c5c4-4e1b-8e99-6c734bb9222d","event":"request_completed","requestId":"2627753a-c5c4-4e1b-8e99-6c734bb9222d","method":"POST","route":"/api/v1/matches","statusCode":401,"latencyMs":4.396,"msg":"request completed"}
{"level":30,"time":1789777648999,"pid":21053,"hostname":"Glebs-MacBook-Pro.local","reqId":"9e5550b9-e072-4730-8fc9-99ad6d1301c0","event":"request_completed","requestId":"9e5550b9-e072-4730-8fc9-99ad6d1301c0","method":"GET","route":"/api/v1/matches","statusCode":200,"latencyMs":18.111,"msg":"request completed"}
{"level":30,"time":1789777649072,"pid":21053,"hostname":"Glebs-MacBook-Pro.local","reqId":"dcc8827c-d42e-411d-9205-d7150133c322","event":"request_completed","requestId":"dcc8827c-d42e-411d-9205-d7150133c322","method":"POST","route":"/api/v1/auth/login","statusCode":200,"latencyMs":30.321,"msg":"request completed"}
{"level":30,"time":1789777649103,"pid":21053,"hostname":"Glebs-MacBook-Pro.local","reqId":"b94b2b8a-d61e-4fb1-84f3-a57984243724","event":"request_completed","requestId":"b94b2b8a-d61e-4fb1-84f3-a57984243724","method":"GET","route":"/api/v1/auth/me","statusCode":200,"latencyMs":13.292,"msg":"request completed"}
{"level":30,"time":1789777649121,"pid":21053,"hostname":"Glebs-MacBook-Pro.local","reqId":"ea61f34d-8156-4b97-bfec-6376d079285e","event":"request_completed","requestId":"ea61f34d-8156-4b97-bfec-6376d079285e","method":"GET","route":"/api/v1/matches/create-options","statusCode":200,"latencyMs":28.657,"msg":"request completed"}
{"level":30,"time":1789777649124,"pid":21053,"hostname":"Glebs-MacBook-Pro.local","reqId":"86632239-883a-43b3-9490-14cad9a1ee0d","event":"request_completed","requestId":"86632239-883a-43b3-9490-14cad9a1ee0d","method":"GET","route":"/api/v1/notifications","statusCode":200,"latencyMs":32.002,"msg":"request completed"}
  ✓  32 [chromium-mobile-390] › tests/e2e/critical.spec.ts:157:5 › E2E_runtime_session_recovery__AT-AUTH-009__preserves_route_and_draft_without_replaying_mutation (1.7s)
{"level":30,"time":1789777649586,"pid":21053,"hostname":"Glebs-MacBook-Pro.local","reqId":"14d5084c-1474-44d6-8b15-ca0f1475a517","event":"request_completed","requestId":"14d5084c-1474-44d6-8b15-ca0f1475a517","method":"POST","route":"/api/v1/auth/login","statusCode":200,"latencyMs":30.884,"msg":"request completed"}
{"level":30,"time":1789777649601,"pid":21053,"hostname":"Glebs-MacBook-Pro.local","reqId":"3370f4eb-06d4-4871-829f-7ded1ab53e81","event":"request_completed","requestId":"3370f4eb-06d4-4871-829f-7ded1ab53e81","method":"PATCH","route":"/api/v1/me/onboarding","statusCode":200,"latencyMs":10.874,"msg":"request completed"}
{"level":30,"time":1789777649633,"pid":21053,"hostname":"Glebs-MacBook-Pro.local","reqId":"39ece89a-558a-4287-a613-a92d0590bde1","event":"request_completed","requestId":"39ece89a-558a-4287-a613-a92d0590bde1","method":"POST","route":"/api/v1/admin/users","statusCode":200,"latencyMs":28.577,"msg":"request completed"}
{"level":30,"time":1789777649661,"pid":21053,"hostname":"Glebs-MacBook-Pro.local","reqId":"99cf555b-86ac-42a1-ae5f-82bd464a737d","event":"request_completed","requestId":"99cf555b-86ac-42a1-ae5f-82bd464a737d","method":"POST","route":"/api/v1/auth/login","statusCode":200,"latencyMs":23.185,"msg":"request completed"}
{"level":30,"time":1789777649700,"pid":21053,"hostname":"Glebs-MacBook-Pro.local","reqId":"d4ccd9b6-4826-4a99-b9be-61371697f4ac","event":"request_completed","requestId":"d4ccd9b6-4826-4a99-b9be-61371697f4ac","method":"POST","route":"/api/v1/auth/password/first-change","statusCode":200,"latencyMs":35.368,"msg":"request completed"}
{"level":30,"time":1789777649714,"pid":21053,"hostname":"Glebs-MacBook-Pro.local","reqId":"fdbac147-a094-4210-b7c7-523930c357f8","event":"request_completed","requestId":"fdbac147-a094-4210-b7c7-523930c357f8","method":"PATCH","route":"/api/v1/me/onboarding","statusCode":200,"latencyMs":10.67,"msg":"request completed"}
{"level":30,"time":1789777649751,"pid":21053,"hostname":"Glebs-MacBook-Pro.local","reqId":"505af721-ad7f-484c-ac12-ed5ca445ecd6","event":"request_completed","requestId":"505af721-ad7f-484c-ac12-ed5ca445ecd6","method":"POST","route":"/api/v1/admin/users","statusCode":200,"latencyMs":33.619,"msg":"request completed"}
{"level":30,"time":1789777650056,"pid":21053,"hostname":"Glebs-MacBook-Pro.local","reqId":"dfd3b42a-b8a7-45ba-91f2-40700517150e","event":"request_completed","requestId":"dfd3b42a-b8a7-45ba-91f2-40700517150e","method":"GET","route":"/api/v1/auth/me","statusCode":401,"latencyMs":0.181,"msg":"request completed"}
{"level":30,"time":1789777650233,"pid":21053,"hostname":"Glebs-MacBook-Pro.local","reqId":"2939d574-2036-456b-aaac-42ebaf0619d3","event":"request_completed","requestId":"2939d574-2036-456b-aaac-42ebaf0619d3","method":"POST","route":"/api/v1/auth/login","statusCode":200,"latencyMs":28.822,"msg":"request completed"}
{"level":30,"time":1789777650252,"pid":21053,"hostname":"Glebs-MacBook-Pro.local","reqId":"35018f3f-771e-471b-809f-c486c365036f","event":"request_completed","requestId":"35018f3f-771e-471b-809f-c486c365036f","method":"GET","route":"/api/v1/auth/me","statusCode":200,"latencyMs":16.646,"msg":"request completed"}
{"level":30,"time":1789777650272,"pid":21053,"hostname":"Glebs-MacBook-Pro.local","reqId":"c954db39-9ce5-48eb-85aa-ee9fdce3a0b2","event":"request_completed","requestId":"c954db39-9ce5-48eb-85aa-ee9fdce3a0b2","method":"GET","route":"/api/v1/notifications","statusCode":200,"latencyMs":34.589,"msg":"request completed"}
{"level":30,"time":1789777650292,"pid":21053,"hostname":"Glebs-MacBook-Pro.local","reqId":"84747b2f-76fc-4a91-81f1-f18bd8d018af","event":"request_completed","requestId":"84747b2f-76fc-4a91-81f1-f18bd8d018af","method":"GET","route":"/api/v1/home","statusCode":200,"latencyMs":52.829,"msg":"request completed"}
{"level":30,"time":1789777650317,"pid":21053,"hostname":"Glebs-MacBook-Pro.local","reqId":"879da6ac-4b81-47e4-bb7e-bfc8ee3e5a67","event":"request_completed","requestId":"879da6ac-4b81-47e4-bb7e-bfc8ee3e5a67","method":"GET","route":"/api/v1/auth/me","statusCode":200,"latencyMs":7.962,"msg":"request completed"}
{"level":30,"time":1789777650332,"pid":21053,"hostname":"Glebs-MacBook-Pro.local","reqId":"d93e180d-03cc-46be-aee7-80e9408896cc","event":"request_completed","requestId":"d93e180d-03cc-46be-aee7-80e9408896cc","method":"GET","route":"/api/v1/tournaments","statusCode":200,"latencyMs":10.183,"msg":"request completed"}
{"level":30,"time":1789777650337,"pid":21053,"hostname":"Glebs-MacBook-Pro.local","reqId":"92ab494a-f7f5-4240-8b54-0696143cbf9d","event":"request_completed","requestId":"92ab494a-f7f5-4240-8b54-0696143cbf9d","method":"GET","route":"/api/v1/notifications","statusCode":200,"latencyMs":15.678,"msg":"request completed"}
{"level":30,"time":1789777650337,"pid":21053,"hostname":"Glebs-MacBook-Pro.local","reqId":"8a337169-9dc2-4a45-bbe2-0a6aeeef9f26","event":"request_completed","requestId":"8a337169-9dc2-4a45-bbe2-0a6aeeef9f26","method":"POST","route":"/api/v1/tournaments","statusCode":200,"latencyMs":14.569,"msg":"request completed"}
{"level":30,"time":1789777650366,"pid":21053,"hostname":"Glebs-MacBook-Pro.local","reqId":"3a7fdb85-500f-42bb-8282-c2ee8aa1027b","event":"request_completed","requestId":"3a7fdb85-500f-42bb-8282-c2ee8aa1027b","method":"GET","route":"/api/v1/auth/me","statusCode":200,"latencyMs":11.656,"msg":"request completed"}
{"level":30,"time":1789777650387,"pid":21053,"hostname":"Glebs-MacBook-Pro.local","reqId":"3738c0a7-d2f7-4fc2-9807-23ab0c2d74ed","event":"request_completed","requestId":"3738c0a7-d2f7-4fc2-9807-23ab0c2d74ed","method":"GET","route":"/api/v1/notifications","statusCode":200,"latencyMs":15.242,"msg":"request completed"}
{"level":30,"time":1789777650389,"pid":21053,"hostname":"Glebs-MacBook-Pro.local","reqId":"5615aa74-3a44-4dc3-a067-ba843fe31698","event":"request_completed","requestId":"5615aa74-3a44-4dc3-a067-ba843fe31698","method":"GET","route":"/api/v1/tournaments/:id","statusCode":200,"latencyMs":17.035,"msg":"request completed"}
{"level":30,"time":1789777650397,"pid":21053,"hostname":"Glebs-MacBook-Pro.local","reqId":"e5188cdb-a21b-4a57-a00b-f5bda351ac15","event":"request_completed","requestId":"e5188cdb-a21b-4a57-a00b-f5bda351ac15","method":"GET","route":"/api/v1/users/directory","statusCode":200,"latencyMs":4.66,"msg":"request completed"}
{"level":30,"time":1789777655480,"pid":21053,"hostname":"Glebs-MacBook-Pro.local","reqId":"ce6e01e5-1899-47b7-9d3b-12f4aecec7cf","event":"request_completed","requestId":"ce6e01e5-1899-47b7-9d3b-12f4aecec7cf","method":"POST","route":"/api/v1/tournaments/:id/participants","statusCode":200,"latencyMs":100.22,"msg":"request completed"}
{"level":30,"time":1789777655520,"pid":21053,"hostname":"Glebs-MacBook-Pro.local","reqId":"55d9804a-91dd-4a79-bc0a-195d54516122","event":"request_completed","requestId":"55d9804a-91dd-4a79-bc0a-195d54516122","method":"POST","route":"/api/v1/tournaments/:id/participants","statusCode":200,"latencyMs":32.565,"msg":"request completed"}
{"level":30,"time":1789777655556,"pid":21053,"hostname":"Glebs-MacBook-Pro.local","reqId":"b63441ff-5701-420c-99b5-93a0e312cafb","event":"request_completed","requestId":"b63441ff-5701-420c-99b5-93a0e312cafb","method":"POST","route":"/api/v1/tournaments/:id/participants","statusCode":200,"latencyMs":32.32,"msg":"request completed"}
{"level":30,"time":1789777655574,"pid":21053,"hostname":"Glebs-MacBook-Pro.local","reqId":"35f127e4-cccc-4565-97d7-b12b4ca779a6","event":"request_completed","requestId":"35f127e4-cccc-4565-97d7-b12b4ca779a6","method":"POST","route":"/api/v1/tournaments/:id/bracket","statusCode":200,"latencyMs":13.598,"msg":"request completed"}
{"level":30,"time":1789777655591,"pid":21053,"hostname":"Glebs-MacBook-Pro.local","reqId":"417531fe-e368-4b44-9293-70b5550ec800","event":"request_completed","requestId":"417531fe-e368-4b44-9293-70b5550ec800","method":"GET","route":"/api/v1/tournaments/:id","statusCode":200,"latencyMs":13.851,"msg":"request completed"}
{"level":30,"time":1789777655870,"pid":21053,"hostname":"Glebs-MacBook-Pro.local","reqId":"44e101f9-5e8e-484e-b27e-7b962534a11d","event":"request_completed","requestId":"44e101f9-5e8e-484e-b27e-7b962534a11d","method":"GET","route":"/api/v1/auth/me","statusCode":200,"latencyMs":10.065,"msg":"request completed"}
{"level":30,"time":1789777655945,"pid":21053,"hostname":"Glebs-MacBook-Pro.local","reqId":"9e5fc1f8-7ee3-4ffb-a04d-b9e5c8199b04","event":"request_completed","requestId":"9e5fc1f8-7ee3-4ffb-a04d-b9e5c8199b04","method":"GET","route":"/api/v1/notifications","statusCode":200,"latencyMs":39.819,"msg":"request completed"}
{"level":30,"time":1789777655948,"pid":21053,"hostname":"Glebs-MacBook-Pro.local","reqId":"d44d1670-b143-46af-842d-8597b2ad4851","event":"request_completed","requestId":"d44d1670-b143-46af-842d-8597b2ad4851","method":"GET","route":"/api/v1/tournaments/:id","statusCode":200,"latencyMs":41.732,"msg":"request completed"}
{"level":30,"time":1789777655952,"pid":21053,"hostname":"Glebs-MacBook-Pro.local","reqId":"896732a9-e361-496a-88f3-379bebbfb49f","event":"request_completed","requestId":"896732a9-e361-496a-88f3-379bebbfb49f","method":"GET","route":"/api/v1/users/directory","statusCode":200,"latencyMs":7.173,"msg":"request completed"}
{"level":30,"time":1789777655961,"pid":21053,"hostname":"Glebs-MacBook-Pro.local","reqId":"a58c3ea6-5006-4492-981d-744c6d25d538","event":"request_completed","requestId":"a58c3ea6-5006-4492-981d-744c6d25d538","method":"GET","route":"/api/v1/users/directory","statusCode":200,"latencyMs":8.296,"msg":"request completed"}
{"level":30,"time":1789777656138,"pid":21053,"hostname":"Glebs-MacBook-Pro.local","reqId":"7e83721d-a14a-43e5-ab2f-d012bb1a4db5","event":"request_completed","requestId":"7e83721d-a14a-43e5-ab2f-d012bb1a4db5","method":"POST","route":"/api/v1/tournaments/:id/participants","statusCode":200,"latencyMs":70.281,"msg":"request completed"}
{"level":30,"time":1789777656145,"pid":21053,"hostname":"Glebs-MacBook-Pro.local","reqId":"d7b9183d-01f4-480c-bc43-b0a3fc17ed3f","event":"request_completed","requestId":"d7b9183d-01f4-480c-bc43-b0a3fc17ed3f","method":"GET","route":"/api/v1/users/directory","statusCode":200,"latencyMs":4.547,"msg":"request completed"}
{"level":30,"time":1789777656165,"pid":21053,"hostname":"Glebs-MacBook-Pro.local","reqId":"edda55b8-f880-4980-9c07-1dcd142a9308","event":"request_completed","requestId":"edda55b8-f880-4980-9c07-1dcd142a9308","method":"GET","route":"/api/v1/tournaments/:id","statusCode":200,"latencyMs":11.426,"msg":"request completed"}
  ✓  33 [chromium-mobile-390] › tests/e2e/gap-012.spec.ts:53:5 › GAP-012 immutable consent policy and scoped admin post-bracket add (6.9s)
{"level":30,"time":1789777656486,"pid":21053,"hostname":"Glebs-MacBook-Pro.local","reqId":"7452c5e1-cc1f-41e7-9f81-63e99eb07059","event":"request_completed","requestId":"7452c5e1-cc1f-41e7-9f81-63e99eb07059","method":"GET","route":"/health","statusCode":200,"latencyMs":0.129,"msg":"request completed"}
{"level":30,"time":1789777656491,"pid":21053,"hostname":"Glebs-MacBook-Pro.local","reqId":"e6675630-9a5b-4405-9589-9b1e8daa71a6","event":"request_completed","requestId":"e6675630-9a5b-4405-9589-9b1e8daa71a6","method":"GET","route":"/ready","statusCode":200,"latencyMs":1.885,"msg":"request completed"}
{"level":30,"time":1789777656497,"pid":21053,"hostname":"Glebs-MacBook-Pro.local","reqId":"8d40c0ce-4d57-44df-82da-bd039d277e55","event":"request_completed","requestId":"8d40c0ce-4d57-44df-82da-bd039d277e55","method":"GET","route":"/api/v1/openapi.json","statusCode":200,"latencyMs":1.948,"msg":"request completed"}
{"level":30,"time":1789777656763,"pid":21053,"hostname":"Glebs-MacBook-Pro.local","reqId":"4269d598-2801-46ea-a4c8-2f887248df6d","event":"request_completed","requestId":"4269d598-2801-46ea-a4c8-2f887248df6d","method":"GET","route":"/api/v1/auth/me","statusCode":401,"latencyMs":0.296,"msg":"request completed"}
{"level":30,"time":1789777656947,"pid":21053,"hostname":"Glebs-MacBook-Pro.local","reqId":"24ab365b-a6c9-40f1-b0a7-27f14d5de2b5","event":"request_completed","requestId":"24ab365b-a6c9-40f1-b0a7-27f14d5de2b5","method":"POST","route":"/api/v1/auth/login","statusCode":200,"latencyMs":34.015,"msg":"request completed"}
{"level":30,"time":1789777656967,"pid":21053,"hostname":"Glebs-MacBook-Pro.local","reqId":"aea38da9-0043-4b85-af80-20ff99f22b06","event":"request_completed","requestId":"aea38da9-0043-4b85-af80-20ff99f22b06","method":"GET","route":"/api/v1/auth/me","statusCode":200,"latencyMs":17.373,"msg":"request completed"}
{"level":30,"time":1789777656984,"pid":21053,"hostname":"Glebs-MacBook-Pro.local","reqId":"2caf3ae3-4051-4493-b519-e018a3e0984e","event":"request_completed","requestId":"2caf3ae3-4051-4493-b519-e018a3e0984e","method":"GET","route":"/api/v1/notifications","statusCode":200,"latencyMs":32.887,"msg":"request completed"}
{"level":30,"time":1789777657006,"pid":21053,"hostname":"Glebs-MacBook-Pro.local","reqId":"d58252b0-1214-40d6-9e3a-d2d1309b2cab","event":"request_completed","requestId":"d58252b0-1214-40d6-9e3a-d2d1309b2cab","method":"GET","route":"/api/v1/auth/me","statusCode":200,"latencyMs":3.848,"msg":"request completed"}
{"level":30,"time":1789777657015,"pid":21053,"hostname":"Glebs-MacBook-Pro.local","reqId":"2fea6a8c-6a71-48f5-a0cc-c81b0485130b","event":"request_completed","requestId":"2fea6a8c-6a71-48f5-a0cc-c81b0485130b","method":"PATCH","route":"/api/v1/me/profile","statusCode":403,"latencyMs":4.5,"msg":"request completed"}
{"level":30,"time":1789777657022,"pid":21053,"hostname":"Glebs-MacBook-Pro.local","reqId":"94feaa1a-4f79-424b-9097-460a57bdd3a4","event":"request_completed","requestId":"94feaa1a-4f79-424b-9097-460a57bdd3a4","method":"GET","route":"/api/v1/home","statusCode":200,"latencyMs":68.819,"msg":"request completed"}
{"level":30,"time":1789777657022,"pid":21053,"hostname":"Glebs-MacBook-Pro.local","reqId":"ce594f7a-744b-404f-9429-a1315e916730","event":"request_completed","requestId":"ce594f7a-744b-404f-9429-a1315e916730","method":"PATCH","route":"/api/v1/me/profile","statusCode":200,"latencyMs":5.189,"msg":"request completed"}
  ✓  34 [chromium-mobile-390] › tests/e2e/production-smoke.spec.ts:13:5 › compiled web and API work through the same-origin production-like proxy (634ms)
{"level":30,"time":1789777657389,"pid":21053,"hostname":"Glebs-MacBook-Pro.local","reqId":"bb3805f8-f4e6-4a2e-82c2-fec77e1198d4","event":"request_completed","requestId":"bb3805f8-f4e6-4a2e-82c2-fec77e1198d4","method":"GET","route":"/api/v1/auth/me","statusCode":401,"latencyMs":0.113,"msg":"request completed"}
{"level":30,"time":1789777657567,"pid":21053,"hostname":"Glebs-MacBook-Pro.local","reqId":"f133975d-fdff-48c7-b871-8059c87a8462","event":"request_completed","requestId":"f133975d-fdff-48c7-b871-8059c87a8462","method":"POST","route":"/api/v1/auth/login","statusCode":200,"latencyMs":29.209,"msg":"request completed"}
{"level":30,"time":1789777657582,"pid":21053,"hostname":"Glebs-MacBook-Pro.local","reqId":"26368f86-5857-4243-a445-ea615b1c81d8","event":"request_completed","requestId":"26368f86-5857-4243-a445-ea615b1c81d8","method":"GET","route":"/api/v1/auth/me","statusCode":200,"latencyMs":12.522,"msg":"request completed"}
{"level":30,"time":1789777657605,"pid":21053,"hostname":"Glebs-MacBook-Pro.local","reqId":"e2039009-4f71-4a11-9de4-8cb97b5790d6","event":"request_completed","requestId":"e2039009-4f71-4a11-9de4-8cb97b5790d6","method":"GET","route":"/api/v1/notifications","statusCode":200,"latencyMs":34.438,"msg":"request completed"}
{"level":30,"time":1789777657611,"pid":21053,"hostname":"Glebs-MacBook-Pro.local","reqId":"94efd4f5-6913-498e-a93b-9ef1c0c0d238","event":"request_completed","requestId":"94efd4f5-6913-498e-a93b-9ef1c0c0d238","method":"GET","route":"/api/v1/history","statusCode":200,"latencyMs":24.381,"msg":"request completed"}
{"level":30,"time":1789777657656,"pid":21053,"hostname":"Glebs-MacBook-Pro.local","reqId":"8cfa9871-5e10-4517-91be-a6f93dcb9289","event":"request_completed","requestId":"8cfa9871-5e10-4517-91be-a6f93dcb9289","method":"GET","route":"/api/v1/auth/me","statusCode":200,"latencyMs":9.357,"msg":"request completed"}
{"level":30,"time":1789777657662,"pid":21053,"hostname":"Glebs-MacBook-Pro.local","reqId":"934a313b-d3e6-4242-b835-0f6e8d3a17b0","event":"request_completed","requestId":"934a313b-d3e6-4242-b835-0f6e8d3a17b0","method":"GET","route":"/api/v1/home","statusCode":200,"latencyMs":89.534,"msg":"request completed"}
{"level":30,"time":1789777657690,"pid":21053,"hostname":"Glebs-MacBook-Pro.local","reqId":"bf7c4eae-dd4b-4268-8268-eaf640569d0e","event":"request_completed","requestId":"bf7c4eae-dd4b-4268-8268-eaf640569d0e","method":"GET","route":"/api/v1/notifications","statusCode":200,"latencyMs":27.645,"msg":"request completed"}
{"level":30,"time":1789777657728,"pid":21053,"hostname":"Glebs-MacBook-Pro.local","reqId":"3bdc4490-aa1f-400a-acaa-56297e190354","event":"request_completed","requestId":"3bdc4490-aa1f-400a-acaa-56297e190354","method":"GET","route":"/api/v1/home","statusCode":200,"latencyMs":65.35,"msg":"request completed"}
{"level":30,"time":1789777657850,"pid":21053,"hostname":"Glebs-MacBook-Pro.local","reqId":"b3104195-8770-412e-a19d-5d205fc0e96a","event":"request_completed","requestId":"b3104195-8770-412e-a19d-5d205fc0e96a","method":"GET","route":"/api/v1/auth/me","statusCode":200,"latencyMs":5.499,"msg":"request completed"}
{"level":30,"time":1789777657869,"pid":21053,"hostname":"Glebs-MacBook-Pro.local","reqId":"6ba071ed-f1f6-49ff-a104-f7102ec499d1","event":"request_completed","requestId":"6ba071ed-f1f6-49ff-a104-f7102ec499d1","method":"GET","route":"/api/v1/notifications","statusCode":200,"latencyMs":16.622,"msg":"request completed"}
{"level":30,"time":1789777657907,"pid":21053,"hostname":"Glebs-MacBook-Pro.local","reqId":"74b0f02b-19dc-486d-81ef-796d4d1bb3a7","event":"request_completed","requestId":"74b0f02b-19dc-486d-81ef-796d4d1bb3a7","method":"GET","route":"/api/v1/home","statusCode":200,"latencyMs":47.913,"msg":"request completed"}
{"level":30,"time":1789777657977,"pid":21053,"hostname":"Glebs-MacBook-Pro.local","reqId":"2879da2f-950d-4abd-97db-d675240f174b","event":"request_completed","requestId":"2879da2f-950d-4abd-97db-d675240f174b","method":"GET","route":"/api/v1/matches/create-options","statusCode":200,"latencyMs":14.003,"msg":"request completed"}
{"level":30,"time":1789777657980,"pid":21053,"hostname":"Glebs-MacBook-Pro.local","reqId":"32dc7b05-1c1e-419e-b2d0-eb3816e28bf6","event":"request_completed","requestId":"32dc7b05-1c1e-419e-b2d0-eb3816e28bf6","method":"GET","route":"/api/v1/home","statusCode":200,"latencyMs":53.846,"msg":"request completed"}
{"level":30,"time":1789777657989,"pid":21053,"hostname":"Glebs-MacBook-Pro.local","reqId":"ecfcb624-d5e2-4738-9caa-12ff1e174ebd","event":"request_completed","requestId":"ecfcb624-d5e2-4738-9caa-12ff1e174ebd","method":"GET","route":"/api/v1/auth/me","statusCode":200,"latencyMs":4.484,"msg":"request completed"}
{"level":30,"time":1789777658002,"pid":21053,"hostname":"Glebs-MacBook-Pro.local","reqId":"798e5ca5-521c-4daa-8c46-56dab8844777","event":"request_completed","requestId":"798e5ca5-521c-4daa-8c46-56dab8844777","method":"GET","route":"/api/v1/history","statusCode":200,"latencyMs":8.935,"msg":"request completed"}
{"level":30,"time":1789777658010,"pid":21053,"hostname":"Glebs-MacBook-Pro.local","reqId":"69232465-6077-4e44-afc2-12703ed053b4","event":"request_completed","requestId":"69232465-6077-4e44-afc2-12703ed053b4","method":"GET","route":"/api/v1/notifications","statusCode":200,"latencyMs":17.725,"msg":"request completed"}
{"level":30,"time":1789777658032,"pid":21053,"hostname":"Glebs-MacBook-Pro.local","reqId":"88929303-1ad3-4809-85dd-dcedf219f0ae","event":"request_completed","requestId":"88929303-1ad3-4809-85dd-dcedf219f0ae","method":"GET","route":"/api/v1/auth/me","statusCode":200,"latencyMs":5.245,"msg":"request completed"}
{"level":30,"time":1789777658043,"pid":21053,"hostname":"Glebs-MacBook-Pro.local","reqId":"7d88d14a-4fb8-4ab6-a58e-93820e98f085","event":"request_completed","requestId":"7d88d14a-4fb8-4ab6-a58e-93820e98f085","method":"GET","route":"/api/v1/rankings","statusCode":200,"latencyMs":7.285,"msg":"request completed"}
{"level":30,"time":1789777658049,"pid":21053,"hostname":"Glebs-MacBook-Pro.local","reqId":"e7dfe153-2106-4df8-88c9-94af5472c5a2","event":"request_completed","requestId":"e7dfe153-2106-4df8-88c9-94af5472c5a2","method":"GET","route":"/api/v1/notifications","statusCode":200,"latencyMs":13.854,"msg":"request completed"}
{"level":30,"time":1789777658073,"pid":21053,"hostname":"Glebs-MacBook-Pro.local","reqId":"745ab550-2d97-4dc2-8b1c-b6e32ed89e69","event":"request_completed","requestId":"745ab550-2d97-4dc2-8b1c-b6e32ed89e69","method":"GET","route":"/api/v1/auth/me","statusCode":200,"latencyMs":4.451,"msg":"request completed"}
{"level":30,"time":1789777658096,"pid":21053,"hostname":"Glebs-MacBook-Pro.local","reqId":"43aa5fa8-6b7c-4028-a465-ee9f887ec084","event":"request_completed","requestId":"43aa5fa8-6b7c-4028-a465-ee9f887ec084","method":"GET","route":"/api/v1/notifications","statusCode":200,"latencyMs":14.787,"msg":"request completed"}
{"level":30,"time":1789777658096,"pid":21053,"hostname":"Glebs-MacBook-Pro.local","reqId":"35ad3cc4-b446-4fd3-a7cc-c21d93e41ce1","event":"request_completed","requestId":"35ad3cc4-b446-4fd3-a7cc-c21d93e41ce1","method":"GET","route":"/api/v1/teams","statusCode":200,"latencyMs":15.031,"msg":"request completed"}
{"level":30,"time":1789777658108,"pid":21053,"hostname":"Glebs-MacBook-Pro.local","reqId":"1ad15610-fa06-4b8b-91bb-24024455d43d","event":"request_completed","requestId":"1ad15610-fa06-4b8b-91bb-24024455d43d","method":"GET","route":"/api/v1/auth/me","statusCode":200,"latencyMs":4.27,"msg":"request completed"}
{"level":30,"time":1789777658130,"pid":21053,"hostname":"Glebs-MacBook-Pro.local","reqId":"96baa7e0-2545-4a8f-8d97-d6fb75f36d4f","event":"request_completed","requestId":"96baa7e0-2545-4a8f-8d97-d6fb75f36d4f","method":"GET","route":"/api/v1/notifications","statusCode":200,"latencyMs":14.183,"msg":"request completed"}
{"level":30,"time":1789777658133,"pid":21053,"hostname":"Glebs-MacBook-Pro.local","reqId":"5b6263a1-39bf-46e9-bcb9-62475cdddef7","event":"request_completed","requestId":"5b6263a1-39bf-46e9-bcb9-62475cdddef7","method":"GET","route":"/api/v1/faq","statusCode":200,"latencyMs":17.655,"msg":"request completed"}
{"level":30,"time":1789777658424,"pid":21053,"hostname":"Glebs-MacBook-Pro.local","reqId":"8fab794f-46a5-4bbd-9e67-99cf369a40f6","event":"request_completed","requestId":"8fab794f-46a5-4bbd-9e67-99cf369a40f6","method":"GET","route":"/api/v1/auth/me","statusCode":200,"latencyMs":8.779,"msg":"request completed"}
{"level":30,"time":1789777658474,"pid":21053,"hostname":"Glebs-MacBook-Pro.local","reqId":"070a815b-ce6d-4dfb-a299-20a4ced985e7","event":"request_completed","requestId":"070a815b-ce6d-4dfb-a299-20a4ced985e7","method":"GET","route":"/api/v1/auth/me","statusCode":200,"latencyMs":8.835,"msg":"request completed"}
{"level":30,"time":1789777658500,"pid":21053,"hostname":"Glebs-MacBook-Pro.local","reqId":"24bd748a-62ec-4484-8438-78e680a69723","event":"request_completed","requestId":"24bd748a-62ec-4484-8438-78e680a69723","method":"GET","route":"/api/v1/auth/sessions","statusCode":200,"latencyMs":21.497,"msg":"request completed"}
{"level":30,"time":1789777658507,"pid":21053,"hostname":"Glebs-MacBook-Pro.local","reqId":"6973e19c-a9c2-4c16-a04c-3f31a03cb848","event":"request_completed","requestId":"6973e19c-a9c2-4c16-a04c-3f31a03cb848","method":"GET","route":"/api/v1/auth/me","statusCode":200,"latencyMs":13.138,"msg":"request completed"}
{"level":30,"time":1789777658511,"pid":21053,"hostname":"Glebs-MacBook-Pro.local","reqId":"744c70bf-7c71-4d3f-9ea1-f4266c0ff7fa","event":"request_completed","requestId":"744c70bf-7c71-4d3f-9ea1-f4266c0ff7fa","method":"GET","route":"/api/v1/notifications","statusCode":200,"latencyMs":33.106,"msg":"request completed"}
{"level":30,"time":1789777658517,"pid":21053,"hostname":"Glebs-MacBook-Pro.local","reqId":"7fd4c5c9-9597-4685-8501-8aaab3f4255e","event":"request_completed","requestId":"7fd4c5c9-9597-4685-8501-8aaab3f4255e","method":"GET","route":"/api/v1/profile/me","statusCode":200,"latencyMs":38.264,"msg":"request completed"}
{"level":30,"time":1789777658521,"pid":21053,"hostname":"Glebs-MacBook-Pro.local","reqId":"e83b9eee-2217-44b2-ac55-363c13c81e4f","event":"request_completed","requestId":"e83b9eee-2217-44b2-ac55-363c13c81e4f","method":"GET","route":"/api/v1/admin/users","statusCode":200,"latencyMs":7.77,"msg":"request completed"}
{"level":30,"time":1789777658531,"pid":21053,"hostname":"Glebs-MacBook-Pro.local","reqId":"44886b98-7a95-4d07-8b93-1493d22e5950","event":"request_completed","requestId":"44886b98-7a95-4d07-8b93-1493d22e5950","method":"GET","route":"/api/v1/notifications","statusCode":200,"latencyMs":17.817,"msg":"request completed"}
{"level":30,"time":1789777658538,"pid":21053,"hostname":"Glebs-MacBook-Pro.local","reqId":"c81b4ff9-8427-4ad5-93b9-d55e73e9def6","event":"request_completed","requestId":"c81b4ff9-8427-4ad5-93b9-d55e73e9def6","method":"GET","route":"/api/v1/auth/me","statusCode":200,"latencyMs":4.813,"msg":"request completed"}
{"level":30,"time":1789777658552,"pid":21053,"hostname":"Glebs-MacBook-Pro.local","reqId":"6baf785a-4f04-4caa-bbc3-27764227a90c","event":"request_completed","requestId":"6baf785a-4f04-4caa-bbc3-27764227a90c","method":"GET","route":"/api/v1/notifications","statusCode":200,"latencyMs":11.137,"msg":"request completed"}
{"level":30,"time":1789777658552,"pid":21053,"hostname":"Glebs-MacBook-Pro.local","reqId":"f9cbdb6d-86a3-4fe0-ba99-d4da64bd05b1","event":"request_completed","requestId":"f9cbdb6d-86a3-4fe0-ba99-d4da64bd05b1","method":"GET","route":"/api/v1/home","statusCode":200,"latencyMs":73.743,"msg":"request completed"}
  ✓  35 [chromium-mobile-390] › tests/e2e/stage2-home.spec.ts:7:5 › AT-HOME-003 Home keeps direct actions and all secondary routes at mobile and desktop (1.5s)
{"level":30,"time":1789777658631,"pid":21053,"hostname":"Glebs-MacBook-Pro.local","reqId":"f76274c7-687b-435c-bf23-3400f87a640c","event":"request_completed","requestId":"f76274c7-687b-435c-bf23-3400f87a640c","method":"GET","route":"/api/v1/home","statusCode":200,"latencyMs":48.068,"msg":"request completed"}
{"level":30,"time":1789777658929,"pid":21053,"hostname":"Glebs-MacBook-Pro.local","reqId":"295dac59-31a1-4d54-bbe0-6e1ca6bb1baf","event":"request_completed","requestId":"295dac59-31a1-4d54-bbe0-6e1ca6bb1baf","method":"GET","route":"/api/v1/auth/me","statusCode":401,"latencyMs":0.113,"msg":"request completed"}
{"level":30,"time":1789777659091,"pid":21053,"hostname":"Glebs-MacBook-Pro.local","reqId":"cc7bde06-a2d7-43d3-9b0b-b3b66bf49397","event":"request_completed","requestId":"cc7bde06-a2d7-43d3-9b0b-b3b66bf49397","method":"POST","route":"/api/v1/auth/login","statusCode":200,"latencyMs":28.392,"msg":"request completed"}
{"level":30,"time":1789777659107,"pid":21053,"hostname":"Glebs-MacBook-Pro.local","reqId":"8d837aab-be99-45e9-8b1f-334acc5c8d87","event":"request_completed","requestId":"8d837aab-be99-45e9-8b1f-334acc5c8d87","method":"GET","route":"/api/v1/auth/me","statusCode":200,"latencyMs":13.37,"msg":"request completed"}
{"level":30,"time":1789777659128,"pid":21053,"hostname":"Glebs-MacBook-Pro.local","reqId":"7c39185f-ccfb-48bf-907a-2855d88083cd","event":"request_completed","requestId":"7c39185f-ccfb-48bf-907a-2855d88083cd","method":"GET","route":"/api/v1/notifications","statusCode":200,"latencyMs":31.712,"msg":"request completed"}
{"level":30,"time":1789777659163,"pid":21053,"hostname":"Glebs-MacBook-Pro.local","reqId":"3168fbea-7fe6-4006-8b25-3d17b4486221","event":"request_completed","requestId":"3168fbea-7fe6-4006-8b25-3d17b4486221","method":"GET","route":"/api/v1/home","statusCode":200,"latencyMs":64.881,"msg":"request completed"}
{"level":30,"time":1789777659453,"pid":21053,"hostname":"Glebs-MacBook-Pro.local","reqId":"cacefd48-4f3b-4e92-855d-53428437c851","event":"request_completed","requestId":"cacefd48-4f3b-4e92-855d-53428437c851","method":"GET","route":"/api/v1/auth/me","statusCode":200,"latencyMs":11.534,"msg":"request completed"}
{"level":30,"time":1789777659482,"pid":21053,"hostname":"Glebs-MacBook-Pro.local","reqId":"098e5377-a110-408f-a484-4034bf954005","event":"request_completed","requestId":"098e5377-a110-408f-a484-4034bf954005","method":"GET","route":"/api/v1/notifications","statusCode":200,"latencyMs":23.166,"msg":"request completed"}
  ✓  36 [chromium-mobile-390] › tests/e2e/stage2-home.spec.ts:63:5 › AT-HOME-003 Home keeps navigation after a fetch error (941ms)
{"level":30,"time":1789777659881,"pid":21053,"hostname":"Glebs-MacBook-Pro.local","reqId":"3524991b-b814-4819-bf89-c20ff22045aa","event":"request_completed","requestId":"3524991b-b814-4819-bf89-c20ff22045aa","method":"GET","route":"/api/v1/auth/me","statusCode":401,"latencyMs":0.152,"msg":"request completed"}
{"level":30,"time":1789777660061,"pid":21053,"hostname":"Glebs-MacBook-Pro.local","reqId":"39c45d14-f62f-4bc1-990e-76dc9e88069d","event":"request_completed","requestId":"39c45d14-f62f-4bc1-990e-76dc9e88069d","method":"POST","route":"/api/v1/auth/login","statusCode":200,"latencyMs":34.98,"msg":"request completed"}
{"level":30,"time":1789777660074,"pid":21053,"hostname":"Glebs-MacBook-Pro.local","reqId":"cac6f5b5-2e10-4873-a48b-f4092db5df57","event":"request_completed","requestId":"cac6f5b5-2e10-4873-a48b-f4092db5df57","method":"GET","route":"/api/v1/auth/me","statusCode":200,"latencyMs":10.635,"msg":"request completed"}
{"level":30,"time":1789777660093,"pid":21053,"hostname":"Glebs-MacBook-Pro.local","reqId":"ef4dd14e-cdf6-450b-8033-b0e2d6c9b5cd","event":"request_completed","requestId":"ef4dd14e-cdf6-450b-8033-b0e2d6c9b5cd","method":"GET","route":"/api/v1/notifications","statusCode":200,"latencyMs":28.451,"msg":"request completed"}
{"level":30,"time":1789777660120,"pid":21053,"hostname":"Glebs-MacBook-Pro.local","reqId":"2e6a927c-d1ab-4236-a179-1a715cb0600b","event":"request_completed","requestId":"2e6a927c-d1ab-4236-a179-1a715cb0600b","method":"PATCH","route":"/api/v1/me/onboarding","statusCode":200,"latencyMs":7.05,"msg":"request completed"}
{"level":30,"time":1789777660129,"pid":21053,"hostname":"Glebs-MacBook-Pro.local","reqId":"d6586e31-ff77-4da7-a8dd-ecc719e7984a","event":"request_completed","requestId":"d6586e31-ff77-4da7-a8dd-ecc719e7984a","method":"GET","route":"/api/v1/home","statusCode":200,"latencyMs":62.154,"msg":"request completed"}
{"level":30,"time":1789777660150,"pid":21053,"hostname":"Glebs-MacBook-Pro.local","reqId":"f8312f43-41a3-4bbd-9441-66895105defd","event":"request_completed","requestId":"f8312f43-41a3-4bbd-9441-66895105defd","method":"GET","route":"/api/v1/auth/me","statusCode":200,"latencyMs":4.746,"msg":"request completed"}
{"level":30,"time":1789777660175,"pid":21053,"hostname":"Glebs-MacBook-Pro.local","reqId":"7d6a27ea-5926-46a5-bb6f-0420e27d70c8","event":"request_completed","requestId":"7d6a27ea-5926-46a5-bb6f-0420e27d70c8","method":"GET","route":"/api/v1/notifications","statusCode":200,"latencyMs":18.003,"msg":"request completed"}
{"level":30,"time":1789777660212,"pid":21053,"hostname":"Glebs-MacBook-Pro.local","reqId":"62b4b5c3-99d9-4fba-938f-1e78f62ea769","event":"request_completed","requestId":"62b4b5c3-99d9-4fba-938f-1e78f62ea769","method":"GET","route":"/api/v1/home","statusCode":200,"latencyMs":55.429,"msg":"request completed"}
{"level":30,"time":1789777660214,"pid":21053,"hostname":"Glebs-MacBook-Pro.local","reqId":"e9adc668-84db-472f-9f66-44c466d39b34","event":"request_completed","requestId":"e9adc668-84db-472f-9f66-44c466d39b34","method":"GET","route":"/api/v1/home","statusCode":200,"latencyMs":54.743,"msg":"request completed"}
{"level":30,"time":1789777660525,"pid":21053,"hostname":"Glebs-MacBook-Pro.local","reqId":"1e787837-ae78-4306-85f5-7ff7a3cbb54d","event":"request_completed","requestId":"1e787837-ae78-4306-85f5-7ff7a3cbb54d","method":"GET","route":"/api/v1/auth/me","statusCode":200,"latencyMs":10.08,"msg":"request completed"}
{"level":30,"time":1789777660561,"pid":21053,"hostname":"Glebs-MacBook-Pro.local","reqId":"47377e3e-7b1a-4035-baae-e83416e98a34","event":"request_completed","requestId":"47377e3e-7b1a-4035-baae-e83416e98a34","method":"GET","route":"/api/v1/notifications","statusCode":200,"latencyMs":30.898,"msg":"request completed"}
  ✓  37 [chromium-mobile-390] › tests/e2e/stage2-home.spec.ts:83:5 › HOME-007 finished match keeps sides and score first with a side-specific winner mark (1.1s)
{"level":30,"time":1789777660990,"pid":21053,"hostname":"Glebs-MacBook-Pro.local","reqId":"b214a874-3959-49f0-a832-d5479ea5a96e","event":"request_completed","requestId":"b214a874-3959-49f0-a832-d5479ea5a96e","method":"GET","route":"/api/v1/auth/me","statusCode":401,"latencyMs":0.112,"msg":"request completed"}
{"level":30,"time":1789777661168,"pid":21053,"hostname":"Glebs-MacBook-Pro.local","reqId":"67103592-30ee-45cd-aa95-ef20313976ed","event":"request_completed","requestId":"67103592-30ee-45cd-aa95-ef20313976ed","method":"POST","route":"/api/v1/auth/login","statusCode":200,"latencyMs":26.754,"msg":"request completed"}
{"level":30,"time":1789777661182,"pid":21053,"hostname":"Glebs-MacBook-Pro.local","reqId":"63cefea5-bdd6-416f-adea-cff4fb01484e","event":"request_completed","requestId":"63cefea5-bdd6-416f-adea-cff4fb01484e","method":"GET","route":"/api/v1/auth/me","statusCode":200,"latencyMs":10.561,"msg":"request completed"}
{"level":30,"time":1789777661210,"pid":21053,"hostname":"Glebs-MacBook-Pro.local","reqId":"53aefcc4-48d5-4a36-8112-e89defbad943","event":"request_completed","requestId":"53aefcc4-48d5-4a36-8112-e89defbad943","method":"GET","route":"/api/v1/notifications","statusCode":200,"latencyMs":37.006,"msg":"request completed"}
{"level":30,"time":1789777661248,"pid":21053,"hostname":"Glebs-MacBook-Pro.local","reqId":"51227c76-a29d-4d50-afed-43b82cf1c6de","event":"request_completed","requestId":"51227c76-a29d-4d50-afed-43b82cf1c6de","method":"GET","route":"/api/v1/home","statusCode":200,"latencyMs":72.963,"msg":"request completed"}
{"level":30,"time":1789777661271,"pid":21053,"hostname":"Glebs-MacBook-Pro.local","reqId":"162556aa-a241-42ca-9070-c57622ef9f31","event":"request_completed","requestId":"162556aa-a241-42ca-9070-c57622ef9f31","method":"GET","route":"/api/v1/home","statusCode":200,"latencyMs":45.947,"msg":"request completed"}
{"level":30,"time":1789777661575,"pid":21053,"hostname":"Glebs-MacBook-Pro.local","reqId":"a917b478-acce-4ea3-bca9-5546c149e274","event":"request_completed","requestId":"a917b478-acce-4ea3-bca9-5546c149e274","method":"GET","route":"/api/v1/auth/me","statusCode":200,"latencyMs":9.123,"msg":"request completed"}
{"level":30,"time":1789777661604,"pid":21053,"hostname":"Glebs-MacBook-Pro.local","reqId":"198219ec-45bf-4a49-be82-85d4d87d1687","event":"request_completed","requestId":"198219ec-45bf-4a49-be82-85d4d87d1687","method":"GET","route":"/api/v1/notifications","statusCode":200,"latencyMs":23.686,"msg":"request completed"}
  ✓  38 [chromium-mobile-390] › tests/e2e/stage2-home.spec.ts:139:5 › GAP-031 keeps overflow tasks collapsed until requested (1.0s)
{"level":30,"time":1789777662009,"pid":21053,"hostname":"Glebs-MacBook-Pro.local","reqId":"8cb9b621-9138-4944-93f5-74ee1d7a7e62","event":"request_completed","requestId":"8cb9b621-9138-4944-93f5-74ee1d7a7e62","method":"GET","route":"/api/v1/auth/me","statusCode":401,"latencyMs":0.153,"msg":"request completed"}
{"level":30,"time":1789777662186,"pid":21053,"hostname":"Glebs-MacBook-Pro.local","reqId":"77c49c04-e835-4df0-bda7-7c09d049ae7c","event":"request_completed","requestId":"77c49c04-e835-4df0-bda7-7c09d049ae7c","method":"POST","route":"/api/v1/auth/login","statusCode":200,"latencyMs":26.747,"msg":"request completed"}
{"level":30,"time":1789777662199,"pid":21053,"hostname":"Glebs-MacBook-Pro.local","reqId":"327ebb68-7274-4fcd-b6ad-8be65ed1c45b","event":"request_completed","requestId":"327ebb68-7274-4fcd-b6ad-8be65ed1c45b","method":"GET","route":"/api/v1/auth/me","statusCode":200,"latencyMs":10.424,"msg":"request completed"}
{"level":30,"time":1789777662224,"pid":21053,"hostname":"Glebs-MacBook-Pro.local","reqId":"1276a264-11e7-4177-a14d-befb48fa0f83","event":"request_completed","requestId":"1276a264-11e7-4177-a14d-befb48fa0f83","method":"GET","route":"/api/v1/notifications","statusCode":200,"latencyMs":33.329,"msg":"request completed"}
{"level":30,"time":1789777662264,"pid":21053,"hostname":"Glebs-MacBook-Pro.local","reqId":"687cdcf2-24c1-4660-8712-8ea0f23a17fd","event":"request_completed","requestId":"687cdcf2-24c1-4660-8712-8ea0f23a17fd","method":"GET","route":"/api/v1/home","statusCode":200,"latencyMs":71.013,"msg":"request completed"}
{"level":30,"time":1789777662268,"pid":21053,"hostname":"Glebs-MacBook-Pro.local","reqId":"15646d5c-129b-4e06-b546-9e44fec7afcf","event":"request_completed","requestId":"15646d5c-129b-4e06-b546-9e44fec7afcf","method":"GET","route":"/api/v1/auth/me","statusCode":200,"latencyMs":4.224,"msg":"request completed"}
{"level":30,"time":1789777662293,"pid":21053,"hostname":"Glebs-MacBook-Pro.local","reqId":"ff3a05ec-4368-477b-96a3-f7d217e238ce","event":"request_completed","requestId":"ff3a05ec-4368-477b-96a3-f7d217e238ce","method":"GET","route":"/api/v1/matches/create-options","statusCode":200,"latencyMs":13.106,"msg":"request completed"}
{"level":30,"time":1789777662293,"pid":21053,"hostname":"Glebs-MacBook-Pro.local","reqId":"da020f8f-4ca3-4401-95d2-15a9d3e013b7","event":"request_completed","requestId":"da020f8f-4ca3-4401-95d2-15a9d3e013b7","method":"GET","route":"/api/v1/notifications","statusCode":200,"latencyMs":14.097,"msg":"request completed"}
{"level":30,"time":1789777662422,"pid":21053,"hostname":"Glebs-MacBook-Pro.local","reqId":"d766c1c3-28b6-44cd-8dcb-7c5592cd5575","event":"request_completed","requestId":"d766c1c3-28b6-44cd-8dcb-7c5592cd5575","method":"POST","route":"/api/v1/matches","statusCode":200,"latencyMs":36.116,"msg":"request completed"}
{"level":30,"time":1789777662447,"pid":21053,"hostname":"Glebs-MacBook-Pro.local","reqId":"b627b097-79eb-411c-9691-b44c9b7595a0","event":"request_completed","requestId":"b627b097-79eb-411c-9691-b44c9b7595a0","method":"GET","route":"/api/v1/matches/:matchId","statusCode":200,"latencyMs":21.176,"msg":"request completed"}
{"level":30,"time":1789777662535,"pid":21053,"hostname":"Glebs-MacBook-Pro.local","reqId":"94bed1b0-850a-4d1c-aec7-7e579fb506c5","event":"request_completed","requestId":"94bed1b0-850a-4d1c-aec7-7e579fb506c5","method":"GET","route":"/api/v1/matches/:matchId","statusCode":200,"latencyMs":31.898,"msg":"request completed"}
{"level":30,"time":1789777662569,"pid":21053,"hostname":"Glebs-MacBook-Pro.local","reqId":"2127a60d-f59c-4b76-b459-38fec78db36e","event":"request_completed","requestId":"2127a60d-f59c-4b76-b459-38fec78db36e","method":"POST","route":"/api/v1/matches/:matchId/judge/acquire","statusCode":200,"latencyMs":32.224,"msg":"request completed"}
{"level":30,"time":1789777662582,"pid":21053,"hostname":"Glebs-MacBook-Pro.local","reqId":"78d9362b-a13c-4daf-9e01-df6bfff31c68","event":"request_completed","requestId":"78d9362b-a13c-4daf-9e01-df6bfff31c68","method":"GET","route":"/api/v1/matches/:matchId","statusCode":200,"latencyMs":10.333,"msg":"request completed"}
{"level":30,"time":1789777662593,"pid":21053,"hostname":"Glebs-MacBook-Pro.local","reqId":"0f584bb1-8db8-4556-bf98-4902ba08d37f","event":"request_completed","requestId":"0f584bb1-8db8-4556-bf98-4902ba08d37f","method":"POST","route":"/api/v1/matches/:matchId/judge/heartbeat","statusCode":200,"latencyMs":7.795,"msg":"request completed"}
{"level":30,"time":1789777662604,"pid":21053,"hostname":"Glebs-MacBook-Pro.local","reqId":"353f4064-22ca-4a4c-9cf4-0bb9ba5ec7b0","event":"request_completed","requestId":"353f4064-22ca-4a4c-9cf4-0bb9ba5ec7b0","method":"GET","route":"/api/v1/matches/:matchId","statusCode":200,"latencyMs":9.258,"msg":"request completed"}
{"level":30,"time":1789777662722,"pid":21053,"hostname":"Glebs-MacBook-Pro.local","reqId":"5656c3c9-8b11-4380-9eee-8455bd51ed16","event":"request_completed","requestId":"5656c3c9-8b11-4380-9eee-8455bd51ed16","method":"GET","route":"/api/v1/notifications","statusCode":200,"latencyMs":31.932,"msg":"request completed"}
{"level":30,"time":1789777662722,"pid":21053,"hostname":"Glebs-MacBook-Pro.local","reqId":"b5cd73e5-b6c8-4f00-ab7b-9c1187c7ffa6","event":"request_completed","requestId":"b5cd73e5-b6c8-4f00-ab7b-9c1187c7ffa6","method":"GET","route":"/api/v1/matches/:matchId","statusCode":200,"latencyMs":31.971,"msg":"request completed"}
{"level":30,"time":1789777662723,"pid":21053,"hostname":"Glebs-MacBook-Pro.local","reqId":"ea3d09c7-6f36-4ab7-8beb-a53f7340f58e","event":"request_completed","requestId":"ea3d09c7-6f36-4ab7-8beb-a53f7340f58e","method":"GET","route":"/api/v1/matches/:matchId","statusCode":200,"latencyMs":27.397,"msg":"request completed"}
{"level":30,"time":1789777662746,"pid":21053,"hostname":"Glebs-MacBook-Pro.local","reqId":"8346907a-f7d6-4480-82e6-f0e385590d3e","event":"request_completed","requestId":"8346907a-f7d6-4480-82e6-f0e385590d3e","method":"GET","route":"/api/v1/auth/me","statusCode":200,"latencyMs":7.553,"msg":"request completed"}
{"level":30,"time":1789777662773,"pid":21053,"hostname":"Glebs-MacBook-Pro.local","reqId":"9fa6aac0-6b42-43fd-90ee-d262abe6e74f","event":"request_completed","requestId":"9fa6aac0-6b42-43fd-90ee-d262abe6e74f","method":"GET","route":"/api/v1/matches/:matchId","statusCode":200,"latencyMs":17.646,"msg":"request completed"}
{"level":30,"time":1789777662795,"pid":21053,"hostname":"Glebs-MacBook-Pro.local","reqId":"6a933908-3fdf-4a57-8d78-676b172b318b","event":"request_completed","requestId":"6a933908-3fdf-4a57-8d78-676b172b318b","method":"POST","route":"/api/v1/matches/:matchId/judge/acquire","statusCode":200,"latencyMs":19.607,"msg":"request completed"}
{"level":30,"time":1789777662807,"pid":21053,"hostname":"Glebs-MacBook-Pro.local","reqId":"3ce4dd08-861c-4774-81e0-6ecafc0da206","event":"request_completed","requestId":"3ce4dd08-861c-4774-81e0-6ecafc0da206","method":"GET","route":"/api/v1/matches/:matchId","statusCode":200,"latencyMs":9.383,"msg":"request completed"}
{"level":30,"time":1789777662817,"pid":21053,"hostname":"Glebs-MacBook-Pro.local","reqId":"12f60fb2-75ac-4c04-af1d-e71595b7a7e8","event":"request_completed","requestId":"12f60fb2-75ac-4c04-af1d-e71595b7a7e8","method":"POST","route":"/api/v1/matches/:matchId/judge/heartbeat","statusCode":200,"latencyMs":6.518,"msg":"request completed"}
{"level":30,"time":1789777662828,"pid":21053,"hostname":"Glebs-MacBook-Pro.local","reqId":"4e17d6fa-43d7-48fa-93d0-4c17815bf52c","event":"request_completed","requestId":"4e17d6fa-43d7-48fa-93d0-4c17815bf52c","method":"GET","route":"/api/v1/matches/:matchId","statusCode":200,"latencyMs":9.781,"msg":"request completed"}
{"level":30,"time":1789777662869,"pid":21053,"hostname":"Glebs-MacBook-Pro.local","reqId":"b63cd2e4-f9f1-42e6-851c-75fe3a7e5bc2","event":"request_completed","requestId":"b63cd2e4-f9f1-42e6-851c-75fe3a7e5bc2","method":"POST","route":"/api/v1/matches/:matchId/judge/release","statusCode":200,"latencyMs":16.71,"msg":"request completed"}
{"level":30,"time":1789777662900,"pid":21053,"hostname":"Glebs-MacBook-Pro.local","reqId":"ed976ab9-a8c0-4d0a-a7f7-59568cfb527a","event":"request_completed","requestId":"ed976ab9-a8c0-4d0a-a7f7-59568cfb527a","method":"GET","route":"/api/v1/notifications","statusCode":200,"latencyMs":26.176,"msg":"request completed"}
{"level":30,"time":1789777662905,"pid":21053,"hostname":"Glebs-MacBook-Pro.local","reqId":"753ec62f-282a-44ed-ab43-49e79bdbb356","event":"request_completed","requestId":"753ec62f-282a-44ed-ab43-49e79bdbb356","method":"GET","route":"/api/v1/matches/:matchId","statusCode":200,"latencyMs":17.687,"msg":"request completed"}
{"level":30,"time":1789777662918,"pid":21053,"hostname":"Glebs-MacBook-Pro.local","reqId":"12c23227-67d9-4894-a636-912ddadd45d8","event":"request_completed","requestId":"12c23227-67d9-4894-a636-912ddadd45d8","method":"GET","route":"/api/v1/matches/:matchId","statusCode":200,"latencyMs":9.761,"msg":"request completed"}
{"level":30,"time":1789777662931,"pid":21053,"hostname":"Glebs-MacBook-Pro.local","reqId":"fef6efc7-2e9f-4b12-b471-fe5d352b4a67","event":"request_completed","requestId":"fef6efc7-2e9f-4b12-b471-fe5d352b4a67","method":"GET","route":"/api/v1/home","statusCode":200,"latencyMs":57.192,"msg":"request completed"}
{"level":30,"time":1789777662944,"pid":21053,"hostname":"Glebs-MacBook-Pro.local","reqId":"a92fb1fd-d742-40b5-8bce-1156393595e9","event":"request_completed","requestId":"a92fb1fd-d742-40b5-8bce-1156393595e9","method":"POST","route":"/api/v1/matches/:matchId/cancel","statusCode":200,"latencyMs":22.018,"msg":"request completed"}
  ✓  39 [chromium-mobile-390] › tests/e2e/stage2-home.spec.ts:161:5 › GAP-030 explicit Home releases judge slot; Browser Back is measured separately (1.3s)
{"level":30,"time":1789777663060,"pid":21053,"hostname":"Glebs-MacBook-Pro.local","reqId":"3b2bfa57-e02c-4d98-adaf-2def4a9b35fd","event":"request_completed","requestId":"3b2bfa57-e02c-4d98-adaf-2def4a9b35fd","method":"GET","route":"/health","statusCode":200,"latencyMs":0.156,"msg":"request completed"}
{"level":30,"time":1789777663091,"pid":21053,"hostname":"Glebs-MacBook-Pro.local","reqId":"1eb3be68-223a-4f4a-b4c4-63badd6db579","event":"request_completed","requestId":"1eb3be68-223a-4f4a-b4c4-63badd6db579","method":"POST","route":"/api/v1/auth/login","statusCode":200,"latencyMs":27.818,"msg":"request completed"}
{"level":30,"time":1789777663105,"pid":21053,"hostname":"Glebs-MacBook-Pro.local","reqId":"6cf7c523-d402-48f3-9e5a-75901699a18a","event":"request_completed","requestId":"6cf7c523-d402-48f3-9e5a-75901699a18a","method":"PATCH","route":"/api/v1/me/onboarding","statusCode":200,"latencyMs":10.453,"msg":"request completed"}
{"level":30,"time":1789777663109,"pid":21053,"hostname":"Glebs-MacBook-Pro.local","reqId":"cdb1a2a3-7b7a-445b-9907-5f8b4919a955","event":"request_completed","requestId":"cdb1a2a3-7b7a-445b-9907-5f8b4919a955","method":"GET","route":"/health","statusCode":200,"latencyMs":0.088,"msg":"request completed"}
{"level":30,"time":1789777663136,"pid":21053,"hostname":"Glebs-MacBook-Pro.local","reqId":"b6b4c441-7596-4351-a92b-ca9a7b7def30","event":"request_completed","requestId":"b6b4c441-7596-4351-a92b-ca9a7b7def30","method":"POST","route":"/api/v1/auth/login","statusCode":200,"latencyMs":24.441,"msg":"request completed"}
{"level":30,"time":1789777663150,"pid":21053,"hostname":"Glebs-MacBook-Pro.local","reqId":"4358facb-6614-49de-bbc3-0e082b64e4da","event":"request_completed","requestId":"4358facb-6614-49de-bbc3-0e082b64e4da","method":"PATCH","route":"/api/v1/me/onboarding","statusCode":200,"latencyMs":11.056,"msg":"request completed"}
{"level":30,"time":1789777663192,"pid":21053,"hostname":"Glebs-MacBook-Pro.local","reqId":"9c57f47d-fb9a-4ae4-9dcf-4913e7375f84","event":"request_completed","requestId":"9c57f47d-fb9a-4ae4-9dcf-4913e7375f84","method":"POST","route":"/api/v1/admin/users","statusCode":200,"latencyMs":37.677,"msg":"request completed"}
{"level":30,"time":1789777663223,"pid":21053,"hostname":"Glebs-MacBook-Pro.local","reqId":"55e1f489-2c00-443c-8417-dfef05df6b7a","event":"request_completed","requestId":"55e1f489-2c00-443c-8417-dfef05df6b7a","method":"POST","route":"/api/v1/auth/login","statusCode":200,"latencyMs":26.08,"msg":"request completed"}
{"level":30,"time":1789777663265,"pid":21053,"hostname":"Glebs-MacBook-Pro.local","reqId":"9a9c3c4d-3415-42ab-a095-852961c4f07e","event":"request_completed","requestId":"9a9c3c4d-3415-42ab-a095-852961c4f07e","method":"POST","route":"/api/v1/auth/password/first-change","statusCode":200,"latencyMs":38.849,"msg":"request completed"}
{"level":30,"time":1789777663300,"pid":21053,"hostname":"Glebs-MacBook-Pro.local","reqId":"cfa91f66-2762-4118-8844-397caffd6052","event":"request_completed","requestId":"cfa91f66-2762-4118-8844-397caffd6052","method":"POST","route":"/api/v1/teams","statusCode":200,"latencyMs":31.705,"msg":"request completed"}
{"level":30,"time":1789777663567,"pid":21053,"hostname":"Glebs-MacBook-Pro.local","reqId":"c9854865-0dcb-4d09-b63d-708ad0ceae88","event":"request_completed","requestId":"c9854865-0dcb-4d09-b63d-708ad0ceae88","method":"GET","route":"/api/v1/auth/me","statusCode":401,"latencyMs":0.183,"msg":"request completed"}
{"level":30,"time":1789777663741,"pid":21053,"hostname":"Glebs-MacBook-Pro.local","reqId":"c61523bf-0c82-4490-9985-754f05bf0fd4","event":"request_completed","requestId":"c61523bf-0c82-4490-9985-754f05bf0fd4","method":"POST","route":"/api/v1/auth/login","statusCode":200,"latencyMs":24.922,"msg":"request completed"}
{"level":30,"time":1789777663761,"pid":21053,"hostname":"Glebs-MacBook-Pro.local","reqId":"3ce7c98f-47bd-4fa1-97b9-2b69aa09f1be","event":"request_completed","requestId":"3ce7c98f-47bd-4fa1-97b9-2b69aa09f1be","method":"GET","route":"/api/v1/auth/me","statusCode":200,"latencyMs":18.712,"msg":"request completed"}
{"level":30,"time":1789777663776,"pid":21053,"hostname":"Glebs-MacBook-Pro.local","reqId":"593a1511-5071-4c9f-a345-71f97ea5579d","event":"request_completed","requestId":"593a1511-5071-4c9f-a345-71f97ea5579d","method":"GET","route":"/api/v1/notifications","statusCode":200,"latencyMs":31.297,"msg":"request completed"}
{"level":30,"time":1789777663779,"pid":21053,"hostname":"Glebs-MacBook-Pro.local","reqId":"40b1469a-8477-4e58-bc98-ead226b24afb","event":"request_completed","requestId":"40b1469a-8477-4e58-bc98-ead226b24afb","method":"GET","route":"/api/v1/auth/me","statusCode":200,"latencyMs":6.812,"msg":"request completed"}
{"level":30,"time":1789777663793,"pid":21053,"hostname":"Glebs-MacBook-Pro.local","reqId":"4a738a78-9e7d-417f-92ae-2581cf57f5fe","event":"request_completed","requestId":"4a738a78-9e7d-417f-92ae-2581cf57f5fe","method":"GET","route":"/api/v1/auth/sessions","statusCode":200,"latencyMs":8.175,"msg":"request completed"}
{"level":30,"time":1789777663807,"pid":21053,"hostname":"Glebs-MacBook-Pro.local","reqId":"94abcfd1-ea73-472e-bf50-1cd152d0f647","event":"request_completed","requestId":"94abcfd1-ea73-472e-bf50-1cd152d0f647","method":"GET","route":"/api/v1/notifications","statusCode":200,"latencyMs":21.952,"msg":"request completed"}
{"level":30,"time":1789777663812,"pid":21053,"hostname":"Glebs-MacBook-Pro.local","reqId":"184b2162-5f77-409f-921e-aa64041cc006","event":"request_completed","requestId":"184b2162-5f77-409f-921e-aa64041cc006","method":"GET","route":"/api/v1/profile/me","statusCode":200,"latencyMs":27.37,"msg":"request completed"}
{"level":30,"time":1789777663827,"pid":21053,"hostname":"Glebs-MacBook-Pro.local","reqId":"2459b9a6-1330-428f-b1ed-810722ce51a7","event":"request_completed","requestId":"2459b9a6-1330-428f-b1ed-810722ce51a7","method":"GET","route":"/api/v1/home","statusCode":200,"latencyMs":78.238,"msg":"request completed"}
{"level":30,"time":1789777663840,"pid":21053,"hostname":"Glebs-MacBook-Pro.local","reqId":"8b7bd746-997e-4c3f-a51b-ae04b33c82a9","event":"request_completed","requestId":"8b7bd746-997e-4c3f-a51b-ae04b33c82a9","method":"GET","route":"/api/v1/home","statusCode":200,"latencyMs":54.385,"msg":"request completed"}
{"level":30,"time":1789777663968,"pid":21053,"hostname":"Glebs-MacBook-Pro.local","reqId":"eabf313b-ef6d-4848-8427-9726bf8f17da","event":"request_completed","requestId":"eabf313b-ef6d-4848-8427-9726bf8f17da","method":"PATCH","route":"/api/v1/profile/me","statusCode":200,"latencyMs":7.073,"msg":"request completed"}
{"level":30,"time":1789777663990,"pid":21053,"hostname":"Glebs-MacBook-Pro.local","reqId":"cf62cd01-fc92-4fe5-953b-099ccfeba809","event":"request_completed","requestId":"cf62cd01-fc92-4fe5-953b-099ccfeba809","method":"GET","route":"/api/v1/profile/me","statusCode":200,"latencyMs":16.162,"msg":"request completed"}
{"level":30,"time":1789777664015,"pid":21053,"hostname":"Glebs-MacBook-Pro.local","reqId":"ad0b5c9f-9aaf-4edc-b10e-945aa0921952","event":"request_completed","requestId":"ad0b5c9f-9aaf-4edc-b10e-945aa0921952","method":"GET","route":"/api/v1/profile/me","statusCode":200,"latencyMs":15.705,"msg":"request completed"}
{"level":30,"time":1789777664024,"pid":21053,"hostname":"Glebs-MacBook-Pro.local","reqId":"7abcb831-4e2a-44a0-bc22-7543d74430b8","event":"request_completed","requestId":"7abcb831-4e2a-44a0-bc22-7543d74430b8","method":"GET","route":"/api/v1/auth/sessions","statusCode":200,"latencyMs":5.491,"msg":"request completed"}
{"level":30,"time":1789777664095,"pid":21053,"hostname":"Glebs-MacBook-Pro.local","reqId":"442472fd-49ad-4ee1-96c6-e462c7ce21b9","event":"request_completed","requestId":"442472fd-49ad-4ee1-96c6-e462c7ce21b9","method":"DELETE","route":"/api/v1/auth/sessions/:sessionId","statusCode":200,"latencyMs":18.19,"msg":"request completed"}
{"level":30,"time":1789777664103,"pid":21053,"hostname":"Glebs-MacBook-Pro.local","reqId":"3c4888c6-f022-4915-a1cb-a5a6c834d905","event":"request_completed","requestId":"3c4888c6-f022-4915-a1cb-a5a6c834d905","method":"GET","route":"/api/v1/auth/sessions","statusCode":200,"latencyMs":6.043,"msg":"request completed"}
{"level":30,"time":1789777664119,"pid":21053,"hostname":"Glebs-MacBook-Pro.local","reqId":"2d555882-a4e3-468b-b768-dde22c49d4c8","event":"request_completed","requestId":"2d555882-a4e3-468b-b768-dde22c49d4c8","method":"GET","route":"/api/v1/auth/me","statusCode":401,"latencyMs":6.472,"msg":"request completed"}
{"level":30,"time":1789777664362,"pid":21053,"hostname":"Glebs-MacBook-Pro.local","reqId":"20f7b3fa-d990-43b7-bc02-6e885afd42b8","event":"request_completed","requestId":"20f7b3fa-d990-43b7-bc02-6e885afd42b8","method":"GET","route":"/api/v1/auth/me","statusCode":200,"latencyMs":9.228,"msg":"request completed"}
{"level":30,"time":1789777664388,"pid":21053,"hostname":"Glebs-MacBook-Pro.local","reqId":"546c8032-6dad-4654-88b2-1a08c0726b60","event":"request_completed","requestId":"546c8032-6dad-4654-88b2-1a08c0726b60","method":"GET","route":"/api/v1/rankings","statusCode":200,"latencyMs":20.894,"msg":"request completed"}
{"level":30,"time":1789777664396,"pid":21053,"hostname":"Glebs-MacBook-Pro.local","reqId":"b1c061c0-570d-43f3-bbbd-a0d93664432a","event":"request_completed","requestId":"b1c061c0-570d-43f3-bbbd-a0d93664432a","method":"GET","route":"/api/v1/notifications","statusCode":200,"latencyMs":29.207,"msg":"request completed"}
{"level":30,"time":1789777664489,"pid":21053,"hostname":"Glebs-MacBook-Pro.local","reqId":"831dc259-695e-4137-a2be-c95e7cc647d9","event":"request_completed","requestId":"831dc259-695e-4137-a2be-c95e7cc647d9","method":"GET","route":"/api/v1/rankings","statusCode":200,"latencyMs":18.82,"msg":"request completed"}
{"level":30,"time":1789777664569,"pid":21053,"hostname":"Glebs-MacBook-Pro.local","reqId":"3f3054d6-d484-49e4-a8d6-e4aef30d0298","event":"request_completed","requestId":"3f3054d6-d484-49e4-a8d6-e4aef30d0298","method":"GET","route":"/api/v1/rankings","statusCode":200,"latencyMs":34.921,"msg":"request completed"}
{"level":30,"time":1789777664586,"pid":21053,"hostname":"Glebs-MacBook-Pro.local","reqId":"242d2603-5cd1-41ba-8e7c-1b7a7843bf78","event":"request_completed","requestId":"242d2603-5cd1-41ba-8e7c-1b7a7843bf78","method":"GET","route":"/api/v1/rankings","statusCode":200,"latencyMs":18.146,"msg":"request completed"}
{"level":30,"time":1789777664640,"pid":21053,"hostname":"Glebs-MacBook-Pro.local","reqId":"c0de8323-8447-4ede-acb8-0142dcf710c9","event":"request_completed","requestId":"c0de8323-8447-4ede-acb8-0142dcf710c9","method":"GET","route":"/api/v1/rankings","statusCode":200,"latencyMs":21.737,"msg":"request completed"}
{"level":30,"time":1789777664666,"pid":21053,"hostname":"Glebs-MacBook-Pro.local","reqId":"1281ac49-f065-4abc-a570-ab9c7a095eac","event":"request_completed","requestId":"1281ac49-f065-4abc-a570-ab9c7a095eac","method":"GET","route":"/api/v1/rankings","statusCode":200,"latencyMs":15.393,"msg":"request completed"}
{"level":30,"time":1789777664798,"pid":21053,"hostname":"Glebs-MacBook-Pro.local","reqId":"c758c26a-8cb2-4b6e-8b22-f242c7f9850e","event":"request_completed","requestId":"c758c26a-8cb2-4b6e-8b22-f242c7f9850e","method":"GET","route":"/api/v1/players/:userId","statusCode":200,"latencyMs":29.141,"msg":"request completed"}
{"level":30,"time":1789777664915,"pid":21053,"hostname":"Glebs-MacBook-Pro.local","reqId":"e3d6d19b-67de-4f5b-b7ea-f8dc1dc1a1ce","event":"request_completed","requestId":"e3d6d19b-67de-4f5b-b7ea-f8dc1dc1a1ce","method":"GET","route":"/api/v1/auth/me","statusCode":200,"latencyMs":10.797,"msg":"request completed"}
{"level":30,"time":1789777664961,"pid":21053,"hostname":"Glebs-MacBook-Pro.local","reqId":"6eacb2ff-edda-417c-91ab-18bf1d64d101","event":"request_completed","requestId":"6eacb2ff-edda-417c-91ab-18bf1d64d101","method":"GET","route":"/api/v1/matches/create-options","statusCode":200,"latencyMs":34.059,"msg":"request completed"}
{"level":30,"time":1789777664967,"pid":21053,"hostname":"Glebs-MacBook-Pro.local","reqId":"faba8e55-2953-42e7-af46-0eace13081f3","event":"request_completed","requestId":"faba8e55-2953-42e7-af46-0eace13081f3","method":"GET","route":"/api/v1/notifications","statusCode":200,"latencyMs":40.156,"msg":"request completed"}
  ✓  40 [chromium-mobile-390] › tests/e2e/wave-b.spec.ts:44:5 › Wave B AT-PROFILE-001..005 AT-RANK-005..006 own edit, revoke, team and private public card (2.0s)
{"level":30,"time":1789777665105,"pid":21053,"hostname":"Glebs-MacBook-Pro.local","reqId":"4ef45f46-299d-4609-8487-cdd250015bd8","event":"request_completed","requestId":"4ef45f46-299d-4609-8487-cdd250015bd8","method":"GET","route":"/health","statusCode":200,"latencyMs":0.134,"msg":"request completed"}
{"level":30,"time":1789777665135,"pid":21053,"hostname":"Glebs-MacBook-Pro.local","reqId":"1be0c904-63bf-4b9e-86d4-ff14632a315a","event":"request_completed","requestId":"1be0c904-63bf-4b9e-86d4-ff14632a315a","method":"POST","route":"/api/v1/auth/login","statusCode":200,"latencyMs":27.136,"msg":"request completed"}
{"level":30,"time":1789777665148,"pid":21053,"hostname":"Glebs-MacBook-Pro.local","reqId":"11af95f2-6b36-4d16-81c9-916f018a6aac","event":"request_completed","requestId":"11af95f2-6b36-4d16-81c9-916f018a6aac","method":"PATCH","route":"/api/v1/me/onboarding","statusCode":200,"latencyMs":10.315,"msg":"request completed"}
{"level":30,"time":1789777665193,"pid":21053,"hostname":"Glebs-MacBook-Pro.local","reqId":"6b64e9a3-c018-484d-9940-a30577137742","event":"request_completed","requestId":"6b64e9a3-c018-484d-9940-a30577137742","method":"POST","route":"/api/v1/matches","statusCode":200,"latencyMs":41.915,"msg":"request completed"}
{"level":30,"time":1789777665223,"pid":21053,"hostname":"Glebs-MacBook-Pro.local","reqId":"f02fb926-9aa4-4742-aa5b-8739dc245cee","event":"request_completed","requestId":"f02fb926-9aa4-4742-aa5b-8739dc245cee","method":"POST","route":"/api/v1/matches/:matchId/cancel","statusCode":200,"latencyMs":26.196,"msg":"request completed"}
{"level":30,"time":1789777665250,"pid":21053,"hostname":"Glebs-MacBook-Pro.local","reqId":"b1c40252-db43-46e7-9029-5709bc61b0f6","event":"request_completed","requestId":"b1c40252-db43-46e7-9029-5709bc61b0f6","method":"POST","route":"/api/v1/matches","statusCode":200,"latencyMs":24.081,"msg":"request completed"}
{"level":30,"time":1789777665277,"pid":21053,"hostname":"Glebs-MacBook-Pro.local","reqId":"9136c80a-4fc9-4adf-8b19-dd91b891e25e","event":"request_completed","requestId":"9136c80a-4fc9-4adf-8b19-dd91b891e25e","method":"POST","route":"/api/v1/matches/:matchId/cancel","statusCode":200,"latencyMs":23.503,"msg":"request completed"}
{"level":30,"time":1789777665297,"pid":21053,"hostname":"Glebs-MacBook-Pro.local","reqId":"0158a8f6-13e4-45d4-9b9a-8bb982efb0a9","event":"request_completed","requestId":"0158a8f6-13e4-45d4-9b9a-8bb982efb0a9","method":"POST","route":"/api/v1/matches","statusCode":200,"latencyMs":16.566,"msg":"request completed"}
{"level":30,"time":1789777665324,"pid":21053,"hostname":"Glebs-MacBook-Pro.local","reqId":"80ab79c4-3426-46b7-b3ce-9ed2d69fa6c3","event":"request_completed","requestId":"80ab79c4-3426-46b7-b3ce-9ed2d69fa6c3","method":"POST","route":"/api/v1/matches/:matchId/cancel","statusCode":200,"latencyMs":23.483,"msg":"request completed"}
{"level":30,"time":1789777665345,"pid":21053,"hostname":"Glebs-MacBook-Pro.local","reqId":"bba911c7-3450-468a-893f-b9cc50243ff5","event":"request_completed","requestId":"bba911c7-3450-468a-893f-b9cc50243ff5","method":"POST","route":"/api/v1/matches","statusCode":200,"latencyMs":16.557,"msg":"request completed"}
{"level":30,"time":1789777665378,"pid":21053,"hostname":"Glebs-MacBook-Pro.local","reqId":"d70c29cc-05dd-4d00-88d8-84b9f938a6c3","event":"request_completed","requestId":"d70c29cc-05dd-4d00-88d8-84b9f938a6c3","method":"POST","route":"/api/v1/matches/:matchId/cancel","statusCode":200,"latencyMs":29.962,"msg":"request completed"}
{"level":30,"time":1789777665399,"pid":21053,"hostname":"Glebs-MacBook-Pro.local","reqId":"0bca28bd-df65-415b-a449-a7dce1ee67f1","event":"request_completed","requestId":"0bca28bd-df65-415b-a449-a7dce1ee67f1","method":"POST","route":"/api/v1/matches","statusCode":200,"latencyMs":17.709,"msg":"request completed"}
{"level":30,"time":1789777665426,"pid":21053,"hostname":"Glebs-MacBook-Pro.local","reqId":"135090e0-82ea-49e4-bd16-555b9f941bc5","event":"request_completed","requestId":"135090e0-82ea-49e4-bd16-555b9f941bc5","method":"POST","route":"/api/v1/matches/:matchId/cancel","statusCode":200,"latencyMs":22.79,"msg":"request completed"}
{"level":30,"time":1789777665448,"pid":21053,"hostname":"Glebs-MacBook-Pro.local","reqId":"c9cf6080-d540-4e9c-947b-35dbfe5382bd","event":"request_completed","requestId":"c9cf6080-d540-4e9c-947b-35dbfe5382bd","method":"POST","route":"/api/v1/matches","statusCode":200,"latencyMs":18.62,"msg":"request completed"}
{"level":30,"time":1789777665475,"pid":21053,"hostname":"Glebs-MacBook-Pro.local","reqId":"47ca5cfc-5bf8-451a-b6cd-79be112fe2ac","event":"request_completed","requestId":"47ca5cfc-5bf8-451a-b6cd-79be112fe2ac","method":"POST","route":"/api/v1/matches/:matchId/cancel","statusCode":200,"latencyMs":22.431,"msg":"request completed"}
{"level":30,"time":1789777665497,"pid":21053,"hostname":"Glebs-MacBook-Pro.local","reqId":"f4c700ee-4439-43dc-964c-3e16216a4d31","event":"request_completed","requestId":"f4c700ee-4439-43dc-964c-3e16216a4d31","method":"POST","route":"/api/v1/matches","statusCode":200,"latencyMs":17.849,"msg":"request completed"}
{"level":30,"time":1789777665525,"pid":21053,"hostname":"Glebs-MacBook-Pro.local","reqId":"7ccaa233-4632-49e4-b786-87935bec753b","event":"request_completed","requestId":"7ccaa233-4632-49e4-b786-87935bec753b","method":"POST","route":"/api/v1/matches/:matchId/cancel","statusCode":200,"latencyMs":24.188,"msg":"request completed"}
{"level":30,"time":1789777665546,"pid":21053,"hostname":"Glebs-MacBook-Pro.local","reqId":"29d6f8ee-c18e-4636-a7bd-3e788231a2bb","event":"request_completed","requestId":"29d6f8ee-c18e-4636-a7bd-3e788231a2bb","method":"POST","route":"/api/v1/matches","statusCode":200,"latencyMs":17.271,"msg":"request completed"}
{"level":30,"time":1789777665570,"pid":21053,"hostname":"Glebs-MacBook-Pro.local","reqId":"e6894a0c-ce1f-433f-8a70-7c3d7e26f796","event":"request_completed","requestId":"e6894a0c-ce1f-433f-8a70-7c3d7e26f796","method":"POST","route":"/api/v1/matches/:matchId/cancel","statusCode":200,"latencyMs":20.808,"msg":"request completed"}
{"level":30,"time":1789777665588,"pid":21053,"hostname":"Glebs-MacBook-Pro.local","reqId":"d07d9185-b558-4e33-9dd3-cd70f3aa9f1d","event":"request_completed","requestId":"d07d9185-b558-4e33-9dd3-cd70f3aa9f1d","method":"POST","route":"/api/v1/matches","statusCode":200,"latencyMs":15.189,"msg":"request completed"}
{"level":30,"time":1789777665613,"pid":21053,"hostname":"Glebs-MacBook-Pro.local","reqId":"3318fc7b-edea-4276-869a-57c31f5a0509","event":"request_completed","requestId":"3318fc7b-edea-4276-869a-57c31f5a0509","method":"POST","route":"/api/v1/matches/:matchId/cancel","statusCode":200,"latencyMs":21.715,"msg":"request completed"}
{"level":30,"time":1789777665632,"pid":21053,"hostname":"Glebs-MacBook-Pro.local","reqId":"fc11ce46-df65-466f-b03c-65909cb5f2ef","event":"request_completed","requestId":"fc11ce46-df65-466f-b03c-65909cb5f2ef","method":"POST","route":"/api/v1/matches","statusCode":200,"latencyMs":16.003,"msg":"request completed"}
{"level":30,"time":1789777665655,"pid":21053,"hostname":"Glebs-MacBook-Pro.local","reqId":"c9220ab2-ad86-4085-9b5b-8b63af8ebaa0","event":"request_completed","requestId":"c9220ab2-ad86-4085-9b5b-8b63af8ebaa0","method":"POST","route":"/api/v1/matches/:matchId/cancel","statusCode":200,"latencyMs":19.829,"msg":"request completed"}
{"level":30,"time":1789777665674,"pid":21053,"hostname":"Glebs-MacBook-Pro.local","reqId":"67202faf-c032-43a4-a991-3fdcaa3e8cc7","event":"request_completed","requestId":"67202faf-c032-43a4-a991-3fdcaa3e8cc7","method":"POST","route":"/api/v1/matches","statusCode":200,"latencyMs":15.402,"msg":"request completed"}
{"level":30,"time":1789777665698,"pid":21053,"hostname":"Glebs-MacBook-Pro.local","reqId":"c079e46f-677f-4beb-9f49-436157785f95","event":"request_completed","requestId":"c079e46f-677f-4beb-9f49-436157785f95","method":"POST","route":"/api/v1/matches/:matchId/cancel","statusCode":200,"latencyMs":20.995,"msg":"request completed"}
{"level":30,"time":1789777665719,"pid":21053,"hostname":"Glebs-MacBook-Pro.local","reqId":"c2ff5aa3-9019-492a-bd38-d1d8090890d3","event":"request_completed","requestId":"c2ff5aa3-9019-492a-bd38-d1d8090890d3","method":"POST","route":"/api/v1/matches","statusCode":200,"latencyMs":17.844,"msg":"request completed"}
{"level":30,"time":1789777665744,"pid":21053,"hostname":"Glebs-MacBook-Pro.local","reqId":"8bbef597-94c1-4e6c-81c7-55071f1bfe30","event":"request_completed","requestId":"8bbef597-94c1-4e6c-81c7-55071f1bfe30","method":"POST","route":"/api/v1/matches/:matchId/cancel","statusCode":200,"latencyMs":21.731,"msg":"request completed"}
{"level":30,"time":1789777665773,"pid":21053,"hostname":"Glebs-MacBook-Pro.local","reqId":"9b0f947d-97bc-4ae7-8968-2667d85fae7b","event":"request_completed","requestId":"9b0f947d-97bc-4ae7-8968-2667d85fae7b","method":"POST","route":"/api/v1/matches","statusCode":200,"latencyMs":24.84,"msg":"request completed"}
{"level":30,"time":1789777665818,"pid":21053,"hostname":"Glebs-MacBook-Pro.local","reqId":"ffb7fc50-083b-4aee-97a7-4301104c9fe5","event":"request_completed","requestId":"ffb7fc50-083b-4aee-97a7-4301104c9fe5","method":"POST","route":"/api/v1/matches/:matchId/cancel","statusCode":200,"latencyMs":42.048,"msg":"request completed"}
{"level":30,"time":1789777665840,"pid":21053,"hostname":"Glebs-MacBook-Pro.local","reqId":"453cdf72-2c6d-413d-a61a-915db6b00120","event":"request_completed","requestId":"453cdf72-2c6d-413d-a61a-915db6b00120","method":"POST","route":"/api/v1/matches","statusCode":200,"latencyMs":16.781,"msg":"request completed"}
{"level":30,"time":1789777665864,"pid":21053,"hostname":"Glebs-MacBook-Pro.local","reqId":"c646b984-04ae-4a5d-8b1c-622ad14db820","event":"request_completed","requestId":"c646b984-04ae-4a5d-8b1c-622ad14db820","method":"POST","route":"/api/v1/matches/:matchId/cancel","statusCode":200,"latencyMs":21.167,"msg":"request completed"}
{"level":30,"time":1789777665882,"pid":21053,"hostname":"Glebs-MacBook-Pro.local","reqId":"d2a015ca-cdea-4aee-9ae0-fd8f18cf2b8a","event":"request_completed","requestId":"d2a015ca-cdea-4aee-9ae0-fd8f18cf2b8a","method":"POST","route":"/api/v1/matches","statusCode":200,"latencyMs":15.059,"msg":"request completed"}
{"level":30,"time":1789777665907,"pid":21053,"hostname":"Glebs-MacBook-Pro.local","reqId":"a150c099-1996-4b6a-bc30-3b40771a9ed7","event":"request_completed","requestId":"a150c099-1996-4b6a-bc30-3b40771a9ed7","method":"POST","route":"/api/v1/matches/:matchId/cancel","statusCode":200,"latencyMs":21.723,"msg":"request completed"}
{"level":30,"time":1789777665926,"pid":21053,"hostname":"Glebs-MacBook-Pro.local","reqId":"b81f5c51-0beb-4bb7-890b-6e134a65af82","event":"request_completed","requestId":"b81f5c51-0beb-4bb7-890b-6e134a65af82","method":"POST","route":"/api/v1/matches","statusCode":200,"latencyMs":15.481,"msg":"request completed"}
{"level":30,"time":1789777665948,"pid":21053,"hostname":"Glebs-MacBook-Pro.local","reqId":"dffec123-0cf5-4561-afa4-ccba44372c08","event":"request_completed","requestId":"dffec123-0cf5-4561-afa4-ccba44372c08","method":"POST","route":"/api/v1/matches/:matchId/cancel","statusCode":200,"latencyMs":18.693,"msg":"request completed"}
{"level":30,"time":1789777665968,"pid":21053,"hostname":"Glebs-MacBook-Pro.local","reqId":"7915e549-e173-4c12-84d5-650a4dd91a63","event":"request_completed","requestId":"7915e549-e173-4c12-84d5-650a4dd91a63","method":"POST","route":"/api/v1/matches","statusCode":200,"latencyMs":16.022,"msg":"request completed"}
{"level":30,"time":1789777665993,"pid":21053,"hostname":"Glebs-MacBook-Pro.local","reqId":"f460f583-aeed-4e2d-890b-a5b244be78f1","event":"request_completed","requestId":"f460f583-aeed-4e2d-890b-a5b244be78f1","method":"POST","route":"/api/v1/matches/:matchId/cancel","statusCode":200,"latencyMs":21.13,"msg":"request completed"}
{"level":30,"time":1789777666012,"pid":21053,"hostname":"Glebs-MacBook-Pro.local","reqId":"116309df-dc95-4135-a9a3-5852621b0ba3","event":"request_completed","requestId":"116309df-dc95-4135-a9a3-5852621b0ba3","method":"POST","route":"/api/v1/matches","statusCode":200,"latencyMs":14.872,"msg":"request completed"}
{"level":30,"time":1789777666036,"pid":21053,"hostname":"Glebs-MacBook-Pro.local","reqId":"5ad4e5c6-4826-4df6-b546-373005035d39","event":"request_completed","requestId":"5ad4e5c6-4826-4df6-b546-373005035d39","method":"POST","route":"/api/v1/matches/:matchId/cancel","statusCode":200,"latencyMs":20.638,"msg":"request completed"}
{"level":30,"time":1789777666053,"pid":21053,"hostname":"Glebs-MacBook-Pro.local","reqId":"27bcd3b9-323b-4359-8ba9-1c047ec2c4d1","event":"request_completed","requestId":"27bcd3b9-323b-4359-8ba9-1c047ec2c4d1","method":"POST","route":"/api/v1/matches","statusCode":200,"latencyMs":14.356,"msg":"request completed"}
{"level":30,"time":1789777666075,"pid":21053,"hostname":"Glebs-MacBook-Pro.local","reqId":"1f26115b-93ae-4625-86d3-825316dd805c","event":"request_completed","requestId":"1f26115b-93ae-4625-86d3-825316dd805c","method":"POST","route":"/api/v1/matches/:matchId/cancel","statusCode":200,"latencyMs":19.071,"msg":"request completed"}
{"level":30,"time":1789777666095,"pid":21053,"hostname":"Glebs-MacBook-Pro.local","reqId":"2d5c7f3c-a5d5-4b5b-b0ae-5978013c81a4","event":"request_completed","requestId":"2d5c7f3c-a5d5-4b5b-b0ae-5978013c81a4","method":"POST","route":"/api/v1/matches","statusCode":200,"latencyMs":16.242,"msg":"request completed"}
{"level":30,"time":1789777666118,"pid":21053,"hostname":"Glebs-MacBook-Pro.local","reqId":"2c1f274c-0a69-4c38-9648-a1642b7bb95e","event":"request_completed","requestId":"2c1f274c-0a69-4c38-9648-a1642b7bb95e","method":"POST","route":"/api/v1/matches/:matchId/cancel","statusCode":200,"latencyMs":18.563,"msg":"request completed"}
{"level":30,"time":1789777666136,"pid":21053,"hostname":"Glebs-MacBook-Pro.local","reqId":"37e11944-5a7e-48b8-a22e-18c815c8a1dd","event":"request_completed","requestId":"37e11944-5a7e-48b8-a22e-18c815c8a1dd","method":"POST","route":"/api/v1/matches","statusCode":200,"latencyMs":14.875,"msg":"request completed"}
{"level":30,"time":1789777666161,"pid":21053,"hostname":"Glebs-MacBook-Pro.local","reqId":"40f9a6b5-f9fc-44d5-b147-4c6ef9131f77","event":"request_completed","requestId":"40f9a6b5-f9fc-44d5-b147-4c6ef9131f77","method":"POST","route":"/api/v1/matches/:matchId/cancel","statusCode":200,"latencyMs":21.724,"msg":"request completed"}
{"level":30,"time":1789777666427,"pid":21053,"hostname":"Glebs-MacBook-Pro.local","reqId":"2e5ee136-1fe5-4166-b76e-9773d50a22c1","event":"request_completed","requestId":"2e5ee136-1fe5-4166-b76e-9773d50a22c1","method":"GET","route":"/api/v1/auth/me","statusCode":401,"latencyMs":0.119,"msg":"request completed"}
{"level":30,"time":1789777666589,"pid":21053,"hostname":"Glebs-MacBook-Pro.local","reqId":"6499da49-dd01-42c8-b359-8b89dd92ccb4","event":"request_completed","requestId":"6499da49-dd01-42c8-b359-8b89dd92ccb4","method":"POST","route":"/api/v1/auth/login","statusCode":200,"latencyMs":29.676,"msg":"request completed"}
{"level":30,"time":1789777666602,"pid":21053,"hostname":"Glebs-MacBook-Pro.local","reqId":"d135e437-5056-443a-83d8-64ffd8af56d2","event":"request_completed","requestId":"d135e437-5056-443a-83d8-64ffd8af56d2","method":"GET","route":"/api/v1/auth/me","statusCode":200,"latencyMs":11.149,"msg":"request completed"}
{"level":30,"time":1789777666631,"pid":21053,"hostname":"Glebs-MacBook-Pro.local","reqId":"e7b642d5-a6aa-4511-a82d-9f00a9f7d876","event":"request_completed","requestId":"e7b642d5-a6aa-4511-a82d-9f00a9f7d876","method":"GET","route":"/api/v1/notifications","statusCode":200,"latencyMs":38.236,"msg":"request completed"}
{"level":30,"time":1789777666657,"pid":21053,"hostname":"Glebs-MacBook-Pro.local","reqId":"7407ad69-841a-41f3-98f9-06bd98cb5dd8","event":"request_completed","requestId":"7407ad69-841a-41f3-98f9-06bd98cb5dd8","method":"GET","route":"/api/v1/home","statusCode":200,"latencyMs":62.111,"msg":"request completed"}
{"level":30,"time":1789777666668,"pid":21053,"hostname":"Glebs-MacBook-Pro.local","reqId":"6731eb49-ddaa-4d2d-8e46-c35bb4332741","event":"request_completed","requestId":"6731eb49-ddaa-4d2d-8e46-c35bb4332741","method":"GET","route":"/api/v1/auth/me","statusCode":200,"latencyMs":4.51,"msg":"request completed"}
{"level":30,"time":1789777666688,"pid":21053,"hostname":"Glebs-MacBook-Pro.local","reqId":"2984ad28-c24d-44d9-b16f-91fdaaae6507","event":"request_completed","requestId":"2984ad28-c24d-44d9-b16f-91fdaaae6507","method":"GET","route":"/api/v1/history","statusCode":200,"latencyMs":11.335,"msg":"request completed"}
{"level":30,"time":1789777666691,"pid":21053,"hostname":"Glebs-MacBook-Pro.local","reqId":"1baf79e3-1293-4f07-8082-6effb57b4d5d","event":"request_completed","requestId":"1baf79e3-1293-4f07-8082-6effb57b4d5d","method":"GET","route":"/api/v1/notifications","statusCode":200,"latencyMs":13.796,"msg":"request completed"}
{"level":30,"time":1789777666745,"pid":21053,"hostname":"Glebs-MacBook-Pro.local","reqId":"fa714b95-3151-4b59-9dcc-bac1ff35202e","event":"request_completed","requestId":"fa714b95-3151-4b59-9dcc-bac1ff35202e","method":"GET","route":"/api/v1/history","statusCode":200,"latencyMs":22.7,"msg":"request completed"}
{"level":30,"time":1789777666829,"pid":21053,"hostname":"Glebs-MacBook-Pro.local","reqId":"dd893639-26bf-4a0a-89f8-fe637d3efa15","event":"request_completed","requestId":"dd893639-26bf-4a0a-89f8-fe637d3efa15","method":"GET","route":"/api/v1/history","statusCode":200,"latencyMs":25.607,"msg":"request completed"}
{"level":30,"time":1789777666930,"pid":21053,"hostname":"Glebs-MacBook-Pro.local","reqId":"a8a1efdb-af8a-4fd5-8566-8e239d48c04e","event":"request_completed","requestId":"a8a1efdb-af8a-4fd5-8566-8e239d48c04e","method":"GET","route":"/api/v1/history","statusCode":200,"latencyMs":26.329,"msg":"request completed"}
{"level":30,"time":1789777667003,"pid":21053,"hostname":"Glebs-MacBook-Pro.local","reqId":"53ba9df1-1a0a-4c85-b2ee-dfb0d731484d","event":"request_completed","requestId":"53ba9df1-1a0a-4c85-b2ee-dfb0d731484d","method":"GET","route":"/api/v1/history","statusCode":200,"latencyMs":25.573,"msg":"request completed"}
{"level":30,"time":1789777667007,"pid":21053,"hostname":"Glebs-MacBook-Pro.local","reqId":"c63288a6-1718-4027-8ea4-4c4f13ddc8f3","event":"request_completed","requestId":"c63288a6-1718-4027-8ea4-4c4f13ddc8f3","method":"GET","route":"/api/v1/matches/:matchId","statusCode":200,"latencyMs":34.95,"msg":"request completed"}
{"level":30,"time":1789777667012,"pid":21053,"hostname":"Glebs-MacBook-Pro.local","reqId":"8cd291b3-8baf-44da-bdf7-2ac79f94d95f","event":"request_completed","requestId":"8cd291b3-8baf-44da-bdf7-2ac79f94d95f","method":"GET","route":"/api/v1/history","statusCode":200,"latencyMs":7.733,"msg":"request completed"}
  ✓  41 [chromium-mobile-390] › tests/e2e/wave-b.spec.ts:124:5 › Wave B AT-VIS-003 history pagination and detail return keep context (2.1s)
{"level":30,"time":1789777667245,"pid":21053,"hostname":"Glebs-MacBook-Pro.local","reqId":"3f8f030b-abaa-45fc-9245-328c1faa3500","event":"request_completed","requestId":"3f8f030b-abaa-45fc-9245-328c1faa3500","method":"GET","route":"/health","statusCode":200,"latencyMs":0.116,"msg":"request completed"}
{"level":30,"time":1789777667275,"pid":21053,"hostname":"Glebs-MacBook-Pro.local","reqId":"a6cd7682-c2c3-4727-a198-bb2017263269","event":"request_completed","requestId":"a6cd7682-c2c3-4727-a198-bb2017263269","method":"POST","route":"/api/v1/auth/login","statusCode":200,"latencyMs":26.479,"msg":"request completed"}
{"level":30,"time":1789777667292,"pid":21053,"hostname":"Glebs-MacBook-Pro.local","reqId":"ad767d57-854e-4b93-bdfa-050cfba20faa","event":"request_completed","requestId":"ad767d57-854e-4b93-bdfa-050cfba20faa","method":"PATCH","route":"/api/v1/me/onboarding","statusCode":200,"latencyMs":12.905,"msg":"request completed"}
{"level":30,"time":1789777667336,"pid":21053,"hostname":"Glebs-MacBook-Pro.local","reqId":"7e650af4-dce7-4230-bfb3-c3007672f399","event":"request_completed","requestId":"7e650af4-dce7-4230-bfb3-c3007672f399","method":"POST","route":"/api/v1/admin/users","statusCode":200,"latencyMs":41.049,"msg":"request completed"}
{"level":30,"time":1789777667366,"pid":21053,"hostname":"Glebs-MacBook-Pro.local","reqId":"c55b8770-4c88-4628-8edb-f0ff7631586f","event":"request_completed","requestId":"c55b8770-4c88-4628-8edb-f0ff7631586f","method":"POST","route":"/api/v1/auth/login","statusCode":200,"latencyMs":25.236,"msg":"request completed"}
{"level":30,"time":1789777667410,"pid":21053,"hostname":"Glebs-MacBook-Pro.local","reqId":"6544776e-0c47-4143-98ee-d19f4a6a4e62","event":"request_completed","requestId":"6544776e-0c47-4143-98ee-d19f4a6a4e62","method":"POST","route":"/api/v1/auth/password/first-change","statusCode":200,"latencyMs":40.237,"msg":"request completed"}
{"level":30,"time":1789777667424,"pid":21053,"hostname":"Glebs-MacBook-Pro.local","reqId":"45c011e5-9136-434e-ab56-50835ec65eb1","event":"request_completed","requestId":"45c011e5-9136-434e-ab56-50835ec65eb1","method":"PATCH","route":"/api/v1/me/onboarding","statusCode":200,"latencyMs":11.072,"msg":"request completed"}
{"level":30,"time":1789777667452,"pid":21053,"hostname":"Glebs-MacBook-Pro.local","reqId":"1032925e-9146-463c-b1bc-ea2e036ce74a","event":"request_completed","requestId":"1032925e-9146-463c-b1bc-ea2e036ce74a","method":"POST","route":"/api/v1/teams","statusCode":200,"latencyMs":24.904,"msg":"request completed"}
{"level":30,"time":1789777667472,"pid":21053,"hostname":"Glebs-MacBook-Pro.local","reqId":"443dad4d-4a00-4d3a-86a6-8fd0850fb3a1","event":"request_completed","requestId":"443dad4d-4a00-4d3a-86a6-8fd0850fb3a1","method":"POST","route":"/api/v1/teams/:id/invite","statusCode":200,"latencyMs":15.235,"msg":"request completed"}
{"level":30,"time":1789777667492,"pid":21053,"hostname":"Glebs-MacBook-Pro.local","reqId":"2252be88-e111-4cac-8a94-13f1dc1e9c39","event":"request_completed","requestId":"2252be88-e111-4cac-8a94-13f1dc1e9c39","method":"POST","route":"/api/v1/team-invitations/:id/respond","statusCode":200,"latencyMs":16.474,"msg":"request completed"}
{"level":30,"time":1789777667759,"pid":21053,"hostname":"Glebs-MacBook-Pro.local","reqId":"2315182b-38e4-4123-b3a1-59ee3d5df033","event":"request_completed","requestId":"2315182b-38e4-4123-b3a1-59ee3d5df033","method":"GET","route":"/api/v1/auth/me","statusCode":401,"latencyMs":0.116,"msg":"request completed"}
{"level":30,"time":1789777667929,"pid":21053,"hostname":"Glebs-MacBook-Pro.local","reqId":"5b21337e-36a9-43b2-b3f2-c40532d4e925","event":"request_completed","requestId":"5b21337e-36a9-43b2-b3f2-c40532d4e925","method":"POST","route":"/api/v1/auth/login","statusCode":200,"latencyMs":21.808,"msg":"request completed"}
{"level":30,"time":1789777667937,"pid":21053,"hostname":"Glebs-MacBook-Pro.local","reqId":"ab1ff68e-21ae-424a-a164-05a968fa88bc","event":"request_completed","requestId":"ab1ff68e-21ae-424a-a164-05a968fa88bc","method":"GET","route":"/api/v1/auth/me","statusCode":200,"latencyMs":5.606,"msg":"request completed"}
{"level":30,"time":1789777667953,"pid":21053,"hostname":"Glebs-MacBook-Pro.local","reqId":"798fb294-2bfc-4d3d-8e11-5485f46a8312","event":"request_completed","requestId":"798fb294-2bfc-4d3d-8e11-5485f46a8312","method":"GET","route":"/api/v1/notifications","statusCode":200,"latencyMs":19.581,"msg":"request completed"}
{"level":30,"time":1789777667966,"pid":21053,"hostname":"Glebs-MacBook-Pro.local","reqId":"9b7918c6-88db-499e-8e8c-34900b313720","event":"request_completed","requestId":"9b7918c6-88db-499e-8e8c-34900b313720","method":"GET","route":"/api/v1/auth/me","statusCode":200,"latencyMs":4.521,"msg":"request completed"}
{"level":30,"time":1789777667987,"pid":21053,"hostname":"Glebs-MacBook-Pro.local","reqId":"348689aa-566b-44db-b48f-8443db005203","event":"request_completed","requestId":"348689aa-566b-44db-b48f-8443db005203","method":"GET","route":"/api/v1/home","statusCode":200,"latencyMs":51.198,"msg":"request completed"}
{"level":30,"time":1789777667989,"pid":21053,"hostname":"Glebs-MacBook-Pro.local","reqId":"a37c3c4a-b6b1-4800-82a6-3df55f0ba70b","event":"request_completed","requestId":"a37c3c4a-b6b1-4800-82a6-3df55f0ba70b","method":"GET","route":"/api/v1/matches/create-options","statusCode":200,"latencyMs":11.851,"msg":"request completed"}
{"level":30,"time":1789777667990,"pid":21053,"hostname":"Glebs-MacBook-Pro.local","reqId":"418d422d-0c88-4aad-946f-f454f9b1a859","event":"request_completed","requestId":"418d422d-0c88-4aad-946f-f454f9b1a859","method":"GET","route":"/api/v1/notifications","statusCode":200,"latencyMs":13.336,"msg":"request completed"}
{"level":30,"time":1789777668330,"pid":21053,"hostname":"Glebs-MacBook-Pro.local","reqId":"a08e7942-f81e-4315-abf4-8ba1fe84c0e3","event":"request_completed","requestId":"a08e7942-f81e-4315-abf4-8ba1fe84c0e3","method":"POST","route":"/api/v1/matches","statusCode":200,"latencyMs":44.968,"msg":"request completed"}
{"level":30,"time":1789777668351,"pid":21053,"hostname":"Glebs-MacBook-Pro.local","reqId":"33dd3bf1-5e7f-4473-8bcf-8f8073a38f72","event":"request_completed","requestId":"33dd3bf1-5e7f-4473-8bcf-8f8073a38f72","method":"GET","route":"/api/v1/matches/:matchId","statusCode":200,"latencyMs":15.804,"msg":"request completed"}
{"level":30,"time":1789777668399,"pid":21053,"hostname":"Glebs-MacBook-Pro.local","reqId":"2dc33e06-4773-4d6d-8565-fe87350a4b5a","event":"request_completed","requestId":"2dc33e06-4773-4d6d-8565-fe87350a4b5a","method":"GET","route":"/api/v1/matches/:matchId","statusCode":200,"latencyMs":24.59,"msg":"request completed"}
{"level":30,"time":1789777668521,"pid":21053,"hostname":"Glebs-MacBook-Pro.local","reqId":"26a59e68-243b-4900-bc95-3638f54f2ee2","event":"request_completed","requestId":"26a59e68-243b-4900-bc95-3638f54f2ee2","method":"POST","route":"/api/v1/matches/:matchId/no-show","statusCode":200,"latencyMs":55.086,"msg":"request completed"}
{"level":30,"time":1789777668577,"pid":21053,"hostname":"Glebs-MacBook-Pro.local","reqId":"cc04a1f9-1aa3-47ce-b16d-4c171e705635","event":"request_completed","requestId":"cc04a1f9-1aa3-47ce-b16d-4c171e705635","method":"GET","route":"/api/v1/matches/:matchId","statusCode":200,"latencyMs":24.446,"msg":"request completed"}
{"level":30,"time":1789777668602,"pid":21053,"hostname":"Glebs-MacBook-Pro.local","reqId":"7e2a8eda-7079-46e4-8265-9e673cc98b4d","event":"request_completed","requestId":"7e2a8eda-7079-46e4-8265-9e673cc98b4d","method":"GET","route":"/api/v1/auth/me","statusCode":200,"latencyMs":8.42,"msg":"request completed"}
{"level":30,"time":1789777668633,"pid":21053,"hostname":"Glebs-MacBook-Pro.local","reqId":"9e77c4e5-ffc6-415d-9fc2-e68023f80f65","event":"request_completed","requestId":"9e77c4e5-ffc6-415d-9fc2-e68023f80f65","method":"GET","route":"/api/v1/matches/create-options","statusCode":200,"latencyMs":20.246,"msg":"request completed"}
{"level":30,"time":1789777668635,"pid":21053,"hostname":"Glebs-MacBook-Pro.local","reqId":"57f1f344-c4f7-4c8e-89d9-9d1f64d1a728","event":"request_completed","requestId":"57f1f344-c4f7-4c8e-89d9-9d1f64d1a728","method":"GET","route":"/api/v1/notifications","statusCode":200,"latencyMs":22.66,"msg":"request completed"}
  ✓  42 [chromium-mobile-390] › tests/e2e/wave-c.spec.ts:38:5 › Wave C AT-MATCH-013_016 2v2 team selection, rules, no-show and hidden revenge (1.6s)
{"level":30,"time":1789777668805,"pid":21053,"hostname":"Glebs-MacBook-Pro.local","reqId":"b05e32a0-2318-4368-b21a-514bc20daad5","event":"request_completed","requestId":"b05e32a0-2318-4368-b21a-514bc20daad5","method":"GET","route":"/health","statusCode":200,"latencyMs":0.18,"msg":"request completed"}
{"level":30,"time":1789777668834,"pid":21053,"hostname":"Glebs-MacBook-Pro.local","reqId":"89e7aa42-90a4-4cb0-bb4e-47efa1fbd58e","event":"request_completed","requestId":"89e7aa42-90a4-4cb0-bb4e-47efa1fbd58e","method":"POST","route":"/api/v1/auth/login","statusCode":200,"latencyMs":25.468,"msg":"request completed"}
{"level":30,"time":1789777668847,"pid":21053,"hostname":"Glebs-MacBook-Pro.local","reqId":"179bdee0-c9f4-4fc4-878a-9f4f888ff1d7","event":"request_completed","requestId":"179bdee0-c9f4-4fc4-878a-9f4f888ff1d7","method":"PATCH","route":"/api/v1/me/onboarding","statusCode":200,"latencyMs":9.361,"msg":"request completed"}
{"level":30,"time":1789777668894,"pid":21053,"hostname":"Glebs-MacBook-Pro.local","reqId":"ca6a5560-4bee-45fc-ae37-1e40f4096f30","event":"request_completed","requestId":"ca6a5560-4bee-45fc-ae37-1e40f4096f30","method":"POST","route":"/api/v1/admin/users","statusCode":200,"latencyMs":43.203,"msg":"request completed"}
{"level":30,"time":1789777668923,"pid":21053,"hostname":"Glebs-MacBook-Pro.local","reqId":"bf4750ee-74ac-4662-9ee0-3669ebd07e23","event":"request_completed","requestId":"bf4750ee-74ac-4662-9ee0-3669ebd07e23","method":"POST","route":"/api/v1/auth/login","statusCode":200,"latencyMs":25.255,"msg":"request completed"}
{"level":30,"time":1789777668962,"pid":21053,"hostname":"Glebs-MacBook-Pro.local","reqId":"3b0243f9-d8f6-4b45-b1b6-e5e7e3c56a30","event":"request_completed","requestId":"3b0243f9-d8f6-4b45-b1b6-e5e7e3c56a30","method":"POST","route":"/api/v1/auth/password/first-change","statusCode":200,"latencyMs":36.147,"msg":"request completed"}
{"level":30,"time":1789777668978,"pid":21053,"hostname":"Glebs-MacBook-Pro.local","reqId":"50f8653a-e187-4e39-942e-db8a16a03026","event":"request_completed","requestId":"50f8653a-e187-4e39-942e-db8a16a03026","method":"PATCH","route":"/api/v1/me/onboarding","statusCode":200,"latencyMs":12.531,"msg":"request completed"}
{"level":30,"time":1789777669053,"pid":21053,"hostname":"Glebs-MacBook-Pro.local","reqId":"282cc32f-9fb0-430b-98b7-78bd2a0d63f0","event":"request_completed","requestId":"282cc32f-9fb0-430b-98b7-78bd2a0d63f0","method":"GET","route":"/api/v1/profile/me","statusCode":200,"latencyMs":33.72,"msg":"request completed"}
{"level":30,"time":1789777669081,"pid":21053,"hostname":"Glebs-MacBook-Pro.local","reqId":"2e5a2b76-e651-43df-93d1-e79b437bc192","event":"request_completed","requestId":"2e5a2b76-e651-43df-93d1-e79b437bc192","method":"POST","route":"/api/v1/matches","statusCode":200,"latencyMs":24.872,"msg":"request completed"}
{"level":30,"time":1789777669346,"pid":21053,"hostname":"Glebs-MacBook-Pro.local","reqId":"63acbfcd-34a0-43aa-8da4-02dd9b426b46","event":"request_completed","requestId":"63acbfcd-34a0-43aa-8da4-02dd9b426b46","method":"GET","route":"/api/v1/auth/me","statusCode":401,"latencyMs":0.109,"msg":"request completed"}
{"level":30,"time":1789777669532,"pid":21053,"hostname":"Glebs-MacBook-Pro.local","reqId":"fb3e8343-4e9c-47ce-9b23-68500801b491","event":"request_completed","requestId":"fb3e8343-4e9c-47ce-9b23-68500801b491","method":"POST","route":"/api/v1/auth/login","statusCode":200,"latencyMs":35.467,"msg":"request completed"}
{"level":30,"time":1789777669547,"pid":21053,"hostname":"Glebs-MacBook-Pro.local","reqId":"7474ecad-3f91-418c-89bb-ff3dffaba1ac","event":"request_completed","requestId":"7474ecad-3f91-418c-89bb-ff3dffaba1ac","method":"GET","route":"/api/v1/auth/me","statusCode":200,"latencyMs":12.746,"msg":"request completed"}
{"level":30,"time":1789777669578,"pid":21053,"hostname":"Glebs-MacBook-Pro.local","reqId":"7e35ce78-f6d7-4887-9ddb-f3d3d31c8529","event":"request_completed","requestId":"7e35ce78-f6d7-4887-9ddb-f3d3d31c8529","method":"GET","route":"/api/v1/notifications","statusCode":200,"latencyMs":42.838,"msg":"request completed"}
{"level":30,"time":1789777669605,"pid":21053,"hostname":"Glebs-MacBook-Pro.local","reqId":"f29437ae-92c4-4040-bb4b-d35bf7cf3ec5","event":"request_completed","requestId":"f29437ae-92c4-4040-bb4b-d35bf7cf3ec5","method":"GET","route":"/api/v1/auth/me","statusCode":200,"latencyMs":4.128,"msg":"request completed"}
{"level":30,"time":1789777669606,"pid":21053,"hostname":"Glebs-MacBook-Pro.local","reqId":"fd7b9657-b02e-46ca-ba88-fc0784c50edd","event":"request_completed","requestId":"fd7b9657-b02e-46ca-ba88-fc0784c50edd","method":"GET","route":"/api/v1/home","statusCode":200,"latencyMs":68.088,"msg":"request completed"}
{"level":30,"time":1789777669623,"pid":21053,"hostname":"Glebs-MacBook-Pro.local","reqId":"75885404-d085-4d4b-bba7-8ed34c0fdcb8","event":"request_completed","requestId":"75885404-d085-4d4b-bba7-8ed34c0fdcb8","method":"GET","route":"/api/v1/matches/:matchId","statusCode":200,"latencyMs":10.557,"msg":"request completed"}
{"level":30,"time":1789777669645,"pid":21053,"hostname":"Glebs-MacBook-Pro.local","reqId":"c24f87d7-bc6e-4b13-8903-d8d555eb9ebc","event":"request_completed","requestId":"c24f87d7-bc6e-4b13-8903-d8d555eb9ebc","method":"POST","route":"/api/v1/matches/:matchId/judge/acquire","statusCode":200,"latencyMs":20.124,"msg":"request completed"}
{"level":30,"time":1789777669658,"pid":21053,"hostname":"Glebs-MacBook-Pro.local","reqId":"94b4b588-b5ce-49fd-94e0-87c47995c46c","event":"request_completed","requestId":"94b4b588-b5ce-49fd-94e0-87c47995c46c","method":"GET","route":"/api/v1/matches/:matchId","statusCode":200,"latencyMs":10.87,"msg":"request completed"}
{"level":30,"time":1789777669669,"pid":21053,"hostname":"Glebs-MacBook-Pro.local","reqId":"98ef7049-b480-49f8-9c8c-8613ef7eddbd","event":"request_completed","requestId":"98ef7049-b480-49f8-9c8c-8613ef7eddbd","method":"POST","route":"/api/v1/matches/:matchId/judge/heartbeat","statusCode":200,"latencyMs":5.788,"msg":"request completed"}
{"level":30,"time":1789777669683,"pid":21053,"hostname":"Glebs-MacBook-Pro.local","reqId":"9fc412e6-5f3d-415a-882a-e88f794c490f","event":"request_completed","requestId":"9fc412e6-5f3d-415a-882a-e88f794c490f","method":"GET","route":"/api/v1/matches/:matchId","statusCode":200,"latencyMs":11.06,"msg":"request completed"}
{"level":30,"time":1789777669800,"pid":21053,"hostname":"Glebs-MacBook-Pro.local","reqId":"4b38145e-11d4-4f57-87da-cffd850a09f0","event":"request_completed","requestId":"4b38145e-11d4-4f57-87da-cffd850a09f0","method":"POST","route":"/api/v1/matches/:matchId/start","statusCode":200,"latencyMs":59.821,"msg":"request completed"}
{"level":30,"time":1789777669826,"pid":21053,"hostname":"Glebs-MacBook-Pro.local","reqId":"15bb7603-f2c0-40fd-abde-e335c0a02fec","event":"request_completed","requestId":"15bb7603-f2c0-40fd-abde-e335c0a02fec","method":"POST","route":"/api/v1/matches/:matchId/judge/setup","statusCode":200,"latencyMs":23.864,"msg":"request completed"}
{"level":30,"time":1789777669837,"pid":21053,"hostname":"Glebs-MacBook-Pro.local","reqId":"311fbbdf-18a1-4651-920b-9b74d4749151","event":"request_completed","requestId":"311fbbdf-18a1-4651-920b-9b74d4749151","method":"POST","route":"/api/v1/matches/:matchId/judge/heartbeat","statusCode":200,"latencyMs":7.125,"msg":"request completed"}
{"level":30,"time":1789777669856,"pid":21053,"hostname":"Glebs-MacBook-Pro.local","reqId":"8e04160e-0494-4f2d-b964-0f8d464338b8","event":"request_completed","requestId":"8e04160e-0494-4f2d-b964-0f8d464338b8","method":"GET","route":"/api/v1/matches/:matchId","statusCode":200,"latencyMs":16.371,"msg":"request completed"}
{"level":30,"time":1789777669946,"pid":21053,"hostname":"Glebs-MacBook-Pro.local","reqId":"ff96c70c-af20-48c7-889a-8e29e3ddc740","event":"request_completed","requestId":"ff96c70c-af20-48c7-889a-8e29e3ddc740","method":"GET","route":"/api/v1/users/directory","statusCode":200,"latencyMs":6.727,"msg":"request completed"}
{"level":30,"time":1789777670047,"pid":21053,"hostname":"Glebs-MacBook-Pro.local","reqId":"193f6837-475a-4bef-93ca-0bba922355d8","event":"request_completed","requestId":"193f6837-475a-4bef-93ca-0bba922355d8","method":"POST","route":"/api/v1/matches/:matchId/manual-correction","statusCode":200,"latencyMs":24.358,"msg":"request completed"}
{"level":30,"time":1789777670170,"pid":21053,"hostname":"Glebs-MacBook-Pro.local","reqId":"743081ba-08e8-4e59-8f64-907f09c832f5","event":"request_completed","requestId":"743081ba-08e8-4e59-8f64-907f09c832f5","method":"POST","route":"/api/v1/matches/:matchId/points","statusCode":200,"latencyMs":46.962,"msg":"request completed"}
{"level":30,"time":1789777670241,"pid":21053,"hostname":"Glebs-MacBook-Pro.local","reqId":"5ebf2b1d-55ef-4d6c-b13a-890032293cce","event":"request_completed","requestId":"5ebf2b1d-55ef-4d6c-b13a-890032293cce","method":"GET","route":"/api/v1/matches/:matchId","statusCode":200,"latencyMs":34.131,"msg":"request completed"}
{"level":30,"time":1789777670339,"pid":21053,"hostname":"Glebs-MacBook-Pro.local","reqId":"1bca2b2b-cbfa-44b4-9976-8e9b036d0a26","event":"request_completed","requestId":"1bca2b2b-cbfa-44b4-9976-8e9b036d0a26","method":"POST","route":"/api/v1/matches/:matchId/undo","statusCode":200,"latencyMs":66.6,"msg":"request completed"}
{"level":30,"time":1789777670535,"pid":21053,"hostname":"Glebs-MacBook-Pro.local","reqId":"56b269b5-3c45-49e1-88ec-caec8ba04257","event":"request_completed","requestId":"56b269b5-3c45-49e1-88ec-caec8ba04257","method":"POST","route":"/api/v1/matches/:matchId/manual-correction","statusCode":200,"latencyMs":63.04,"msg":"request completed"}
{"level":30,"time":1789777670660,"pid":21053,"hostname":"Glebs-MacBook-Pro.local","reqId":"c323399f-7e99-45a8-beea-cb24cda56e69","event":"request_completed","requestId":"c323399f-7e99-45a8-beea-cb24cda56e69","method":"POST","route":"/api/v1/matches/:matchId/judge/handover","statusCode":200,"latencyMs":36.637,"msg":"request completed"}
{"level":30,"time":1789777670683,"pid":21053,"hostname":"Glebs-MacBook-Pro.local","reqId":"1e472824-1e34-4491-9698-e44d0031d359","event":"request_completed","requestId":"1e472824-1e34-4491-9698-e44d0031d359","method":"GET","route":"/api/v1/notifications","statusCode":200,"latencyMs":18.272,"msg":"request completed"}
{"level":30,"time":1789777670685,"pid":21053,"hostname":"Glebs-MacBook-Pro.local","reqId":"a7621702-4898-4bec-a700-89100deeba8d","event":"request_completed","requestId":"a7621702-4898-4bec-a700-89100deeba8d","method":"GET","route":"/api/v1/matches/:matchId","statusCode":200,"latencyMs":19.646,"msg":"request completed"}
{"level":30,"time":1789777670731,"pid":21053,"hostname":"Glebs-MacBook-Pro.local","reqId":"2ba235f8-c24c-4d7c-b4fc-b6566b67e892","event":"request_completed","requestId":"2ba235f8-c24c-4d7c-b4fc-b6566b67e892","method":"GET","route":"/api/v1/matches/:matchId","statusCode":200,"latencyMs":21.581,"msg":"request completed"}
{"level":30,"time":1789777670749,"pid":21053,"hostname":"Glebs-MacBook-Pro.local","reqId":"6b51bf1c-8c0b-4fae-a885-0f730c9ff305","event":"request_completed","requestId":"6b51bf1c-8c0b-4fae-a885-0f730c9ff305","method":"POST","route":"/api/v1/matches/:matchId/points","statusCode":400,"latencyMs":11.407,"msg":"request completed"}
{"level":30,"time":1789777671034,"pid":21053,"hostname":"Glebs-MacBook-Pro.local","reqId":"fedb2bb5-47e5-485e-8611-f56f8b430f6a","event":"request_completed","requestId":"fedb2bb5-47e5-485e-8611-f56f8b430f6a","method":"GET","route":"/api/v1/auth/me","statusCode":200,"latencyMs":20.559,"msg":"request completed"}
{"level":30,"time":1789777671089,"pid":21053,"hostname":"Glebs-MacBook-Pro.local","reqId":"090d85f2-9467-4889-8d8c-fd38ccb8a1f9","event":"request_completed","requestId":"090d85f2-9467-4889-8d8c-fd38ccb8a1f9","method":"GET","route":"/api/v1/matches/:matchId","statusCode":200,"latencyMs":30.945,"msg":"request completed"}
{"level":30,"time":1789777671132,"pid":21053,"hostname":"Glebs-MacBook-Pro.local","reqId":"548257a3-936e-41be-9b07-34da20e5c87d","event":"request_completed","requestId":"548257a3-936e-41be-9b07-34da20e5c87d","method":"POST","route":"/api/v1/matches/:matchId/judge/acquire","statusCode":200,"latencyMs":41.256,"msg":"request completed"}
{"level":30,"time":1789777671145,"pid":21053,"hostname":"Glebs-MacBook-Pro.local","reqId":"6c21569b-748a-412f-b107-8d92fbd5e7f0","event":"request_completed","requestId":"6c21569b-748a-412f-b107-8d92fbd5e7f0","method":"GET","route":"/api/v1/matches/:matchId","statusCode":200,"latencyMs":10.679,"msg":"request completed"}
{"level":30,"time":1789777671160,"pid":21053,"hostname":"Glebs-MacBook-Pro.local","reqId":"e658906d-315e-416f-bb81-932a73105b96","event":"request_completed","requestId":"e658906d-315e-416f-bb81-932a73105b96","method":"POST","route":"/api/v1/matches/:matchId/judge/heartbeat","statusCode":200,"latencyMs":7.774,"msg":"request completed"}
{"level":30,"time":1789777671173,"pid":21053,"hostname":"Glebs-MacBook-Pro.local","reqId":"1d37abcf-ac24-4ee8-89ab-c775e1e69a50","event":"request_completed","requestId":"1d37abcf-ac24-4ee8-89ab-c775e1e69a50","method":"GET","route":"/api/v1/matches/:matchId","statusCode":200,"latencyMs":12.13,"msg":"request completed"}
{"level":30,"time":1789777671258,"pid":21053,"hostname":"Glebs-MacBook-Pro.local","reqId":"e33227e8-1cbc-4f16-81df-a5d4d467b50e","event":"request_completed","requestId":"e33227e8-1cbc-4f16-81df-a5d4d467b50e","method":"POST","route":"/api/v1/matches/:matchId/points","statusCode":200,"latencyMs":44.426,"msg":"request completed"}
{"level":30,"time":1789777671396,"pid":21053,"hostname":"Glebs-MacBook-Pro.local","reqId":"b9837560-1442-478a-a155-aedf9fca29d8","event":"request_completed","requestId":"b9837560-1442-478a-a155-aedf9fca29d8","method":"POST","route":"/api/v1/matches/:matchId/confirm-finish","statusCode":200,"latencyMs":68.319,"msg":"request completed"}
{"level":30,"time":1789777671413,"pid":21053,"hostname":"Glebs-MacBook-Pro.local","reqId":"a74acc39-0a1b-477a-b5b8-6968ef3a2303","event":"request_completed","requestId":"a74acc39-0a1b-477a-b5b8-6968ef3a2303","method":"GET","route":"/api/v1/matches/:matchId","statusCode":200,"latencyMs":11.687,"msg":"request completed"}
{"level":30,"time":1789777671413,"pid":21053,"hostname":"Glebs-MacBook-Pro.local","reqId":"c16aa535-7f5a-44ad-856d-29cfe907ef47","event":"request_completed","requestId":"c16aa535-7f5a-44ad-856d-29cfe907ef47","method":"GET","route":"/api/v1/notifications","statusCode":200,"latencyMs":12.157,"msg":"request completed"}
{"level":30,"time":1789777671422,"pid":21053,"hostname":"Glebs-MacBook-Pro.local","reqId":"878c21d8-64bc-46f9-aacf-1e872d953235","event":"request_completed","requestId":"878c21d8-64bc-46f9-aacf-1e872d953235","method":"GET","route":"/api/v1/matches/:matchId","statusCode":200,"latencyMs":11.059,"msg":"request completed"}
{"level":30,"time":1789777671439,"pid":21053,"hostname":"Glebs-MacBook-Pro.local","reqId":"e866f1d2-7bda-4176-b14d-34ce1269a1b0","event":"request_completed","requestId":"e866f1d2-7bda-4176-b14d-34ce1269a1b0","method":"GET","route":"/api/v1/profile/me","statusCode":200,"latencyMs":14.182,"msg":"request completed"}
{"level":30,"time":1789777671455,"pid":21053,"hostname":"Glebs-MacBook-Pro.local","reqId":"07da07ff-969e-45b4-a4fe-90921ae1f0b4","event":"request_completed","requestId":"07da07ff-969e-45b4-a4fe-90921ae1f0b4","method":"GET","route":"/api/v1/profile/me","statusCode":200,"latencyMs":12.619,"msg":"request completed"}
{"level":30,"time":1789777671480,"pid":21053,"hostname":"Glebs-MacBook-Pro.local","reqId":"ee0baf5c-fdc0-4d1c-81f9-1cbabbff3a71","event":"request_completed","requestId":"ee0baf5c-fdc0-4d1c-81f9-1cbabbff3a71","method":"GET","route":"/api/v1/auth/me","statusCode":200,"latencyMs":8.34,"msg":"request completed"}
{"level":30,"time":1789777671515,"pid":21053,"hostname":"Glebs-MacBook-Pro.local","reqId":"1fcf98f0-8b84-4374-bb69-99b35f547f9e","event":"request_completed","requestId":"1fcf98f0-8b84-4374-bb69-99b35f547f9e","method":"GET","route":"/api/v1/matches/:matchId","statusCode":200,"latencyMs":24.913,"msg":"request completed"}
{"level":30,"time":1789777671515,"pid":21053,"hostname":"Glebs-MacBook-Pro.local","reqId":"4457682e-2622-454e-91ff-acc19d568fb3","event":"request_completed","requestId":"4457682e-2622-454e-91ff-acc19d568fb3","method":"GET","route":"/api/v1/notifications","statusCode":200,"latencyMs":25.629,"msg":"request completed"}
  ✓  43 [chromium-mobile-390] › tests/e2e/wave-c.spec.ts:79:5 › Wave C AT-JUDGE-004_010 correction, undo and two-client handover preserve authority (2.9s)
{"level":30,"time":1789777671746,"pid":21053,"hostname":"Glebs-MacBook-Pro.local","reqId":"9ae461cd-7fd9-44ed-b1f8-07192ca6ed3d","event":"request_completed","requestId":"9ae461cd-7fd9-44ed-b1f8-07192ca6ed3d","method":"GET","route":"/health","statusCode":200,"latencyMs":0.116,"msg":"request completed"}
{"level":30,"time":1789777671777,"pid":21053,"hostname":"Glebs-MacBook-Pro.local","reqId":"d3c2e2f4-713b-488f-9d96-574deb41414e","event":"request_completed","requestId":"d3c2e2f4-713b-488f-9d96-574deb41414e","method":"POST","route":"/api/v1/auth/login","statusCode":200,"latencyMs":27.211,"msg":"request completed"}
{"level":30,"time":1789777671793,"pid":21053,"hostname":"Glebs-MacBook-Pro.local","reqId":"63d413fc-5415-4585-b3c7-6200c85c7b1c","event":"request_completed","requestId":"63d413fc-5415-4585-b3c7-6200c85c7b1c","method":"PATCH","route":"/api/v1/me/onboarding","statusCode":200,"latencyMs":12.712,"msg":"request completed"}
{"level":30,"time":1789777671833,"pid":21053,"hostname":"Glebs-MacBook-Pro.local","reqId":"c07f9ad3-5aba-4045-942e-2b444776179f","event":"request_completed","requestId":"c07f9ad3-5aba-4045-942e-2b444776179f","method":"POST","route":"/api/v1/admin/users","statusCode":200,"latencyMs":36.677,"msg":"request completed"}
{"level":30,"time":1789777671861,"pid":21053,"hostname":"Glebs-MacBook-Pro.local","reqId":"7fc65fa9-fd0f-4447-b0a1-ae8fa5f32352","event":"request_completed","requestId":"7fc65fa9-fd0f-4447-b0a1-ae8fa5f32352","method":"POST","route":"/api/v1/auth/login","statusCode":200,"latencyMs":24.356,"msg":"request completed"}
{"level":30,"time":1789777671905,"pid":21053,"hostname":"Glebs-MacBook-Pro.local","reqId":"8d454cfa-73a0-412d-aa9b-e0813a3b6219","event":"request_completed","requestId":"8d454cfa-73a0-412d-aa9b-e0813a3b6219","method":"POST","route":"/api/v1/auth/password/first-change","statusCode":200,"latencyMs":40.181,"msg":"request completed"}
{"level":30,"time":1789777671915,"pid":21053,"hostname":"Glebs-MacBook-Pro.local","reqId":"7721b8f9-8098-4861-8e17-713f18cda828","event":"request_completed","requestId":"7721b8f9-8098-4861-8e17-713f18cda828","method":"PATCH","route":"/api/v1/me/onboarding","statusCode":200,"latencyMs":6.355,"msg":"request completed"}
{"level":30,"time":1789777671975,"pid":21053,"hostname":"Glebs-MacBook-Pro.local","reqId":"a974bc4f-7e43-4c67-a657-f7084fe1f7de","event":"request_completed","requestId":"a974bc4f-7e43-4c67-a657-f7084fe1f7de","method":"POST","route":"/api/v1/matches","statusCode":200,"latencyMs":18.595,"msg":"request completed"}
{"level":30,"time":1789777672246,"pid":21053,"hostname":"Glebs-MacBook-Pro.local","reqId":"35647d4e-8f8d-46a2-8a91-e9fdb62dc75a","event":"request_completed","requestId":"35647d4e-8f8d-46a2-8a91-e9fdb62dc75a","method":"GET","route":"/api/v1/auth/me","statusCode":200,"latencyMs":9.35,"msg":"request completed"}
{"level":30,"time":1789777672311,"pid":21053,"hostname":"Glebs-MacBook-Pro.local","reqId":"230d60e8-2387-4d39-a7a9-293f06fe58ff","event":"request_completed","requestId":"230d60e8-2387-4d39-a7a9-293f06fe58ff","method":"GET","route":"/api/v1/matches/:matchId","statusCode":403,"latencyMs":29.294,"msg":"request completed"}
{"level":30,"time":1789777672337,"pid":21053,"hostname":"Glebs-MacBook-Pro.local","reqId":"8e306a08-0a10-4e8d-873f-b1233c3d1a07","event":"request_completed","requestId":"8e306a08-0a10-4e8d-873f-b1233c3d1a07","method":"POST","route":"/api/v1/matches/:matchId/judge/acquire","statusCode":200,"latencyMs":22.512,"msg":"request completed"}
{"level":30,"time":1789777672351,"pid":21053,"hostname":"Glebs-MacBook-Pro.local","reqId":"5e637f89-e06b-479c-92f0-a477b7595aac","event":"request_completed","requestId":"5e637f89-e06b-479c-92f0-a477b7595aac","method":"GET","route":"/api/v1/matches/:matchId","statusCode":200,"latencyMs":11.384,"msg":"request completed"}
{"level":30,"time":1789777672367,"pid":21053,"hostname":"Glebs-MacBook-Pro.local","reqId":"4438ba28-a867-4f53-ab97-b81f69903a9d","event":"request_completed","requestId":"4438ba28-a867-4f53-ab97-b81f69903a9d","method":"POST","route":"/api/v1/matches/:matchId/judge/heartbeat","statusCode":200,"latencyMs":8.692,"msg":"request completed"}
{"level":30,"time":1789777672381,"pid":21053,"hostname":"Glebs-MacBook-Pro.local","reqId":"a3aae2b8-41d4-4042-bea5-aedb439de7d3","event":"request_completed","requestId":"a3aae2b8-41d4-4042-bea5-aedb439de7d3","method":"GET","route":"/api/v1/matches/:matchId","statusCode":200,"latencyMs":12.436,"msg":"request completed"}
{"level":30,"time":1789777672508,"pid":21053,"hostname":"Glebs-MacBook-Pro.local","reqId":"258b7e79-4033-499a-9669-c1728a742765","event":"request_completed","requestId":"258b7e79-4033-499a-9669-c1728a742765","method":"POST","route":"/api/v1/matches/:matchId/judge/setup","statusCode":200,"latencyMs":58.934,"msg":"request completed"}
{"level":30,"time":1789777672519,"pid":21053,"hostname":"Glebs-MacBook-Pro.local","reqId":"2852180c-c8dd-4162-9a9a-51e6a1110823","event":"request_completed","requestId":"2852180c-c8dd-4162-9a9a-51e6a1110823","method":"POST","route":"/api/v1/matches/:matchId/judge/heartbeat","statusCode":200,"latencyMs":7.858,"msg":"request completed"}
{"level":30,"time":1789777672542,"pid":21053,"hostname":"Glebs-MacBook-Pro.local","reqId":"e543c687-be32-43de-ac65-f9ae6058a090","event":"request_completed","requestId":"e543c687-be32-43de-ac65-f9ae6058a090","method":"GET","route":"/api/v1/matches/:matchId","statusCode":200,"latencyMs":21.427,"msg":"request completed"}
{"level":30,"time":1789777672547,"pid":21053,"hostname":"Glebs-MacBook-Pro.local","reqId":"3f65912a-271c-4d73-8b6a-c0ea591e77d3","event":"request_completed","requestId":"3f65912a-271c-4d73-8b6a-c0ea591e77d3","method":"GET","route":"/api/v1/matches/:matchId","statusCode":200,"latencyMs":13.315,"msg":"request completed"}
{"level":30,"time":1789777672811,"pid":21053,"hostname":"Glebs-MacBook-Pro.local","reqId":"793dc488-231d-43af-a532-bf4a12a2c9b4","event":"request_completed","requestId":"793dc488-231d-43af-a532-bf4a12a2c9b4","method":"GET","route":"/api/v1/auth/me","statusCode":401,"latencyMs":0.126,"msg":"request completed"}
{"level":30,"time":1789777672972,"pid":21053,"hostname":"Glebs-MacBook-Pro.local","reqId":"2845d3bd-1ea5-4a14-9993-5785e80a1c4e","event":"request_completed","requestId":"2845d3bd-1ea5-4a14-9993-5785e80a1c4e","method":"POST","route":"/api/v1/auth/login","statusCode":200,"latencyMs":27.323,"msg":"request completed"}
{"level":30,"time":1789777672988,"pid":21053,"hostname":"Glebs-MacBook-Pro.local","reqId":"4e3e7f81-5092-4271-ac50-0ada50bd8238","event":"request_completed","requestId":"4e3e7f81-5092-4271-ac50-0ada50bd8238","method":"GET","route":"/api/v1/auth/me","statusCode":200,"latencyMs":12.501,"msg":"request completed"}
{"level":30,"time":1789777673013,"pid":21053,"hostname":"Glebs-MacBook-Pro.local","reqId":"58cc9471-3ab5-4a5d-b291-f263738e6aae","event":"request_completed","requestId":"58cc9471-3ab5-4a5d-b291-f263738e6aae","method":"GET","route":"/api/v1/notifications","statusCode":200,"latencyMs":36.973,"msg":"request completed"}
{"level":30,"time":1789777673044,"pid":21053,"hostname":"Glebs-MacBook-Pro.local","reqId":"f0ebd4e3-054c-41b8-a689-c3177b8bef81","event":"request_completed","requestId":"f0ebd4e3-054c-41b8-a689-c3177b8bef81","method":"GET","route":"/api/v1/home","statusCode":200,"latencyMs":65.444,"msg":"request completed"}
{"level":30,"time":1789777673054,"pid":21053,"hostname":"Glebs-MacBook-Pro.local","reqId":"357830f0-e954-4f74-ac1e-62fa20de3279","event":"request_completed","requestId":"357830f0-e954-4f74-ac1e-62fa20de3279","method":"GET","route":"/api/v1/auth/me","statusCode":200,"latencyMs":4.098,"msg":"request completed"}
{"level":30,"time":1789777673074,"pid":21053,"hostname":"Glebs-MacBook-Pro.local","reqId":"c4623cee-18d0-4dcb-b5ef-8c84fdb5b007","event":"request_completed","requestId":"c4623cee-18d0-4dcb-b5ef-8c84fdb5b007","method":"GET","route":"/api/v1/notifications","statusCode":200,"latencyMs":11.353,"msg":"request completed"}
{"level":30,"time":1789777673076,"pid":21053,"hostname":"Glebs-MacBook-Pro.local","reqId":"50562321-5ab3-42b1-9718-48ba5cf79da1","event":"request_completed","requestId":"50562321-5ab3-42b1-9718-48ba5cf79da1","method":"GET","route":"/api/v1/matches/:matchId","statusCode":200,"latencyMs":13.04,"msg":"request completed"}
{"level":30,"time":1789777673252,"pid":21053,"hostname":"Glebs-MacBook-Pro.local","reqId":"257d1bc8-3fbb-445d-8874-5369bcef6deb","event":"request_completed","requestId":"257d1bc8-3fbb-445d-8874-5369bcef6deb","method":"POST","route":"/api/v1/matches/:matchId/start","statusCode":200,"latencyMs":64.26,"msg":"request completed"}
{"level":30,"time":1789777702551,"pid":21053,"hostname":"Glebs-MacBook-Pro.local","reqId":"bb59164b-7b5d-4a91-bff6-e2694f9e2e15","event":"request_completed","requestId":"bb59164b-7b5d-4a91-bff6-e2694f9e2e15","method":"POST","route":"/api/v1/matches/:matchId/judge/heartbeat","statusCode":200,"latencyMs":46.036,"msg":"request completed"}
{"level":30,"time":1789777702588,"pid":21053,"hostname":"Glebs-MacBook-Pro.local","reqId":"dcf88ed2-1619-4100-8470-3c70c9f3e70e","event":"request_completed","requestId":"dcf88ed2-1619-4100-8470-3c70c9f3e70e","method":"GET","route":"/api/v1/matches/:matchId","statusCode":200,"latencyMs":32.318,"msg":"request completed"}
{"level":30,"time":1789777702608,"pid":21053,"hostname":"Glebs-MacBook-Pro.local","reqId":"af1a5a87-7c9f-4f3d-ac54-5632b58f9d77","event":"request_completed","requestId":"af1a5a87-7c9f-4f3d-ac54-5632b58f9d77","method":"POST","route":"/api/v1/matches/:matchId/judge/heartbeat","statusCode":200,"latencyMs":14.675,"msg":"request completed"}
{"level":30,"time":1789777702623,"pid":21053,"hostname":"Glebs-MacBook-Pro.local","reqId":"a0b5e5f8-46ab-477b-8d48-ee875674f16e","event":"request_completed","requestId":"a0b5e5f8-46ab-477b-8d48-ee875674f16e","method":"GET","route":"/api/v1/matches/:matchId","statusCode":200,"latencyMs":12.774,"msg":"request completed"}
{"level":30,"time":1789777702958,"pid":21053,"hostname":"Glebs-MacBook-Pro.local","reqId":"ecec027b-5fe8-493f-94eb-f6ed3a0de9a8","event":"request_completed","requestId":"ecec027b-5fe8-493f-94eb-f6ed3a0de9a8","method":"GET","route":"/api/v1/matches/:matchId","statusCode":200,"latencyMs":64.969,"msg":"request completed"}
{"level":30,"time":1789777703037,"pid":21053,"hostname":"Glebs-MacBook-Pro.local","reqId":"70b58ec1-5703-4b94-8db9-700df3c2e4ce","event":"request_completed","requestId":"70b58ec1-5703-4b94-8db9-700df3c2e4ce","method":"POST","route":"/api/v1/matches/:matchId/points","statusCode":200,"latencyMs":61.988,"msg":"request completed"}
{"level":30,"time":1789777703093,"pid":21053,"hostname":"Glebs-MacBook-Pro.local","reqId":"5dea853c-d907-49e6-b665-4af389ae3bcf","event":"request_completed","requestId":"5dea853c-d907-49e6-b665-4af389ae3bcf","method":"GET","route":"/api/v1/notifications","statusCode":200,"latencyMs":39.756,"msg":"request completed"}
{"level":30,"time":1789777703096,"pid":21053,"hostname":"Glebs-MacBook-Pro.local","reqId":"5fde6689-d191-4425-a0a1-4bb87dd97603","event":"request_completed","requestId":"5fde6689-d191-4425-a0a1-4bb87dd97603","method":"GET","route":"/api/v1/matches/:matchId","statusCode":200,"latencyMs":42.078,"msg":"request completed"}
{"level":30,"time":1789777703124,"pid":21053,"hostname":"Glebs-MacBook-Pro.local","reqId":"19543d5c-9381-43d8-b449-872ed750339b","event":"request_completed","requestId":"19543d5c-9381-43d8-b449-872ed750339b","method":"POST","route":"/api/v1/matches/:matchId/stop","statusCode":200,"latencyMs":41.016,"msg":"request completed"}
{"level":30,"time":1789777703259,"pid":21053,"hostname":"Glebs-MacBook-Pro.local","reqId":"c0b6b482-4f53-41f5-94c5-73ced64e96df","event":"request_completed","requestId":"c0b6b482-4f53-41f5-94c5-73ced64e96df","method":"GET","route":"/api/v1/auth/me","statusCode":200,"latencyMs":4.435,"msg":"request completed"}
{"level":30,"time":1789777703327,"pid":21053,"hostname":"Glebs-MacBook-Pro.local","reqId":"1f5e9da1-b3ed-4b33-a5a6-ec3786ff1099","event":"request_completed","requestId":"1f5e9da1-b3ed-4b33-a5a6-ec3786ff1099","method":"GET","route":"/api/v1/notifications","statusCode":200,"latencyMs":19.649,"msg":"request completed"}
{"level":30,"time":1789777703329,"pid":21053,"hostname":"Glebs-MacBook-Pro.local","reqId":"2707ea37-20ba-4eaa-8b8f-39fa529a126b","event":"request_completed","requestId":"2707ea37-20ba-4eaa-8b8f-39fa529a126b","method":"GET","route":"/api/v1/matches/:matchId","statusCode":200,"latencyMs":21.707,"msg":"request completed"}
  ✓  44 [chromium-mobile-390] › tests/e2e/wave-c.spec.ts:135:5 › Wave C AT-JUDGE-001 creator starts while another club judge retains the slot (31.8s)
{"level":30,"time":1789777703542,"pid":21053,"hostname":"Glebs-MacBook-Pro.local","reqId":"4c43ed6a-ca96-401c-8345-ac7f2dabc938","event":"request_completed","requestId":"4c43ed6a-ca96-401c-8345-ac7f2dabc938","method":"GET","route":"/health","statusCode":200,"latencyMs":0.109,"msg":"request completed"}
{"level":30,"time":1789777703574,"pid":21053,"hostname":"Glebs-MacBook-Pro.local","reqId":"a15a68ef-354f-4d4e-8f74-7b98e3112f72","event":"request_completed","requestId":"a15a68ef-354f-4d4e-8f74-7b98e3112f72","method":"POST","route":"/api/v1/auth/login","statusCode":200,"latencyMs":30.185,"msg":"request completed"}
{"level":30,"time":1789777703593,"pid":21053,"hostname":"Glebs-MacBook-Pro.local","reqId":"4006c14f-e82c-45f4-b11d-7ec41b5ce717","event":"request_completed","requestId":"4006c14f-e82c-45f4-b11d-7ec41b5ce717","method":"PATCH","route":"/api/v1/me/onboarding","statusCode":200,"latencyMs":15.424,"msg":"request completed"}
{"level":30,"time":1789777703636,"pid":21053,"hostname":"Glebs-MacBook-Pro.local","reqId":"40348040-44a5-4401-8e73-fe6c5b574f5e","event":"request_completed","requestId":"40348040-44a5-4401-8e73-fe6c5b574f5e","method":"POST","route":"/api/v1/admin/users","statusCode":200,"latencyMs":39.251,"msg":"request completed"}
{"level":30,"time":1789777703665,"pid":21053,"hostname":"Glebs-MacBook-Pro.local","reqId":"be704711-3ad8-4fb1-a937-5e0b9a0c57fb","event":"request_completed","requestId":"be704711-3ad8-4fb1-a937-5e0b9a0c57fb","method":"POST","route":"/api/v1/auth/login","statusCode":200,"latencyMs":24.771,"msg":"request completed"}
{"level":30,"time":1789777703707,"pid":21053,"hostname":"Glebs-MacBook-Pro.local","reqId":"7d3967d4-7eef-4e60-bd9a-782de97e4ac4","event":"request_completed","requestId":"7d3967d4-7eef-4e60-bd9a-782de97e4ac4","method":"POST","route":"/api/v1/auth/password/first-change","statusCode":200,"latencyMs":38.359,"msg":"request completed"}
{"level":30,"time":1789777703722,"pid":21053,"hostname":"Glebs-MacBook-Pro.local","reqId":"3193449d-64d4-4b14-9d29-0f1c21f9abdb","event":"request_completed","requestId":"3193449d-64d4-4b14-9d29-0f1c21f9abdb","method":"PATCH","route":"/api/v1/me/onboarding","statusCode":200,"latencyMs":12.202,"msg":"request completed"}
{"level":30,"time":1789777703767,"pid":21053,"hostname":"Glebs-MacBook-Pro.local","reqId":"95c5f0d2-ce62-46f7-b0c7-c30004f6bdee","event":"request_completed","requestId":"95c5f0d2-ce62-46f7-b0c7-c30004f6bdee","method":"POST","route":"/api/v1/admin/users","statusCode":200,"latencyMs":41.237,"msg":"request completed"}
{"level":30,"time":1789777703797,"pid":21053,"hostname":"Glebs-MacBook-Pro.local","reqId":"2177fccc-9aef-4e37-a4ab-d20873cf16f1","event":"request_completed","requestId":"2177fccc-9aef-4e37-a4ab-d20873cf16f1","method":"POST","route":"/api/v1/auth/login","statusCode":200,"latencyMs":26.31,"msg":"request completed"}
{"level":30,"time":1789777703837,"pid":21053,"hostname":"Glebs-MacBook-Pro.local","reqId":"b3ce8068-8e97-46fa-904d-dc8abb807cfd","event":"request_completed","requestId":"b3ce8068-8e97-46fa-904d-dc8abb807cfd","method":"POST","route":"/api/v1/auth/password/first-change","statusCode":200,"latencyMs":36.892,"msg":"request completed"}
{"level":30,"time":1789777703857,"pid":21053,"hostname":"Glebs-MacBook-Pro.local","reqId":"09321f95-d99e-4891-ba74-1eb5309005fa","event":"request_completed","requestId":"09321f95-d99e-4891-ba74-1eb5309005fa","method":"PATCH","route":"/api/v1/me/onboarding","statusCode":200,"latencyMs":16.154,"msg":"request completed"}
{"level":30,"time":1789777704162,"pid":21053,"hostname":"Glebs-MacBook-Pro.local","reqId":"dce7bd9f-1545-4fdc-9ca8-e4b598e259e0","event":"request_completed","requestId":"dce7bd9f-1545-4fdc-9ca8-e4b598e259e0","method":"GET","route":"/api/v1/auth/me","statusCode":401,"latencyMs":0.147,"msg":"request completed"}
{"level":30,"time":1789777704336,"pid":21053,"hostname":"Glebs-MacBook-Pro.local","reqId":"698a8115-1e99-4a3b-84de-aa47c6ac9bef","event":"request_completed","requestId":"698a8115-1e99-4a3b-84de-aa47c6ac9bef","method":"POST","route":"/api/v1/auth/login","statusCode":200,"latencyMs":27.333,"msg":"request completed"}
{"level":30,"time":1789777704351,"pid":21053,"hostname":"Glebs-MacBook-Pro.local","reqId":"6094900d-703f-4fd1-972b-43b8a6a45a63","event":"request_completed","requestId":"6094900d-703f-4fd1-972b-43b8a6a45a63","method":"GET","route":"/api/v1/auth/me","statusCode":200,"latencyMs":12.725,"msg":"request completed"}
{"level":30,"time":1789777704383,"pid":21053,"hostname":"Glebs-MacBook-Pro.local","reqId":"3b8218a8-9c8f-41e1-a8bc-2c96a16a8c97","event":"request_completed","requestId":"3b8218a8-9c8f-41e1-a8bc-2c96a16a8c97","method":"GET","route":"/api/v1/notifications","statusCode":200,"latencyMs":42.006,"msg":"request completed"}
{"level":30,"time":1789777704412,"pid":21053,"hostname":"Glebs-MacBook-Pro.local","reqId":"f2a965b4-e74c-4ace-aa9d-0d03249a6240","event":"request_completed","requestId":"f2a965b4-e74c-4ace-aa9d-0d03249a6240","method":"GET","route":"/api/v1/home","statusCode":200,"latencyMs":68.844,"msg":"request completed"}
{"level":30,"time":1789777704419,"pid":21053,"hostname":"Glebs-MacBook-Pro.local","reqId":"3571687e-a7bb-4102-8c96-325e994948bc","event":"request_completed","requestId":"3571687e-a7bb-4102-8c96-325e994948bc","method":"GET","route":"/api/v1/auth/me","statusCode":200,"latencyMs":4.471,"msg":"request completed"}
{"level":30,"time":1789777704444,"pid":21053,"hostname":"Glebs-MacBook-Pro.local","reqId":"72f72557-23ea-4d63-ab41-a333a5b882a9","event":"request_completed","requestId":"72f72557-23ea-4d63-ab41-a333a5b882a9","method":"GET","route":"/api/v1/notifications","statusCode":200,"latencyMs":16.85,"msg":"request completed"}
{"level":30,"time":1789777704444,"pid":21053,"hostname":"Glebs-MacBook-Pro.local","reqId":"09af5190-fa1b-44c6-a7e5-0a5256441dfb","event":"request_completed","requestId":"09af5190-fa1b-44c6-a7e5-0a5256441dfb","method":"GET","route":"/api/v1/teams","statusCode":200,"latencyMs":17.166,"msg":"request completed"}
{"level":30,"time":1789777704484,"pid":21053,"hostname":"Glebs-MacBook-Pro.local","reqId":"cb5c7a9e-d0bf-4478-aa49-f2deeb74bccc","event":"request_completed","requestId":"cb5c7a9e-d0bf-4478-aa49-f2deeb74bccc","method":"POST","route":"/api/v1/teams","statusCode":200,"latencyMs":13.649,"msg":"request completed"}
{"level":30,"time":1789777704545,"pid":21053,"hostname":"Glebs-MacBook-Pro.local","reqId":"48b51ef6-c65c-4482-adb0-dff95615f8ab","event":"request_completed","requestId":"48b51ef6-c65c-4482-adb0-dff95615f8ab","method":"GET","route":"/api/v1/teams/:id","statusCode":403,"latencyMs":19.635,"msg":"request completed"}
{"level":30,"time":1789777704547,"pid":21053,"hostname":"Glebs-MacBook-Pro.local","reqId":"72e353b4-fa8b-4a93-a635-64e5aeaa12fc","event":"request_completed","requestId":"72e353b4-fa8b-4a93-a635-64e5aeaa12fc","method":"GET","route":"/api/v1/teams/:id","statusCode":200,"latencyMs":26.079,"msg":"request completed"}
{"level":30,"time":1789777704567,"pid":21053,"hostname":"Glebs-MacBook-Pro.local","reqId":"65cf56ef-b20d-4111-86b9-cc9146002c42","event":"request_completed","requestId":"65cf56ef-b20d-4111-86b9-cc9146002c42","method":"GET","route":"/api/v1/users/directory","statusCode":200,"latencyMs":10.458,"msg":"request completed"}
{"level":30,"time":1789777704682,"pid":21053,"hostname":"Glebs-MacBook-Pro.local","reqId":"14e72cd2-58aa-4bf3-8d61-e30895cf7d80","event":"request_completed","requestId":"14e72cd2-58aa-4bf3-8d61-e30895cf7d80","method":"POST","route":"/api/v1/teams/:id/invitations","statusCode":200,"latencyMs":29.137,"msg":"request completed"}
{"level":30,"time":1789777704706,"pid":21053,"hostname":"Glebs-MacBook-Pro.local","reqId":"ba12df5e-3a14-43df-90cc-04582b8d312d","event":"request_completed","requestId":"ba12df5e-3a14-43df-90cc-04582b8d312d","method":"GET","route":"/api/v1/teams/:id","statusCode":200,"latencyMs":21.864,"msg":"request completed"}
{"level":30,"time":1789777704720,"pid":21053,"hostname":"Glebs-MacBook-Pro.local","reqId":"928faf9c-ef74-409b-90b0-6e39aa6e2e5d","event":"request_completed","requestId":"928faf9c-ef74-409b-90b0-6e39aa6e2e5d","method":"GET","route":"/api/v1/users/directory","statusCode":200,"latencyMs":11.191,"msg":"request completed"}
{"level":30,"time":1789777705026,"pid":21053,"hostname":"Glebs-MacBook-Pro.local","reqId":"99669248-a896-405f-a894-9604a8fe4abb","event":"request_completed","requestId":"99669248-a896-405f-a894-9604a8fe4abb","method":"GET","route":"/api/v1/auth/me","statusCode":200,"latencyMs":11.911,"msg":"request completed"}
{"level":30,"time":1789777705097,"pid":21053,"hostname":"Glebs-MacBook-Pro.local","reqId":"88706705-78dc-40b5-8086-de6018565c44","event":"request_completed","requestId":"88706705-78dc-40b5-8086-de6018565c44","method":"GET","route":"/api/v1/notifications","statusCode":200,"latencyMs":35.998,"msg":"request completed"}
{"level":30,"time":1789777705117,"pid":21053,"hostname":"Glebs-MacBook-Pro.local","reqId":"0321edac-8614-4fd0-8f0e-433e992ad569","event":"request_completed","requestId":"0321edac-8614-4fd0-8f0e-433e992ad569","method":"POST","route":"/api/v1/notifications/read-visible","statusCode":200,"latencyMs":16.687,"msg":"request completed"}
{"level":30,"time":1789777705156,"pid":21053,"hostname":"Glebs-MacBook-Pro.local","reqId":"8ec72c98-b232-4c43-b4d9-098e283072f8","event":"request_completed","requestId":"8ec72c98-b232-4c43-b4d9-098e283072f8","method":"POST","route":"/api/v1/team-invitations/:id/respond","statusCode":200,"latencyMs":21.646,"msg":"request completed"}
{"level":30,"time":1789777705189,"pid":21053,"hostname":"Glebs-MacBook-Pro.local","reqId":"af7b861a-eb18-40c5-b7ed-af354a4f0e3b","event":"request_completed","requestId":"af7b861a-eb18-40c5-b7ed-af354a4f0e3b","method":"GET","route":"/api/v1/teams/:id","statusCode":200,"latencyMs":9.121,"msg":"request completed"}
{"level":30,"time":1789777705192,"pid":21053,"hostname":"Glebs-MacBook-Pro.local","reqId":"569d7146-7455-420f-90ca-5737ec50a080","event":"request_completed","requestId":"569d7146-7455-420f-90ca-5737ec50a080","method":"GET","route":"/api/v1/notifications","statusCode":200,"latencyMs":12.932,"msg":"request completed"}
{"level":30,"time":1789777705296,"pid":21053,"hostname":"Glebs-MacBook-Pro.local","reqId":"38af9ab1-5af9-4fef-815f-5b90e31c255b","event":"request_completed","requestId":"38af9ab1-5af9-4fef-815f-5b90e31c255b","method":"GET","route":"/api/v1/auth/me","statusCode":200,"latencyMs":5.665,"msg":"request completed"}
{"level":30,"time":1789777705312,"pid":21053,"hostname":"Glebs-MacBook-Pro.local","reqId":"afcde38d-81ba-4873-82c5-7aedc0bcfca3","event":"request_completed","requestId":"afcde38d-81ba-4873-82c5-7aedc0bcfca3","method":"GET","route":"/api/v1/teams/:id","statusCode":200,"latencyMs":12.931,"msg":"request completed"}
{"level":30,"time":1789777705314,"pid":21053,"hostname":"Glebs-MacBook-Pro.local","reqId":"f9f555ec-6307-4f0b-bd5d-745ac514f0da","event":"request_completed","requestId":"f9f555ec-6307-4f0b-bd5d-745ac514f0da","method":"GET","route":"/api/v1/notifications","statusCode":200,"latencyMs":14.521,"msg":"request completed"}
{"level":30,"time":1789777705322,"pid":21053,"hostname":"Glebs-MacBook-Pro.local","reqId":"9e43d83c-8875-4859-a8fa-3412f8d4c2d0","event":"request_completed","requestId":"9e43d83c-8875-4859-a8fa-3412f8d4c2d0","method":"GET","route":"/api/v1/users/directory","statusCode":200,"latencyMs":6.084,"msg":"request completed"}
{"level":30,"time":1789777705415,"pid":21053,"hostname":"Glebs-MacBook-Pro.local","reqId":"e84112a9-e969-44d5-9fb9-29e2c931fce9","event":"request_completed","requestId":"e84112a9-e969-44d5-9fb9-29e2c931fce9","method":"PATCH","route":"/api/v1/teams/:id","statusCode":200,"latencyMs":41.339,"msg":"request completed"}
{"level":30,"time":1789777705490,"pid":21053,"hostname":"Glebs-MacBook-Pro.local","reqId":"13d47b60-ee18-4c1f-8305-f87e5f893d0d","event":"request_completed","requestId":"13d47b60-ee18-4c1f-8305-f87e5f893d0d","method":"GET","route":"/api/v1/teams/:id","statusCode":200,"latencyMs":26.897,"msg":"request completed"}
{"level":30,"time":1789777705539,"pid":21053,"hostname":"Glebs-MacBook-Pro.local","reqId":"a213af97-4fb6-45a7-840d-4c0d05b315cd","event":"request_completed","requestId":"a213af97-4fb6-45a7-840d-4c0d05b315cd","method":"POST","route":"/api/v1/teams/:id/captain-transfer","statusCode":200,"latencyMs":34.17,"msg":"request completed"}
{"level":30,"time":1789777705612,"pid":21053,"hostname":"Glebs-MacBook-Pro.local","reqId":"33bd4da1-0c63-4eac-852e-260f73dc1817","event":"request_completed","requestId":"33bd4da1-0c63-4eac-852e-260f73dc1817","method":"GET","route":"/api/v1/teams/:id","statusCode":200,"latencyMs":20.343,"msg":"request completed"}
{"level":30,"time":1789777705690,"pid":21053,"hostname":"Glebs-MacBook-Pro.local","reqId":"724a8b04-8014-4cd3-b44a-d74eafa756a0","event":"request_completed","requestId":"724a8b04-8014-4cd3-b44a-d74eafa756a0","method":"POST","route":"/api/v1/teams/:id/leave","statusCode":200,"latencyMs":34.973,"msg":"request completed"}
{"level":30,"time":1789777705771,"pid":21053,"hostname":"Glebs-MacBook-Pro.local","reqId":"94c347ba-37b2-4316-a7b4-5dc68aea4c65","event":"request_completed","requestId":"94c347ba-37b2-4316-a7b4-5dc68aea4c65","method":"GET","route":"/api/v1/matches/create-options","statusCode":200,"latencyMs":32.759,"msg":"request completed"}
{"level":30,"time":1789777705800,"pid":21053,"hostname":"Glebs-MacBook-Pro.local","reqId":"e7a22f93-3c7f-4f51-9059-b9fd2b4ff57c","event":"request_completed","requestId":"e7a22f93-3c7f-4f51-9059-b9fd2b4ff57c","method":"POST","route":"/api/v1/teams/:id/invitations","statusCode":200,"latencyMs":25.657,"msg":"request completed"}
{"level":30,"time":1789777705822,"pid":21053,"hostname":"Glebs-MacBook-Pro.local","reqId":"fe4fd384-bbfb-4d6c-9a05-177c4dd303d1","event":"request_completed","requestId":"fe4fd384-bbfb-4d6c-9a05-177c4dd303d1","method":"POST","route":"/api/v1/admin/users/:userId/block","statusCode":200,"latencyMs":17.59,"msg":"request completed"}
{"level":30,"time":1789777705832,"pid":21053,"hostname":"Glebs-MacBook-Pro.local","reqId":"131058d6-2357-4d84-acc1-6e9b49605377","event":"request_completed","requestId":"131058d6-2357-4d84-acc1-6e9b49605377","method":"GET","route":"/api/v1/teams/:id","statusCode":200,"latencyMs":7.591,"msg":"request completed"}
{"level":30,"time":1789777705848,"pid":21053,"hostname":"Glebs-MacBook-Pro.local","reqId":"912ceb31-da7f-49f5-9235-a6e13f00b7bc","event":"request_completed","requestId":"912ceb31-da7f-49f5-9235-a6e13f00b7bc","method":"POST","route":"/api/v1/team-invitations/:id/accept","statusCode":400,"latencyMs":11.237,"msg":"request completed"}
{"level":30,"time":1789777705878,"pid":21053,"hostname":"Glebs-MacBook-Pro.local","reqId":"b4964484-c6a3-4bfc-a473-2b39ada63323","event":"request_completed","requestId":"b4964484-c6a3-4bfc-a473-2b39ada63323","method":"GET","route":"/api/v1/auth/me","statusCode":200,"latencyMs":13.427,"msg":"request completed"}
{"level":30,"time":1789777705900,"pid":21053,"hostname":"Glebs-MacBook-Pro.local","reqId":"38fe9926-9194-4bac-9810-ad7b40a3f4b1","event":"request_completed","requestId":"38fe9926-9194-4bac-9810-ad7b40a3f4b1","method":"GET","route":"/api/v1/teams/:id","statusCode":200,"latencyMs":18.238,"msg":"request completed"}
{"level":30,"time":1789777705904,"pid":21053,"hostname":"Glebs-MacBook-Pro.local","reqId":"4fa752d2-d22a-4663-9722-f4457385653a","event":"request_completed","requestId":"4fa752d2-d22a-4663-9722-f4457385653a","method":"GET","route":"/api/v1/notifications","statusCode":200,"latencyMs":21.386,"msg":"request completed"}
  ✓  45 [chromium-mobile-390] › tests/e2e/wave-d-teams.spec.ts:23:5 › Wave D AT-TEAM-001..007 create, accept welcome, transfer, leave and automatic archive (2.5s)
{"level":30,"time":1789777706076,"pid":21053,"hostname":"Glebs-MacBook-Pro.local","reqId":"7321520f-79f3-4374-aea4-237877cb8711","event":"request_completed","requestId":"7321520f-79f3-4374-aea4-237877cb8711","method":"GET","route":"/health","statusCode":200,"latencyMs":0.123,"msg":"request completed"}
{"level":30,"time":1789777706118,"pid":21053,"hostname":"Glebs-MacBook-Pro.local","reqId":"a7fa077b-a468-4b4e-bb5a-557e781ef3de","event":"request_completed","requestId":"a7fa077b-a468-4b4e-bb5a-557e781ef3de","method":"POST","route":"/api/v1/auth/login","statusCode":200,"latencyMs":39.047,"msg":"request completed"}
{"level":30,"time":1789777706137,"pid":21053,"hostname":"Glebs-MacBook-Pro.local","reqId":"9ee699bc-0981-41aa-a2de-fe9b934c75c0","event":"request_completed","requestId":"9ee699bc-0981-41aa-a2de-fe9b934c75c0","method":"PATCH","route":"/api/v1/me/onboarding","statusCode":200,"latencyMs":13.41,"msg":"request completed"}
{"level":30,"time":1789777706417,"pid":21053,"hostname":"Glebs-MacBook-Pro.local","reqId":"004bfab0-a3bf-497b-b901-ad8346c69cc5","event":"request_completed","requestId":"004bfab0-a3bf-497b-b901-ad8346c69cc5","method":"GET","route":"/api/v1/auth/me","statusCode":401,"latencyMs":0.173,"msg":"request completed"}
{"level":30,"time":1789777706581,"pid":21053,"hostname":"Glebs-MacBook-Pro.local","reqId":"300e51c7-f5bb-40c2-9826-0a72b94abdc2","event":"request_completed","requestId":"300e51c7-f5bb-40c2-9826-0a72b94abdc2","method":"POST","route":"/api/v1/auth/login","statusCode":200,"latencyMs":27.625,"msg":"request completed"}
{"level":30,"time":1789777706595,"pid":21053,"hostname":"Glebs-MacBook-Pro.local","reqId":"c41f3dc6-d3f5-4816-9b7c-6f8c7b5ff73a","event":"request_completed","requestId":"c41f3dc6-d3f5-4816-9b7c-6f8c7b5ff73a","method":"GET","route":"/api/v1/auth/me","statusCode":200,"latencyMs":11.378,"msg":"request completed"}
{"level":30,"time":1789777706619,"pid":21053,"hostname":"Glebs-MacBook-Pro.local","reqId":"be9ae7cb-d443-4855-a2fa-737dff808bf0","event":"request_completed","requestId":"be9ae7cb-d443-4855-a2fa-737dff808bf0","method":"GET","route":"/api/v1/notifications","statusCode":200,"latencyMs":33.37,"msg":"request completed"}
{"level":30,"time":1789777706645,"pid":21053,"hostname":"Glebs-MacBook-Pro.local","reqId":"2516988c-ae45-45e6-ae5f-381e8c80f122","event":"request_completed","requestId":"2516988c-ae45-45e6-ae5f-381e8c80f122","method":"GET","route":"/api/v1/home","statusCode":200,"latencyMs":57.405,"msg":"request completed"}
{"level":30,"time":1789777706664,"pid":21053,"hostname":"Glebs-MacBook-Pro.local","reqId":"ca33f663-51ec-43f2-9646-e32315ff0458","event":"request_completed","requestId":"ca33f663-51ec-43f2-9646-e32315ff0458","method":"GET","route":"/api/v1/auth/me","statusCode":200,"latencyMs":4.322,"msg":"request completed"}
{"level":30,"time":1789777706688,"pid":21053,"hostname":"Glebs-MacBook-Pro.local","reqId":"1d974862-11e5-46c3-9eb5-df714b43b175","event":"request_completed","requestId":"1d974862-11e5-46c3-9eb5-df714b43b175","method":"GET","route":"/api/v1/notifications","statusCode":200,"latencyMs":16.432,"msg":"request completed"}
{"level":30,"time":1789777706743,"pid":21053,"hostname":"Glebs-MacBook-Pro.local","reqId":"a716344e-b8e8-494b-b447-acbc6945cab8","event":"request_completed","requestId":"a716344e-b8e8-494b-b447-acbc6945cab8","method":"POST","route":"/api/v1/tournaments","statusCode":200,"latencyMs":26.265,"msg":"request completed"}
{"level":30,"time":1789777706762,"pid":21053,"hostname":"Glebs-MacBook-Pro.local","reqId":"621f558e-bce1-49cb-aa7c-1094d5fcfe0e","event":"request_completed","requestId":"621f558e-bce1-49cb-aa7c-1094d5fcfe0e","method":"GET","route":"/api/v1/tournaments/:id","statusCode":200,"latencyMs":13.015,"msg":"request completed"}
{"level":30,"time":1789777706778,"pid":21053,"hostname":"Glebs-MacBook-Pro.local","reqId":"ec239b05-8803-49d9-810b-ce0a80a19b09","event":"request_completed","requestId":"ec239b05-8803-49d9-810b-ce0a80a19b09","method":"GET","route":"/api/v1/users/directory","statusCode":200,"latencyMs":12.307,"msg":"request completed"}
{"level":30,"time":1789777706892,"pid":21053,"hostname":"Glebs-MacBook-Pro.local","reqId":"91585e10-8f37-4cbb-987d-1e59d92fedfe","event":"request_completed","requestId":"91585e10-8f37-4cbb-987d-1e59d92fedfe","method":"POST","route":"/api/v1/tournaments/:id/participants","statusCode":200,"latencyMs":59.774,"msg":"request completed"}
{"level":30,"time":1789777706971,"pid":21053,"hostname":"Glebs-MacBook-Pro.local","reqId":"57b96870-2d3e-43cf-a69b-d2832179942b","event":"request_completed","requestId":"57b96870-2d3e-43cf-a69b-d2832179942b","method":"POST","route":"/api/v1/tournaments/:id/participants","statusCode":200,"latencyMs":51.765,"msg":"request completed"}
{"level":30,"time":1789777706992,"pid":21053,"hostname":"Glebs-MacBook-Pro.local","reqId":"aa7ce0da-908e-47d0-8128-ce489ff7dc4e","event":"request_completed","requestId":"aa7ce0da-908e-47d0-8128-ce489ff7dc4e","method":"PATCH","route":"/api/v1/tournaments/:id","statusCode":200,"latencyMs":17.137,"msg":"request completed"}
{"level":30,"time":1789777707019,"pid":21053,"hostname":"Glebs-MacBook-Pro.local","reqId":"3761bd3f-dc1a-4b54-8a98-3a741d414d6e","event":"request_completed","requestId":"3761bd3f-dc1a-4b54-8a98-3a741d414d6e","method":"GET","route":"/api/v1/auth/me","statusCode":200,"latencyMs":10.255,"msg":"request completed"}
{"level":30,"time":1789777707035,"pid":21053,"hostname":"Glebs-MacBook-Pro.local","reqId":"536a57b3-b60d-4387-8f4e-be46cdd41c36","event":"request_completed","requestId":"536a57b3-b60d-4387-8f4e-be46cdd41c36","method":"GET","route":"/api/v1/notifications","statusCode":200,"latencyMs":10.777,"msg":"request completed"}
{"level":30,"time":1789777707039,"pid":21053,"hostname":"Glebs-MacBook-Pro.local","reqId":"9b3dd255-e664-4af3-8bcd-e65fad7e02c8","event":"request_completed","requestId":"9b3dd255-e664-4af3-8bcd-e65fad7e02c8","method":"GET","route":"/api/v1/tournaments/:id","statusCode":200,"latencyMs":14.677,"msg":"request completed"}
{"level":30,"time":1789777707047,"pid":21053,"hostname":"Glebs-MacBook-Pro.local","reqId":"3eb43f6b-e316-4a70-83ba-38066504c0b4","event":"request_completed","requestId":"3eb43f6b-e316-4a70-83ba-38066504c0b4","method":"GET","route":"/api/v1/users/directory","statusCode":200,"latencyMs":4.642,"msg":"request completed"}
{"level":30,"time":1789777707147,"pid":21053,"hostname":"Glebs-MacBook-Pro.local","reqId":"ee3cb67f-cbc5-46ef-b8c2-6e5384647445","event":"request_completed","requestId":"ee3cb67f-cbc5-46ef-b8c2-6e5384647445","method":"POST","route":"/api/v1/tournaments/:id/bracket","statusCode":200,"latencyMs":40.782,"msg":"request completed"}
{"level":30,"time":1789777707206,"pid":21053,"hostname":"Glebs-MacBook-Pro.local","reqId":"3b29d9df-ee16-4282-b175-76811c5575be","event":"request_completed","requestId":"3b29d9df-ee16-4282-b175-76811c5575be","method":"GET","route":"/api/v1/tournaments/:id","statusCode":200,"latencyMs":56.269,"msg":"request completed"}
{"level":30,"time":1789777707323,"pid":21053,"hostname":"Glebs-MacBook-Pro.local","reqId":"49eadd91-1f44-42d5-bfc5-4c18477c8430","event":"request_completed","requestId":"49eadd91-1f44-42d5-bfc5-4c18477c8430","method":"GET","route":"/api/v1/tournaments/:id","statusCode":200,"latencyMs":15.572,"msg":"request completed"}
{"level":30,"time":1789777707396,"pid":21053,"hostname":"Glebs-MacBook-Pro.local","reqId":"b65b54b3-8867-4759-8d99-4e20c9d2dcac","event":"request_completed","requestId":"b65b54b3-8867-4759-8d99-4e20c9d2dcac","method":"PATCH","route":"/api/v1/tournaments/:id/bracket","statusCode":200,"latencyMs":20.958,"msg":"request completed"}
{"level":30,"time":1789777707396,"pid":21053,"hostname":"Glebs-MacBook-Pro.local","reqId":"08d96a55-2132-4d70-816d-b8f81793b30b","event":"request_completed","requestId":"08d96a55-2132-4d70-816d-b8f81793b30b","method":"GET","route":"/api/v1/tournaments/:id","statusCode":200,"latencyMs":16.609,"msg":"request completed"}
{"level":30,"time":1789777707412,"pid":21053,"hostname":"Glebs-MacBook-Pro.local","reqId":"075c3d06-8244-44e7-a703-0502b2f18f87","event":"request_completed","requestId":"075c3d06-8244-44e7-a703-0502b2f18f87","method":"GET","route":"/api/v1/tournaments/:id","statusCode":200,"latencyMs":13.491,"msg":"request completed"}
{"level":30,"time":1789777707544,"pid":21053,"hostname":"Glebs-MacBook-Pro.local","reqId":"460d74fb-0a5a-4f06-b52c-81d3d0a3b3d9","event":"request_completed","requestId":"460d74fb-0a5a-4f06-b52c-81d3d0a3b3d9","method":"GET","route":"/api/v1/tournaments/:id","statusCode":200,"latencyMs":38.818,"msg":"request completed"}
{"level":30,"time":1789777707737,"pid":21053,"hostname":"Glebs-MacBook-Pro.local","reqId":"2321e47a-41a0-4c37-8aa7-0e1e3c7205b0","event":"request_completed","requestId":"2321e47a-41a0-4c37-8aa7-0e1e3c7205b0","method":"GET","route":"/api/v1/tournaments/:id","statusCode":200,"latencyMs":24.821,"msg":"request completed"}
{"level":30,"time":1789777707754,"pid":21053,"hostname":"Glebs-MacBook-Pro.local","reqId":"bcfc0b26-9a27-4e3a-aa3a-421c4f894b93","event":"request_completed","requestId":"bcfc0b26-9a27-4e3a-aa3a-421c4f894b93","method":"GET","route":"/api/v1/tournaments/:id","statusCode":200,"latencyMs":14.194,"msg":"request completed"}
{"level":30,"time":1789777707759,"pid":21053,"hostname":"Glebs-MacBook-Pro.local","reqId":"2b281e3f-c2f1-43c2-99ee-ab4edd58c8da","event":"request_completed","requestId":"2b281e3f-c2f1-43c2-99ee-ab4edd58c8da","method":"POST","route":"/api/v1/tournaments/:id/start","statusCode":200,"latencyMs":50.758,"msg":"request completed"}
{"level":30,"time":1789777707898,"pid":21053,"hostname":"Glebs-MacBook-Pro.local","reqId":"5582239b-3eeb-40bc-be70-33b95dc01117","event":"request_completed","requestId":"5582239b-3eeb-40bc-be70-33b95dc01117","method":"GET","route":"/api/v1/tournaments/:id","statusCode":200,"latencyMs":38.634,"msg":"request completed"}
{"level":30,"time":1789777707933,"pid":21053,"hostname":"Glebs-MacBook-Pro.local","reqId":"600e0001-7812-49ec-b58c-e55fcd3d34c4","event":"request_completed","requestId":"600e0001-7812-49ec-b58c-e55fcd3d34c4","method":"GET","route":"/api/v1/tournaments/:id","statusCode":200,"latencyMs":32.265,"msg":"request completed"}
{"level":30,"time":1789777707944,"pid":21053,"hostname":"Glebs-MacBook-Pro.local","reqId":"8f9b549e-838b-4565-a012-1e46f12d670f","event":"request_completed","requestId":"8f9b549e-838b-4565-a012-1e46f12d670f","method":"GET","route":"/api/v1/matches/:matchId","statusCode":200,"latencyMs":8.313,"msg":"request completed"}
{"level":30,"time":1789777707976,"pid":21053,"hostname":"Glebs-MacBook-Pro.local","reqId":"d5ad7dc5-dbe5-42cb-8e73-af6c2011a6f8","event":"request_completed","requestId":"d5ad7dc5-dbe5-42cb-8e73-af6c2011a6f8","method":"POST","route":"/api/v1/matches/:matchId/judge/acquire","statusCode":200,"latencyMs":27.803,"msg":"request completed"}
{"level":30,"time":1789777708007,"pid":21053,"hostname":"Glebs-MacBook-Pro.local","reqId":"66ab53ba-d31f-4844-be69-3baad4157bd9","event":"request_completed","requestId":"66ab53ba-d31f-4844-be69-3baad4157bd9","method":"POST","route":"/api/v1/matches/:matchId/start","statusCode":200,"latencyMs":27.374,"msg":"request completed"}
{"level":30,"time":1789777708034,"pid":21053,"hostname":"Glebs-MacBook-Pro.local","reqId":"ac9260c8-87ba-473c-8e43-0e885eea8537","event":"request_completed","requestId":"ac9260c8-87ba-473c-8e43-0e885eea8537","method":"POST","route":"/api/v1/matches/:matchId/points","statusCode":200,"latencyMs":22.242,"msg":"request completed"}
{"level":30,"time":1789777708092,"pid":21053,"hostname":"Glebs-MacBook-Pro.local","reqId":"77c4ed46-f561-45f6-976a-3b29127efd0b","event":"request_completed","requestId":"77c4ed46-f561-45f6-976a-3b29127efd0b","method":"POST","route":"/api/v1/matches/:matchId/confirm-finish","statusCode":200,"latencyMs":53.899,"msg":"request completed"}
{"level":30,"time":1789777708108,"pid":21053,"hostname":"Glebs-MacBook-Pro.local","reqId":"d3c51b49-af53-436f-93d3-1e2271998743","event":"request_completed","requestId":"d3c51b49-af53-436f-93d3-1e2271998743","method":"GET","route":"/api/v1/tournaments/:id","statusCode":200,"latencyMs":12.884,"msg":"request completed"}
{"level":30,"time":1789777708121,"pid":21053,"hostname":"Glebs-MacBook-Pro.local","reqId":"f4635f8f-29ae-43b8-94c2-a9a268e27548","event":"request_completed","requestId":"f4635f8f-29ae-43b8-94c2-a9a268e27548","method":"GET","route":"/api/v1/matches/:matchId","statusCode":200,"latencyMs":9.433,"msg":"request completed"}
{"level":30,"time":1789777708144,"pid":21053,"hostname":"Glebs-MacBook-Pro.local","reqId":"02985658-a733-4376-a7e3-e2e72277c047","event":"request_completed","requestId":"02985658-a733-4376-a7e3-e2e72277c047","method":"POST","route":"/api/v1/matches/:matchId/judge/acquire","statusCode":200,"latencyMs":20.795,"msg":"request completed"}
{"level":30,"time":1789777708183,"pid":21053,"hostname":"Glebs-MacBook-Pro.local","reqId":"f89a3eb0-9805-4aad-bc31-bb68c6227226","event":"request_completed","requestId":"f89a3eb0-9805-4aad-bc31-bb68c6227226","method":"POST","route":"/api/v1/matches/:matchId/start","statusCode":200,"latencyMs":34.386,"msg":"request completed"}
{"level":30,"time":1789777708214,"pid":21053,"hostname":"Glebs-MacBook-Pro.local","reqId":"486e7b7e-ea77-4567-b50a-9e382ab77b00","event":"request_completed","requestId":"486e7b7e-ea77-4567-b50a-9e382ab77b00","method":"POST","route":"/api/v1/matches/:matchId/points","statusCode":200,"latencyMs":26.647,"msg":"request completed"}
{"level":30,"time":1789777708263,"pid":21053,"hostname":"Glebs-MacBook-Pro.local","reqId":"ec2f92d9-181f-4f81-a940-4b3d847b6a8f","event":"request_completed","requestId":"ec2f92d9-181f-4f81-a940-4b3d847b6a8f","method":"POST","route":"/api/v1/matches/:matchId/confirm-finish","statusCode":200,"latencyMs":45.193,"msg":"request completed"}
{"level":30,"time":1789777708278,"pid":21053,"hostname":"Glebs-MacBook-Pro.local","reqId":"a0daaaf2-dd5e-4080-94ad-a3bd7d63b6ae","event":"request_completed","requestId":"a0daaaf2-dd5e-4080-94ad-a3bd7d63b6ae","method":"GET","route":"/api/v1/tournaments/:id","statusCode":200,"latencyMs":11.218,"msg":"request completed"}
{"level":30,"time":1789777708291,"pid":21053,"hostname":"Glebs-MacBook-Pro.local","reqId":"57c502b2-0702-48cd-a52f-33162f61b673","event":"request_completed","requestId":"57c502b2-0702-48cd-a52f-33162f61b673","method":"GET","route":"/api/v1/tournaments/:id","statusCode":200,"latencyMs":10.802,"msg":"request completed"}
{"level":30,"time":1789777708315,"pid":21053,"hostname":"Glebs-MacBook-Pro.local","reqId":"a81f63a4-c9ab-4f15-bbc7-84cc4509893e","event":"request_completed","requestId":"a81f63a4-c9ab-4f15-bbc7-84cc4509893e","method":"GET","route":"/api/v1/auth/me","statusCode":200,"latencyMs":4.773,"msg":"request completed"}
{"level":30,"time":1789777708331,"pid":21053,"hostname":"Glebs-MacBook-Pro.local","reqId":"c8761549-7d07-4cc8-9411-95970544d7a7","event":"request_completed","requestId":"c8761549-7d07-4cc8-9411-95970544d7a7","method":"GET","route":"/api/v1/notifications","statusCode":200,"latencyMs":12.868,"msg":"request completed"}
{"level":30,"time":1789777708332,"pid":21053,"hostname":"Glebs-MacBook-Pro.local","reqId":"1b160a84-f4d8-4e5a-bc81-be0572453778","event":"request_completed","requestId":"1b160a84-f4d8-4e5a-bc81-be0572453778","method":"GET","route":"/api/v1/tournaments/:id","statusCode":200,"latencyMs":12.993,"msg":"request completed"}
  ✓  46 [chromium-mobile-390] › tests/e2e/wave-d-tournaments.spec.ts:19:7 › Wave D tournament single_elimination/3 roster, seed edit, complete and results (2.4s)
{"level":30,"time":1789777708527,"pid":21053,"hostname":"Glebs-MacBook-Pro.local","reqId":"3b440f30-9da4-4170-8536-7a0229f5fbd2","event":"request_completed","requestId":"3b440f30-9da4-4170-8536-7a0229f5fbd2","method":"GET","route":"/health","statusCode":200,"latencyMs":0.11,"msg":"request completed"}
{"level":30,"time":1789777708559,"pid":21053,"hostname":"Glebs-MacBook-Pro.local","reqId":"5c9d0446-85d9-4ec2-8c82-76f8a2e588c0","event":"request_completed","requestId":"5c9d0446-85d9-4ec2-8c82-76f8a2e588c0","method":"POST","route":"/api/v1/auth/login","statusCode":200,"latencyMs":28.739,"msg":"request completed"}
{"level":30,"time":1789777708575,"pid":21053,"hostname":"Glebs-MacBook-Pro.local","reqId":"f7663af9-4185-4af4-a187-d8f2b30185d1","event":"request_completed","requestId":"f7663af9-4185-4af4-a187-d8f2b30185d1","method":"PATCH","route":"/api/v1/me/onboarding","statusCode":200,"latencyMs":13.012,"msg":"request completed"}
{"level":30,"time":1789777708841,"pid":21053,"hostname":"Glebs-MacBook-Pro.local","reqId":"1eb0cb47-5786-4ce8-8482-e1da9b1bd9a5","event":"request_completed","requestId":"1eb0cb47-5786-4ce8-8482-e1da9b1bd9a5","method":"GET","route":"/api/v1/auth/me","statusCode":401,"latencyMs":0.225,"msg":"request completed"}
{"level":30,"time":1789777709020,"pid":21053,"hostname":"Glebs-MacBook-Pro.local","reqId":"b19a0c74-84cf-491b-87a4-738271c1f5a3","event":"request_completed","requestId":"b19a0c74-84cf-491b-87a4-738271c1f5a3","method":"POST","route":"/api/v1/auth/login","statusCode":200,"latencyMs":30.433,"msg":"request completed"}
{"level":30,"time":1789777709037,"pid":21053,"hostname":"Glebs-MacBook-Pro.local","reqId":"2785fce6-8bbb-4c99-9e90-779e7adfd027","event":"request_completed","requestId":"2785fce6-8bbb-4c99-9e90-779e7adfd027","method":"GET","route":"/api/v1/auth/me","statusCode":200,"latencyMs":14.496,"msg":"request completed"}
{"level":30,"time":1789777709065,"pid":21053,"hostname":"Glebs-MacBook-Pro.local","reqId":"c940ba32-d238-4173-ace1-efbeb654ea1f","event":"request_completed","requestId":"c940ba32-d238-4173-ace1-efbeb654ea1f","method":"GET","route":"/api/v1/notifications","statusCode":200,"latencyMs":40.65,"msg":"request completed"}
{"level":30,"time":1789777709101,"pid":21053,"hostname":"Glebs-MacBook-Pro.local","reqId":"61cb0bc9-0f49-4b70-8cc7-4226037276c3","event":"request_completed","requestId":"61cb0bc9-0f49-4b70-8cc7-4226037276c3","method":"GET","route":"/api/v1/auth/me","statusCode":200,"latencyMs":4.674,"msg":"request completed"}
{"level":30,"time":1789777709104,"pid":21053,"hostname":"Glebs-MacBook-Pro.local","reqId":"028a1009-99bd-467f-abe0-6a42e1d17015","event":"request_completed","requestId":"028a1009-99bd-467f-abe0-6a42e1d17015","method":"GET","route":"/api/v1/home","statusCode":200,"latencyMs":78.192,"msg":"request completed"}
{"level":30,"time":1789777709121,"pid":21053,"hostname":"Glebs-MacBook-Pro.local","reqId":"4d5f7963-a893-4c69-a328-92337068d336","event":"request_completed","requestId":"4d5f7963-a893-4c69-a328-92337068d336","method":"GET","route":"/api/v1/notifications","statusCode":200,"latencyMs":11.806,"msg":"request completed"}
{"level":30,"time":1789777709186,"pid":21053,"hostname":"Glebs-MacBook-Pro.local","reqId":"a5cba7dd-a746-4fa0-863a-af5f094f15b5","event":"request_completed","requestId":"a5cba7dd-a746-4fa0-863a-af5f094f15b5","method":"POST","route":"/api/v1/tournaments","statusCode":200,"latencyMs":34.285,"msg":"request completed"}
{"level":30,"time":1789777709208,"pid":21053,"hostname":"Glebs-MacBook-Pro.local","reqId":"6fc0566a-67cc-4eb8-bbd7-a0c9cfa9e39f","event":"request_completed","requestId":"6fc0566a-67cc-4eb8-bbd7-a0c9cfa9e39f","method":"GET","route":"/api/v1/tournaments/:id","statusCode":200,"latencyMs":16.984,"msg":"request completed"}
{"level":30,"time":1789777709221,"pid":21053,"hostname":"Glebs-MacBook-Pro.local","reqId":"52d24a3b-2638-4235-b2e8-37cfb86a2f92","event":"request_completed","requestId":"52d24a3b-2638-4235-b2e8-37cfb86a2f92","method":"GET","route":"/api/v1/users/directory","statusCode":200,"latencyMs":9.598,"msg":"request completed"}
{"level":30,"time":1789777709293,"pid":21053,"hostname":"Glebs-MacBook-Pro.local","reqId":"9ed4e039-5267-4ad8-9eac-4f62b3a40a08","event":"request_completed","requestId":"9ed4e039-5267-4ad8-9eac-4f62b3a40a08","method":"POST","route":"/api/v1/tournaments/:id/participants","statusCode":200,"latencyMs":25.029,"msg":"request completed"}
{"level":30,"time":1789777709325,"pid":21053,"hostname":"Glebs-MacBook-Pro.local","reqId":"2454e090-4e8f-4228-b7e9-bbe6b00fe640","event":"request_completed","requestId":"2454e090-4e8f-4228-b7e9-bbe6b00fe640","method":"POST","route":"/api/v1/tournaments/:id/participants","statusCode":200,"latencyMs":24.13,"msg":"request completed"}
{"level":30,"time":1789777709353,"pid":21053,"hostname":"Glebs-MacBook-Pro.local","reqId":"9ff804af-804b-42ce-a883-a2a781a8f0b6","event":"request_completed","requestId":"9ff804af-804b-42ce-a883-a2a781a8f0b6","method":"POST","route":"/api/v1/tournaments/:id/participants","statusCode":200,"latencyMs":23.939,"msg":"request completed"}
{"level":30,"time":1789777709380,"pid":21053,"hostname":"Glebs-MacBook-Pro.local","reqId":"6b54db49-4a88-4390-8d5b-39abb7c145de","event":"request_completed","requestId":"6b54db49-4a88-4390-8d5b-39abb7c145de","method":"POST","route":"/api/v1/tournaments/:id/participants","statusCode":200,"latencyMs":23.717,"msg":"request completed"}
{"level":30,"time":1789777709401,"pid":21053,"hostname":"Glebs-MacBook-Pro.local","reqId":"26c520c2-52ce-4096-8367-61f04597b74e","event":"request_completed","requestId":"26c520c2-52ce-4096-8367-61f04597b74e","method":"PATCH","route":"/api/v1/tournaments/:id","statusCode":200,"latencyMs":17.545,"msg":"request completed"}
{"level":30,"time":1789777709423,"pid":21053,"hostname":"Glebs-MacBook-Pro.local","reqId":"c7eabcb6-e5b8-42de-81e2-3d4a9bac42a5","event":"request_completed","requestId":"c7eabcb6-e5b8-42de-81e2-3d4a9bac42a5","method":"GET","route":"/api/v1/auth/me","statusCode":200,"latencyMs":4.573,"msg":"request completed"}
{"level":30,"time":1789777709439,"pid":21053,"hostname":"Glebs-MacBook-Pro.local","reqId":"c289994b-449f-435d-8e90-dccc1e84cf73","event":"request_completed","requestId":"c289994b-449f-435d-8e90-dccc1e84cf73","method":"GET","route":"/api/v1/notifications","statusCode":200,"latencyMs":12.852,"msg":"request completed"}
{"level":30,"time":1789777709441,"pid":21053,"hostname":"Glebs-MacBook-Pro.local","reqId":"a8a0a970-e238-440d-aacf-6defdd4ac99e","event":"request_completed","requestId":"a8a0a970-e238-440d-aacf-6defdd4ac99e","method":"GET","route":"/api/v1/tournaments/:id","statusCode":200,"latencyMs":14.474,"msg":"request completed"}
{"level":30,"time":1789777709449,"pid":21053,"hostname":"Glebs-MacBook-Pro.local","reqId":"f11fa421-3ad6-492b-a440-78978de646a1","event":"request_completed","requestId":"f11fa421-3ad6-492b-a440-78978de646a1","method":"GET","route":"/api/v1/users/directory","statusCode":200,"latencyMs":4.804,"msg":"request completed"}
{"level":30,"time":1789777709536,"pid":21053,"hostname":"Glebs-MacBook-Pro.local","reqId":"44f352f0-d55c-48c0-94cd-a03429d186c5","event":"request_completed","requestId":"44f352f0-d55c-48c0-94cd-a03429d186c5","method":"POST","route":"/api/v1/tournaments/:id/bracket","statusCode":200,"latencyMs":20.876,"msg":"request completed"}
{"level":30,"time":1789777709550,"pid":21053,"hostname":"Glebs-MacBook-Pro.local","reqId":"673a1dc9-3fe7-4169-8d83-cf8e703265a1","event":"request_completed","requestId":"673a1dc9-3fe7-4169-8d83-cf8e703265a1","method":"GET","route":"/api/v1/tournaments/:id","statusCode":200,"latencyMs":11.758,"msg":"request completed"}
{"level":30,"time":1789777709623,"pid":21053,"hostname":"Glebs-MacBook-Pro.local","reqId":"454753dd-ba51-43ec-a047-30b06d8a291b","event":"request_completed","requestId":"454753dd-ba51-43ec-a047-30b06d8a291b","method":"GET","route":"/api/v1/tournaments/:id","statusCode":200,"latencyMs":15.071,"msg":"request completed"}
{"level":30,"time":1789777709698,"pid":21053,"hostname":"Glebs-MacBook-Pro.local","reqId":"2dbc2310-5e31-42cf-8c32-b89f4be2bfe0","event":"request_completed","requestId":"2dbc2310-5e31-42cf-8c32-b89f4be2bfe0","method":"GET","route":"/api/v1/tournaments/:id","statusCode":200,"latencyMs":28.245,"msg":"request completed"}
{"level":30,"time":1789777709703,"pid":21053,"hostname":"Glebs-MacBook-Pro.local","reqId":"209bc150-6822-49cb-84aa-0d0cdff005d1","event":"request_completed","requestId":"209bc150-6822-49cb-84aa-0d0cdff005d1","method":"PATCH","route":"/api/v1/tournaments/:id/bracket","statusCode":200,"latencyMs":37.611,"msg":"request completed"}
{"level":30,"time":1789777709717,"pid":21053,"hostname":"Glebs-MacBook-Pro.local","reqId":"020e8706-d069-4798-9d4b-d3f57974da93","event":"request_completed","requestId":"020e8706-d069-4798-9d4b-d3f57974da93","method":"GET","route":"/api/v1/tournaments/:id","statusCode":200,"latencyMs":11.535,"msg":"request completed"}
{"level":30,"time":1789777709840,"pid":21053,"hostname":"Glebs-MacBook-Pro.local","reqId":"3f60cc08-2b70-4407-a0b3-2dde2fd4bcad","event":"request_completed","requestId":"3f60cc08-2b70-4407-a0b3-2dde2fd4bcad","method":"GET","route":"/api/v1/tournaments/:id","statusCode":200,"latencyMs":34.302,"msg":"request completed"}
{"level":30,"time":1789777710055,"pid":21053,"hostname":"Glebs-MacBook-Pro.local","reqId":"079ba863-c2de-401d-a49d-b06d633c8920","event":"request_completed","requestId":"079ba863-c2de-401d-a49d-b06d633c8920","method":"GET","route":"/api/v1/tournaments/:id","statusCode":200,"latencyMs":35.824,"msg":"request completed"}
{"level":30,"time":1789777710070,"pid":21053,"hostname":"Glebs-MacBook-Pro.local","reqId":"12b9d9ff-1545-4439-8719-91c2032ef2da","event":"request_completed","requestId":"12b9d9ff-1545-4439-8719-91c2032ef2da","method":"GET","route":"/api/v1/tournaments/:id","statusCode":200,"latencyMs":11.876,"msg":"request completed"}
{"level":30,"time":1789777710082,"pid":21053,"hostname":"Glebs-MacBook-Pro.local","reqId":"92a77d25-9f9c-457e-b197-31dab76a23ac","event":"request_completed","requestId":"92a77d25-9f9c-457e-b197-31dab76a23ac","method":"POST","route":"/api/v1/tournaments/:id/start","statusCode":200,"latencyMs":66.629,"msg":"request completed"}
{"level":30,"time":1789777710205,"pid":21053,"hostname":"Glebs-MacBook-Pro.local","reqId":"101c9d52-5935-4dcf-97da-087c700e2631","event":"request_completed","requestId":"101c9d52-5935-4dcf-97da-087c700e2631","method":"GET","route":"/api/v1/tournaments/:id","statusCode":200,"latencyMs":29.348,"msg":"request completed"}
{"level":30,"time":1789777710243,"pid":21053,"hostname":"Glebs-MacBook-Pro.local","reqId":"d5a73e36-d0e9-4519-9d8d-36738ce45850","event":"request_completed","requestId":"d5a73e36-d0e9-4519-9d8d-36738ce45850","method":"GET","route":"/api/v1/tournaments/:id","statusCode":200,"latencyMs":35.047,"msg":"request completed"}
{"level":30,"time":1789777710264,"pid":21053,"hostname":"Glebs-MacBook-Pro.local","reqId":"bdf800ed-2300-40d4-abd6-4a799f447237","event":"request_completed","requestId":"bdf800ed-2300-40d4-abd6-4a799f447237","method":"GET","route":"/api/v1/matches/:matchId","statusCode":200,"latencyMs":18.139,"msg":"request completed"}
{"level":30,"time":1789777710288,"pid":21053,"hostname":"Glebs-MacBook-Pro.local","reqId":"be6f0278-d6da-4d93-a56f-d0dd40e158a5","event":"request_completed","requestId":"be6f0278-d6da-4d93-a56f-d0dd40e158a5","method":"POST","route":"/api/v1/matches/:matchId/judge/acquire","statusCode":200,"latencyMs":21.176,"msg":"request completed"}
{"level":30,"time":1789777710319,"pid":21053,"hostname":"Glebs-MacBook-Pro.local","reqId":"0b2b79d1-998b-42b3-a96a-dc903c6d464d","event":"request_completed","requestId":"0b2b79d1-998b-42b3-a96a-dc903c6d464d","method":"POST","route":"/api/v1/matches/:matchId/start","statusCode":200,"latencyMs":26.694,"msg":"request completed"}
{"level":30,"time":1789777710345,"pid":21053,"hostname":"Glebs-MacBook-Pro.local","reqId":"6cf8596f-d199-47e6-a62f-90b62d718834","event":"request_completed","requestId":"6cf8596f-d199-47e6-a62f-90b62d718834","method":"POST","route":"/api/v1/matches/:matchId/points","statusCode":200,"latencyMs":21.382,"msg":"request completed"}
{"level":30,"time":1789777710406,"pid":21053,"hostname":"Glebs-MacBook-Pro.local","reqId":"c3e664b7-2ea3-443d-9b3d-88a3661555cc","event":"request_completed","requestId":"c3e664b7-2ea3-443d-9b3d-88a3661555cc","method":"POST","route":"/api/v1/matches/:matchId/confirm-finish","statusCode":200,"latencyMs":56.63,"msg":"request completed"}
{"level":30,"time":1789777710424,"pid":21053,"hostname":"Glebs-MacBook-Pro.local","reqId":"27ea1e27-349a-4bdd-9f6c-d968cca2f46a","event":"request_completed","requestId":"27ea1e27-349a-4bdd-9f6c-d968cca2f46a","method":"GET","route":"/api/v1/tournaments/:id","statusCode":200,"latencyMs":14.978,"msg":"request completed"}
{"level":30,"time":1789777710438,"pid":21053,"hostname":"Glebs-MacBook-Pro.local","reqId":"72fb5071-4d5f-4817-855f-aeb0134d3b1c","event":"request_completed","requestId":"72fb5071-4d5f-4817-855f-aeb0134d3b1c","method":"GET","route":"/api/v1/matches/:matchId","statusCode":200,"latencyMs":9.704,"msg":"request completed"}
{"level":30,"time":1789777710468,"pid":21053,"hostname":"Glebs-MacBook-Pro.local","reqId":"c5c60409-7f61-4804-8b4f-575d9a412ceb","event":"request_completed","requestId":"c5c60409-7f61-4804-8b4f-575d9a412ceb","method":"POST","route":"/api/v1/matches/:matchId/judge/acquire","statusCode":200,"latencyMs":26.562,"msg":"request completed"}
{"level":30,"time":1789777710512,"pid":21053,"hostname":"Glebs-MacBook-Pro.local","reqId":"ae84e342-2e12-4c2d-b280-0df00b33b3e0","event":"request_completed","requestId":"ae84e342-2e12-4c2d-b280-0df00b33b3e0","method":"POST","route":"/api/v1/matches/:matchId/start","statusCode":200,"latencyMs":39.69,"msg":"request completed"}
{"level":30,"time":1789777710544,"pid":21053,"hostname":"Glebs-MacBook-Pro.local","reqId":"867539bb-29b0-4b2e-bc27-ba887029afdb","event":"request_completed","requestId":"867539bb-29b0-4b2e-bc27-ba887029afdb","method":"POST","route":"/api/v1/matches/:matchId/points","statusCode":200,"latencyMs":26.687,"msg":"request completed"}
{"level":30,"time":1789777710596,"pid":21053,"hostname":"Glebs-MacBook-Pro.local","reqId":"354d9b3c-36a5-43cf-b2eb-b6fd1f6804be","event":"request_completed","requestId":"354d9b3c-36a5-43cf-b2eb-b6fd1f6804be","method":"POST","route":"/api/v1/matches/:matchId/confirm-finish","statusCode":200,"latencyMs":47.822,"msg":"request completed"}
{"level":30,"time":1789777710615,"pid":21053,"hostname":"Glebs-MacBook-Pro.local","reqId":"1624bbea-8fce-428c-8255-1a3ab24e1d28","event":"request_completed","requestId":"1624bbea-8fce-428c-8255-1a3ab24e1d28","method":"GET","route":"/api/v1/tournaments/:id","statusCode":200,"latencyMs":14.658,"msg":"request completed"}
{"level":30,"time":1789777710628,"pid":21053,"hostname":"Glebs-MacBook-Pro.local","reqId":"ac760116-23c5-46f9-80da-bef34e4172d0","event":"request_completed","requestId":"ac760116-23c5-46f9-80da-bef34e4172d0","method":"GET","route":"/api/v1/matches/:matchId","statusCode":200,"latencyMs":9.702,"msg":"request completed"}
{"level":30,"time":1789777710656,"pid":21053,"hostname":"Glebs-MacBook-Pro.local","reqId":"789e94f9-f939-403d-a062-8de67ca6f978","event":"request_completed","requestId":"789e94f9-f939-403d-a062-8de67ca6f978","method":"POST","route":"/api/v1/matches/:matchId/judge/acquire","statusCode":200,"latencyMs":24.823,"msg":"request completed"}
{"level":30,"time":1789777710691,"pid":21053,"hostname":"Glebs-MacBook-Pro.local","reqId":"3a4202bc-9734-4f97-908f-4bb57ac78fe8","event":"request_completed","requestId":"3a4202bc-9734-4f97-908f-4bb57ac78fe8","method":"POST","route":"/api/v1/matches/:matchId/start","statusCode":200,"latencyMs":30.899,"msg":"request completed"}
{"level":30,"time":1789777710720,"pid":21053,"hostname":"Glebs-MacBook-Pro.local","reqId":"0f9eb543-f636-456f-a0f3-0ae217359c63","event":"request_completed","requestId":"0f9eb543-f636-456f-a0f3-0ae217359c63","method":"POST","route":"/api/v1/matches/:matchId/points","statusCode":200,"latencyMs":24.669,"msg":"request completed"}
{"level":30,"time":1789777710794,"pid":21053,"hostname":"Glebs-MacBook-Pro.local","reqId":"e41f47a3-3c44-467a-8e52-1c1704114c39","event":"request_completed","requestId":"e41f47a3-3c44-467a-8e52-1c1704114c39","method":"POST","route":"/api/v1/matches/:matchId/confirm-finish","statusCode":200,"latencyMs":70.188,"msg":"request completed"}
{"level":30,"time":1789777710813,"pid":21053,"hostname":"Glebs-MacBook-Pro.local","reqId":"d0e96f7a-5b46-4737-87a6-3db6d4ab0bdb","event":"request_completed","requestId":"d0e96f7a-5b46-4737-87a6-3db6d4ab0bdb","method":"GET","route":"/api/v1/tournaments/:id","statusCode":200,"latencyMs":15.253,"msg":"request completed"}
{"level":30,"time":1789777710829,"pid":21053,"hostname":"Glebs-MacBook-Pro.local","reqId":"c00d9e76-4d44-418f-8895-ee399ca3ecb8","event":"request_completed","requestId":"c00d9e76-4d44-418f-8895-ee399ca3ecb8","method":"GET","route":"/api/v1/matches/:matchId","statusCode":200,"latencyMs":11.596,"msg":"request completed"}
{"level":30,"time":1789777710859,"pid":21053,"hostname":"Glebs-MacBook-Pro.local","reqId":"1bf9a093-1473-4399-bcc5-bbbb3a3d9bcc","event":"request_completed","requestId":"1bf9a093-1473-4399-bcc5-bbbb3a3d9bcc","method":"POST","route":"/api/v1/matches/:matchId/judge/acquire","statusCode":200,"latencyMs":26.651,"msg":"request completed"}
{"level":30,"time":1789777710900,"pid":21053,"hostname":"Glebs-MacBook-Pro.local","reqId":"6c98e4ba-71fe-4ef6-9d75-97a011503a16","event":"request_completed","requestId":"6c98e4ba-71fe-4ef6-9d75-97a011503a16","method":"POST","route":"/api/v1/matches/:matchId/start","statusCode":200,"latencyMs":36.594,"msg":"request completed"}
{"level":30,"time":1789777710934,"pid":21053,"hostname":"Glebs-MacBook-Pro.local","reqId":"562b086a-ba30-4b16-b6b9-119939c6a011","event":"request_completed","requestId":"562b086a-ba30-4b16-b6b9-119939c6a011","method":"POST","route":"/api/v1/matches/:matchId/points","statusCode":200,"latencyMs":29.475,"msg":"request completed"}
{"level":30,"time":1789777710983,"pid":21053,"hostname":"Glebs-MacBook-Pro.local","reqId":"7f4c9a62-fd9b-4339-b26a-634d18e5ee22","event":"request_completed","requestId":"7f4c9a62-fd9b-4339-b26a-634d18e5ee22","method":"POST","route":"/api/v1/matches/:matchId/confirm-finish","statusCode":200,"latencyMs":45.358,"msg":"request completed"}
{"level":30,"time":1789777711001,"pid":21053,"hostname":"Glebs-MacBook-Pro.local","reqId":"1920d40c-30d0-44e3-961d-73d697ab58dd","event":"request_completed","requestId":"1920d40c-30d0-44e3-961d-73d697ab58dd","method":"GET","route":"/api/v1/tournaments/:id","statusCode":200,"latencyMs":13.397,"msg":"request completed"}
{"level":30,"time":1789777711014,"pid":21053,"hostname":"Glebs-MacBook-Pro.local","reqId":"f8ec556d-3a26-4484-a9e9-0f65401eec85","event":"request_completed","requestId":"f8ec556d-3a26-4484-a9e9-0f65401eec85","method":"GET","route":"/api/v1/matches/:matchId","statusCode":200,"latencyMs":9.626,"msg":"request completed"}
{"level":30,"time":1789777711040,"pid":21053,"hostname":"Glebs-MacBook-Pro.local","reqId":"f4890fed-411f-4536-a8db-ee356e9fa301","event":"request_completed","requestId":"f4890fed-411f-4536-a8db-ee356e9fa301","method":"POST","route":"/api/v1/matches/:matchId/judge/acquire","statusCode":200,"latencyMs":22.962,"msg":"request completed"}
{"level":30,"time":1789777711075,"pid":21053,"hostname":"Glebs-MacBook-Pro.local","reqId":"8d30610e-3fc1-41ab-b2b0-e30b8441ed57","event":"request_completed","requestId":"8d30610e-3fc1-41ab-b2b0-e30b8441ed57","method":"POST","route":"/api/v1/matches/:matchId/start","statusCode":200,"latencyMs":31.363,"msg":"request completed"}
{"level":30,"time":1789777711102,"pid":21053,"hostname":"Glebs-MacBook-Pro.local","reqId":"e0369f3e-2eb6-4803-a3f2-0bff04ba8feb","event":"request_completed","requestId":"e0369f3e-2eb6-4803-a3f2-0bff04ba8feb","method":"POST","route":"/api/v1/matches/:matchId/points","statusCode":200,"latencyMs":22.712,"msg":"request completed"}
{"level":30,"time":1789777711149,"pid":21053,"hostname":"Glebs-MacBook-Pro.local","reqId":"428d5620-102f-4e9a-94cc-54956e77f738","event":"request_completed","requestId":"428d5620-102f-4e9a-94cc-54956e77f738","method":"POST","route":"/api/v1/matches/:matchId/confirm-finish","statusCode":200,"latencyMs":40.957,"msg":"request completed"}
{"level":30,"time":1789777711164,"pid":21053,"hostname":"Glebs-MacBook-Pro.local","reqId":"5cf1fcaa-5acc-44fc-99d0-e9d0ad97056d","event":"request_completed","requestId":"5cf1fcaa-5acc-44fc-99d0-e9d0ad97056d","method":"GET","route":"/api/v1/tournaments/:id","statusCode":200,"latencyMs":10.939,"msg":"request completed"}
{"level":30,"time":1789777711178,"pid":21053,"hostname":"Glebs-MacBook-Pro.local","reqId":"554c2822-133c-48f6-a28e-8bb3fb489d10","event":"request_completed","requestId":"554c2822-133c-48f6-a28e-8bb3fb489d10","method":"GET","route":"/api/v1/tournaments/:id","statusCode":200,"latencyMs":11.034,"msg":"request completed"}
{"level":30,"time":1789777711204,"pid":21053,"hostname":"Glebs-MacBook-Pro.local","reqId":"6f2d8c6e-76e6-49c6-a663-b7d4b900e00d","event":"request_completed","requestId":"6f2d8c6e-76e6-49c6-a663-b7d4b900e00d","method":"GET","route":"/api/v1/auth/me","statusCode":200,"latencyMs":7.378,"msg":"request completed"}
{"level":30,"time":1789777711235,"pid":21053,"hostname":"Glebs-MacBook-Pro.local","reqId":"432c1c72-7c95-4d52-8608-3cc04cc565ac","event":"request_completed","requestId":"432c1c72-7c95-4d52-8608-3cc04cc565ac","method":"GET","route":"/api/v1/notifications","statusCode":200,"latencyMs":18.237,"msg":"request completed"}
{"level":30,"time":1789777711238,"pid":21053,"hostname":"Glebs-MacBook-Pro.local","reqId":"808b683f-6051-46eb-a4f5-92581a3156ea","event":"request_completed","requestId":"808b683f-6051-46eb-a4f5-92581a3156ea","method":"GET","route":"/api/v1/tournaments/:id","statusCode":200,"latencyMs":21.791,"msg":"request completed"}
  ✓  47 [chromium-mobile-390] › tests/e2e/wave-d-tournaments.spec.ts:19:7 › Wave D tournament single_elimination/5 roster, seed edit, complete and results (3.0s)
{"level":30,"time":1789777711501,"pid":21053,"hostname":"Glebs-MacBook-Pro.local","reqId":"7f4699d4-a9f6-41eb-a919-0aae92e42541","event":"request_completed","requestId":"7f4699d4-a9f6-41eb-a919-0aae92e42541","method":"GET","route":"/health","statusCode":200,"latencyMs":0.155,"msg":"request completed"}
{"level":30,"time":1789777711532,"pid":21053,"hostname":"Glebs-MacBook-Pro.local","reqId":"9c09e894-d2cb-4346-9d8e-964c1d370a27","event":"request_completed","requestId":"9c09e894-d2cb-4346-9d8e-964c1d370a27","method":"POST","route":"/api/v1/auth/login","statusCode":200,"latencyMs":27.886,"msg":"request completed"}
{"level":30,"time":1789777711550,"pid":21053,"hostname":"Glebs-MacBook-Pro.local","reqId":"9eceeefa-d280-426e-a713-1b664cc06043","event":"request_completed","requestId":"9eceeefa-d280-426e-a713-1b664cc06043","method":"PATCH","route":"/api/v1/me/onboarding","statusCode":200,"latencyMs":14.139,"msg":"request completed"}
{"level":30,"time":1789777711817,"pid":21053,"hostname":"Glebs-MacBook-Pro.local","reqId":"49d6c9c4-9eeb-4611-b577-5e05d7aeaf1b","event":"request_completed","requestId":"49d6c9c4-9eeb-4611-b577-5e05d7aeaf1b","method":"GET","route":"/api/v1/auth/me","statusCode":401,"latencyMs":0.186,"msg":"request completed"}
{"level":30,"time":1789777711996,"pid":21053,"hostname":"Glebs-MacBook-Pro.local","reqId":"21aa341e-1c7a-47d3-bcc4-5419a41f0bf4","event":"request_completed","requestId":"21aa341e-1c7a-47d3-bcc4-5419a41f0bf4","method":"POST","route":"/api/v1/auth/login","statusCode":200,"latencyMs":30.195,"msg":"request completed"}
{"level":30,"time":1789777712012,"pid":21053,"hostname":"Glebs-MacBook-Pro.local","reqId":"2f170f85-ad02-49ae-9516-0ace844494d7","event":"request_completed","requestId":"2f170f85-ad02-49ae-9516-0ace844494d7","method":"GET","route":"/api/v1/auth/me","statusCode":200,"latencyMs":13.305,"msg":"request completed"}
{"level":30,"time":1789777712036,"pid":21053,"hostname":"Glebs-MacBook-Pro.local","reqId":"a5923435-e308-4016-9e98-836c49094a20","event":"request_completed","requestId":"a5923435-e308-4016-9e98-836c49094a20","method":"GET","route":"/api/v1/notifications","statusCode":200,"latencyMs":36.03,"msg":"request completed"}
{"level":30,"time":1789777712072,"pid":21053,"hostname":"Glebs-MacBook-Pro.local","reqId":"90cfd381-7c79-4341-900a-77b48adb3bef","event":"request_completed","requestId":"90cfd381-7c79-4341-900a-77b48adb3bef","method":"GET","route":"/api/v1/home","statusCode":200,"latencyMs":69.335,"msg":"request completed"}
{"level":30,"time":1789777712077,"pid":21053,"hostname":"Glebs-MacBook-Pro.local","reqId":"f14dc94f-8fd3-406d-993c-45b045b9a11b","event":"request_completed","requestId":"f14dc94f-8fd3-406d-993c-45b045b9a11b","method":"GET","route":"/api/v1/auth/me","statusCode":200,"latencyMs":4.289,"msg":"request completed"}
{"level":30,"time":1789777712098,"pid":21053,"hostname":"Glebs-MacBook-Pro.local","reqId":"f73134bb-3dde-43d0-aca6-8f4572ac15b3","event":"request_completed","requestId":"f73134bb-3dde-43d0-aca6-8f4572ac15b3","method":"GET","route":"/api/v1/notifications","statusCode":200,"latencyMs":13.289,"msg":"request completed"}
{"level":30,"time":1789777712159,"pid":21053,"hostname":"Glebs-MacBook-Pro.local","reqId":"53876bba-c0cf-4651-8eed-9b981af0375c","event":"request_completed","requestId":"53876bba-c0cf-4651-8eed-9b981af0375c","method":"POST","route":"/api/v1/tournaments","statusCode":200,"latencyMs":31.071,"msg":"request completed"}
{"level":30,"time":1789777712179,"pid":21053,"hostname":"Glebs-MacBook-Pro.local","reqId":"9bfc12c3-0ecb-4063-be8d-313fa1624bdb","event":"request_completed","requestId":"9bfc12c3-0ecb-4063-be8d-313fa1624bdb","method":"GET","route":"/api/v1/tournaments/:id","statusCode":200,"latencyMs":15.956,"msg":"request completed"}
{"level":30,"time":1789777712190,"pid":21053,"hostname":"Glebs-MacBook-Pro.local","reqId":"050c0ebc-e96f-4bbf-8add-b3789f4b40d8","event":"request_completed","requestId":"050c0ebc-e96f-4bbf-8add-b3789f4b40d8","method":"GET","route":"/api/v1/users/directory","statusCode":200,"latencyMs":7.115,"msg":"request completed"}
{"level":30,"time":1789777712308,"pid":21053,"hostname":"Glebs-MacBook-Pro.local","reqId":"29f4fad4-a9f9-46f7-a8e3-2cc2c98591a1","event":"request_completed","requestId":"29f4fad4-a9f9-46f7-a8e3-2cc2c98591a1","method":"POST","route":"/api/v1/tournaments/:id/participants","statusCode":200,"latencyMs":62.34,"msg":"request completed"}
{"level":30,"time":1789777712372,"pid":21053,"hostname":"Glebs-MacBook-Pro.local","reqId":"a0ebad31-f6b9-4613-829d-e26ae74768ab","event":"request_completed","requestId":"a0ebad31-f6b9-4613-829d-e26ae74768ab","method":"POST","route":"/api/v1/tournaments/:id/participants","statusCode":200,"latencyMs":40.4,"msg":"request completed"}
{"level":30,"time":1789777712408,"pid":21053,"hostname":"Glebs-MacBook-Pro.local","reqId":"e9e7a09b-fead-4d7f-beb7-73f8aae89ca3","event":"request_completed","requestId":"e9e7a09b-fead-4d7f-beb7-73f8aae89ca3","method":"POST","route":"/api/v1/tournaments/:id/participants","statusCode":200,"latencyMs":32.107,"msg":"request completed"}
{"level":30,"time":1789777712448,"pid":21053,"hostname":"Glebs-MacBook-Pro.local","reqId":"09072245-92c4-4043-b907-534904b0cd26","event":"request_completed","requestId":"09072245-92c4-4043-b907-534904b0cd26","method":"POST","route":"/api/v1/tournaments/:id/participants","statusCode":200,"latencyMs":35.807,"msg":"request completed"}
{"level":30,"time":1789777712485,"pid":21053,"hostname":"Glebs-MacBook-Pro.local","reqId":"4ba812f2-2786-4b84-8120-54045b5d9f06","event":"request_completed","requestId":"4ba812f2-2786-4b84-8120-54045b5d9f06","method":"POST","route":"/api/v1/tournaments/:id/participants","statusCode":200,"latencyMs":32.954,"msg":"request completed"}
{"level":30,"time":1789777712523,"pid":21053,"hostname":"Glebs-MacBook-Pro.local","reqId":"87460090-17ec-4688-af0a-a2f0c6cd976c","event":"request_completed","requestId":"87460090-17ec-4688-af0a-a2f0c6cd976c","method":"POST","route":"/api/v1/tournaments/:id/participants","statusCode":200,"latencyMs":33.422,"msg":"request completed"}
{"level":30,"time":1789777712552,"pid":21053,"hostname":"Glebs-MacBook-Pro.local","reqId":"3f9f0fc4-28ae-483f-a889-5ade9567f38f","event":"request_completed","requestId":"3f9f0fc4-28ae-483f-a889-5ade9567f38f","method":"POST","route":"/api/v1/tournaments/:id/participants","statusCode":200,"latencyMs":26.173,"msg":"request completed"}
{"level":30,"time":1789777712576,"pid":21053,"hostname":"Glebs-MacBook-Pro.local","reqId":"4747dd73-fd21-4633-9649-62d4e1a08ec2","event":"request_completed","requestId":"4747dd73-fd21-4633-9649-62d4e1a08ec2","method":"PATCH","route":"/api/v1/tournaments/:id","statusCode":200,"latencyMs":19.311,"msg":"request completed"}
{"level":30,"time":1789777712601,"pid":21053,"hostname":"Glebs-MacBook-Pro.local","reqId":"a0878eed-bce5-412b-baaf-dee0aa79852f","event":"request_completed","requestId":"a0878eed-bce5-412b-baaf-dee0aa79852f","method":"GET","route":"/api/v1/auth/me","statusCode":200,"latencyMs":7.995,"msg":"request completed"}
{"level":30,"time":1789777712636,"pid":21053,"hostname":"Glebs-MacBook-Pro.local","reqId":"9168e23b-74f3-4da4-921c-2c3dcc1d980e","event":"request_completed","requestId":"9168e23b-74f3-4da4-921c-2c3dcc1d980e","method":"GET","route":"/api/v1/notifications","statusCode":200,"latencyMs":28.001,"msg":"request completed"}
{"level":30,"time":1789777712640,"pid":21053,"hostname":"Glebs-MacBook-Pro.local","reqId":"5cb31e4a-c1be-4164-9f15-3efd68b49089","event":"request_completed","requestId":"5cb31e4a-c1be-4164-9f15-3efd68b49089","method":"GET","route":"/api/v1/tournaments/:id","statusCode":200,"latencyMs":31.646,"msg":"request completed"}
{"level":30,"time":1789777712653,"pid":21053,"hostname":"Glebs-MacBook-Pro.local","reqId":"41f1fb67-2468-4f82-925d-f1a566108c1f","event":"request_completed","requestId":"41f1fb67-2468-4f82-925d-f1a566108c1f","method":"GET","route":"/api/v1/users/directory","statusCode":200,"latencyMs":9.515,"msg":"request completed"}
{"level":30,"time":1789777712774,"pid":21053,"hostname":"Glebs-MacBook-Pro.local","reqId":"4b78ba98-cd17-4b66-933d-8d502d525964","event":"request_completed","requestId":"4b78ba98-cd17-4b66-933d-8d502d525964","method":"POST","route":"/api/v1/tournaments/:id/bracket","statusCode":200,"latencyMs":48.112,"msg":"request completed"}
{"level":30,"time":1789777712805,"pid":21053,"hostname":"Glebs-MacBook-Pro.local","reqId":"229a1384-9a7e-47c7-a829-9b903989db26","event":"request_completed","requestId":"229a1384-9a7e-47c7-a829-9b903989db26","method":"GET","route":"/api/v1/tournaments/:id","statusCode":200,"latencyMs":28.944,"msg":"request completed"}
{"level":30,"time":1789777712853,"pid":21053,"hostname":"Glebs-MacBook-Pro.local","reqId":"512f81a2-bd6e-422a-93de-83524eeee1e0","event":"request_completed","requestId":"512f81a2-bd6e-422a-93de-83524eeee1e0","method":"GET","route":"/api/v1/tournaments/:id","statusCode":200,"latencyMs":28.87,"msg":"request completed"}
{"level":30,"time":1789777712954,"pid":21053,"hostname":"Glebs-MacBook-Pro.local","reqId":"41eda78d-ac32-4ea9-bb45-656897262334","event":"request_completed","requestId":"41eda78d-ac32-4ea9-bb45-656897262334","method":"GET","route":"/api/v1/tournaments/:id","statusCode":200,"latencyMs":38.319,"msg":"request completed"}
{"level":30,"time":1789777712961,"pid":21053,"hostname":"Glebs-MacBook-Pro.local","reqId":"957bc9aa-dc91-4519-a506-300a54de5a4e","event":"request_completed","requestId":"957bc9aa-dc91-4519-a506-300a54de5a4e","method":"PATCH","route":"/api/v1/tournaments/:id/bracket","statusCode":200,"latencyMs":49.842,"msg":"request completed"}
{"level":30,"time":1789777712975,"pid":21053,"hostname":"Glebs-MacBook-Pro.local","reqId":"209e24c2-9d4f-460b-aa19-b6166e958967","event":"request_completed","requestId":"209e24c2-9d4f-460b-aa19-b6166e958967","method":"GET","route":"/api/v1/tournaments/:id","statusCode":200,"latencyMs":12.119,"msg":"request completed"}
{"level":30,"time":1789777713095,"pid":21053,"hostname":"Glebs-MacBook-Pro.local","reqId":"79a23eda-cd59-4ed1-9b2d-27f9f3b182aa","event":"request_completed","requestId":"79a23eda-cd59-4ed1-9b2d-27f9f3b182aa","method":"GET","route":"/api/v1/tournaments/:id","statusCode":200,"latencyMs":35.676,"msg":"request completed"}
{"level":30,"time":1789777713301,"pid":21053,"hostname":"Glebs-MacBook-Pro.local","reqId":"e1aebcc2-e0b7-459b-8b6e-19870de20960","event":"request_completed","requestId":"e1aebcc2-e0b7-459b-8b6e-19870de20960","method":"GET","route":"/api/v1/tournaments/:id","statusCode":200,"latencyMs":20.391,"msg":"request completed"}
{"level":30,"time":1789777713323,"pid":21053,"hostname":"Glebs-MacBook-Pro.local","reqId":"107512ff-3768-45ef-b22f-5e808e459fef","event":"request_completed","requestId":"107512ff-3768-45ef-b22f-5e808e459fef","method":"GET","route":"/api/v1/tournaments/:id","statusCode":200,"latencyMs":19.034,"msg":"request completed"}
{"level":30,"time":1789777713368,"pid":21053,"hostname":"Glebs-MacBook-Pro.local","reqId":"6026e30d-72fe-4086-b438-7c40f90c9e24","event":"request_completed","requestId":"6026e30d-72fe-4086-b438-7c40f90c9e24","method":"POST","route":"/api/v1/tournaments/:id/start","statusCode":200,"latencyMs":92.142,"msg":"request completed"}
{"level":30,"time":1789777713440,"pid":21053,"hostname":"Glebs-MacBook-Pro.local","reqId":"bd4be219-b4c9-4f17-93f0-29860d4c0ef3","event":"request_completed","requestId":"bd4be219-b4c9-4f17-93f0-29860d4c0ef3","method":"GET","route":"/api/v1/tournaments/:id","statusCode":200,"latencyMs":12.29,"msg":"request completed"}
{"level":30,"time":1789777713521,"pid":21053,"hostname":"Glebs-MacBook-Pro.local","reqId":"9f622b65-c011-4670-82a6-2d7a7870f513","event":"request_completed","requestId":"9f622b65-c011-4670-82a6-2d7a7870f513","method":"GET","route":"/api/v1/matches/:matchId","statusCode":200,"latencyMs":9.848,"msg":"request completed"}
{"level":30,"time":1789777713543,"pid":21053,"hostname":"Glebs-MacBook-Pro.local","reqId":"e7925e4a-7e3c-4f6f-973f-a4f337f63e64","event":"request_completed","requestId":"e7925e4a-7e3c-4f6f-973f-a4f337f63e64","method":"POST","route":"/api/v1/matches/:matchId/judge/acquire","statusCode":200,"latencyMs":19.615,"msg":"request completed"}
{"level":30,"time":1789777713555,"pid":21053,"hostname":"Glebs-MacBook-Pro.local","reqId":"1f1006bd-2301-4bb4-8d28-421354e92cbe","event":"request_completed","requestId":"1f1006bd-2301-4bb4-8d28-421354e92cbe","method":"GET","route":"/api/v1/matches/:matchId","statusCode":200,"latencyMs":9.819,"msg":"request completed"}
{"level":30,"time":1789777713564,"pid":21053,"hostname":"Glebs-MacBook-Pro.local","reqId":"62d35dbd-e09f-4469-a821-8292aa6ef615","event":"request_completed","requestId":"62d35dbd-e09f-4469-a821-8292aa6ef615","method":"POST","route":"/api/v1/matches/:matchId/judge/heartbeat","statusCode":200,"latencyMs":5.819,"msg":"request completed"}
{"level":30,"time":1789777713575,"pid":21053,"hostname":"Glebs-MacBook-Pro.local","reqId":"36777419-d6be-4e1c-873b-6112fa5553c5","event":"request_completed","requestId":"36777419-d6be-4e1c-873b-6112fa5553c5","method":"GET","route":"/api/v1/matches/:matchId","statusCode":200,"latencyMs":9.414,"msg":"request completed"}
{"level":30,"time":1789777713617,"pid":21053,"hostname":"Glebs-MacBook-Pro.local","reqId":"a4404cd6-a129-404c-9fe5-3c9509d0e09c","event":"request_completed","requestId":"a4404cd6-a129-404c-9fe5-3c9509d0e09c","method":"POST","route":"/api/v1/matches/:matchId/judge/release","statusCode":200,"latencyMs":8.546,"msg":"request completed"}
{"level":30,"time":1789777713643,"pid":21053,"hostname":"Glebs-MacBook-Pro.local","reqId":"421d91ee-1082-43bb-a17c-05bb5ed4f7ba","event":"request_completed","requestId":"421d91ee-1082-43bb-a17c-05bb5ed4f7ba","method":"GET","route":"/api/v1/notifications","statusCode":200,"latencyMs":18.212,"msg":"request completed"}
{"level":30,"time":1789777713647,"pid":21053,"hostname":"Glebs-MacBook-Pro.local","reqId":"d1aba84d-7b5f-464c-9582-4460365e81c7","event":"request_completed","requestId":"d1aba84d-7b5f-464c-9582-4460365e81c7","method":"GET","route":"/api/v1/tournaments/:id","statusCode":200,"latencyMs":22.037,"msg":"request completed"}
{"level":30,"time":1789777713698,"pid":21053,"hostname":"Glebs-MacBook-Pro.local","reqId":"361c1228-c602-47f9-9808-25635f233828","event":"request_completed","requestId":"361c1228-c602-47f9-9808-25635f233828","method":"GET","route":"/api/v1/tournaments/:id","statusCode":200,"latencyMs":29.419,"msg":"request completed"}
{"level":30,"time":1789777713716,"pid":21053,"hostname":"Glebs-MacBook-Pro.local","reqId":"016c1708-a983-4cf6-b9ee-ebde09c7a129","event":"request_completed","requestId":"016c1708-a983-4cf6-b9ee-ebde09c7a129","method":"GET","route":"/api/v1/matches/:matchId","statusCode":200,"latencyMs":14.642,"msg":"request completed"}
{"level":30,"time":1789777713748,"pid":21053,"hostname":"Glebs-MacBook-Pro.local","reqId":"7cd8ad17-0d68-4694-b699-1ecbe7b30550","event":"request_completed","requestId":"7cd8ad17-0d68-4694-b699-1ecbe7b30550","method":"POST","route":"/api/v1/matches/:matchId/judge/acquire","statusCode":200,"latencyMs":28.495,"msg":"request completed"}
{"level":30,"time":1789777713779,"pid":21053,"hostname":"Glebs-MacBook-Pro.local","reqId":"accd6ead-cd81-46c1-b737-8527572b61ff","event":"request_completed","requestId":"accd6ead-cd81-46c1-b737-8527572b61ff","method":"POST","route":"/api/v1/matches/:matchId/start","statusCode":200,"latencyMs":26.483,"msg":"request completed"}
{"level":30,"time":1789777713803,"pid":21053,"hostname":"Glebs-MacBook-Pro.local","reqId":"1848d2ea-a88c-4c88-8822-5377712377a1","event":"request_completed","requestId":"1848d2ea-a88c-4c88-8822-5377712377a1","method":"POST","route":"/api/v1/matches/:matchId/points","statusCode":200,"latencyMs":20.514,"msg":"request completed"}
{"level":30,"time":1789777713850,"pid":21053,"hostname":"Glebs-MacBook-Pro.local","reqId":"9ced9690-35b0-4cb1-bd02-9908969ba823","event":"request_completed","requestId":"9ced9690-35b0-4cb1-bd02-9908969ba823","method":"POST","route":"/api/v1/matches/:matchId/confirm-finish","statusCode":200,"latencyMs":42.355,"msg":"request completed"}
{"level":30,"time":1789777713867,"pid":21053,"hostname":"Glebs-MacBook-Pro.local","reqId":"c20b3f70-3c44-4686-ba2b-cfea216e61cc","event":"request_completed","requestId":"c20b3f70-3c44-4686-ba2b-cfea216e61cc","method":"GET","route":"/api/v1/tournaments/:id","statusCode":200,"latencyMs":13.682,"msg":"request completed"}
{"level":30,"time":1789777713879,"pid":21053,"hostname":"Glebs-MacBook-Pro.local","reqId":"351fbf52-a43a-45db-8c01-e16261cdc141","event":"request_completed","requestId":"351fbf52-a43a-45db-8c01-e16261cdc141","method":"GET","route":"/api/v1/matches/:matchId","statusCode":200,"latencyMs":8.689,"msg":"request completed"}
{"level":30,"time":1789777713906,"pid":21053,"hostname":"Glebs-MacBook-Pro.local","reqId":"ad287bec-ab07-49b6-8677-dfc253628b9d","event":"request_completed","requestId":"ad287bec-ab07-49b6-8677-dfc253628b9d","method":"POST","route":"/api/v1/matches/:matchId/judge/acquire","statusCode":200,"latencyMs":23.522,"msg":"request completed"}
{"level":30,"time":1789777713938,"pid":21053,"hostname":"Glebs-MacBook-Pro.local","reqId":"f9c04298-a5f2-4167-b7a0-25864f824eb7","event":"request_completed","requestId":"f9c04298-a5f2-4167-b7a0-25864f824eb7","method":"POST","route":"/api/v1/matches/:matchId/start","statusCode":200,"latencyMs":28.228,"msg":"request completed"}
{"level":30,"time":1789777713964,"pid":21053,"hostname":"Glebs-MacBook-Pro.local","reqId":"d7815f9e-81cc-47ae-92ff-cb8f3e82830b","event":"request_completed","requestId":"d7815f9e-81cc-47ae-92ff-cb8f3e82830b","method":"POST","route":"/api/v1/matches/:matchId/points","statusCode":200,"latencyMs":22.305,"msg":"request completed"}
{"level":30,"time":1789777714007,"pid":21053,"hostname":"Glebs-MacBook-Pro.local","reqId":"f96cd021-f0da-4aa3-b2d2-755c959d28a2","event":"request_completed","requestId":"f96cd021-f0da-4aa3-b2d2-755c959d28a2","method":"POST","route":"/api/v1/matches/:matchId/confirm-finish","statusCode":200,"latencyMs":39.247,"msg":"request completed"}
{"level":30,"time":1789777714026,"pid":21053,"hostname":"Glebs-MacBook-Pro.local","reqId":"5a8529bd-b7d8-4b6f-a581-c20a0ac707ff","event":"request_completed","requestId":"5a8529bd-b7d8-4b6f-a581-c20a0ac707ff","method":"GET","route":"/api/v1/tournaments/:id","statusCode":200,"latencyMs":14.268,"msg":"request completed"}
{"level":30,"time":1789777714039,"pid":21053,"hostname":"Glebs-MacBook-Pro.local","reqId":"6ed30dce-6820-410b-a3c8-ee0e40deb565","event":"request_completed","requestId":"6ed30dce-6820-410b-a3c8-ee0e40deb565","method":"GET","route":"/api/v1/matches/:matchId","statusCode":200,"latencyMs":9.889,"msg":"request completed"}
{"level":30,"time":1789777714066,"pid":21053,"hostname":"Glebs-MacBook-Pro.local","reqId":"e2de7805-15c1-497b-b81a-85ba72a4810f","event":"request_completed","requestId":"e2de7805-15c1-497b-b81a-85ba72a4810f","method":"POST","route":"/api/v1/matches/:matchId/judge/acquire","statusCode":200,"latencyMs":23.589,"msg":"request completed"}
{"level":30,"time":1789777714110,"pid":21053,"hostname":"Glebs-MacBook-Pro.local","reqId":"ae0e1eff-8fad-4de4-ae01-65dd9dcd6749","event":"request_completed","requestId":"ae0e1eff-8fad-4de4-ae01-65dd9dcd6749","method":"POST","route":"/api/v1/matches/:matchId/start","statusCode":200,"latencyMs":39.601,"msg":"request completed"}
{"level":30,"time":1789777714139,"pid":21053,"hostname":"Glebs-MacBook-Pro.local","reqId":"55288008-b547-4252-ac5c-c04d10b2fbda","event":"request_completed","requestId":"55288008-b547-4252-ac5c-c04d10b2fbda","method":"POST","route":"/api/v1/matches/:matchId/points","statusCode":200,"latencyMs":24.466,"msg":"request completed"}
{"level":30,"time":1789777714202,"pid":21053,"hostname":"Glebs-MacBook-Pro.local","reqId":"81ba3892-4c4b-440b-bc09-4159205cb5e6","event":"request_completed","requestId":"81ba3892-4c4b-440b-bc09-4159205cb5e6","method":"POST","route":"/api/v1/matches/:matchId/confirm-finish","statusCode":200,"latencyMs":59.092,"msg":"request completed"}
{"level":30,"time":1789777714220,"pid":21053,"hostname":"Glebs-MacBook-Pro.local","reqId":"e924990b-fab9-4b8a-bd46-4ae55e0c077a","event":"request_completed","requestId":"e924990b-fab9-4b8a-bd46-4ae55e0c077a","method":"GET","route":"/api/v1/tournaments/:id","statusCode":200,"latencyMs":14.33,"msg":"request completed"}
{"level":30,"time":1789777714233,"pid":21053,"hostname":"Glebs-MacBook-Pro.local","reqId":"160eb3aa-5f8a-424a-a223-e9469c5c4d2d","event":"request_completed","requestId":"160eb3aa-5f8a-424a-a223-e9469c5c4d2d","method":"GET","route":"/api/v1/matches/:matchId","statusCode":200,"latencyMs":9.175,"msg":"request completed"}
{"level":30,"time":1789777714261,"pid":21053,"hostname":"Glebs-MacBook-Pro.local","reqId":"1abfb046-b563-4077-97a1-7823435914bb","event":"request_completed","requestId":"1abfb046-b563-4077-97a1-7823435914bb","method":"POST","route":"/api/v1/matches/:matchId/judge/acquire","statusCode":200,"latencyMs":24.654,"msg":"request completed"}
{"level":30,"time":1789777714297,"pid":21053,"hostname":"Glebs-MacBook-Pro.local","reqId":"b72da2e4-45f8-40a8-8bd3-d7ff4bf93f59","event":"request_completed","requestId":"b72da2e4-45f8-40a8-8bd3-d7ff4bf93f59","method":"POST","route":"/api/v1/matches/:matchId/start","statusCode":200,"latencyMs":31.624,"msg":"request completed"}
{"level":30,"time":1789777714324,"pid":21053,"hostname":"Glebs-MacBook-Pro.local","reqId":"42b22175-547d-4785-8f99-60a320f49393","event":"request_completed","requestId":"42b22175-547d-4785-8f99-60a320f49393","method":"POST","route":"/api/v1/matches/:matchId/points","statusCode":200,"latencyMs":22.982,"msg":"request completed"}
{"level":30,"time":1789777714379,"pid":21053,"hostname":"Glebs-MacBook-Pro.local","reqId":"93acffe2-9dd3-4f3f-b39b-63c6c6ccc1e9","event":"request_completed","requestId":"93acffe2-9dd3-4f3f-b39b-63c6c6ccc1e9","method":"POST","route":"/api/v1/matches/:matchId/confirm-finish","statusCode":200,"latencyMs":51.588,"msg":"request completed"}
{"level":30,"time":1789777714398,"pid":21053,"hostname":"Glebs-MacBook-Pro.local","reqId":"d43057da-b567-4467-aa28-71de24903235","event":"request_completed","requestId":"d43057da-b567-4467-aa28-71de24903235","method":"GET","route":"/api/v1/tournaments/:id","statusCode":200,"latencyMs":14.504,"msg":"request completed"}
{"level":30,"time":1789777714411,"pid":21053,"hostname":"Glebs-MacBook-Pro.local","reqId":"43d4ff89-7117-4012-8f18-2acee279143e","event":"request_completed","requestId":"43d4ff89-7117-4012-8f18-2acee279143e","method":"GET","route":"/api/v1/matches/:matchId","statusCode":200,"latencyMs":9.399,"msg":"request completed"}
{"level":30,"time":1789777714440,"pid":21053,"hostname":"Glebs-MacBook-Pro.local","reqId":"ee6d4579-c843-477c-b0d6-b8a6aaf0f163","event":"request_completed","requestId":"ee6d4579-c843-477c-b0d6-b8a6aaf0f163","method":"POST","route":"/api/v1/matches/:matchId/judge/acquire","statusCode":200,"latencyMs":25.295,"msg":"request completed"}
{"level":30,"time":1789777714472,"pid":21053,"hostname":"Glebs-MacBook-Pro.local","reqId":"88592bb8-4d7f-4d7c-b691-1219048439da","event":"request_completed","requestId":"88592bb8-4d7f-4d7c-b691-1219048439da","method":"POST","route":"/api/v1/matches/:matchId/start","statusCode":200,"latencyMs":28.579,"msg":"request completed"}
{"level":30,"time":1789777714498,"pid":21053,"hostname":"Glebs-MacBook-Pro.local","reqId":"be8e984f-3209-4561-9213-c9a0f5d479dd","event":"request_completed","requestId":"be8e984f-3209-4561-9213-c9a0f5d479dd","method":"POST","route":"/api/v1/matches/:matchId/points","statusCode":200,"latencyMs":21.11,"msg":"request completed"}
{"level":30,"time":1789777714539,"pid":21053,"hostname":"Glebs-MacBook-Pro.local","reqId":"8a0b44fb-66db-4e52-b8d5-7e6e01630916","event":"request_completed","requestId":"8a0b44fb-66db-4e52-b8d5-7e6e01630916","method":"POST","route":"/api/v1/matches/:matchId/confirm-finish","statusCode":200,"latencyMs":37.752,"msg":"request completed"}
{"level":30,"time":1789777714558,"pid":21053,"hostname":"Glebs-MacBook-Pro.local","reqId":"d1338b31-6a35-460d-bca8-ad6e749877b1","event":"request_completed","requestId":"d1338b31-6a35-460d-bca8-ad6e749877b1","method":"GET","route":"/api/v1/tournaments/:id","statusCode":200,"latencyMs":14.693,"msg":"request completed"}
{"level":30,"time":1789777714571,"pid":21053,"hostname":"Glebs-MacBook-Pro.local","reqId":"e62dfaff-96ca-415d-9fb5-8cf42a9d0184","event":"request_completed","requestId":"e62dfaff-96ca-415d-9fb5-8cf42a9d0184","method":"GET","route":"/api/v1/matches/:matchId","statusCode":200,"latencyMs":9.326,"msg":"request completed"}
{"level":30,"time":1789777714598,"pid":21053,"hostname":"Glebs-MacBook-Pro.local","reqId":"5d1999d0-5238-4daa-a476-b0d886f3003f","event":"request_completed","requestId":"5d1999d0-5238-4daa-a476-b0d886f3003f","method":"POST","route":"/api/v1/matches/:matchId/judge/acquire","statusCode":200,"latencyMs":22.736,"msg":"request completed"}
{"level":30,"time":1789777714630,"pid":21053,"hostname":"Glebs-MacBook-Pro.local","reqId":"75267b0d-5d57-4a39-b506-43a7a4cffd39","event":"request_completed","requestId":"75267b0d-5d57-4a39-b506-43a7a4cffd39","method":"POST","route":"/api/v1/matches/:matchId/start","statusCode":200,"latencyMs":29.216,"msg":"request completed"}
{"level":30,"time":1789777714656,"pid":21053,"hostname":"Glebs-MacBook-Pro.local","reqId":"65c83476-53ee-4582-b754-2dc42b09b2fd","event":"request_completed","requestId":"65c83476-53ee-4582-b754-2dc42b09b2fd","method":"POST","route":"/api/v1/matches/:matchId/points","statusCode":200,"latencyMs":21.895,"msg":"request completed"}
{"level":30,"time":1789777714725,"pid":21053,"hostname":"Glebs-MacBook-Pro.local","reqId":"c3f2cf70-f548-4ea6-9efb-dd2ff84af30e","event":"request_completed","requestId":"c3f2cf70-f548-4ea6-9efb-dd2ff84af30e","method":"POST","route":"/api/v1/matches/:matchId/confirm-finish","statusCode":200,"latencyMs":64.184,"msg":"request completed"}
{"level":30,"time":1789777714743,"pid":21053,"hostname":"Glebs-MacBook-Pro.local","reqId":"32be5fd5-1ffa-4f08-864e-ff965f3a8b35","event":"request_completed","requestId":"32be5fd5-1ffa-4f08-864e-ff965f3a8b35","method":"GET","route":"/api/v1/tournaments/:id","statusCode":200,"latencyMs":14.454,"msg":"request completed"}
{"level":30,"time":1789777714754,"pid":21053,"hostname":"Glebs-MacBook-Pro.local","reqId":"673c0dc2-b3a3-403a-ba66-bbcc996c04b2","event":"request_completed","requestId":"673c0dc2-b3a3-403a-ba66-bbcc996c04b2","method":"GET","route":"/api/v1/matches/:matchId","statusCode":200,"latencyMs":8.561,"msg":"request completed"}
{"level":30,"time":1789777714777,"pid":21053,"hostname":"Glebs-MacBook-Pro.local","reqId":"e54579d5-f13d-45bc-8ea9-44af28cfa8ac","event":"request_completed","requestId":"e54579d5-f13d-45bc-8ea9-44af28cfa8ac","method":"POST","route":"/api/v1/matches/:matchId/judge/acquire","statusCode":200,"latencyMs":19.823,"msg":"request completed"}
{"level":30,"time":1789777714808,"pid":21053,"hostname":"Glebs-MacBook-Pro.local","reqId":"a6ddc5a6-2d7a-4476-bffc-afa192fc54e2","event":"request_completed","requestId":"a6ddc5a6-2d7a-4476-bffc-afa192fc54e2","method":"POST","route":"/api/v1/matches/:matchId/start","statusCode":200,"latencyMs":27.348,"msg":"request completed"}
{"level":30,"time":1789777714830,"pid":21053,"hostname":"Glebs-MacBook-Pro.local","reqId":"0f623c57-ea6d-4734-b8c9-9cb38d0e1f52","event":"request_completed","requestId":"0f623c57-ea6d-4734-b8c9-9cb38d0e1f52","method":"POST","route":"/api/v1/matches/:matchId/points","statusCode":200,"latencyMs":17.851,"msg":"request completed"}
{"level":30,"time":1789777714868,"pid":21053,"hostname":"Glebs-MacBook-Pro.local","reqId":"e38e594d-acea-44ff-88fb-fe6d8b8f0a50","event":"request_completed","requestId":"e38e594d-acea-44ff-88fb-fe6d8b8f0a50","method":"POST","route":"/api/v1/matches/:matchId/confirm-finish","statusCode":200,"latencyMs":34.823,"msg":"request completed"}
{"level":30,"time":1789777714885,"pid":21053,"hostname":"Glebs-MacBook-Pro.local","reqId":"561764cc-49f4-4a12-8d94-8bf7b4271853","event":"request_completed","requestId":"561764cc-49f4-4a12-8d94-8bf7b4271853","method":"GET","route":"/api/v1/tournaments/:id","statusCode":200,"latencyMs":12.682,"msg":"request completed"}
{"level":30,"time":1789777714896,"pid":21053,"hostname":"Glebs-MacBook-Pro.local","reqId":"88bc90f2-4f44-48ab-bac4-2535d4e80afa","event":"request_completed","requestId":"88bc90f2-4f44-48ab-bac4-2535d4e80afa","method":"GET","route":"/api/v1/matches/:matchId","statusCode":200,"latencyMs":8.17,"msg":"request completed"}
{"level":30,"time":1789777714920,"pid":21053,"hostname":"Glebs-MacBook-Pro.local","reqId":"c4250c75-2a9f-4383-aabf-4f979366a518","event":"request_completed","requestId":"c4250c75-2a9f-4383-aabf-4f979366a518","method":"POST","route":"/api/v1/matches/:matchId/judge/acquire","statusCode":200,"latencyMs":20.753,"msg":"request completed"}
{"level":30,"time":1789777714947,"pid":21053,"hostname":"Glebs-MacBook-Pro.local","reqId":"f447f2eb-8296-4589-a15e-cec6fed46536","event":"request_completed","requestId":"f447f2eb-8296-4589-a15e-cec6fed46536","method":"POST","route":"/api/v1/matches/:matchId/start","statusCode":200,"latencyMs":24.231,"msg":"request completed"}
{"level":30,"time":1789777714972,"pid":21053,"hostname":"Glebs-MacBook-Pro.local","reqId":"c40646e1-bd18-417d-8e15-e95535bf03de","event":"request_completed","requestId":"c40646e1-bd18-417d-8e15-e95535bf03de","method":"POST","route":"/api/v1/matches/:matchId/points","statusCode":200,"latencyMs":20.968,"msg":"request completed"}
{"level":30,"time":1789777715016,"pid":21053,"hostname":"Glebs-MacBook-Pro.local","reqId":"5da38d27-62c8-4890-a091-afc674535dd1","event":"request_completed","requestId":"5da38d27-62c8-4890-a091-afc674535dd1","method":"POST","route":"/api/v1/matches/:matchId/confirm-finish","statusCode":200,"latencyMs":40.793,"msg":"request completed"}
{"level":30,"time":1789777715030,"pid":21053,"hostname":"Glebs-MacBook-Pro.local","reqId":"94a2449a-fd0f-475f-8801-c144e9d71816","event":"request_completed","requestId":"94a2449a-fd0f-475f-8801-c144e9d71816","method":"GET","route":"/api/v1/tournaments/:id","statusCode":200,"latencyMs":10.086,"msg":"request completed"}
{"level":30,"time":1789777715043,"pid":21053,"hostname":"Glebs-MacBook-Pro.local","reqId":"e9a9ac20-d68d-4b18-be21-fe930b2f71e1","event":"request_completed","requestId":"e9a9ac20-d68d-4b18-be21-fe930b2f71e1","method":"GET","route":"/api/v1/tournaments/:id","statusCode":200,"latencyMs":10.425,"msg":"request completed"}
{"level":30,"time":1789777715067,"pid":21053,"hostname":"Glebs-MacBook-Pro.local","reqId":"b02349da-7fd9-443b-8093-4012765ba972","event":"request_completed","requestId":"b02349da-7fd9-443b-8093-4012765ba972","method":"GET","route":"/api/v1/auth/me","statusCode":200,"latencyMs":5.066,"msg":"request completed"}
{"level":30,"time":1789777715084,"pid":21053,"hostname":"Glebs-MacBook-Pro.local","reqId":"489edaca-f427-4254-8ed6-f5915c4495a7","event":"request_completed","requestId":"489edaca-f427-4254-8ed6-f5915c4495a7","method":"GET","route":"/api/v1/notifications","statusCode":200,"latencyMs":13.615,"msg":"request completed"}
{"level":30,"time":1789777715084,"pid":21053,"hostname":"Glebs-MacBook-Pro.local","reqId":"39bbf3ab-bac9-4535-a7e1-1cd88ac1a0c3","event":"request_completed","requestId":"39bbf3ab-bac9-4535-a7e1-1cd88ac1a0c3","method":"GET","route":"/api/v1/tournaments/:id","statusCode":200,"latencyMs":13.689,"msg":"request completed"}
  ✓  48 [chromium-mobile-390] › tests/e2e/wave-d-tournaments.spec.ts:19:7 › Wave D tournament single_elimination/8 roster, seed edit, complete and results (3.8s)
{"level":30,"time":1789777715319,"pid":21053,"hostname":"Glebs-MacBook-Pro.local","reqId":"93727a05-8dfa-45d9-bfa7-bdf3220e7314","event":"request_completed","requestId":"93727a05-8dfa-45d9-bfa7-bdf3220e7314","method":"GET","route":"/health","statusCode":200,"latencyMs":0.14,"msg":"request completed"}
{"level":30,"time":1789777715346,"pid":21053,"hostname":"Glebs-MacBook-Pro.local","reqId":"88e78ab2-f492-4db0-9bcb-10ac64419024","event":"request_completed","requestId":"88e78ab2-f492-4db0-9bcb-10ac64419024","method":"POST","route":"/api/v1/auth/login","statusCode":200,"latencyMs":24.146,"msg":"request completed"}
{"level":30,"time":1789777715358,"pid":21053,"hostname":"Glebs-MacBook-Pro.local","reqId":"ac224705-de5b-4007-a47c-1c96ae29eeab","event":"request_completed","requestId":"ac224705-de5b-4007-a47c-1c96ae29eeab","method":"PATCH","route":"/api/v1/me/onboarding","statusCode":200,"latencyMs":7.727,"msg":"request completed"}
{"level":30,"time":1789777715635,"pid":21053,"hostname":"Glebs-MacBook-Pro.local","reqId":"38553c65-391e-4d96-aab5-1f185f3b9464","event":"request_completed","requestId":"38553c65-391e-4d96-aab5-1f185f3b9464","method":"GET","route":"/api/v1/auth/me","statusCode":401,"latencyMs":0.2,"msg":"request completed"}
{"level":30,"time":1789777715804,"pid":21053,"hostname":"Glebs-MacBook-Pro.local","reqId":"667db285-e035-4267-8434-716f12ca0578","event":"request_completed","requestId":"667db285-e035-4267-8434-716f12ca0578","method":"POST","route":"/api/v1/auth/login","statusCode":200,"latencyMs":29.839,"msg":"request completed"}
{"level":30,"time":1789777715820,"pid":21053,"hostname":"Glebs-MacBook-Pro.local","reqId":"f434e34c-422f-4afa-8769-c2271e51332a","event":"request_completed","requestId":"f434e34c-422f-4afa-8769-c2271e51332a","method":"GET","route":"/api/v1/auth/me","statusCode":200,"latencyMs":14.502,"msg":"request completed"}
{"level":30,"time":1789777715836,"pid":21053,"hostname":"Glebs-MacBook-Pro.local","reqId":"60c0168a-ac17-4e1e-9c5b-fd37191aa084","event":"request_completed","requestId":"60c0168a-ac17-4e1e-9c5b-fd37191aa084","method":"GET","route":"/api/v1/notifications","statusCode":200,"latencyMs":28.059,"msg":"request completed"}
{"level":30,"time":1789777715874,"pid":21053,"hostname":"Glebs-MacBook-Pro.local","reqId":"089000ac-5680-4eb8-a6cc-14df83f353ee","event":"request_completed","requestId":"089000ac-5680-4eb8-a6cc-14df83f353ee","method":"GET","route":"/api/v1/home","statusCode":200,"latencyMs":64.677,"msg":"request completed"}
{"level":30,"time":1789777715886,"pid":21053,"hostname":"Glebs-MacBook-Pro.local","reqId":"7eb2b411-6c23-4761-a161-dac776a35f2f","event":"request_completed","requestId":"7eb2b411-6c23-4761-a161-dac776a35f2f","method":"GET","route":"/api/v1/auth/me","statusCode":200,"latencyMs":5.76,"msg":"request completed"}
{"level":30,"time":1789777715901,"pid":21053,"hostname":"Glebs-MacBook-Pro.local","reqId":"cfe98146-08d3-4b6b-9027-6e47fc325ab0","event":"request_completed","requestId":"cfe98146-08d3-4b6b-9027-6e47fc325ab0","method":"GET","route":"/api/v1/notifications","statusCode":200,"latencyMs":12.162,"msg":"request completed"}
{"level":30,"time":1789777716012,"pid":21053,"hostname":"Glebs-MacBook-Pro.local","reqId":"f09b0530-86a6-439e-ae7b-4874ef0eedeb","event":"request_completed","requestId":"f09b0530-86a6-439e-ae7b-4874ef0eedeb","method":"POST","route":"/api/v1/tournaments","statusCode":200,"latencyMs":44.805,"msg":"request completed"}
{"level":30,"time":1789777716030,"pid":21053,"hostname":"Glebs-MacBook-Pro.local","reqId":"3c9af814-7b1f-4ab5-a0d0-766fc411c80e","event":"request_completed","requestId":"3c9af814-7b1f-4ab5-a0d0-766fc411c80e","method":"GET","route":"/api/v1/tournaments/:id","statusCode":200,"latencyMs":13.631,"msg":"request completed"}
{"level":30,"time":1789777716044,"pid":21053,"hostname":"Glebs-MacBook-Pro.local","reqId":"5c5409b8-86ea-4dc3-b1e1-4b808f9d1434","event":"request_completed","requestId":"5c5409b8-86ea-4dc3-b1e1-4b808f9d1434","method":"GET","route":"/api/v1/users/directory","statusCode":200,"latencyMs":10.277,"msg":"request completed"}
{"level":30,"time":1789777716148,"pid":21053,"hostname":"Glebs-MacBook-Pro.local","reqId":"2583758d-8013-4853-931c-064ace98bf7f","event":"request_completed","requestId":"2583758d-8013-4853-931c-064ace98bf7f","method":"POST","route":"/api/v1/tournaments/:id/participants","statusCode":200,"latencyMs":64.489,"msg":"request completed"}
{"level":30,"time":1789777716215,"pid":21053,"hostname":"Glebs-MacBook-Pro.local","reqId":"20072c5b-e554-49d4-8860-bbede157affc","event":"request_completed","requestId":"20072c5b-e554-49d4-8860-bbede157affc","method":"POST","route":"/api/v1/tournaments/:id/participants","statusCode":200,"latencyMs":43.548,"msg":"request completed"}
{"level":30,"time":1789777716243,"pid":21053,"hostname":"Glebs-MacBook-Pro.local","reqId":"219e6e56-482b-4a89-b884-b1b13979b1b7","event":"request_completed","requestId":"219e6e56-482b-4a89-b884-b1b13979b1b7","method":"PATCH","route":"/api/v1/tournaments/:id","statusCode":200,"latencyMs":23.626,"msg":"request completed"}
{"level":30,"time":1789777716274,"pid":21053,"hostname":"Glebs-MacBook-Pro.local","reqId":"bd0077a3-bdb0-4213-8de1-26bd162968fb","event":"request_completed","requestId":"bd0077a3-bdb0-4213-8de1-26bd162968fb","method":"GET","route":"/api/v1/auth/me","statusCode":200,"latencyMs":13.647,"msg":"request completed"}
{"level":30,"time":1789777716296,"pid":21053,"hostname":"Glebs-MacBook-Pro.local","reqId":"5bbc0122-cd94-437f-a30c-d27a265dba24","event":"request_completed","requestId":"5bbc0122-cd94-437f-a30c-d27a265dba24","method":"GET","route":"/api/v1/notifications","statusCode":200,"latencyMs":18.568,"msg":"request completed"}
{"level":30,"time":1789777716299,"pid":21053,"hostname":"Glebs-MacBook-Pro.local","reqId":"a756c536-4806-4c0d-b79e-e37390e0a89a","event":"request_completed","requestId":"a756c536-4806-4c0d-b79e-e37390e0a89a","method":"GET","route":"/api/v1/tournaments/:id","statusCode":200,"latencyMs":21.056,"msg":"request completed"}
{"level":30,"time":1789777716307,"pid":21053,"hostname":"Glebs-MacBook-Pro.local","reqId":"95dce1e3-1e94-45f1-80dd-5be4e754fb44","event":"request_completed","requestId":"95dce1e3-1e94-45f1-80dd-5be4e754fb44","method":"GET","route":"/api/v1/users/directory","statusCode":200,"latencyMs":5.298,"msg":"request completed"}
{"level":30,"time":1789777716432,"pid":21053,"hostname":"Glebs-MacBook-Pro.local","reqId":"9d6e92e5-b950-4efb-bcf9-692769b467ae","event":"request_completed","requestId":"9d6e92e5-b950-4efb-bcf9-692769b467ae","method":"POST","route":"/api/v1/tournaments/:id/bracket","statusCode":200,"latencyMs":41.203,"msg":"request completed"}
{"level":30,"time":1789777716447,"pid":21053,"hostname":"Glebs-MacBook-Pro.local","reqId":"f641ebac-053e-4117-808f-e3919153fc86","event":"request_completed","requestId":"f641ebac-053e-4117-808f-e3919153fc86","method":"GET","route":"/api/v1/tournaments/:id","statusCode":200,"latencyMs":12.886,"msg":"request completed"}
{"level":30,"time":1789777716519,"pid":21053,"hostname":"Glebs-MacBook-Pro.local","reqId":"f37e9339-d0b8-46ac-a067-1835e3e8ca97","event":"request_completed","requestId":"f37e9339-d0b8-46ac-a067-1835e3e8ca97","method":"GET","route":"/api/v1/tournaments/:id","statusCode":200,"latencyMs":33.068,"msg":"request completed"}
{"level":30,"time":1789777716590,"pid":21053,"hostname":"Glebs-MacBook-Pro.local","reqId":"d52dcea2-5c36-4c62-b270-65df1101d4e1","event":"request_completed","requestId":"d52dcea2-5c36-4c62-b270-65df1101d4e1","method":"GET","route":"/api/v1/tournaments/:id","statusCode":200,"latencyMs":26.114,"msg":"request completed"}
{"level":30,"time":1789777716591,"pid":21053,"hostname":"Glebs-MacBook-Pro.local","reqId":"60e7aed4-417a-4da6-b2a1-a95444e49efb","event":"request_completed","requestId":"60e7aed4-417a-4da6-b2a1-a95444e49efb","method":"PATCH","route":"/api/v1/tournaments/:id/bracket","statusCode":200,"latencyMs":31.858,"msg":"request completed"}
{"level":30,"time":1789777716605,"pid":21053,"hostname":"Glebs-MacBook-Pro.local","reqId":"320ac457-9537-45c0-8f40-b58ac366918c","event":"request_completed","requestId":"320ac457-9537-45c0-8f40-b58ac366918c","method":"GET","route":"/api/v1/tournaments/:id","statusCode":200,"latencyMs":12.212,"msg":"request completed"}
{"level":30,"time":1789777716730,"pid":21053,"hostname":"Glebs-MacBook-Pro.local","reqId":"1c7da120-c2e9-4671-9679-2f452eb7caec","event":"request_completed","requestId":"1c7da120-c2e9-4671-9679-2f452eb7caec","method":"GET","route":"/api/v1/tournaments/:id","statusCode":200,"latencyMs":34.699,"msg":"request completed"}
{"level":30,"time":1789777716934,"pid":21053,"hostname":"Glebs-MacBook-Pro.local","reqId":"ddd74f3b-c47c-4fac-9a30-113e08c2b09f","event":"request_completed","requestId":"ddd74f3b-c47c-4fac-9a30-113e08c2b09f","method":"GET","route":"/api/v1/tournaments/:id","statusCode":200,"latencyMs":37.248,"msg":"request completed"}
{"level":30,"time":1789777716950,"pid":21053,"hostname":"Glebs-MacBook-Pro.local","reqId":"6786359a-4f2b-4e3e-b59f-3e8d7f1e59e5","event":"request_completed","requestId":"6786359a-4f2b-4e3e-b59f-3e8d7f1e59e5","method":"GET","route":"/api/v1/tournaments/:id","statusCode":200,"latencyMs":12.448,"msg":"request completed"}
{"level":30,"time":1789777716953,"pid":21053,"hostname":"Glebs-MacBook-Pro.local","reqId":"a952ff32-e98c-4f82-b0e7-7b8a503e6257","event":"request_completed","requestId":"a952ff32-e98c-4f82-b0e7-7b8a503e6257","method":"POST","route":"/api/v1/tournaments/:id/start","statusCode":200,"latencyMs":60.651,"msg":"request completed"}
{"level":30,"time":1789777717090,"pid":21053,"hostname":"Glebs-MacBook-Pro.local","reqId":"c3e1efa9-04ac-46f7-aab9-2a925d08e2ed","event":"request_completed","requestId":"c3e1efa9-04ac-46f7-aab9-2a925d08e2ed","method":"GET","route":"/api/v1/tournaments/:id","statusCode":200,"latencyMs":33.622,"msg":"request completed"}
{"level":30,"time":1789777717126,"pid":21053,"hostname":"Glebs-MacBook-Pro.local","reqId":"170db70b-b2e1-447a-98d8-86b15c25ec57","event":"request_completed","requestId":"170db70b-b2e1-447a-98d8-86b15c25ec57","method":"GET","route":"/api/v1/tournaments/:id","statusCode":200,"latencyMs":31.829,"msg":"request completed"}
{"level":30,"time":1789777717147,"pid":21053,"hostname":"Glebs-MacBook-Pro.local","reqId":"3550b593-ecda-45ed-8804-dc21cb20f7af","event":"request_completed","requestId":"3550b593-ecda-45ed-8804-dc21cb20f7af","method":"GET","route":"/api/v1/matches/:matchId","statusCode":200,"latencyMs":17.662,"msg":"request completed"}
{"level":30,"time":1789777717172,"pid":21053,"hostname":"Glebs-MacBook-Pro.local","reqId":"11720574-b00d-403c-a152-2545be0255b6","event":"request_completed","requestId":"11720574-b00d-403c-a152-2545be0255b6","method":"POST","route":"/api/v1/matches/:matchId/judge/acquire","statusCode":200,"latencyMs":21.49,"msg":"request completed"}
{"level":30,"time":1789777717201,"pid":21053,"hostname":"Glebs-MacBook-Pro.local","reqId":"53a2987d-9d0c-4275-a03e-6458f1f8feb9","event":"request_completed","requestId":"53a2987d-9d0c-4275-a03e-6458f1f8feb9","method":"POST","route":"/api/v1/matches/:matchId/start","statusCode":200,"latencyMs":26.25,"msg":"request completed"}
{"level":30,"time":1789777717228,"pid":21053,"hostname":"Glebs-MacBook-Pro.local","reqId":"8b3246a9-952d-4a34-ac9d-7db6f4fdb963","event":"request_completed","requestId":"8b3246a9-952d-4a34-ac9d-7db6f4fdb963","method":"POST","route":"/api/v1/matches/:matchId/points","statusCode":200,"latencyMs":22.637,"msg":"request completed"}
{"level":30,"time":1789777717288,"pid":21053,"hostname":"Glebs-MacBook-Pro.local","reqId":"488a29ad-5e4f-4f95-9ae5-1bac157f0152","event":"request_completed","requestId":"488a29ad-5e4f-4f95-9ae5-1bac157f0152","method":"POST","route":"/api/v1/matches/:matchId/confirm-finish","statusCode":200,"latencyMs":56.179,"msg":"request completed"}
{"level":30,"time":1789777717306,"pid":21053,"hostname":"Glebs-MacBook-Pro.local","reqId":"90313801-cb62-4ecb-8d17-8fa05894eb7e","event":"request_completed","requestId":"90313801-cb62-4ecb-8d17-8fa05894eb7e","method":"GET","route":"/api/v1/tournaments/:id","statusCode":200,"latencyMs":14.607,"msg":"request completed"}
{"level":30,"time":1789777717325,"pid":21053,"hostname":"Glebs-MacBook-Pro.local","reqId":"83182d20-db46-4b5c-bde5-7adb158eb6fd","event":"request_completed","requestId":"83182d20-db46-4b5c-bde5-7adb158eb6fd","method":"GET","route":"/api/v1/matches/:matchId","statusCode":200,"latencyMs":15.532,"msg":"request completed"}
{"level":30,"time":1789777717386,"pid":21053,"hostname":"Glebs-MacBook-Pro.local","reqId":"c8124b42-0727-4d12-a4d9-41dfa3e97731","event":"request_completed","requestId":"c8124b42-0727-4d12-a4d9-41dfa3e97731","method":"POST","route":"/api/v1/matches/:matchId/judge/acquire","statusCode":200,"latencyMs":57.372,"msg":"request completed"}
{"level":30,"time":1789777717432,"pid":21053,"hostname":"Glebs-MacBook-Pro.local","reqId":"e6b3decd-b278-450d-aa51-19e4fcfd4655","event":"request_completed","requestId":"e6b3decd-b278-450d-aa51-19e4fcfd4655","method":"POST","route":"/api/v1/matches/:matchId/start","statusCode":200,"latencyMs":41.675,"msg":"request completed"}
{"level":30,"time":1789777717461,"pid":21053,"hostname":"Glebs-MacBook-Pro.local","reqId":"b09a60a1-5e4c-48a9-b5b1-7cc3838f89ad","event":"request_completed","requestId":"b09a60a1-5e4c-48a9-b5b1-7cc3838f89ad","method":"POST","route":"/api/v1/matches/:matchId/points","statusCode":200,"latencyMs":24.872,"msg":"request completed"}
{"level":30,"time":1789777717516,"pid":21053,"hostname":"Glebs-MacBook-Pro.local","reqId":"aeb25ac7-d7e8-4437-814c-74a5c50c0157","event":"request_completed","requestId":"aeb25ac7-d7e8-4437-814c-74a5c50c0157","method":"POST","route":"/api/v1/matches/:matchId/confirm-finish","statusCode":200,"latencyMs":50.874,"msg":"request completed"}
{"level":30,"time":1789777717532,"pid":21053,"hostname":"Glebs-MacBook-Pro.local","reqId":"fd7a3033-1cca-45e7-b2f9-3074017ae368","event":"request_completed","requestId":"fd7a3033-1cca-45e7-b2f9-3074017ae368","method":"GET","route":"/api/v1/tournaments/:id","statusCode":200,"latencyMs":12.37,"msg":"request completed"}
{"level":30,"time":1789777717543,"pid":21053,"hostname":"Glebs-MacBook-Pro.local","reqId":"665cae73-ac97-4365-941f-d6b95bab088d","event":"request_completed","requestId":"665cae73-ac97-4365-941f-d6b95bab088d","method":"GET","route":"/api/v1/matches/:matchId","statusCode":200,"latencyMs":8.619,"msg":"request completed"}
{"level":30,"time":1789777717567,"pid":21053,"hostname":"Glebs-MacBook-Pro.local","reqId":"cf2bde97-ab35-44a3-987c-69914f02dde4","event":"request_completed","requestId":"cf2bde97-ab35-44a3-987c-69914f02dde4","method":"POST","route":"/api/v1/matches/:matchId/judge/acquire","statusCode":200,"latencyMs":21.035,"msg":"request completed"}
{"level":30,"time":1789777717598,"pid":21053,"hostname":"Glebs-MacBook-Pro.local","reqId":"8e27461a-e4f9-4504-a8ab-5981dddf2af0","event":"request_completed","requestId":"8e27461a-e4f9-4504-a8ab-5981dddf2af0","method":"POST","route":"/api/v1/matches/:matchId/start","statusCode":200,"latencyMs":27.579,"msg":"request completed"}
{"level":30,"time":1789777717621,"pid":21053,"hostname":"Glebs-MacBook-Pro.local","reqId":"833cdc08-ff67-487d-859f-c3d0acc0e0a6","event":"request_completed","requestId":"833cdc08-ff67-487d-859f-c3d0acc0e0a6","method":"POST","route":"/api/v1/matches/:matchId/points","statusCode":200,"latencyMs":19.584,"msg":"request completed"}
{"level":30,"time":1789777717675,"pid":21053,"hostname":"Glebs-MacBook-Pro.local","reqId":"cb2d1c33-3052-4580-a3ad-66a023a05666","event":"request_completed","requestId":"cb2d1c33-3052-4580-a3ad-66a023a05666","method":"POST","route":"/api/v1/matches/:matchId/confirm-finish","statusCode":200,"latencyMs":50.431,"msg":"request completed"}
{"level":30,"time":1789777717691,"pid":21053,"hostname":"Glebs-MacBook-Pro.local","reqId":"4fdef755-ff62-4f64-8976-1fa9738662f0","event":"request_completed","requestId":"4fdef755-ff62-4f64-8976-1fa9738662f0","method":"GET","route":"/api/v1/tournaments/:id","statusCode":200,"latencyMs":12.203,"msg":"request completed"}
{"level":30,"time":1789777717703,"pid":21053,"hostname":"Glebs-MacBook-Pro.local","reqId":"e4ebd3c3-fcab-467e-824e-326d2d7d6a2a","event":"request_completed","requestId":"e4ebd3c3-fcab-467e-824e-326d2d7d6a2a","method":"GET","route":"/api/v1/matches/:matchId","statusCode":200,"latencyMs":9.493,"msg":"request completed"}
{"level":30,"time":1789777717729,"pid":21053,"hostname":"Glebs-MacBook-Pro.local","reqId":"7b56fa25-7dc9-429d-bbd9-c378e69d0b5a","event":"request_completed","requestId":"7b56fa25-7dc9-429d-bbd9-c378e69d0b5a","method":"POST","route":"/api/v1/matches/:matchId/judge/acquire","statusCode":200,"latencyMs":22.347,"msg":"request completed"}
{"level":30,"time":1789777717767,"pid":21053,"hostname":"Glebs-MacBook-Pro.local","reqId":"65d73e4b-c653-4b4b-a90a-1402322a5ab5","event":"request_completed","requestId":"65d73e4b-c653-4b4b-a90a-1402322a5ab5","method":"POST","route":"/api/v1/matches/:matchId/start","statusCode":200,"latencyMs":33.71,"msg":"request completed"}
{"level":30,"time":1789777717796,"pid":21053,"hostname":"Glebs-MacBook-Pro.local","reqId":"1fb7491f-a6df-4f9d-8bc8-f13fea0f06f1","event":"request_completed","requestId":"1fb7491f-a6df-4f9d-8bc8-f13fea0f06f1","method":"POST","route":"/api/v1/matches/:matchId/points","statusCode":200,"latencyMs":24.771,"msg":"request completed"}
{"level":30,"time":1789777717845,"pid":21053,"hostname":"Glebs-MacBook-Pro.local","reqId":"1b844e43-1ddb-43d5-80ca-2ca48e9ac8bc","event":"request_completed","requestId":"1b844e43-1ddb-43d5-80ca-2ca48e9ac8bc","method":"POST","route":"/api/v1/matches/:matchId/confirm-finish","statusCode":200,"latencyMs":45.661,"msg":"request completed"}
{"level":30,"time":1789777717859,"pid":21053,"hostname":"Glebs-MacBook-Pro.local","reqId":"9805aef2-5544-444d-9041-9946429a49fa","event":"request_completed","requestId":"9805aef2-5544-444d-9041-9946429a49fa","method":"GET","route":"/api/v1/tournaments/:id","statusCode":200,"latencyMs":9.884,"msg":"request completed"}
{"level":30,"time":1789777717872,"pid":21053,"hostname":"Glebs-MacBook-Pro.local","reqId":"9e5c7063-fee8-4268-91d9-5cc5f4665bf3","event":"request_completed","requestId":"9e5c7063-fee8-4268-91d9-5cc5f4665bf3","method":"GET","route":"/api/v1/tournaments/:id","statusCode":200,"latencyMs":9.321,"msg":"request completed"}
{"level":30,"time":1789777717895,"pid":21053,"hostname":"Glebs-MacBook-Pro.local","reqId":"6d9d3086-5a3e-4cb9-8336-025d556b2a2a","event":"request_completed","requestId":"6d9d3086-5a3e-4cb9-8336-025d556b2a2a","method":"GET","route":"/api/v1/auth/me","statusCode":200,"latencyMs":4.731,"msg":"request completed"}
{"level":30,"time":1789777717911,"pid":21053,"hostname":"Glebs-MacBook-Pro.local","reqId":"921f8ddf-9e0c-4fc8-ab96-a9c5e933a8a5","event":"request_completed","requestId":"921f8ddf-9e0c-4fc8-ab96-a9c5e933a8a5","method":"GET","route":"/api/v1/notifications","statusCode":200,"latencyMs":12.724,"msg":"request completed"}
{"level":30,"time":1789777717913,"pid":21053,"hostname":"Glebs-MacBook-Pro.local","reqId":"f41b0917-ff96-4f81-8161-0429798acdd4","event":"request_completed","requestId":"f41b0917-ff96-4f81-8161-0429798acdd4","method":"GET","route":"/api/v1/tournaments/:id","statusCode":200,"latencyMs":13.636,"msg":"request completed"}
  ✓  49 [chromium-mobile-390] › tests/e2e/wave-d-tournaments.spec.ts:19:7 › Wave D tournament double_elimination/3 roster, seed edit, complete and results (2.8s)
{"level":30,"time":1789777718145,"pid":21053,"hostname":"Glebs-MacBook-Pro.local","reqId":"17594cd0-e085-4be8-ac02-f6665db1ee75","event":"request_completed","requestId":"17594cd0-e085-4be8-ac02-f6665db1ee75","method":"GET","route":"/health","statusCode":200,"latencyMs":0.139,"msg":"request completed"}
{"level":30,"time":1789777718180,"pid":21053,"hostname":"Glebs-MacBook-Pro.local","reqId":"d2fbbfd7-bdc7-4539-ac63-692f65424037","event":"request_completed","requestId":"d2fbbfd7-bdc7-4539-ac63-692f65424037","method":"POST","route":"/api/v1/auth/login","statusCode":200,"latencyMs":32.738,"msg":"request completed"}
{"level":30,"time":1789777718198,"pid":21053,"hostname":"Glebs-MacBook-Pro.local","reqId":"a41bb67f-4f40-4be6-83e2-861b8c04c63e","event":"request_completed","requestId":"a41bb67f-4f40-4be6-83e2-861b8c04c63e","method":"PATCH","route":"/api/v1/me/onboarding","statusCode":200,"latencyMs":14.35,"msg":"request completed"}
{"level":30,"time":1789777718466,"pid":21053,"hostname":"Glebs-MacBook-Pro.local","reqId":"6764323f-c666-4ff1-876d-b5c2100c970c","event":"request_completed","requestId":"6764323f-c666-4ff1-876d-b5c2100c970c","method":"GET","route":"/api/v1/auth/me","statusCode":401,"latencyMs":0.196,"msg":"request completed"}
{"level":30,"time":1789777718641,"pid":21053,"hostname":"Glebs-MacBook-Pro.local","reqId":"e412ba38-46cd-4b17-9010-02639431c276","event":"request_completed","requestId":"e412ba38-46cd-4b17-9010-02639431c276","method":"POST","route":"/api/v1/auth/login","statusCode":200,"latencyMs":29.333,"msg":"request completed"}
{"level":30,"time":1789777718655,"pid":21053,"hostname":"Glebs-MacBook-Pro.local","reqId":"9a85fb2e-a64f-4918-8c75-fd704482c678","event":"request_completed","requestId":"9a85fb2e-a64f-4918-8c75-fd704482c678","method":"GET","route":"/api/v1/auth/me","statusCode":200,"latencyMs":11.412,"msg":"request completed"}
{"level":30,"time":1789777718680,"pid":21053,"hostname":"Glebs-MacBook-Pro.local","reqId":"8450b689-a649-4de0-8d3f-4e0cac1586a7","event":"request_completed","requestId":"8450b689-a649-4de0-8d3f-4e0cac1586a7","method":"GET","route":"/api/v1/notifications","statusCode":200,"latencyMs":34.807,"msg":"request completed"}
{"level":30,"time":1789777718719,"pid":21053,"hostname":"Glebs-MacBook-Pro.local","reqId":"2ec58b6f-5ea2-4a08-b9d4-e27a0fcdd0e9","event":"request_completed","requestId":"2ec58b6f-5ea2-4a08-b9d4-e27a0fcdd0e9","method":"GET","route":"/api/v1/home","statusCode":200,"latencyMs":71.84,"msg":"request completed"}
{"level":30,"time":1789777718722,"pid":21053,"hostname":"Glebs-MacBook-Pro.local","reqId":"92625487-c339-4244-a632-5df7aa4f71ee","event":"request_completed","requestId":"92625487-c339-4244-a632-5df7aa4f71ee","method":"GET","route":"/api/v1/auth/me","statusCode":200,"latencyMs":5.227,"msg":"request completed"}
{"level":30,"time":1789777718741,"pid":21053,"hostname":"Glebs-MacBook-Pro.local","reqId":"5e0b8152-483f-49f8-9a33-1041ebae7756","event":"request_completed","requestId":"5e0b8152-483f-49f8-9a33-1041ebae7756","method":"GET","route":"/api/v1/notifications","statusCode":200,"latencyMs":11.22,"msg":"request completed"}
{"level":30,"time":1789777718837,"pid":21053,"hostname":"Glebs-MacBook-Pro.local","reqId":"00922c0f-1c83-4173-a2b4-1f006145c126","event":"request_completed","requestId":"00922c0f-1c83-4173-a2b4-1f006145c126","method":"POST","route":"/api/v1/tournaments","statusCode":200,"latencyMs":30.913,"msg":"request completed"}
{"level":30,"time":1789777718855,"pid":21053,"hostname":"Glebs-MacBook-Pro.local","reqId":"ed6bf10f-2974-42c5-9382-14da86e9f88a","event":"request_completed","requestId":"ed6bf10f-2974-42c5-9382-14da86e9f88a","method":"GET","route":"/api/v1/tournaments/:id","statusCode":200,"latencyMs":13.796,"msg":"request completed"}
{"level":30,"time":1789777718872,"pid":21053,"hostname":"Glebs-MacBook-Pro.local","reqId":"c9ece9cc-7bbf-48cd-ad17-09dedf3ef287","event":"request_completed","requestId":"c9ece9cc-7bbf-48cd-ad17-09dedf3ef287","method":"GET","route":"/api/v1/users/directory","statusCode":200,"latencyMs":13.321,"msg":"request completed"}
{"level":30,"time":1789777718984,"pid":21053,"hostname":"Glebs-MacBook-Pro.local","reqId":"86e0fb54-7ea4-4628-a3db-fc09daef8725","event":"request_completed","requestId":"86e0fb54-7ea4-4628-a3db-fc09daef8725","method":"POST","route":"/api/v1/tournaments/:id/participants","statusCode":200,"latencyMs":61.959,"msg":"request completed"}
{"level":30,"time":1789777719051,"pid":21053,"hostname":"Glebs-MacBook-Pro.local","reqId":"faa44fd5-45ff-453d-b23b-c54c159ab774","event":"request_completed","requestId":"faa44fd5-45ff-453d-b23b-c54c159ab774","method":"POST","route":"/api/v1/tournaments/:id/participants","statusCode":200,"latencyMs":40.453,"msg":"request completed"}
{"level":30,"time":1789777719082,"pid":21053,"hostname":"Glebs-MacBook-Pro.local","reqId":"5f4bd03c-365a-4772-b0ad-0545e3a13df6","event":"request_completed","requestId":"5f4bd03c-365a-4772-b0ad-0545e3a13df6","method":"POST","route":"/api/v1/tournaments/:id/participants","statusCode":200,"latencyMs":26.347,"msg":"request completed"}
{"level":30,"time":1789777719116,"pid":21053,"hostname":"Glebs-MacBook-Pro.local","reqId":"85bfb8c6-c11a-49ea-89ce-de70dc5c2e28","event":"request_completed","requestId":"85bfb8c6-c11a-49ea-89ce-de70dc5c2e28","method":"POST","route":"/api/v1/tournaments/:id/participants","statusCode":200,"latencyMs":29.76,"msg":"request completed"}
{"level":30,"time":1789777719137,"pid":21053,"hostname":"Glebs-MacBook-Pro.local","reqId":"8510206c-13de-46d3-bb04-a2db91d95732","event":"request_completed","requestId":"8510206c-13de-46d3-bb04-a2db91d95732","method":"PATCH","route":"/api/v1/tournaments/:id","statusCode":200,"latencyMs":17.616,"msg":"request completed"}
{"level":30,"time":1789777719163,"pid":21053,"hostname":"Glebs-MacBook-Pro.local","reqId":"c8efa241-293b-48b9-bbc1-0359c1ef9f2d","event":"request_completed","requestId":"c8efa241-293b-48b9-bbc1-0359c1ef9f2d","method":"GET","route":"/api/v1/auth/me","statusCode":200,"latencyMs":9.122,"msg":"request completed"}
{"level":30,"time":1789777719194,"pid":21053,"hostname":"Glebs-MacBook-Pro.local","reqId":"d1b0005f-5822-4295-8add-31a27c385170","event":"request_completed","requestId":"d1b0005f-5822-4295-8add-31a27c385170","method":"GET","route":"/api/v1/notifications","statusCode":200,"latencyMs":24.503,"msg":"request completed"}
{"level":30,"time":1789777719197,"pid":21053,"hostname":"Glebs-MacBook-Pro.local","reqId":"73b43a24-df80-4363-a35f-4da5ed5575a7","event":"request_completed","requestId":"73b43a24-df80-4363-a35f-4da5ed5575a7","method":"GET","route":"/api/v1/tournaments/:id","statusCode":200,"latencyMs":27.504,"msg":"request completed"}
{"level":30,"time":1789777719206,"pid":21053,"hostname":"Glebs-MacBook-Pro.local","reqId":"01a53233-e6af-436c-8afc-ccb151bc423e","event":"request_completed","requestId":"01a53233-e6af-436c-8afc-ccb151bc423e","method":"GET","route":"/api/v1/users/directory","statusCode":200,"latencyMs":5.678,"msg":"request completed"}
{"level":30,"time":1789777719331,"pid":21053,"hostname":"Glebs-MacBook-Pro.local","reqId":"f781348e-2752-4472-90f4-7bfb1ae0656e","event":"request_completed","requestId":"f781348e-2752-4472-90f4-7bfb1ae0656e","method":"POST","route":"/api/v1/tournaments/:id/bracket","statusCode":200,"latencyMs":44.651,"msg":"request completed"}
{"level":30,"time":1789777719372,"pid":21053,"hostname":"Glebs-MacBook-Pro.local","reqId":"6e37da14-eefb-440e-ba24-4c3801976f79","event":"request_completed","requestId":"6e37da14-eefb-440e-ba24-4c3801976f79","method":"GET","route":"/api/v1/tournaments/:id","statusCode":200,"latencyMs":38.688,"msg":"request completed"}
{"level":30,"time":1789777719437,"pid":21053,"hostname":"Glebs-MacBook-Pro.local","reqId":"c35d54b1-c784-42f8-a21e-135ccdd7068d","event":"request_completed","requestId":"c35d54b1-c784-42f8-a21e-135ccdd7068d","method":"GET","route":"/api/v1/tournaments/:id","statusCode":200,"latencyMs":23.295,"msg":"request completed"}
{"level":30,"time":1789777719508,"pid":21053,"hostname":"Glebs-MacBook-Pro.local","reqId":"19469f9b-9b5d-4484-bd65-5d7d9b695c26","event":"request_completed","requestId":"19469f9b-9b5d-4484-bd65-5d7d9b695c26","method":"GET","route":"/api/v1/tournaments/:id","statusCode":200,"latencyMs":14.767,"msg":"request completed"}
{"level":30,"time":1789777719509,"pid":21053,"hostname":"Glebs-MacBook-Pro.local","reqId":"f13c5eb9-5c81-483e-9e58-efb6c23b09e9","event":"request_completed","requestId":"f13c5eb9-5c81-483e-9e58-efb6c23b09e9","method":"PATCH","route":"/api/v1/tournaments/:id/bracket","statusCode":200,"latencyMs":20.701,"msg":"request completed"}
{"level":30,"time":1789777719525,"pid":21053,"hostname":"Glebs-MacBook-Pro.local","reqId":"c4417cbd-bb37-4e38-b8d2-015df011bad9","event":"request_completed","requestId":"c4417cbd-bb37-4e38-b8d2-015df011bad9","method":"GET","route":"/api/v1/tournaments/:id","statusCode":200,"latencyMs":13.681,"msg":"request completed"}
{"level":30,"time":1789777719630,"pid":21053,"hostname":"Glebs-MacBook-Pro.local","reqId":"aabf5f48-050b-4a87-8e67-1de9449d5674","event":"request_completed","requestId":"aabf5f48-050b-4a87-8e67-1de9449d5674","method":"GET","route":"/api/v1/tournaments/:id","statusCode":200,"latencyMs":15.641,"msg":"request completed"}
{"level":30,"time":1789777719843,"pid":21053,"hostname":"Glebs-MacBook-Pro.local","reqId":"bfb7a696-b302-4727-9a6b-cd7f53cbc557","event":"request_completed","requestId":"bfb7a696-b302-4727-9a6b-cd7f53cbc557","method":"GET","route":"/api/v1/tournaments/:id","statusCode":200,"latencyMs":35.195,"msg":"request completed"}
{"level":30,"time":1789777719859,"pid":21053,"hostname":"Glebs-MacBook-Pro.local","reqId":"db6c1091-6783-452f-812f-6a15e6f3750f","event":"request_completed","requestId":"db6c1091-6783-452f-812f-6a15e6f3750f","method":"GET","route":"/api/v1/tournaments/:id","statusCode":200,"latencyMs":12.806,"msg":"request completed"}
{"level":30,"time":1789777719870,"pid":21053,"hostname":"Glebs-MacBook-Pro.local","reqId":"1ab7074b-b8ee-44e0-b243-9e0e48a27c2c","event":"request_completed","requestId":"1ab7074b-b8ee-44e0-b243-9e0e48a27c2c","method":"POST","route":"/api/v1/tournaments/:id/start","statusCode":200,"latencyMs":66.567,"msg":"request completed"}
{"level":30,"time":1789777720001,"pid":21053,"hostname":"Glebs-MacBook-Pro.local","reqId":"1dc13bac-2522-49ff-a044-f1ed8e88cd5c","event":"request_completed","requestId":"1dc13bac-2522-49ff-a044-f1ed8e88cd5c","method":"GET","route":"/api/v1/tournaments/:id","statusCode":200,"latencyMs":34.862,"msg":"request completed"}
{"level":30,"time":1789777720033,"pid":21053,"hostname":"Glebs-MacBook-Pro.local","reqId":"bf027a18-0406-4ae1-9fa8-dd0587a692ea","event":"request_completed","requestId":"bf027a18-0406-4ae1-9fa8-dd0587a692ea","method":"GET","route":"/api/v1/tournaments/:id","statusCode":200,"latencyMs":28.565,"msg":"request completed"}
{"level":30,"time":1789777720045,"pid":21053,"hostname":"Glebs-MacBook-Pro.local","reqId":"cd0383b4-78eb-46e9-abcf-8dcdf0af7d3e","event":"request_completed","requestId":"cd0383b4-78eb-46e9-abcf-8dcdf0af7d3e","method":"GET","route":"/api/v1/matches/:matchId","statusCode":200,"latencyMs":9.075,"msg":"request completed"}
{"level":30,"time":1789777720078,"pid":21053,"hostname":"Glebs-MacBook-Pro.local","reqId":"921509a9-36a1-4ef2-bfd3-964e3d848758","event":"request_completed","requestId":"921509a9-36a1-4ef2-bfd3-964e3d848758","method":"POST","route":"/api/v1/matches/:matchId/judge/acquire","statusCode":200,"latencyMs":29.581,"msg":"request completed"}
{"level":30,"time":1789777720110,"pid":21053,"hostname":"Glebs-MacBook-Pro.local","reqId":"c69f0914-e320-495a-9be1-7c26093342c6","event":"request_completed","requestId":"c69f0914-e320-495a-9be1-7c26093342c6","method":"POST","route":"/api/v1/matches/:matchId/start","statusCode":200,"latencyMs":28.228,"msg":"request completed"}
{"level":30,"time":1789777720132,"pid":21053,"hostname":"Glebs-MacBook-Pro.local","reqId":"b08d6ec6-12a7-4b9e-8590-6222bd406077","event":"request_completed","requestId":"b08d6ec6-12a7-4b9e-8590-6222bd406077","method":"POST","route":"/api/v1/matches/:matchId/points","statusCode":200,"latencyMs":18.51,"msg":"request completed"}
{"level":30,"time":1789777720187,"pid":21053,"hostname":"Glebs-MacBook-Pro.local","reqId":"2623341f-2825-46e7-9e59-39bb12b8165e","event":"request_completed","requestId":"2623341f-2825-46e7-9e59-39bb12b8165e","method":"POST","route":"/api/v1/matches/:matchId/confirm-finish","statusCode":200,"latencyMs":51.027,"msg":"request completed"}
{"level":30,"time":1789777720203,"pid":21053,"hostname":"Glebs-MacBook-Pro.local","reqId":"701a1970-30ca-41f2-8fac-4c89eb452d8e","event":"request_completed","requestId":"701a1970-30ca-41f2-8fac-4c89eb452d8e","method":"GET","route":"/api/v1/tournaments/:id","statusCode":200,"latencyMs":12.23,"msg":"request completed"}
{"level":30,"time":1789777720216,"pid":21053,"hostname":"Glebs-MacBook-Pro.local","reqId":"1499550b-1305-4ca9-a5f3-d3c82495fd3f","event":"request_completed","requestId":"1499550b-1305-4ca9-a5f3-d3c82495fd3f","method":"GET","route":"/api/v1/matches/:matchId","statusCode":200,"latencyMs":10.003,"msg":"request completed"}
{"level":30,"time":1789777720241,"pid":21053,"hostname":"Glebs-MacBook-Pro.local","reqId":"cf71cf1a-a676-4eab-816e-c512ff921376","event":"request_completed","requestId":"cf71cf1a-a676-4eab-816e-c512ff921376","method":"POST","route":"/api/v1/matches/:matchId/judge/acquire","statusCode":200,"latencyMs":21.387,"msg":"request completed"}
{"level":30,"time":1789777720280,"pid":21053,"hostname":"Glebs-MacBook-Pro.local","reqId":"b2b4dc20-7a52-4337-9309-71b0c16637ce","event":"request_completed","requestId":"b2b4dc20-7a52-4337-9309-71b0c16637ce","method":"POST","route":"/api/v1/matches/:matchId/start","statusCode":200,"latencyMs":36.329,"msg":"request completed"}
{"level":30,"time":1789777720310,"pid":21053,"hostname":"Glebs-MacBook-Pro.local","reqId":"e196e3e1-b49e-4403-b999-e124c2d8229f","event":"request_completed","requestId":"e196e3e1-b49e-4403-b999-e124c2d8229f","method":"POST","route":"/api/v1/matches/:matchId/points","statusCode":200,"latencyMs":25.591,"msg":"request completed"}
{"level":30,"time":1789777720361,"pid":21053,"hostname":"Glebs-MacBook-Pro.local","reqId":"27b89b8e-23bd-4d76-abe7-daade52d8e4e","event":"request_completed","requestId":"27b89b8e-23bd-4d76-abe7-daade52d8e4e","method":"POST","route":"/api/v1/matches/:matchId/confirm-finish","statusCode":200,"latencyMs":46.801,"msg":"request completed"}
{"level":30,"time":1789777720380,"pid":21053,"hostname":"Glebs-MacBook-Pro.local","reqId":"22dd39cd-8bf8-4da7-8265-d1da616fdf2b","event":"request_completed","requestId":"22dd39cd-8bf8-4da7-8265-d1da616fdf2b","method":"GET","route":"/api/v1/tournaments/:id","statusCode":200,"latencyMs":15.948,"msg":"request completed"}
{"level":30,"time":1789777720395,"pid":21053,"hostname":"Glebs-MacBook-Pro.local","reqId":"29b18358-b353-43f6-b669-bb80a500fba2","event":"request_completed","requestId":"29b18358-b353-43f6-b669-bb80a500fba2","method":"GET","route":"/api/v1/matches/:matchId","statusCode":200,"latencyMs":10.429,"msg":"request completed"}
{"level":30,"time":1789777720423,"pid":21053,"hostname":"Glebs-MacBook-Pro.local","reqId":"e11a447d-0ec9-4e76-8e13-707b7dd2c1be","event":"request_completed","requestId":"e11a447d-0ec9-4e76-8e13-707b7dd2c1be","method":"POST","route":"/api/v1/matches/:matchId/judge/acquire","statusCode":200,"latencyMs":24.795,"msg":"request completed"}
{"level":30,"time":1789777720457,"pid":21053,"hostname":"Glebs-MacBook-Pro.local","reqId":"0fd0b6fd-f612-4d8a-a51d-6e4543c447b6","event":"request_completed","requestId":"0fd0b6fd-f612-4d8a-a51d-6e4543c447b6","method":"POST","route":"/api/v1/matches/:matchId/start","statusCode":200,"latencyMs":28.864,"msg":"request completed"}
{"level":30,"time":1789777720484,"pid":21053,"hostname":"Glebs-MacBook-Pro.local","reqId":"bdef3272-76b1-4983-a81b-12456e7b9640","event":"request_completed","requestId":"bdef3272-76b1-4983-a81b-12456e7b9640","method":"POST","route":"/api/v1/matches/:matchId/points","statusCode":200,"latencyMs":23.096,"msg":"request completed"}
{"level":30,"time":1789777720552,"pid":21053,"hostname":"Glebs-MacBook-Pro.local","reqId":"632cde03-4806-4c64-959c-6163e0b969ea","event":"request_completed","requestId":"632cde03-4806-4c64-959c-6163e0b969ea","method":"POST","route":"/api/v1/matches/:matchId/confirm-finish","statusCode":200,"latencyMs":64.759,"msg":"request completed"}
{"level":30,"time":1789777720570,"pid":21053,"hostname":"Glebs-MacBook-Pro.local","reqId":"f3f2f2dd-e246-4f60-a0fc-2a287fcdf686","event":"request_completed","requestId":"f3f2f2dd-e246-4f60-a0fc-2a287fcdf686","method":"GET","route":"/api/v1/tournaments/:id","statusCode":200,"latencyMs":14.334,"msg":"request completed"}
{"level":30,"time":1789777720586,"pid":21053,"hostname":"Glebs-MacBook-Pro.local","reqId":"fb769b18-2438-48a1-84ee-8c4c03336b46","event":"request_completed","requestId":"fb769b18-2438-48a1-84ee-8c4c03336b46","method":"GET","route":"/api/v1/matches/:matchId","statusCode":200,"latencyMs":10.393,"msg":"request completed"}
{"level":30,"time":1789777720614,"pid":21053,"hostname":"Glebs-MacBook-Pro.local","reqId":"105013fc-a93b-4946-a41c-233fa90186d7","event":"request_completed","requestId":"105013fc-a93b-4946-a41c-233fa90186d7","method":"POST","route":"/api/v1/matches/:matchId/judge/acquire","statusCode":200,"latencyMs":23.759,"msg":"request completed"}
{"level":30,"time":1789777720657,"pid":21053,"hostname":"Glebs-MacBook-Pro.local","reqId":"cd9895ee-6afe-4150-8d90-3588f9472769","event":"request_completed","requestId":"cd9895ee-6afe-4150-8d90-3588f9472769","method":"POST","route":"/api/v1/matches/:matchId/start","statusCode":200,"latencyMs":38.242,"msg":"request completed"}
{"level":30,"time":1789777720687,"pid":21053,"hostname":"Glebs-MacBook-Pro.local","reqId":"b9bca8c1-7332-4b44-9dcd-873df4a45ca7","event":"request_completed","requestId":"b9bca8c1-7332-4b44-9dcd-873df4a45ca7","method":"POST","route":"/api/v1/matches/:matchId/points","statusCode":200,"latencyMs":25.779,"msg":"request completed"}
{"level":30,"time":1789777720741,"pid":21053,"hostname":"Glebs-MacBook-Pro.local","reqId":"9bca0c25-4fd2-4b76-8103-5d84f05f7a88","event":"request_completed","requestId":"9bca0c25-4fd2-4b76-8103-5d84f05f7a88","method":"POST","route":"/api/v1/matches/:matchId/confirm-finish","statusCode":200,"latencyMs":48.432,"msg":"request completed"}
{"level":30,"time":1789777720760,"pid":21053,"hostname":"Glebs-MacBook-Pro.local","reqId":"fb50aa82-3f47-4329-8f46-a9f64b8b50c9","event":"request_completed","requestId":"fb50aa82-3f47-4329-8f46-a9f64b8b50c9","method":"GET","route":"/api/v1/tournaments/:id","statusCode":200,"latencyMs":15.671,"msg":"request completed"}
{"level":30,"time":1789777720774,"pid":21053,"hostname":"Glebs-MacBook-Pro.local","reqId":"7e8f916c-16d8-406f-978c-14fc5fd20e88","event":"request_completed","requestId":"7e8f916c-16d8-406f-978c-14fc5fd20e88","method":"GET","route":"/api/v1/matches/:matchId","statusCode":200,"latencyMs":9.762,"msg":"request completed"}
{"level":30,"time":1789777720800,"pid":21053,"hostname":"Glebs-MacBook-Pro.local","reqId":"ad1c4654-bfc8-4cce-babb-2180e9f195e2","event":"request_completed","requestId":"ad1c4654-bfc8-4cce-babb-2180e9f195e2","method":"POST","route":"/api/v1/matches/:matchId/judge/acquire","statusCode":200,"latencyMs":22.264,"msg":"request completed"}
{"level":30,"time":1789777720831,"pid":21053,"hostname":"Glebs-MacBook-Pro.local","reqId":"d454468a-2020-4f75-961c-aef719c220c4","event":"request_completed","requestId":"d454468a-2020-4f75-961c-aef719c220c4","method":"POST","route":"/api/v1/matches/:matchId/start","statusCode":200,"latencyMs":27.548,"msg":"request completed"}
{"level":30,"time":1789777720858,"pid":21053,"hostname":"Glebs-MacBook-Pro.local","reqId":"96977c0b-fb61-409f-9716-b78cb589bc95","event":"request_completed","requestId":"96977c0b-fb61-409f-9716-b78cb589bc95","method":"POST","route":"/api/v1/matches/:matchId/points","statusCode":200,"latencyMs":22.817,"msg":"request completed"}
{"level":30,"time":1789777720908,"pid":21053,"hostname":"Glebs-MacBook-Pro.local","reqId":"f4660a6e-5b60-475b-b985-94dca7f98d50","event":"request_completed","requestId":"f4660a6e-5b60-475b-b985-94dca7f98d50","method":"POST","route":"/api/v1/matches/:matchId/confirm-finish","statusCode":200,"latencyMs":45.711,"msg":"request completed"}
{"level":30,"time":1789777720923,"pid":21053,"hostname":"Glebs-MacBook-Pro.local","reqId":"6b57910e-7240-4ed8-9e71-a9a162b826a4","event":"request_completed","requestId":"6b57910e-7240-4ed8-9e71-a9a162b826a4","method":"GET","route":"/api/v1/tournaments/:id","statusCode":200,"latencyMs":12.336,"msg":"request completed"}
{"level":30,"time":1789777720935,"pid":21053,"hostname":"Glebs-MacBook-Pro.local","reqId":"41ff3666-fca0-4eb8-8315-1769c347802c","event":"request_completed","requestId":"41ff3666-fca0-4eb8-8315-1769c347802c","method":"GET","route":"/api/v1/matches/:matchId","statusCode":200,"latencyMs":8.571,"msg":"request completed"}
{"level":30,"time":1789777720957,"pid":21053,"hostname":"Glebs-MacBook-Pro.local","reqId":"88431e24-0695-427e-aba9-a7b5323ee9a9","event":"request_completed","requestId":"88431e24-0695-427e-aba9-a7b5323ee9a9","method":"POST","route":"/api/v1/matches/:matchId/judge/acquire","statusCode":200,"latencyMs":18.816,"msg":"request completed"}
{"level":30,"time":1789777720989,"pid":21053,"hostname":"Glebs-MacBook-Pro.local","reqId":"f62980a2-124e-44b7-b645-d9c65af30957","event":"request_completed","requestId":"f62980a2-124e-44b7-b645-d9c65af30957","method":"POST","route":"/api/v1/matches/:matchId/start","statusCode":200,"latencyMs":28.969,"msg":"request completed"}
{"level":30,"time":1789777721015,"pid":21053,"hostname":"Glebs-MacBook-Pro.local","reqId":"c923c422-f18c-4ec9-9d5d-f1d3bca1f6e6","event":"request_completed","requestId":"c923c422-f18c-4ec9-9d5d-f1d3bca1f6e6","method":"POST","route":"/api/v1/matches/:matchId/points","statusCode":200,"latencyMs":21.091,"msg":"request completed"}
{"level":30,"time":1789777721070,"pid":21053,"hostname":"Glebs-MacBook-Pro.local","reqId":"2b509c50-bf10-4717-9780-e4aaf7ae41c4","event":"request_completed","requestId":"2b509c50-bf10-4717-9780-e4aaf7ae41c4","method":"POST","route":"/api/v1/matches/:matchId/confirm-finish","statusCode":200,"latencyMs":50.722,"msg":"request completed"}
{"level":30,"time":1789777721086,"pid":21053,"hostname":"Glebs-MacBook-Pro.local","reqId":"162fe6a4-b98c-4f34-898d-888fd61001b1","event":"request_completed","requestId":"162fe6a4-b98c-4f34-898d-888fd61001b1","method":"GET","route":"/api/v1/tournaments/:id","statusCode":200,"latencyMs":12.306,"msg":"request completed"}
{"level":30,"time":1789777721097,"pid":21053,"hostname":"Glebs-MacBook-Pro.local","reqId":"58b4538b-5e30-4140-bb84-936731c7b8e0","event":"request_completed","requestId":"58b4538b-5e30-4140-bb84-936731c7b8e0","method":"GET","route":"/api/v1/matches/:matchId","statusCode":200,"latencyMs":8.717,"msg":"request completed"}
{"level":30,"time":1789777721121,"pid":21053,"hostname":"Glebs-MacBook-Pro.local","reqId":"59ebb2d0-b9ed-4357-9909-1eceb75970b6","event":"request_completed","requestId":"59ebb2d0-b9ed-4357-9909-1eceb75970b6","method":"POST","route":"/api/v1/matches/:matchId/judge/acquire","statusCode":200,"latencyMs":21.28,"msg":"request completed"}
{"level":30,"time":1789777721157,"pid":21053,"hostname":"Glebs-MacBook-Pro.local","reqId":"126aa7f7-2f55-4ab2-b08b-5e048338a873","event":"request_completed","requestId":"126aa7f7-2f55-4ab2-b08b-5e048338a873","method":"POST","route":"/api/v1/matches/:matchId/start","statusCode":200,"latencyMs":32.125,"msg":"request completed"}
{"level":30,"time":1789777721183,"pid":21053,"hostname":"Glebs-MacBook-Pro.local","reqId":"2ae7a771-a06f-4d8f-a2bf-b29f7ccbce1d","event":"request_completed","requestId":"2ae7a771-a06f-4d8f-a2bf-b29f7ccbce1d","method":"POST","route":"/api/v1/matches/:matchId/points","statusCode":200,"latencyMs":22.771,"msg":"request completed"}
{"level":30,"time":1789777721238,"pid":21053,"hostname":"Glebs-MacBook-Pro.local","reqId":"e6a9cbd8-bba6-486c-b277-c1186f192d9e","event":"request_completed","requestId":"e6a9cbd8-bba6-486c-b277-c1186f192d9e","method":"POST","route":"/api/v1/matches/:matchId/confirm-finish","statusCode":200,"latencyMs":51.58,"msg":"request completed"}
{"level":30,"time":1789777721255,"pid":21053,"hostname":"Glebs-MacBook-Pro.local","reqId":"698a91ff-65f9-4b07-abbf-336ed6b68bd1","event":"request_completed","requestId":"698a91ff-65f9-4b07-abbf-336ed6b68bd1","method":"GET","route":"/api/v1/tournaments/:id","statusCode":200,"latencyMs":12.878,"msg":"request completed"}
{"level":30,"time":1789777721266,"pid":21053,"hostname":"Glebs-MacBook-Pro.local","reqId":"15d74de6-ef40-4d10-8aca-ae3606f36b37","event":"request_completed","requestId":"15d74de6-ef40-4d10-8aca-ae3606f36b37","method":"GET","route":"/api/v1/matches/:matchId","statusCode":200,"latencyMs":8.764,"msg":"request completed"}
{"level":30,"time":1789777721288,"pid":21053,"hostname":"Glebs-MacBook-Pro.local","reqId":"2ca4b100-035c-411e-b977-99cbff6d41c3","event":"request_completed","requestId":"2ca4b100-035c-411e-b977-99cbff6d41c3","method":"POST","route":"/api/v1/matches/:matchId/judge/acquire","statusCode":200,"latencyMs":18.374,"msg":"request completed"}
{"level":30,"time":1789777721317,"pid":21053,"hostname":"Glebs-MacBook-Pro.local","reqId":"77d77601-3b17-4ffe-86ec-f40b8d79dfe7","event":"request_completed","requestId":"77d77601-3b17-4ffe-86ec-f40b8d79dfe7","method":"POST","route":"/api/v1/matches/:matchId/start","statusCode":200,"latencyMs":26.247,"msg":"request completed"}
{"level":30,"time":1789777721339,"pid":21053,"hostname":"Glebs-MacBook-Pro.local","reqId":"d9e8e98a-5c6d-4c39-836a-f169bf1a7e02","event":"request_completed","requestId":"d9e8e98a-5c6d-4c39-836a-f169bf1a7e02","method":"POST","route":"/api/v1/matches/:matchId/points","statusCode":200,"latencyMs":18.312,"msg":"request completed"}
{"level":30,"time":1789777721378,"pid":21053,"hostname":"Glebs-MacBook-Pro.local","reqId":"8470686a-7697-4078-9343-9133a5a69de4","event":"request_completed","requestId":"8470686a-7697-4078-9343-9133a5a69de4","method":"POST","route":"/api/v1/matches/:matchId/confirm-finish","statusCode":200,"latencyMs":35.834,"msg":"request completed"}
{"level":30,"time":1789777721391,"pid":21053,"hostname":"Glebs-MacBook-Pro.local","reqId":"261bb7d4-0b68-495f-b930-52855eacdc9c","event":"request_completed","requestId":"261bb7d4-0b68-495f-b930-52855eacdc9c","method":"GET","route":"/api/v1/tournaments/:id","statusCode":200,"latencyMs":9.441,"msg":"request completed"}
{"level":30,"time":1789777721413,"pid":21053,"hostname":"Glebs-MacBook-Pro.local","reqId":"02666a85-16bb-49a7-89dd-df3716f99c54","event":"request_completed","requestId":"02666a85-16bb-49a7-89dd-df3716f99c54","method":"GET","route":"/api/v1/tournaments/:id","statusCode":200,"latencyMs":18.685,"msg":"request completed"}
{"level":30,"time":1789777721442,"pid":21053,"hostname":"Glebs-MacBook-Pro.local","reqId":"d55d1b5f-3428-4dbe-9b66-695d1d1981d7","event":"request_completed","requestId":"d55d1b5f-3428-4dbe-9b66-695d1d1981d7","method":"GET","route":"/api/v1/auth/me","statusCode":200,"latencyMs":10.06,"msg":"request completed"}
{"level":30,"time":1789777721477,"pid":21053,"hostname":"Glebs-MacBook-Pro.local","reqId":"70e42cb2-d503-46e1-bd71-c97dcebdf188","event":"request_completed","requestId":"70e42cb2-d503-46e1-bd71-c97dcebdf188","method":"GET","route":"/api/v1/notifications","statusCode":200,"latencyMs":25.623,"msg":"request completed"}
{"level":30,"time":1789777721480,"pid":21053,"hostname":"Glebs-MacBook-Pro.local","reqId":"8fc081ef-ebf8-4e6e-a1ab-c54cdb16d014","event":"request_completed","requestId":"8fc081ef-ebf8-4e6e-a1ab-c54cdb16d014","method":"GET","route":"/api/v1/tournaments/:id","statusCode":200,"latencyMs":28.045,"msg":"request completed"}
  ✓  50 [chromium-mobile-390] › tests/e2e/wave-d-tournaments.spec.ts:19:7 › Wave D tournament double_elimination/5 roster, seed edit, complete and results (3.6s)
{"level":30,"time":1789777721721,"pid":21053,"hostname":"Glebs-MacBook-Pro.local","reqId":"5de7382a-c2a4-4d68-87d1-357d864a377b","event":"request_completed","requestId":"5de7382a-c2a4-4d68-87d1-357d864a377b","method":"GET","route":"/health","statusCode":200,"latencyMs":0.208,"msg":"request completed"}
{"level":30,"time":1789777721750,"pid":21053,"hostname":"Glebs-MacBook-Pro.local","reqId":"5d6fd105-67e8-48c4-b663-c27d1c454473","event":"request_completed","requestId":"5d6fd105-67e8-48c4-b663-c27d1c454473","method":"POST","route":"/api/v1/auth/login","statusCode":200,"latencyMs":26.158,"msg":"request completed"}
{"level":30,"time":1789777721766,"pid":21053,"hostname":"Glebs-MacBook-Pro.local","reqId":"a857a145-eecb-49d5-af62-ae6d0aa3a6f6","event":"request_completed","requestId":"a857a145-eecb-49d5-af62-ae6d0aa3a6f6","method":"PATCH","route":"/api/v1/me/onboarding","statusCode":200,"latencyMs":11.347,"msg":"request completed"}
{"level":30,"time":1789777722029,"pid":21053,"hostname":"Glebs-MacBook-Pro.local","reqId":"fc050df2-64f3-4933-96e3-c66fe7af1194","event":"request_completed","requestId":"fc050df2-64f3-4933-96e3-c66fe7af1194","method":"GET","route":"/api/v1/auth/me","statusCode":401,"latencyMs":0.226,"msg":"request completed"}
{"level":30,"time":1789777722198,"pid":21053,"hostname":"Glebs-MacBook-Pro.local","reqId":"3529f772-f14e-462d-a076-452d2a27724e","event":"request_completed","requestId":"3529f772-f14e-462d-a076-452d2a27724e","method":"POST","route":"/api/v1/auth/login","statusCode":200,"latencyMs":32.957,"msg":"request completed"}
{"level":30,"time":1789777722212,"pid":21053,"hostname":"Glebs-MacBook-Pro.local","reqId":"0018f145-33d2-4c6a-a217-fe0a12a902cf","event":"request_completed","requestId":"0018f145-33d2-4c6a-a217-fe0a12a902cf","method":"GET","route":"/api/v1/auth/me","statusCode":200,"latencyMs":11.641,"msg":"request completed"}
{"level":30,"time":1789777722238,"pid":21053,"hostname":"Glebs-MacBook-Pro.local","reqId":"e5deed4d-a424-49fe-a545-115cfa423851","event":"request_completed","requestId":"e5deed4d-a424-49fe-a545-115cfa423851","method":"GET","route":"/api/v1/notifications","statusCode":200,"latencyMs":36.312,"msg":"request completed"}
{"level":30,"time":1789777722274,"pid":21053,"hostname":"Glebs-MacBook-Pro.local","reqId":"4c42f718-74de-4555-83aa-e4ba80aaf70a","event":"request_completed","requestId":"4c42f718-74de-4555-83aa-e4ba80aaf70a","method":"GET","route":"/api/v1/auth/me","statusCode":200,"latencyMs":4.09,"msg":"request completed"}
{"level":30,"time":1789777722279,"pid":21053,"hostname":"Glebs-MacBook-Pro.local","reqId":"2427bb10-bba7-4137-86e7-7dbf40814074","event":"request_completed","requestId":"2427bb10-bba7-4137-86e7-7dbf40814074","method":"GET","route":"/api/v1/home","statusCode":200,"latencyMs":75.108,"msg":"request completed"}
{"level":30,"time":1789777722293,"pid":21053,"hostname":"Glebs-MacBook-Pro.local","reqId":"db7c1e16-c79f-42c0-a655-f458c85ed334","event":"request_completed","requestId":"db7c1e16-c79f-42c0-a655-f458c85ed334","method":"GET","route":"/api/v1/notifications","statusCode":200,"latencyMs":12.024,"msg":"request completed"}
{"level":30,"time":1789777722389,"pid":21053,"hostname":"Glebs-MacBook-Pro.local","reqId":"ba384433-fc5d-481f-8988-88d4656d7557","event":"request_completed","requestId":"ba384433-fc5d-481f-8988-88d4656d7557","method":"POST","route":"/api/v1/tournaments","statusCode":200,"latencyMs":31.624,"msg":"request completed"}
{"level":30,"time":1789777722410,"pid":21053,"hostname":"Glebs-MacBook-Pro.local","reqId":"b36036fa-52a9-46d9-a6eb-eb5293863d87","event":"request_completed","requestId":"b36036fa-52a9-46d9-a6eb-eb5293863d87","method":"GET","route":"/api/v1/tournaments/:id","statusCode":200,"latencyMs":16.192,"msg":"request completed"}
{"level":30,"time":1789777722418,"pid":21053,"hostname":"Glebs-MacBook-Pro.local","reqId":"f93dbb89-6aab-401b-9b0d-68d6818f9754","event":"request_completed","requestId":"f93dbb89-6aab-401b-9b0d-68d6818f9754","method":"GET","route":"/api/v1/users/directory","statusCode":200,"latencyMs":4.793,"msg":"request completed"}
{"level":30,"time":1789777722540,"pid":21053,"hostname":"Glebs-MacBook-Pro.local","reqId":"36410258-1ac2-4793-b758-85c810512c25","event":"request_completed","requestId":"36410258-1ac2-4793-b758-85c810512c25","method":"POST","route":"/api/v1/tournaments/:id/participants","statusCode":200,"latencyMs":64.854,"msg":"request completed"}
{"level":30,"time":1789777722606,"pid":21053,"hostname":"Glebs-MacBook-Pro.local","reqId":"a029c3ec-b1e7-4200-bdaf-0d5deb4cd00a","event":"request_completed","requestId":"a029c3ec-b1e7-4200-bdaf-0d5deb4cd00a","method":"POST","route":"/api/v1/tournaments/:id/participants","statusCode":200,"latencyMs":44.303,"msg":"request completed"}
{"level":30,"time":1789777722639,"pid":21053,"hostname":"Glebs-MacBook-Pro.local","reqId":"a1bfc8cc-7f34-4739-ad5f-32ac8896d539","event":"request_completed","requestId":"a1bfc8cc-7f34-4739-ad5f-32ac8896d539","method":"POST","route":"/api/v1/tournaments/:id/participants","statusCode":200,"latencyMs":28.651,"msg":"request completed"}
{"level":30,"time":1789777722670,"pid":21053,"hostname":"Glebs-MacBook-Pro.local","reqId":"1fb9fd9e-2367-41c3-8002-93b07a99a117","event":"request_completed","requestId":"1fb9fd9e-2367-41c3-8002-93b07a99a117","method":"POST","route":"/api/v1/tournaments/:id/participants","statusCode":200,"latencyMs":27.026,"msg":"request completed"}
{"level":30,"time":1789777722702,"pid":21053,"hostname":"Glebs-MacBook-Pro.local","reqId":"74503d12-1bbf-4a0b-a959-8765f0f84e74","event":"request_completed","requestId":"74503d12-1bbf-4a0b-a959-8765f0f84e74","method":"POST","route":"/api/v1/tournaments/:id/participants","statusCode":200,"latencyMs":27.432,"msg":"request completed"}
{"level":30,"time":1789777722735,"pid":21053,"hostname":"Glebs-MacBook-Pro.local","reqId":"3920e3b7-72f4-4f47-a32c-86c4c97cc832","event":"request_completed","requestId":"3920e3b7-72f4-4f47-a32c-86c4c97cc832","method":"POST","route":"/api/v1/tournaments/:id/participants","statusCode":200,"latencyMs":29.052,"msg":"request completed"}
{"level":30,"time":1789777722766,"pid":21053,"hostname":"Glebs-MacBook-Pro.local","reqId":"9c484973-c705-4524-b599-59582f3f9b33","event":"request_completed","requestId":"9c484973-c705-4524-b599-59582f3f9b33","method":"POST","route":"/api/v1/tournaments/:id/participants","statusCode":200,"latencyMs":27.251,"msg":"request completed"}
{"level":30,"time":1789777722788,"pid":21053,"hostname":"Glebs-MacBook-Pro.local","reqId":"b77f5d7b-314a-46d0-a9ff-b3ced9d677ed","event":"request_completed","requestId":"b77f5d7b-314a-46d0-a9ff-b3ced9d677ed","method":"PATCH","route":"/api/v1/tournaments/:id","statusCode":200,"latencyMs":18.674,"msg":"request completed"}
{"level":30,"time":1789777722815,"pid":21053,"hostname":"Glebs-MacBook-Pro.local","reqId":"f3baf5b4-31ee-4c1c-a760-4a219f8179e9","event":"request_completed","requestId":"f3baf5b4-31ee-4c1c-a760-4a219f8179e9","method":"GET","route":"/api/v1/auth/me","statusCode":200,"latencyMs":8.622,"msg":"request completed"}
{"level":30,"time":1789777722840,"pid":21053,"hostname":"Glebs-MacBook-Pro.local","reqId":"9aef8354-a7af-4eff-a058-cbb730a4a5c1","event":"request_completed","requestId":"9aef8354-a7af-4eff-a058-cbb730a4a5c1","method":"GET","route":"/api/v1/notifications","statusCode":200,"latencyMs":18.929,"msg":"request completed"}
{"level":30,"time":1789777722845,"pid":21053,"hostname":"Glebs-MacBook-Pro.local","reqId":"c4f95340-a135-463e-9e46-501ed6489b7d","event":"request_completed","requestId":"c4f95340-a135-463e-9e46-501ed6489b7d","method":"GET","route":"/api/v1/tournaments/:id","statusCode":200,"latencyMs":23.638,"msg":"request completed"}
{"level":30,"time":1789777722853,"pid":21053,"hostname":"Glebs-MacBook-Pro.local","reqId":"7a92e335-3a06-4d15-9911-74eb3e16f4d8","event":"request_completed","requestId":"7a92e335-3a06-4d15-9911-74eb3e16f4d8","method":"GET","route":"/api/v1/users/directory","statusCode":200,"latencyMs":5.194,"msg":"request completed"}
{"level":30,"time":1789777722983,"pid":21053,"hostname":"Glebs-MacBook-Pro.local","reqId":"38372f89-9a4a-499e-b121-2457f82468a9","event":"request_completed","requestId":"38372f89-9a4a-499e-b121-2457f82468a9","method":"POST","route":"/api/v1/tournaments/:id/bracket","statusCode":200,"latencyMs":46.218,"msg":"request completed"}
{"level":30,"time":1789777722999,"pid":21053,"hostname":"Glebs-MacBook-Pro.local","reqId":"7a428242-41fc-4cbb-884e-e5c3fc2ea546","event":"request_completed","requestId":"7a428242-41fc-4cbb-884e-e5c3fc2ea546","method":"GET","route":"/api/v1/tournaments/:id","statusCode":200,"latencyMs":13.253,"msg":"request completed"}
{"level":30,"time":1789777723071,"pid":21053,"hostname":"Glebs-MacBook-Pro.local","reqId":"267c9f33-7d29-4917-856e-af39e11a49d5","event":"request_completed","requestId":"267c9f33-7d29-4917-856e-af39e11a49d5","method":"GET","route":"/api/v1/tournaments/:id","statusCode":200,"latencyMs":30.25,"msg":"request completed"}
{"level":30,"time":1789777723162,"pid":21053,"hostname":"Glebs-MacBook-Pro.local","reqId":"4c16a896-da78-44de-8445-1183d09402ac","event":"request_completed","requestId":"4c16a896-da78-44de-8445-1183d09402ac","method":"GET","route":"/api/v1/tournaments/:id","statusCode":200,"latencyMs":34.04,"msg":"request completed"}
{"level":30,"time":1789777723170,"pid":21053,"hostname":"Glebs-MacBook-Pro.local","reqId":"16f92baa-efd6-4b60-b418-12c1149e64e7","event":"request_completed","requestId":"16f92baa-efd6-4b60-b418-12c1149e64e7","method":"PATCH","route":"/api/v1/tournaments/:id/bracket","statusCode":200,"latencyMs":47.263,"msg":"request completed"}
{"level":30,"time":1789777723184,"pid":21053,"hostname":"Glebs-MacBook-Pro.local","reqId":"cecd34f1-b21c-4d9b-95fb-d4f110920473","event":"request_completed","requestId":"cecd34f1-b21c-4d9b-95fb-d4f110920473","method":"GET","route":"/api/v1/tournaments/:id","statusCode":200,"latencyMs":12.752,"msg":"request completed"}
{"level":30,"time":1789777723302,"pid":21053,"hostname":"Glebs-MacBook-Pro.local","reqId":"2ac427d2-f71c-4914-8d93-e1cd4fb170d0","event":"request_completed","requestId":"2ac427d2-f71c-4914-8d93-e1cd4fb170d0","method":"GET","route":"/api/v1/tournaments/:id","statusCode":200,"latencyMs":32.593,"msg":"request completed"}
{"level":30,"time":1789777723527,"pid":21053,"hostname":"Glebs-MacBook-Pro.local","reqId":"f8cd6c1f-88d0-4497-8fdc-bc9547a30041","event":"request_completed","requestId":"f8cd6c1f-88d0-4497-8fdc-bc9547a30041","method":"GET","route":"/api/v1/tournaments/:id","statusCode":200,"latencyMs":16.148,"msg":"request completed"}
{"level":30,"time":1789777723543,"pid":21053,"hostname":"Glebs-MacBook-Pro.local","reqId":"48b1a9df-c01d-45e6-bea5-fe34743a7c56","event":"request_completed","requestId":"48b1a9df-c01d-45e6-bea5-fe34743a7c56","method":"GET","route":"/api/v1/tournaments/:id","statusCode":200,"latencyMs":12.761,"msg":"request completed"}
{"level":30,"time":1789777723577,"pid":21053,"hostname":"Glebs-MacBook-Pro.local","reqId":"8ea92262-720a-40e5-b2fe-5f6db34674fd","event":"request_completed","requestId":"8ea92262-720a-40e5-b2fe-5f6db34674fd","method":"POST","route":"/api/v1/tournaments/:id/start","statusCode":200,"latencyMs":71.61,"msg":"request completed"}
{"level":30,"time":1789777723662,"pid":21053,"hostname":"Glebs-MacBook-Pro.local","reqId":"bc703b99-6cd7-4ce3-b88b-80658e0737b2","event":"request_completed","requestId":"bc703b99-6cd7-4ce3-b88b-80658e0737b2","method":"GET","route":"/api/v1/tournaments/:id","statusCode":200,"latencyMs":13.525,"msg":"request completed"}
{"level":30,"time":1789777723679,"pid":21053,"hostname":"Glebs-MacBook-Pro.local","reqId":"0c2119b7-96c2-4415-bd70-5d6462fe351b","event":"request_completed","requestId":"0c2119b7-96c2-4415-bd70-5d6462fe351b","method":"GET","route":"/api/v1/tournaments/:id","statusCode":200,"latencyMs":13.831,"msg":"request completed"}
{"level":30,"time":1789777723692,"pid":21053,"hostname":"Glebs-MacBook-Pro.local","reqId":"e23face4-efa9-4aeb-a9b0-119f87f2e5a6","event":"request_completed","requestId":"e23face4-efa9-4aeb-a9b0-119f87f2e5a6","method":"GET","route":"/api/v1/matches/:matchId","statusCode":200,"latencyMs":9.373,"msg":"request completed"}
{"level":30,"time":1789777723716,"pid":21053,"hostname":"Glebs-MacBook-Pro.local","reqId":"7a363e6c-74dc-4229-9b2f-c92e95667087","event":"request_completed","requestId":"7a363e6c-74dc-4229-9b2f-c92e95667087","method":"POST","route":"/api/v1/matches/:matchId/judge/acquire","statusCode":200,"latencyMs":21.424,"msg":"request completed"}
{"level":30,"time":1789777723745,"pid":21053,"hostname":"Glebs-MacBook-Pro.local","reqId":"9896d702-9ab9-489a-b2fb-b009b39a8af3","event":"request_completed","requestId":"9896d702-9ab9-489a-b2fb-b009b39a8af3","method":"POST","route":"/api/v1/matches/:matchId/start","statusCode":200,"latencyMs":25.449,"msg":"request completed"}
{"level":30,"time":1789777723770,"pid":21053,"hostname":"Glebs-MacBook-Pro.local","reqId":"6a0a2ef4-72f6-4bf7-bcdb-6ff223e6e7d3","event":"request_completed","requestId":"6a0a2ef4-72f6-4bf7-bcdb-6ff223e6e7d3","method":"POST","route":"/api/v1/matches/:matchId/points","statusCode":200,"latencyMs":20.594,"msg":"request completed"}
{"level":30,"time":1789777723810,"pid":21053,"hostname":"Glebs-MacBook-Pro.local","reqId":"46cab3ba-f9ad-4888-8206-5e4f0fe30c0f","event":"request_completed","requestId":"46cab3ba-f9ad-4888-8206-5e4f0fe30c0f","method":"POST","route":"/api/v1/matches/:matchId/confirm-finish","statusCode":200,"latencyMs":36.676,"msg":"request completed"}
{"level":30,"time":1789777723826,"pid":21053,"hostname":"Glebs-MacBook-Pro.local","reqId":"40062211-5553-412a-b5f1-19aecdfc2724","event":"request_completed","requestId":"40062211-5553-412a-b5f1-19aecdfc2724","method":"GET","route":"/api/v1/tournaments/:id","statusCode":200,"latencyMs":12.797,"msg":"request completed"}
{"level":30,"time":1789777723839,"pid":21053,"hostname":"Glebs-MacBook-Pro.local","reqId":"f2488e8a-babf-4ff5-b1d1-c2f98b6ba307","event":"request_completed","requestId":"f2488e8a-babf-4ff5-b1d1-c2f98b6ba307","method":"GET","route":"/api/v1/matches/:matchId","statusCode":200,"latencyMs":9.024,"msg":"request completed"}
{"level":30,"time":1789777723861,"pid":21053,"hostname":"Glebs-MacBook-Pro.local","reqId":"59840189-419e-4a2b-8b18-ccd4bcffbf3d","event":"request_completed","requestId":"59840189-419e-4a2b-8b18-ccd4bcffbf3d","method":"POST","route":"/api/v1/matches/:matchId/judge/acquire","statusCode":200,"latencyMs":19.044,"msg":"request completed"}
{"level":30,"time":1789777723891,"pid":21053,"hostname":"Glebs-MacBook-Pro.local","reqId":"05d05ebd-56b7-48d0-bdf5-6a8d43dd5468","event":"request_completed","requestId":"05d05ebd-56b7-48d0-bdf5-6a8d43dd5468","method":"POST","route":"/api/v1/matches/:matchId/start","statusCode":200,"latencyMs":27.24,"msg":"request completed"}
{"level":30,"time":1789777723915,"pid":21053,"hostname":"Glebs-MacBook-Pro.local","reqId":"0fc3e3f2-7c6c-41a7-922b-11caeb0508e2","event":"request_completed","requestId":"0fc3e3f2-7c6c-41a7-922b-11caeb0508e2","method":"POST","route":"/api/v1/matches/:matchId/points","statusCode":200,"latencyMs":20.555,"msg":"request completed"}
{"level":30,"time":1789777723977,"pid":21053,"hostname":"Glebs-MacBook-Pro.local","reqId":"cb6d313d-7676-4c9b-8aba-e4ae284ca24f","event":"request_completed","requestId":"cb6d313d-7676-4c9b-8aba-e4ae284ca24f","method":"POST","route":"/api/v1/matches/:matchId/confirm-finish","statusCode":200,"latencyMs":58.087,"msg":"request completed"}
{"level":30,"time":1789777723995,"pid":21053,"hostname":"Glebs-MacBook-Pro.local","reqId":"4b99ec36-1595-457c-80cd-715dd7ae12e8","event":"request_completed","requestId":"4b99ec36-1595-457c-80cd-715dd7ae12e8","method":"GET","route":"/api/v1/tournaments/:id","statusCode":200,"latencyMs":13.822,"msg":"request completed"}
{"level":30,"time":1789777724007,"pid":21053,"hostname":"Glebs-MacBook-Pro.local","reqId":"f6bb80e5-1a27-43e4-a85b-fbcee01c75f4","event":"request_completed","requestId":"f6bb80e5-1a27-43e4-a85b-fbcee01c75f4","method":"GET","route":"/api/v1/matches/:matchId","statusCode":200,"latencyMs":8.804,"msg":"request completed"}
{"level":30,"time":1789777724029,"pid":21053,"hostname":"Glebs-MacBook-Pro.local","reqId":"c3d8b248-74a8-4840-a9e6-b3551b31239d","event":"request_completed","requestId":"c3d8b248-74a8-4840-a9e6-b3551b31239d","method":"POST","route":"/api/v1/matches/:matchId/judge/acquire","statusCode":200,"latencyMs":19.019,"msg":"request completed"}
{"level":30,"time":1789777724063,"pid":21053,"hostname":"Glebs-MacBook-Pro.local","reqId":"fbc100c6-eb5f-4044-ba73-238538827c62","event":"request_completed","requestId":"fbc100c6-eb5f-4044-ba73-238538827c62","method":"POST","route":"/api/v1/matches/:matchId/start","statusCode":200,"latencyMs":30.701,"msg":"request completed"}
{"level":30,"time":1789777724090,"pid":21053,"hostname":"Glebs-MacBook-Pro.local","reqId":"585359f4-3871-43f4-9b46-7f74a1367fe7","event":"request_completed","requestId":"585359f4-3871-43f4-9b46-7f74a1367fe7","method":"POST","route":"/api/v1/matches/:matchId/points","statusCode":200,"latencyMs":22.818,"msg":"request completed"}
{"level":30,"time":1789777724130,"pid":21053,"hostname":"Glebs-MacBook-Pro.local","reqId":"16c74529-5171-42ed-9e0c-17201420ea7d","event":"request_completed","requestId":"16c74529-5171-42ed-9e0c-17201420ea7d","method":"POST","route":"/api/v1/matches/:matchId/confirm-finish","statusCode":200,"latencyMs":36.61,"msg":"request completed"}
{"level":30,"time":1789777724146,"pid":21053,"hostname":"Glebs-MacBook-Pro.local","reqId":"2cc5e6d3-0cfd-4524-b1f4-88a55a031970","event":"request_completed","requestId":"2cc5e6d3-0cfd-4524-b1f4-88a55a031970","method":"GET","route":"/api/v1/tournaments/:id","statusCode":200,"latencyMs":12.149,"msg":"request completed"}
{"level":30,"time":1789777724158,"pid":21053,"hostname":"Glebs-MacBook-Pro.local","reqId":"8be1797e-53d5-485c-8008-1b7aa7c634cf","event":"request_completed","requestId":"8be1797e-53d5-485c-8008-1b7aa7c634cf","method":"GET","route":"/api/v1/matches/:matchId","statusCode":200,"latencyMs":8.977,"msg":"request completed"}
{"level":30,"time":1789777724183,"pid":21053,"hostname":"Glebs-MacBook-Pro.local","reqId":"e2a0b13d-3eca-4852-987e-1b19c69759be","event":"request_completed","requestId":"e2a0b13d-3eca-4852-987e-1b19c69759be","method":"POST","route":"/api/v1/matches/:matchId/judge/acquire","statusCode":200,"latencyMs":22.423,"msg":"request completed"}
{"level":30,"time":1789777724220,"pid":21053,"hostname":"Glebs-MacBook-Pro.local","reqId":"529d327c-519d-41d5-8fc8-55e3172f5a3c","event":"request_completed","requestId":"529d327c-519d-41d5-8fc8-55e3172f5a3c","method":"POST","route":"/api/v1/matches/:matchId/start","statusCode":200,"latencyMs":33.641,"msg":"request completed"}
{"level":30,"time":1789777724245,"pid":21053,"hostname":"Glebs-MacBook-Pro.local","reqId":"0695c5af-4643-46f9-9a43-1a4471582d64","event":"request_completed","requestId":"0695c5af-4643-46f9-9a43-1a4471582d64","method":"POST","route":"/api/v1/matches/:matchId/points","statusCode":200,"latencyMs":20.673,"msg":"request completed"}
{"level":30,"time":1789777724314,"pid":21053,"hostname":"Glebs-MacBook-Pro.local","reqId":"3ca9d5cd-3353-413c-8cff-f518615a9de3","event":"request_completed","requestId":"3ca9d5cd-3353-413c-8cff-f518615a9de3","method":"POST","route":"/api/v1/matches/:matchId/confirm-finish","statusCode":200,"latencyMs":65.824,"msg":"request completed"}
{"level":30,"time":1789777724330,"pid":21053,"hostname":"Glebs-MacBook-Pro.local","reqId":"f1ab3b64-8751-4aa5-92eb-ad650bd31509","event":"request_completed","requestId":"f1ab3b64-8751-4aa5-92eb-ad650bd31509","method":"GET","route":"/api/v1/tournaments/:id","statusCode":200,"latencyMs":13.021,"msg":"request completed"}
{"level":30,"time":1789777724341,"pid":21053,"hostname":"Glebs-MacBook-Pro.local","reqId":"7d5c05e2-eed7-42a0-911e-d0b68c4e6ed4","event":"request_completed","requestId":"7d5c05e2-eed7-42a0-911e-d0b68c4e6ed4","method":"GET","route":"/api/v1/matches/:matchId","statusCode":200,"latencyMs":8.546,"msg":"request completed"}
{"level":30,"time":1789777724364,"pid":21053,"hostname":"Glebs-MacBook-Pro.local","reqId":"7f6ae89b-ac54-481f-8353-1a4e2f1e33b1","event":"request_completed","requestId":"7f6ae89b-ac54-481f-8353-1a4e2f1e33b1","method":"POST","route":"/api/v1/matches/:matchId/judge/acquire","statusCode":200,"latencyMs":19.437,"msg":"request completed"}
{"level":30,"time":1789777724392,"pid":21053,"hostname":"Glebs-MacBook-Pro.local","reqId":"7489ffe7-3ec7-45fc-9232-37e2f464bc4e","event":"request_completed","requestId":"7489ffe7-3ec7-45fc-9232-37e2f464bc4e","method":"POST","route":"/api/v1/matches/:matchId/start","statusCode":200,"latencyMs":25.187,"msg":"request completed"}
{"level":30,"time":1789777724416,"pid":21053,"hostname":"Glebs-MacBook-Pro.local","reqId":"2e1ba9e2-c96e-4152-9b58-0542f7b87e96","event":"request_completed","requestId":"2e1ba9e2-c96e-4152-9b58-0542f7b87e96","method":"POST","route":"/api/v1/matches/:matchId/points","statusCode":200,"latencyMs":20.025,"msg":"request completed"}
{"level":30,"time":1789777724458,"pid":21053,"hostname":"Glebs-MacBook-Pro.local","reqId":"3f0427f4-8207-45e2-8afa-eb74fa06d425","event":"request_completed","requestId":"3f0427f4-8207-45e2-8afa-eb74fa06d425","method":"POST","route":"/api/v1/matches/:matchId/confirm-finish","statusCode":200,"latencyMs":37.066,"msg":"request completed"}
{"level":30,"time":1789777724474,"pid":21053,"hostname":"Glebs-MacBook-Pro.local","reqId":"44789923-e640-40b3-b64c-b73966159520","event":"request_completed","requestId":"44789923-e640-40b3-b64c-b73966159520","method":"GET","route":"/api/v1/tournaments/:id","statusCode":200,"latencyMs":12.604,"msg":"request completed"}
{"level":30,"time":1789777724485,"pid":21053,"hostname":"Glebs-MacBook-Pro.local","reqId":"9e507f47-2ca0-454d-bb86-a0ce1b57cb45","event":"request_completed","requestId":"9e507f47-2ca0-454d-bb86-a0ce1b57cb45","method":"GET","route":"/api/v1/matches/:matchId","statusCode":200,"latencyMs":8.78,"msg":"request completed"}
{"level":30,"time":1789777724513,"pid":21053,"hostname":"Glebs-MacBook-Pro.local","reqId":"d67b6cfc-e8f5-4b93-a450-6bd6050120a0","event":"request_completed","requestId":"d67b6cfc-e8f5-4b93-a450-6bd6050120a0","method":"POST","route":"/api/v1/matches/:matchId/judge/acquire","statusCode":200,"latencyMs":24.899,"msg":"request completed"}
{"level":30,"time":1789777724549,"pid":21053,"hostname":"Glebs-MacBook-Pro.local","reqId":"e89f3f1b-1fe8-4964-ae49-ba83ae61c9c6","event":"request_completed","requestId":"e89f3f1b-1fe8-4964-ae49-ba83ae61c9c6","method":"POST","route":"/api/v1/matches/:matchId/start","statusCode":200,"latencyMs":32.077,"msg":"request completed"}
{"level":30,"time":1789777724580,"pid":21053,"hostname":"Glebs-MacBook-Pro.local","reqId":"a2c2c8be-9256-4874-897b-c4c47e1b8d64","event":"request_completed","requestId":"a2c2c8be-9256-4874-897b-c4c47e1b8d64","method":"POST","route":"/api/v1/matches/:matchId/points","statusCode":200,"latencyMs":27.135,"msg":"request completed"}
{"level":30,"time":1789777724709,"pid":21053,"hostname":"Glebs-MacBook-Pro.local","reqId":"89be84e8-e906-4b73-9c9f-932ccd82a64f","event":"request_completed","requestId":"89be84e8-e906-4b73-9c9f-932ccd82a64f","method":"POST","route":"/api/v1/matches/:matchId/confirm-finish","statusCode":200,"latencyMs":117.011,"msg":"request completed"}
{"level":30,"time":1789777724732,"pid":21053,"hostname":"Glebs-MacBook-Pro.local","reqId":"cfa29529-4d2d-496c-a33f-8a22818c17a7","event":"request_completed","requestId":"cfa29529-4d2d-496c-a33f-8a22818c17a7","method":"GET","route":"/api/v1/tournaments/:id","statusCode":200,"latencyMs":19.077,"msg":"request completed"}
{"level":30,"time":1789777724756,"pid":21053,"hostname":"Glebs-MacBook-Pro.local","reqId":"bed8e3e5-d641-405f-8a4e-aae6a5bb0a64","event":"request_completed","requestId":"bed8e3e5-d641-405f-8a4e-aae6a5bb0a64","method":"GET","route":"/api/v1/matches/:matchId","statusCode":200,"latencyMs":18.738,"msg":"request completed"}
{"level":30,"time":1789777724782,"pid":21053,"hostname":"Glebs-MacBook-Pro.local","reqId":"4539a1c4-06ab-4531-a60f-d4621e312a5f","event":"request_completed","requestId":"4539a1c4-06ab-4531-a60f-d4621e312a5f","method":"POST","route":"/api/v1/matches/:matchId/judge/acquire","statusCode":200,"latencyMs":22.026,"msg":"request completed"}
{"level":30,"time":1789777724812,"pid":21053,"hostname":"Glebs-MacBook-Pro.local","reqId":"1bf49276-dce8-473d-a914-0064a011149c","event":"request_completed","requestId":"1bf49276-dce8-473d-a914-0064a011149c","method":"POST","route":"/api/v1/matches/:matchId/start","statusCode":200,"latencyMs":26.945,"msg":"request completed"}
{"level":30,"time":1789777724837,"pid":21053,"hostname":"Glebs-MacBook-Pro.local","reqId":"a1f02f0d-f559-4037-9a27-dbe2ca0c6498","event":"request_completed","requestId":"a1f02f0d-f559-4037-9a27-dbe2ca0c6498","method":"POST","route":"/api/v1/matches/:matchId/points","statusCode":200,"latencyMs":20.094,"msg":"request completed"}
{"level":30,"time":1789777724902,"pid":21053,"hostname":"Glebs-MacBook-Pro.local","reqId":"96064c70-9d03-4f72-a623-fcdb856d5d19","event":"request_completed","requestId":"96064c70-9d03-4f72-a623-fcdb856d5d19","method":"POST","route":"/api/v1/matches/:matchId/confirm-finish","statusCode":200,"latencyMs":61.024,"msg":"request completed"}
{"level":30,"time":1789777724919,"pid":21053,"hostname":"Glebs-MacBook-Pro.local","reqId":"d5996651-606d-48d2-96d5-49491bf10b7d","event":"request_completed","requestId":"d5996651-606d-48d2-96d5-49491bf10b7d","method":"GET","route":"/api/v1/tournaments/:id","statusCode":200,"latencyMs":14.383,"msg":"request completed"}
{"level":30,"time":1789777724930,"pid":21053,"hostname":"Glebs-MacBook-Pro.local","reqId":"bff71f09-61c6-47f6-8e9f-efa75121329e","event":"request_completed","requestId":"bff71f09-61c6-47f6-8e9f-efa75121329e","method":"GET","route":"/api/v1/matches/:matchId","statusCode":200,"latencyMs":8.412,"msg":"request completed"}
{"level":30,"time":1789777724959,"pid":21053,"hostname":"Glebs-MacBook-Pro.local","reqId":"916688c5-671a-42b7-ac8f-269b7552f42b","event":"request_completed","requestId":"916688c5-671a-42b7-ac8f-269b7552f42b","method":"POST","route":"/api/v1/matches/:matchId/judge/acquire","statusCode":200,"latencyMs":23.888,"msg":"request completed"}
{"level":30,"time":1789777724988,"pid":21053,"hostname":"Glebs-MacBook-Pro.local","reqId":"809a9de6-3a83-436a-89af-c39bf4ac5390","event":"request_completed","requestId":"809a9de6-3a83-436a-89af-c39bf4ac5390","method":"POST","route":"/api/v1/matches/:matchId/start","statusCode":200,"latencyMs":25.414,"msg":"request completed"}
{"level":30,"time":1789777725012,"pid":21053,"hostname":"Glebs-MacBook-Pro.local","reqId":"56722db3-bcbc-4d20-8c8e-e09249e04d16","event":"request_completed","requestId":"56722db3-bcbc-4d20-8c8e-e09249e04d16","method":"POST","route":"/api/v1/matches/:matchId/points","statusCode":200,"latencyMs":19.779,"msg":"request completed"}
{"level":30,"time":1789777725052,"pid":21053,"hostname":"Glebs-MacBook-Pro.local","reqId":"781438d8-df59-49ae-a09c-b27fada4bf16","event":"request_completed","requestId":"781438d8-df59-49ae-a09c-b27fada4bf16","method":"POST","route":"/api/v1/matches/:matchId/confirm-finish","statusCode":200,"latencyMs":36.529,"msg":"request completed"}
{"level":30,"time":1789777725068,"pid":21053,"hostname":"Glebs-MacBook-Pro.local","reqId":"f86dc3ec-5cd1-4fe3-a427-4069f8546f74","event":"request_completed","requestId":"f86dc3ec-5cd1-4fe3-a427-4069f8546f74","method":"GET","route":"/api/v1/tournaments/:id","statusCode":200,"latencyMs":12.789,"msg":"request completed"}
{"level":30,"time":1789777725079,"pid":21053,"hostname":"Glebs-MacBook-Pro.local","reqId":"5d662997-bfbc-4d6b-9712-1bccac907b53","event":"request_completed","requestId":"5d662997-bfbc-4d6b-9712-1bccac907b53","method":"GET","route":"/api/v1/matches/:matchId","statusCode":200,"latencyMs":8.475,"msg":"request completed"}
{"level":30,"time":1789777725104,"pid":21053,"hostname":"Glebs-MacBook-Pro.local","reqId":"237ff7ca-f74a-4d45-825a-c6ddcf109423","event":"request_completed","requestId":"237ff7ca-f74a-4d45-825a-c6ddcf109423","method":"POST","route":"/api/v1/matches/:matchId/judge/acquire","statusCode":200,"latencyMs":20.868,"msg":"request completed"}
{"level":30,"time":1789777725136,"pid":21053,"hostname":"Glebs-MacBook-Pro.local","reqId":"c01a1e47-95a6-4b26-bd42-d790a8409df6","event":"request_completed","requestId":"c01a1e47-95a6-4b26-bd42-d790a8409df6","method":"POST","route":"/api/v1/matches/:matchId/start","statusCode":200,"latencyMs":28.515,"msg":"request completed"}
{"level":30,"time":1789777725160,"pid":21053,"hostname":"Glebs-MacBook-Pro.local","reqId":"f94bef30-46ff-4d54-a3de-2572d5950f25","event":"request_completed","requestId":"f94bef30-46ff-4d54-a3de-2572d5950f25","method":"POST","route":"/api/v1/matches/:matchId/points","statusCode":200,"latencyMs":20.727,"msg":"request completed"}
{"level":30,"time":1789777725204,"pid":21053,"hostname":"Glebs-MacBook-Pro.local","reqId":"9f368b06-265e-4a79-864a-8c6ac9545e82","event":"request_completed","requestId":"9f368b06-265e-4a79-864a-8c6ac9545e82","method":"POST","route":"/api/v1/matches/:matchId/confirm-finish","statusCode":200,"latencyMs":39.632,"msg":"request completed"}
{"level":30,"time":1789777725222,"pid":21053,"hostname":"Glebs-MacBook-Pro.local","reqId":"349bfac1-2c1d-4a0f-a752-d7177a05c89c","event":"request_completed","requestId":"349bfac1-2c1d-4a0f-a752-d7177a05c89c","method":"GET","route":"/api/v1/tournaments/:id","statusCode":200,"latencyMs":14.485,"msg":"request completed"}
{"level":30,"time":1789777725233,"pid":21053,"hostname":"Glebs-MacBook-Pro.local","reqId":"1c00d258-0917-4daa-b836-3562c92bc44a","event":"request_completed","requestId":"1c00d258-0917-4daa-b836-3562c92bc44a","method":"GET","route":"/api/v1/matches/:matchId","statusCode":200,"latencyMs":8.342,"msg":"request completed"}
{"level":30,"time":1789777725259,"pid":21053,"hostname":"Glebs-MacBook-Pro.local","reqId":"14af71f2-6baf-46aa-b704-c74365b1229f","event":"request_completed","requestId":"14af71f2-6baf-46aa-b704-c74365b1229f","method":"POST","route":"/api/v1/matches/:matchId/judge/acquire","statusCode":200,"latencyMs":22.728,"msg":"request completed"}
{"level":30,"time":1789777725290,"pid":21053,"hostname":"Glebs-MacBook-Pro.local","reqId":"8ca940f6-b2d3-4427-9634-1b7a8b0493fe","event":"request_completed","requestId":"8ca940f6-b2d3-4427-9634-1b7a8b0493fe","method":"POST","route":"/api/v1/matches/:matchId/start","statusCode":200,"latencyMs":27.526,"msg":"request completed"}
{"level":30,"time":1789777725315,"pid":21053,"hostname":"Glebs-MacBook-Pro.local","reqId":"0d604c7c-76a5-48f7-b8ea-13e3baad6ad5","event":"request_completed","requestId":"0d604c7c-76a5-48f7-b8ea-13e3baad6ad5","method":"POST","route":"/api/v1/matches/:matchId/points","statusCode":200,"latencyMs":20.518,"msg":"request completed"}
{"level":30,"time":1789777725367,"pid":21053,"hostname":"Glebs-MacBook-Pro.local","reqId":"8ea587d8-72e6-4cc7-b4ec-3f2f23ec0892","event":"request_completed","requestId":"8ea587d8-72e6-4cc7-b4ec-3f2f23ec0892","method":"POST","route":"/api/v1/matches/:matchId/confirm-finish","statusCode":200,"latencyMs":48.17,"msg":"request completed"}
{"level":30,"time":1789777725386,"pid":21053,"hostname":"Glebs-MacBook-Pro.local","reqId":"9ed3e750-5af3-4910-961b-28d5a62a40d8","event":"request_completed","requestId":"9ed3e750-5af3-4910-961b-28d5a62a40d8","method":"GET","route":"/api/v1/tournaments/:id","statusCode":200,"latencyMs":12.417,"msg":"request completed"}
{"level":30,"time":1789777725397,"pid":21053,"hostname":"Glebs-MacBook-Pro.local","reqId":"247c3b47-e251-4a8f-b46e-98d45c697490","event":"request_completed","requestId":"247c3b47-e251-4a8f-b46e-98d45c697490","method":"GET","route":"/api/v1/matches/:matchId","statusCode":200,"latencyMs":8.461,"msg":"request completed"}
{"level":30,"time":1789777725418,"pid":21053,"hostname":"Glebs-MacBook-Pro.local","reqId":"a1e37bd2-5d3b-4774-9f67-e32216396f61","event":"request_completed","requestId":"a1e37bd2-5d3b-4774-9f67-e32216396f61","method":"POST","route":"/api/v1/matches/:matchId/judge/acquire","statusCode":200,"latencyMs":18.623,"msg":"request completed"}
{"level":30,"time":1789777725447,"pid":21053,"hostname":"Glebs-MacBook-Pro.local","reqId":"528636c8-d0ab-458c-a737-bcdcda431382","event":"request_completed","requestId":"528636c8-d0ab-458c-a737-bcdcda431382","method":"POST","route":"/api/v1/matches/:matchId/start","statusCode":200,"latencyMs":24.591,"msg":"request completed"}
{"level":30,"time":1789777725481,"pid":21053,"hostname":"Glebs-MacBook-Pro.local","reqId":"50886ea4-e26d-4039-bf01-fde5756c862f","event":"request_completed","requestId":"50886ea4-e26d-4039-bf01-fde5756c862f","method":"POST","route":"/api/v1/matches/:matchId/points","statusCode":200,"latencyMs":31.071,"msg":"request completed"}
{"level":30,"time":1789777725553,"pid":21053,"hostname":"Glebs-MacBook-Pro.local","reqId":"5bc4fca0-1685-454d-803f-10deefdf1a0a","event":"request_completed","requestId":"5bc4fca0-1685-454d-803f-10deefdf1a0a","method":"POST","route":"/api/v1/matches/:matchId/confirm-finish","statusCode":200,"latencyMs":67.954,"msg":"request completed"}
{"level":30,"time":1789777725572,"pid":21053,"hostname":"Glebs-MacBook-Pro.local","reqId":"2588eed2-12da-44ca-9345-f34de2e949f1","event":"request_completed","requestId":"2588eed2-12da-44ca-9345-f34de2e949f1","method":"GET","route":"/api/v1/tournaments/:id","statusCode":200,"latencyMs":14.311,"msg":"request completed"}
{"level":30,"time":1789777725582,"pid":21053,"hostname":"Glebs-MacBook-Pro.local","reqId":"238199f0-697d-44ad-9a76-ab31cec0e76d","event":"request_completed","requestId":"238199f0-697d-44ad-9a76-ab31cec0e76d","method":"GET","route":"/api/v1/matches/:matchId","statusCode":200,"latencyMs":7.678,"msg":"request completed"}
{"level":30,"time":1789777725605,"pid":21053,"hostname":"Glebs-MacBook-Pro.local","reqId":"3fbdd160-1fee-4bb3-9cd5-d05e688ef7b9","event":"request_completed","requestId":"3fbdd160-1fee-4bb3-9cd5-d05e688ef7b9","method":"POST","route":"/api/v1/matches/:matchId/judge/acquire","statusCode":200,"latencyMs":19.241,"msg":"request completed"}
{"level":30,"time":1789777725635,"pid":21053,"hostname":"Glebs-MacBook-Pro.local","reqId":"c1eae43c-d677-4f36-81d4-47faabcd6fb7","event":"request_completed","requestId":"c1eae43c-d677-4f36-81d4-47faabcd6fb7","method":"POST","route":"/api/v1/matches/:matchId/start","statusCode":200,"latencyMs":26.885,"msg":"request completed"}
{"level":30,"time":1789777725659,"pid":21053,"hostname":"Glebs-MacBook-Pro.local","reqId":"3d2833bf-700c-44ab-bb68-5a0742beeace","event":"request_completed","requestId":"3d2833bf-700c-44ab-bb68-5a0742beeace","method":"POST","route":"/api/v1/matches/:matchId/points","statusCode":200,"latencyMs":20.061,"msg":"request completed"}
{"level":30,"time":1789777725711,"pid":21053,"hostname":"Glebs-MacBook-Pro.local","reqId":"98084f1a-7e34-482b-be33-881ac1485b91","event":"request_completed","requestId":"98084f1a-7e34-482b-be33-881ac1485b91","method":"POST","route":"/api/v1/matches/:matchId/confirm-finish","statusCode":200,"latencyMs":48.497,"msg":"request completed"}
{"level":30,"time":1789777725727,"pid":21053,"hostname":"Glebs-MacBook-Pro.local","reqId":"ff3855e4-150b-4b3a-baed-e0b7e605e8e9","event":"request_completed","requestId":"ff3855e4-150b-4b3a-baed-e0b7e605e8e9","method":"GET","route":"/api/v1/tournaments/:id","statusCode":200,"latencyMs":13.153,"msg":"request completed"}
{"level":30,"time":1789777725738,"pid":21053,"hostname":"Glebs-MacBook-Pro.local","reqId":"5a2f2b18-01de-4ffb-9076-425083df6827","event":"request_completed","requestId":"5a2f2b18-01de-4ffb-9076-425083df6827","method":"GET","route":"/api/v1/matches/:matchId","statusCode":200,"latencyMs":7.889,"msg":"request completed"}
{"level":30,"time":1789777725764,"pid":21053,"hostname":"Glebs-MacBook-Pro.local","reqId":"30107158-a092-48a5-9f70-742613d755b9","event":"request_completed","requestId":"30107158-a092-48a5-9f70-742613d755b9","method":"POST","route":"/api/v1/matches/:matchId/judge/acquire","statusCode":200,"latencyMs":21.829,"msg":"request completed"}
{"level":30,"time":1789777725791,"pid":21053,"hostname":"Glebs-MacBook-Pro.local","reqId":"ae13c7bf-fbad-438b-b914-cd4330859747","event":"request_completed","requestId":"ae13c7bf-fbad-438b-b914-cd4330859747","method":"POST","route":"/api/v1/matches/:matchId/start","statusCode":200,"latencyMs":24.274,"msg":"request completed"}
{"level":30,"time":1789777725816,"pid":21053,"hostname":"Glebs-MacBook-Pro.local","reqId":"dbe21473-19a8-4f0e-905b-6077a6b790fc","event":"request_completed","requestId":"dbe21473-19a8-4f0e-905b-6077a6b790fc","method":"POST","route":"/api/v1/matches/:matchId/points","statusCode":200,"latencyMs":19.495,"msg":"request completed"}
{"level":30,"time":1789777725867,"pid":21053,"hostname":"Glebs-MacBook-Pro.local","reqId":"45318d62-a8ef-48c7-a81b-0f02120344e4","event":"request_completed","requestId":"45318d62-a8ef-48c7-a81b-0f02120344e4","method":"POST","route":"/api/v1/matches/:matchId/confirm-finish","statusCode":200,"latencyMs":47.62,"msg":"request completed"}
{"level":30,"time":1789777725883,"pid":21053,"hostname":"Glebs-MacBook-Pro.local","reqId":"7af9770d-73bb-487e-b8d0-c94e4e4a6eb4","event":"request_completed","requestId":"7af9770d-73bb-487e-b8d0-c94e4e4a6eb4","method":"GET","route":"/api/v1/tournaments/:id","statusCode":200,"latencyMs":12.507,"msg":"request completed"}
{"level":30,"time":1789777725895,"pid":21053,"hostname":"Glebs-MacBook-Pro.local","reqId":"f818deef-9c8f-4dcb-a24b-0548a22740d4","event":"request_completed","requestId":"f818deef-9c8f-4dcb-a24b-0548a22740d4","method":"GET","route":"/api/v1/matches/:matchId","statusCode":200,"latencyMs":8.074,"msg":"request completed"}
{"level":30,"time":1789777725919,"pid":21053,"hostname":"Glebs-MacBook-Pro.local","reqId":"2272bc2f-97f8-4fe9-8339-d67243ce9a06","event":"request_completed","requestId":"2272bc2f-97f8-4fe9-8339-d67243ce9a06","method":"POST","route":"/api/v1/matches/:matchId/judge/acquire","statusCode":200,"latencyMs":21.312,"msg":"request completed"}
{"level":30,"time":1789777725950,"pid":21053,"hostname":"Glebs-MacBook-Pro.local","reqId":"8a4b8387-509a-4394-bf60-fd16f0b0e828","event":"request_completed","requestId":"8a4b8387-509a-4394-bf60-fd16f0b0e828","method":"POST","route":"/api/v1/matches/:matchId/start","statusCode":200,"latencyMs":27.035,"msg":"request completed"}
{"level":30,"time":1789777725975,"pid":21053,"hostname":"Glebs-MacBook-Pro.local","reqId":"9c6d67e5-5d5f-456f-96da-de3528ca35ed","event":"request_completed","requestId":"9c6d67e5-5d5f-456f-96da-de3528ca35ed","method":"POST","route":"/api/v1/matches/:matchId/points","statusCode":200,"latencyMs":21.49,"msg":"request completed"}
{"level":30,"time":1789777726012,"pid":21053,"hostname":"Glebs-MacBook-Pro.local","reqId":"fd4801ea-e47f-4607-a953-31df1aa4865f","event":"request_completed","requestId":"fd4801ea-e47f-4607-a953-31df1aa4865f","method":"POST","route":"/api/v1/matches/:matchId/confirm-finish","statusCode":200,"latencyMs":33.192,"msg":"request completed"}
{"level":30,"time":1789777726025,"pid":21053,"hostname":"Glebs-MacBook-Pro.local","reqId":"bc0ae0b5-936e-4be1-aa83-2bdaccda27dc","event":"request_completed","requestId":"bc0ae0b5-936e-4be1-aa83-2bdaccda27dc","method":"GET","route":"/api/v1/tournaments/:id","statusCode":200,"latencyMs":9.671,"msg":"request completed"}
{"level":30,"time":1789777726038,"pid":21053,"hostname":"Glebs-MacBook-Pro.local","reqId":"1032567a-2ffd-467c-a68b-d9a55005c393","event":"request_completed","requestId":"1032567a-2ffd-467c-a68b-d9a55005c393","method":"GET","route":"/api/v1/tournaments/:id","statusCode":200,"latencyMs":10.951,"msg":"request completed"}
{"level":30,"time":1789777726062,"pid":21053,"hostname":"Glebs-MacBook-Pro.local","reqId":"96115cd7-70fb-41a4-ac8d-27c079cf8219","event":"request_completed","requestId":"96115cd7-70fb-41a4-ac8d-27c079cf8219","method":"GET","route":"/api/v1/auth/me","statusCode":200,"latencyMs":4.457,"msg":"request completed"}
{"level":30,"time":1789777726083,"pid":21053,"hostname":"Glebs-MacBook-Pro.local","reqId":"4ded6e5b-1bee-4486-9c81-b19ea8a1064c","event":"request_completed","requestId":"4ded6e5b-1bee-4486-9c81-b19ea8a1064c","method":"GET","route":"/api/v1/notifications","statusCode":200,"latencyMs":12.649,"msg":"request completed"}
{"level":30,"time":1789777726084,"pid":21053,"hostname":"Glebs-MacBook-Pro.local","reqId":"dd108241-4593-4527-b436-9fae11bcabc5","event":"request_completed","requestId":"dd108241-4593-4527-b436-9fae11bcabc5","method":"GET","route":"/api/v1/tournaments/:id","statusCode":200,"latencyMs":13.519,"msg":"request completed"}
  ✓  51 [chromium-mobile-390] › tests/e2e/wave-d-tournaments.spec.ts:19:7 › Wave D tournament double_elimination/8 roster, seed edit, complete and results (4.6s)
{"level":30,"time":1789777726336,"pid":21053,"hostname":"Glebs-MacBook-Pro.local","reqId":"83c9e418-5545-4938-9e1f-c6f267ee15bb","event":"request_completed","requestId":"83c9e418-5545-4938-9e1f-c6f267ee15bb","method":"GET","route":"/health","statusCode":200,"latencyMs":0.135,"msg":"request completed"}
{"level":30,"time":1789777726370,"pid":21053,"hostname":"Glebs-MacBook-Pro.local","reqId":"adb94920-19fc-4ec0-8f41-f92acb4c4eaa","event":"request_completed","requestId":"adb94920-19fc-4ec0-8f41-f92acb4c4eaa","method":"POST","route":"/api/v1/auth/login","statusCode":200,"latencyMs":31.046,"msg":"request completed"}
{"level":30,"time":1789777726391,"pid":21053,"hostname":"Glebs-MacBook-Pro.local","reqId":"36da1529-968b-491e-8815-65a7eec60253","event":"request_completed","requestId":"36da1529-968b-491e-8815-65a7eec60253","method":"PATCH","route":"/api/v1/me/onboarding","statusCode":200,"latencyMs":17.902,"msg":"request completed"}
{"level":30,"time":1789777726657,"pid":21053,"hostname":"Glebs-MacBook-Pro.local","reqId":"107a035f-af7b-4f19-8a4c-0a79d3b231cf","event":"request_completed","requestId":"107a035f-af7b-4f19-8a4c-0a79d3b231cf","method":"GET","route":"/api/v1/auth/me","statusCode":401,"latencyMs":0.154,"msg":"request completed"}
{"level":30,"time":1789777726835,"pid":21053,"hostname":"Glebs-MacBook-Pro.local","reqId":"b3d2d27a-bd5a-4d2a-b566-d21929c45bc0","event":"request_completed","requestId":"b3d2d27a-bd5a-4d2a-b566-d21929c45bc0","method":"POST","route":"/api/v1/auth/login","statusCode":200,"latencyMs":28.513,"msg":"request completed"}
{"level":30,"time":1789777726851,"pid":21053,"hostname":"Glebs-MacBook-Pro.local","reqId":"4c5c42a8-2019-4f2c-b4cb-dce65afa7442","event":"request_completed","requestId":"4c5c42a8-2019-4f2c-b4cb-dce65afa7442","method":"GET","route":"/api/v1/auth/me","statusCode":200,"latencyMs":13.324,"msg":"request completed"}
{"level":30,"time":1789777726877,"pid":21053,"hostname":"Glebs-MacBook-Pro.local","reqId":"25ad1dab-488c-4a15-ba38-cb3e372a2ceb","event":"request_completed","requestId":"25ad1dab-488c-4a15-ba38-cb3e372a2ceb","method":"GET","route":"/api/v1/notifications","statusCode":200,"latencyMs":36.228,"msg":"request completed"}
{"level":30,"time":1789777726904,"pid":21053,"hostname":"Glebs-MacBook-Pro.local","reqId":"d018d0f8-ca62-4f6c-b4d4-8f61969c6610","event":"request_completed","requestId":"d018d0f8-ca62-4f6c-b4d4-8f61969c6610","method":"POST","route":"/api/v1/tournaments","statusCode":200,"latencyMs":11.972,"msg":"request completed"}
{"level":30,"time":1789777726910,"pid":21053,"hostname":"Glebs-MacBook-Pro.local","reqId":"c7074421-5551-4679-a4dd-58762439ede1","event":"request_completed","requestId":"c7074421-5551-4679-a4dd-58762439ede1","method":"GET","route":"/api/v1/home","statusCode":200,"latencyMs":67.299,"msg":"request completed"}
{"level":30,"time":1789777726932,"pid":21053,"hostname":"Glebs-MacBook-Pro.local","reqId":"721d807a-bd60-4128-a043-b2df57f2bf35","event":"request_completed","requestId":"721d807a-bd60-4128-a043-b2df57f2bf35","method":"POST","route":"/api/v1/tournaments/:id/participants","statusCode":200,"latencyMs":24.055,"msg":"request completed"}
{"level":30,"time":1789777726960,"pid":21053,"hostname":"Glebs-MacBook-Pro.local","reqId":"10f7c3fc-afea-49cc-a33c-1622974bdbe0","event":"request_completed","requestId":"10f7c3fc-afea-49cc-a33c-1622974bdbe0","method":"POST","route":"/api/v1/tournaments/:id/participants","statusCode":200,"latencyMs":23.497,"msg":"request completed"}
{"level":30,"time":1789777726979,"pid":21053,"hostname":"Glebs-MacBook-Pro.local","reqId":"e08cce82-591c-45ff-87d6-c0c0d202db10","event":"request_completed","requestId":"e08cce82-591c-45ff-87d6-c0c0d202db10","method":"POST","route":"/api/v1/tournaments/:id/bracket","statusCode":200,"latencyMs":15.787,"msg":"request completed"}
{"level":30,"time":1789777727011,"pid":21053,"hostname":"Glebs-MacBook-Pro.local","reqId":"83e870af-8fb0-4b53-95b4-158007f1ca14","event":"request_completed","requestId":"83e870af-8fb0-4b53-95b4-158007f1ca14","method":"GET","route":"/api/v1/auth/me","statusCode":200,"latencyMs":4.813,"msg":"request completed"}
{"level":30,"time":1789777727035,"pid":21053,"hostname":"Glebs-MacBook-Pro.local","reqId":"2cf56b4c-43a2-4c8e-865a-92b67ab0c085","event":"request_completed","requestId":"2cf56b4c-43a2-4c8e-865a-92b67ab0c085","method":"GET","route":"/api/v1/notifications","statusCode":200,"latencyMs":16.754,"msg":"request completed"}
{"level":30,"time":1789777727038,"pid":21053,"hostname":"Glebs-MacBook-Pro.local","reqId":"4a1dc937-b152-49b2-ad8a-240727e4a930","event":"request_completed","requestId":"4a1dc937-b152-49b2-ad8a-240727e4a930","method":"GET","route":"/api/v1/tournaments/:id","statusCode":200,"latencyMs":19.295,"msg":"request completed"}
{"level":30,"time":1789777727077,"pid":21053,"hostname":"Glebs-MacBook-Pro.local","reqId":"01de531c-0f05-4991-93da-6fd646dc3d89","event":"request_completed","requestId":"01de531c-0f05-4991-93da-6fd646dc3d89","method":"GET","route":"/api/v1/users/directory","statusCode":200,"latencyMs":10.895,"msg":"request completed"}
{"level":30,"time":1789777727158,"pid":21053,"hostname":"Glebs-MacBook-Pro.local","reqId":"b6708edd-3d7d-443f-b0fa-fbec3c256e31","event":"request_completed","requestId":"b6708edd-3d7d-443f-b0fa-fbec3c256e31","method":"GET","route":"/api/v1/tournaments/:id","statusCode":200,"latencyMs":23.236,"msg":"request completed"}
{"level":30,"time":1789777727163,"pid":21053,"hostname":"Glebs-MacBook-Pro.local","reqId":"c65dcd1d-9e9e-437f-ba18-a14085277bfb","event":"request_completed","requestId":"c65dcd1d-9e9e-437f-ba18-a14085277bfb","method":"POST","route":"/api/v1/tournaments/:id/withdraw","statusCode":200,"latencyMs":32.661,"msg":"request completed"}
{"level":30,"time":1789777727172,"pid":21053,"hostname":"Glebs-MacBook-Pro.local","reqId":"8d2b4f34-f5d2-4146-9b94-b9620a306f2b","event":"request_completed","requestId":"8d2b4f34-f5d2-4146-9b94-b9620a306f2b","method":"GET","route":"/api/v1/users/directory","statusCode":200,"latencyMs":5.123,"msg":"request completed"}
{"level":30,"time":1789777727303,"pid":21053,"hostname":"Glebs-MacBook-Pro.local","reqId":"3f4c5909-f94e-4995-9609-98b1770a8700","event":"request_completed","requestId":"3f4c5909-f94e-4995-9609-98b1770a8700","method":"GET","route":"/api/v1/tournaments/:id","statusCode":200,"latencyMs":40.287,"msg":"request completed"}
{"level":30,"time":1789777727373,"pid":21053,"hostname":"Glebs-MacBook-Pro.local","reqId":"26a85815-fc45-41a1-a4e6-e21bc17a5a11","event":"request_completed","requestId":"26a85815-fc45-41a1-a4e6-e21bc17a5a11","method":"POST","route":"/api/v1/tournaments/:id/dissolve-bracket","statusCode":200,"latencyMs":28.318,"msg":"request completed"}
{"level":30,"time":1789777727376,"pid":21053,"hostname":"Glebs-MacBook-Pro.local","reqId":"6b1909b2-1b71-401a-9a89-46fb353b9095","event":"request_completed","requestId":"6b1909b2-1b71-401a-9a89-46fb353b9095","method":"GET","route":"/api/v1/tournaments/:id","statusCode":200,"latencyMs":28.497,"msg":"request completed"}
{"level":30,"time":1789777727388,"pid":21053,"hostname":"Glebs-MacBook-Pro.local","reqId":"f4a4de51-41d3-415d-841e-ccc6f9665279","event":"request_completed","requestId":"f4a4de51-41d3-415d-841e-ccc6f9665279","method":"GET","route":"/api/v1/tournaments/:id","statusCode":200,"latencyMs":13.046,"msg":"request completed"}
{"level":30,"time":1789777727401,"pid":21053,"hostname":"Glebs-MacBook-Pro.local","reqId":"18848bf8-9047-4659-bdfe-3172810a80d5","event":"request_completed","requestId":"18848bf8-9047-4659-bdfe-3172810a80d5","method":"GET","route":"/api/v1/users/directory","statusCode":200,"latencyMs":9.53,"msg":"request completed"}
{"level":30,"time":1789777727514,"pid":21053,"hostname":"Glebs-MacBook-Pro.local","reqId":"f155e92c-8db0-4189-84db-8ac4d68a9685","event":"request_completed","requestId":"f155e92c-8db0-4189-84db-8ac4d68a9685","method":"GET","route":"/api/v1/tournaments/:id","statusCode":200,"latencyMs":33.118,"msg":"request completed"}
{"level":30,"time":1789777727571,"pid":21053,"hostname":"Glebs-MacBook-Pro.local","reqId":"5beec03a-fcea-47c7-a09e-400314e500a9","event":"request_completed","requestId":"5beec03a-fcea-47c7-a09e-400314e500a9","method":"GET","route":"/api/v1/tournaments/:id","statusCode":200,"latencyMs":23.291,"msg":"request completed"}
{"level":30,"time":1789777727571,"pid":21053,"hostname":"Glebs-MacBook-Pro.local","reqId":"87f65688-67fd-4d9d-a54f-7aa64fa66c20","event":"request_completed","requestId":"87f65688-67fd-4d9d-a54f-7aa64fa66c20","method":"POST","route":"/api/v1/tournaments/:id/cancel","statusCode":200,"latencyMs":27.102,"msg":"request completed"}
{"level":30,"time":1789777727688,"pid":21053,"hostname":"Glebs-MacBook-Pro.local","reqId":"368a8485-18b8-4d7d-a5b1-787cf80fbd38","event":"request_completed","requestId":"368a8485-18b8-4d7d-a5b1-787cf80fbd38","method":"GET","route":"/api/v1/tournaments/:id","statusCode":200,"latencyMs":10.602,"msg":"request completed"}
{"level":30,"time":1789777727705,"pid":21053,"hostname":"Glebs-MacBook-Pro.local","reqId":"a6f5017e-b97b-4ca2-a6da-9562839068c7","event":"request_completed","requestId":"a6f5017e-b97b-4ca2-a6da-9562839068c7","method":"POST","route":"/api/v1/tournaments","statusCode":200,"latencyMs":12.902,"msg":"request completed"}
{"level":30,"time":1789777727732,"pid":21053,"hostname":"Glebs-MacBook-Pro.local","reqId":"7d08d0e5-bdbd-4c97-89ef-8f5921844473","event":"request_completed","requestId":"7d08d0e5-bdbd-4c97-89ef-8f5921844473","method":"POST","route":"/api/v1/tournaments/:id/participants","statusCode":200,"latencyMs":23.596,"msg":"request completed"}
{"level":30,"time":1789777727758,"pid":21053,"hostname":"Glebs-MacBook-Pro.local","reqId":"867155a1-c7db-4d79-bcf0-1b88f1263bf8","event":"request_completed","requestId":"867155a1-c7db-4d79-bcf0-1b88f1263bf8","method":"POST","route":"/api/v1/tournaments/:id/participants","statusCode":200,"latencyMs":22.105,"msg":"request completed"}
{"level":30,"time":1789777727775,"pid":21053,"hostname":"Glebs-MacBook-Pro.local","reqId":"ed0e84e8-65ef-4f29-bf01-0fbba52c4b64","event":"request_completed","requestId":"ed0e84e8-65ef-4f29-bf01-0fbba52c4b64","method":"POST","route":"/api/v1/tournaments/:id/bracket","statusCode":200,"latencyMs":13.8,"msg":"request completed"}
{"level":30,"time":1789777727796,"pid":21053,"hostname":"Glebs-MacBook-Pro.local","reqId":"92cebca6-38ee-49b4-8591-f8def5cb6680","event":"request_completed","requestId":"92cebca6-38ee-49b4-8591-f8def5cb6680","method":"GET","route":"/api/v1/auth/me","statusCode":200,"latencyMs":5.439,"msg":"request completed"}
{"level":30,"time":1789777727817,"pid":21053,"hostname":"Glebs-MacBook-Pro.local","reqId":"92110ac2-00ca-4abf-a378-14e282ba23a1","event":"request_completed","requestId":"92110ac2-00ca-4abf-a378-14e282ba23a1","method":"GET","route":"/api/v1/notifications","statusCode":200,"latencyMs":12.691,"msg":"request completed"}
{"level":30,"time":1789777727820,"pid":21053,"hostname":"Glebs-MacBook-Pro.local","reqId":"5464eed2-aa2f-44d5-af30-d1fc4e955545","event":"request_completed","requestId":"5464eed2-aa2f-44d5-af30-d1fc4e955545","method":"GET","route":"/api/v1/tournaments/:id","statusCode":200,"latencyMs":16.138,"msg":"request completed"}
{"level":30,"time":1789777727831,"pid":21053,"hostname":"Glebs-MacBook-Pro.local","reqId":"b8afec64-301a-4145-89bf-6632d6634046","event":"request_completed","requestId":"b8afec64-301a-4145-89bf-6632d6634046","method":"GET","route":"/api/v1/users/directory","statusCode":200,"latencyMs":5.652,"msg":"request completed"}
{"level":30,"time":1789777727908,"pid":21053,"hostname":"Glebs-MacBook-Pro.local","reqId":"c39b27f2-b78c-4c6d-b445-0b2828d3001f","event":"request_completed","requestId":"c39b27f2-b78c-4c6d-b445-0b2828d3001f","method":"POST","route":"/api/v1/tournaments/:id/start","statusCode":200,"latencyMs":50.87,"msg":"request completed"}
{"level":30,"time":1789777728058,"pid":21053,"hostname":"Glebs-MacBook-Pro.local","reqId":"dcc9c225-23ad-4448-85b3-f42dcf6e403b","event":"request_completed","requestId":"dcc9c225-23ad-4448-85b3-f42dcf6e403b","method":"GET","route":"/api/v1/tournaments/:id","statusCode":200,"latencyMs":31.152,"msg":"request completed"}
{"level":30,"time":1789777728066,"pid":21053,"hostname":"Glebs-MacBook-Pro.local","reqId":"84f9ddba-9e98-4116-a2af-144a676a6460","event":"request_completed","requestId":"84f9ddba-9e98-4116-a2af-144a676a6460","method":"POST","route":"/api/v1/tournaments/:id/stop","statusCode":200,"latencyMs":44.054,"msg":"request completed"}
{"level":30,"time":1789777728189,"pid":21053,"hostname":"Glebs-MacBook-Pro.local","reqId":"916e8269-9be5-4eba-96c3-0aee75d96f7c","event":"request_completed","requestId":"916e8269-9be5-4eba-96c3-0aee75d96f7c","method":"GET","route":"/api/v1/tournaments/:id","statusCode":200,"latencyMs":26.529,"msg":"request completed"}
{"level":30,"time":1789777728218,"pid":21053,"hostname":"Glebs-MacBook-Pro.local","reqId":"b5125c2b-3de5-4332-8e60-f1d2295bf204","event":"request_completed","requestId":"b5125c2b-3de5-4332-8e60-f1d2295bf204","method":"GET","route":"/api/v1/tournaments/:id","statusCode":200,"latencyMs":25.835,"msg":"request completed"}
{"level":30,"time":1789777728248,"pid":21053,"hostname":"Glebs-MacBook-Pro.local","reqId":"375d4198-68c8-4f96-becf-e4b863203edb","event":"request_completed","requestId":"375d4198-68c8-4f96-becf-e4b863203edb","method":"GET","route":"/api/v1/auth/me","statusCode":200,"latencyMs":13.477,"msg":"request completed"}
{"level":30,"time":1789777728277,"pid":21053,"hostname":"Glebs-MacBook-Pro.local","reqId":"2cdef417-13cc-4fe4-b270-acb9112d5c43","event":"request_completed","requestId":"2cdef417-13cc-4fe4-b270-acb9112d5c43","method":"GET","route":"/api/v1/notifications","statusCode":200,"latencyMs":23.126,"msg":"request completed"}
{"level":30,"time":1789777728277,"pid":21053,"hostname":"Glebs-MacBook-Pro.local","reqId":"5a7af7c0-58d6-47d6-bb3d-6f6bd1300ffe","event":"request_completed","requestId":"5a7af7c0-58d6-47d6-bb3d-6f6bd1300ffe","method":"GET","route":"/api/v1/tournaments/:id","statusCode":200,"latencyMs":23.039,"msg":"request completed"}
  ✓  52 [chromium-mobile-390] › tests/e2e/wave-d-tournaments.spec.ts:103:5 › Wave D tournament invalidation, dissolve, cancel and reasoned stop (2.2s)
{"level":30,"time":1789777728488,"pid":21053,"hostname":"Glebs-MacBook-Pro.local","reqId":"7807cd90-854d-4e77-a4b5-5a1219cd67f5","event":"request_completed","requestId":"7807cd90-854d-4e77-a4b5-5a1219cd67f5","method":"GET","route":"/health","statusCode":200,"latencyMs":0.127,"msg":"request completed"}
{"level":30,"time":1789777728516,"pid":21053,"hostname":"Glebs-MacBook-Pro.local","reqId":"0cb58115-3359-4c5f-af94-ef5879d34aad","event":"request_completed","requestId":"0cb58115-3359-4c5f-af94-ef5879d34aad","method":"POST","route":"/api/v1/auth/login","statusCode":200,"latencyMs":25.618,"msg":"request completed"}
{"level":30,"time":1789777728533,"pid":21053,"hostname":"Glebs-MacBook-Pro.local","reqId":"c3b75179-c6c4-493a-ad4b-f8e4cbe5895f","event":"request_completed","requestId":"c3b75179-c6c4-493a-ad4b-f8e4cbe5895f","method":"PATCH","route":"/api/v1/me/onboarding","statusCode":200,"latencyMs":12.401,"msg":"request completed"}
{"level":30,"time":1789777728834,"pid":21053,"hostname":"Glebs-MacBook-Pro.local","reqId":"27267d1e-63f1-431c-b136-5f587f4986d6","event":"request_completed","requestId":"27267d1e-63f1-431c-b136-5f587f4986d6","method":"GET","route":"/api/v1/auth/me","statusCode":401,"latencyMs":0.126,"msg":"request completed"}
{"level":30,"time":1789777728997,"pid":21053,"hostname":"Glebs-MacBook-Pro.local","reqId":"039ea082-118f-4ee9-af2d-70171ce201a9","event":"request_completed","requestId":"039ea082-118f-4ee9-af2d-70171ce201a9","method":"POST","route":"/api/v1/auth/login","statusCode":200,"latencyMs":30.298,"msg":"request completed"}
{"level":30,"time":1789777729014,"pid":21053,"hostname":"Glebs-MacBook-Pro.local","reqId":"02e87cdb-885e-40c4-a1f4-0c5a0ce93abb","event":"request_completed","requestId":"02e87cdb-885e-40c4-a1f4-0c5a0ce93abb","method":"GET","route":"/api/v1/auth/me","statusCode":200,"latencyMs":13.789,"msg":"request completed"}
{"level":30,"time":1789777729037,"pid":21053,"hostname":"Glebs-MacBook-Pro.local","reqId":"09934f59-68d0-41b1-9771-cdb98607e929","event":"request_completed","requestId":"09934f59-68d0-41b1-9771-cdb98607e929","method":"GET","route":"/api/v1/notifications","statusCode":200,"latencyMs":35.546,"msg":"request completed"}
{"level":30,"time":1789777729078,"pid":21053,"hostname":"Glebs-MacBook-Pro.local","reqId":"6ee6542b-ca8d-4fe4-875c-281aaa7d2710","event":"request_completed","requestId":"6ee6542b-ca8d-4fe4-875c-281aaa7d2710","method":"GET","route":"/api/v1/auth/me","statusCode":200,"latencyMs":3.778,"msg":"request completed"}
{"level":30,"time":1789777729082,"pid":21053,"hostname":"Glebs-MacBook-Pro.local","reqId":"3e49c547-509e-4fa9-bdff-0b0c361608b3","event":"request_completed","requestId":"3e49c547-509e-4fa9-bdff-0b0c361608b3","method":"GET","route":"/api/v1/home","statusCode":200,"latencyMs":78.41,"msg":"request completed"}
{"level":30,"time":1789777729097,"pid":21053,"hostname":"Glebs-MacBook-Pro.local","reqId":"8b20374e-d460-4505-8eb9-9a6e411c2ac5","event":"request_completed","requestId":"8b20374e-d460-4505-8eb9-9a6e411c2ac5","method":"GET","route":"/api/v1/admin/users","statusCode":200,"latencyMs":7.302,"msg":"request completed"}
{"level":30,"time":1789777729104,"pid":21053,"hostname":"Glebs-MacBook-Pro.local","reqId":"418c91aa-1057-4242-9fab-eb879a97cd15","event":"request_completed","requestId":"418c91aa-1057-4242-9fab-eb879a97cd15","method":"GET","route":"/api/v1/notifications","statusCode":200,"latencyMs":15.057,"msg":"request completed"}
{"level":30,"time":1789777729194,"pid":21053,"hostname":"Glebs-MacBook-Pro.local","reqId":"aab4770b-5462-409d-8784-b6e5e493ad8f","event":"request_completed","requestId":"aab4770b-5462-409d-8784-b6e5e493ad8f","method":"POST","route":"/api/v1/admin/users","statusCode":200,"latencyMs":47.148,"msg":"request completed"}
{"level":30,"time":1789777729208,"pid":21053,"hostname":"Glebs-MacBook-Pro.local","reqId":"1623f81a-c3d2-4327-8e35-df0df5571c3a","event":"request_completed","requestId":"1623f81a-c3d2-4327-8e35-df0df5571c3a","method":"GET","route":"/api/v1/admin/users","statusCode":200,"latencyMs":11.726,"msg":"request completed"}
{"level":30,"time":1789777729328,"pid":21053,"hostname":"Glebs-MacBook-Pro.local","reqId":"aad5b0ef-f3cf-4b92-90b1-79347c0cc11f","event":"request_completed","requestId":"aad5b0ef-f3cf-4b92-90b1-79347c0cc11f","method":"GET","route":"/api/v1/admin/users","statusCode":200,"latencyMs":14.259,"msg":"request completed"}
{"level":30,"time":1789777729590,"pid":21053,"hostname":"Glebs-MacBook-Pro.local","reqId":"8707fe84-e0e5-4ec2-8d3e-9e47f85a9654","event":"request_completed","requestId":"8707fe84-e0e5-4ec2-8d3e-9e47f85a9654","method":"GET","route":"/api/v1/auth/me","statusCode":401,"latencyMs":0.204,"msg":"request completed"}
{"level":30,"time":1789777729764,"pid":21053,"hostname":"Glebs-MacBook-Pro.local","reqId":"28d1f27e-4264-47ef-99d5-08b97a74932d","event":"request_completed","requestId":"28d1f27e-4264-47ef-99d5-08b97a74932d","method":"POST","route":"/api/v1/auth/login","statusCode":200,"latencyMs":26.461,"msg":"request completed"}
{"level":30,"time":1789777729899,"pid":21053,"hostname":"Glebs-MacBook-Pro.local","reqId":"65126f37-344f-4ccf-a095-1d89759f3e6f","event":"request_completed","requestId":"65126f37-344f-4ccf-a095-1d89759f3e6f","method":"POST","route":"/api/v1/auth/password/first-change","statusCode":200,"latencyMs":46.016,"msg":"request completed"}
{"level":30,"time":1789777729912,"pid":21053,"hostname":"Glebs-MacBook-Pro.local","reqId":"2e59f444-0ac5-4504-937d-d029a750f50b","event":"request_completed","requestId":"2e59f444-0ac5-4504-937d-d029a750f50b","method":"GET","route":"/api/v1/auth/me","statusCode":200,"latencyMs":10.628,"msg":"request completed"}
{"level":30,"time":1789777729964,"pid":21053,"hostname":"Glebs-MacBook-Pro.local","reqId":"ebdc41b9-cc0a-4699-a98e-62a33877bea2","event":"request_completed","requestId":"ebdc41b9-cc0a-4699-a98e-62a33877bea2","method":"PATCH","route":"/api/v1/me/onboarding","statusCode":200,"latencyMs":11.998,"msg":"request completed"}
{"level":30,"time":1789777730007,"pid":21053,"hostname":"Glebs-MacBook-Pro.local","reqId":"2d0a9830-6f5b-432b-a2fc-14fd21048c45","event":"request_completed","requestId":"2d0a9830-6f5b-432b-a2fc-14fd21048c45","method":"GET","route":"/api/v1/admin/users","statusCode":403,"latencyMs":25.84,"msg":"request completed"}
{"level":30,"time":1789777730012,"pid":21053,"hostname":"Glebs-MacBook-Pro.local","reqId":"7b51c79a-994f-46f5-a03d-4ec29e594308","event":"request_completed","requestId":"7b51c79a-994f-46f5-a03d-4ec29e594308","method":"GET","route":"/api/v1/notifications","statusCode":200,"latencyMs":41.442,"msg":"request completed"}
{"level":30,"time":1789777730024,"pid":21053,"hostname":"Glebs-MacBook-Pro.local","reqId":"835a19f8-3eaf-46b7-9033-762c0f2c0f29","event":"request_completed","requestId":"835a19f8-3eaf-46b7-9033-762c0f2c0f29","method":"GET","route":"/api/v1/home","statusCode":200,"latencyMs":53.357,"msg":"request completed"}
{"level":30,"time":1789777730118,"pid":21053,"hostname":"Glebs-MacBook-Pro.local","reqId":"45317a88-15e6-4f83-a4f5-dc4838de4752","event":"request_completed","requestId":"45317a88-15e6-4f83-a4f5-dc4838de4752","method":"PATCH","route":"/api/v1/admin/users/:userId","statusCode":200,"latencyMs":21.742,"msg":"request completed"}
{"level":30,"time":1789777730131,"pid":21053,"hostname":"Glebs-MacBook-Pro.local","reqId":"32c6027f-8511-4328-b4ec-376d9e20c689","event":"request_completed","requestId":"32c6027f-8511-4328-b4ec-376d9e20c689","method":"GET","route":"/api/v1/admin/users","statusCode":200,"latencyMs":11.234,"msg":"request completed"}
{"level":30,"time":1789777730135,"pid":21053,"hostname":"Glebs-MacBook-Pro.local","reqId":"9b75e10a-73f3-434a-8f03-325bc362e1c7","event":"request_completed","requestId":"9b75e10a-73f3-434a-8f03-325bc362e1c7","method":"GET","route":"/api/v1/admin/users","statusCode":200,"latencyMs":12.563,"msg":"request completed"}
{"level":30,"time":1789777730147,"pid":21053,"hostname":"Glebs-MacBook-Pro.local","reqId":"07e17763-63b3-4245-a24d-75d210d9e9c8","event":"request_completed","requestId":"07e17763-63b3-4245-a24d-75d210d9e9c8","method":"GET","route":"/api/v1/auth/me","statusCode":200,"latencyMs":8.578,"msg":"request completed"}
{"level":30,"time":1789777730245,"pid":21053,"hostname":"Glebs-MacBook-Pro.local","reqId":"9c4be6e4-65c3-496e-87ad-7407b6f28b7b","event":"request_completed","requestId":"9c4be6e4-65c3-496e-87ad-7407b6f28b7b","method":"PATCH","route":"/api/v1/admin/users/:userId","statusCode":200,"latencyMs":33.962,"msg":"request completed"}
{"level":30,"time":1789777730256,"pid":21053,"hostname":"Glebs-MacBook-Pro.local","reqId":"cba9ffea-4db6-42d4-a721-24dfcd96b82a","event":"request_completed","requestId":"cba9ffea-4db6-42d4-a721-24dfcd96b82a","method":"GET","route":"/api/v1/admin/users","statusCode":200,"latencyMs":8.762,"msg":"request completed"}
{"level":30,"time":1789777730305,"pid":21053,"hostname":"Glebs-MacBook-Pro.local","reqId":"5763c156-6bc0-44a2-9fc0-5c99429b2682","event":"request_completed","requestId":"5763c156-6bc0-44a2-9fc0-5c99429b2682","method":"GET","route":"/api/v1/auth/me","statusCode":401,"latencyMs":4.13,"msg":"request completed"}
{"level":30,"time":1789777730391,"pid":21053,"hostname":"Glebs-MacBook-Pro.local","reqId":"0bfc0eb6-4b39-4a2d-825c-48058f1dfcb1","event":"request_completed","requestId":"0bfc0eb6-4b39-4a2d-825c-48058f1dfcb1","method":"PATCH","route":"/api/v1/admin/users/:userId","statusCode":200,"latencyMs":28.939,"msg":"request completed"}
{"level":30,"time":1789777730402,"pid":21053,"hostname":"Glebs-MacBook-Pro.local","reqId":"649df57b-56c0-4cf0-81ea-a34e7586a1c0","event":"request_completed","requestId":"649df57b-56c0-4cf0-81ea-a34e7586a1c0","method":"GET","route":"/api/v1/admin/users","statusCode":200,"latencyMs":9.312,"msg":"request completed"}
{"level":30,"time":1789777730495,"pid":21053,"hostname":"Glebs-MacBook-Pro.local","reqId":"72105e16-5e05-413c-9a8f-b3a6a56f0b4b","event":"request_completed","requestId":"72105e16-5e05-413c-9a8f-b3a6a56f0b4b","method":"POST","route":"/api/v1/admin/users/:userId/block","statusCode":200,"latencyMs":34.249,"msg":"request completed"}
{"level":30,"time":1789777730507,"pid":21053,"hostname":"Glebs-MacBook-Pro.local","reqId":"998b41b0-6587-4aab-acda-5eba3101cbaf","event":"request_completed","requestId":"998b41b0-6587-4aab-acda-5eba3101cbaf","method":"GET","route":"/api/v1/admin/users","statusCode":200,"latencyMs":9.507,"msg":"request completed"}
{"level":30,"time":1789777730564,"pid":21053,"hostname":"Glebs-MacBook-Pro.local","reqId":"fb0b1235-d526-4bf3-8551-b175cfcca190","event":"request_completed","requestId":"fb0b1235-d526-4bf3-8551-b175cfcca190","method":"GET","route":"/api/v1/admin/users","statusCode":200,"latencyMs":11.299,"msg":"request completed"}
{"level":30,"time":1789777730650,"pid":21053,"hostname":"Glebs-MacBook-Pro.local","reqId":"d2a6aa38-e25c-40c8-a80b-8c70f4567539","event":"request_completed","requestId":"d2a6aa38-e25c-40c8-a80b-8c70f4567539","method":"POST","route":"/api/v1/admin/users/:userId/unblock","statusCode":200,"latencyMs":21.231,"msg":"request completed"}
{"level":30,"time":1789777730662,"pid":21053,"hostname":"Glebs-MacBook-Pro.local","reqId":"223c2fed-7bf8-4bbf-9720-54de69e18b70","event":"request_completed","requestId":"223c2fed-7bf8-4bbf-9720-54de69e18b70","method":"GET","route":"/api/v1/admin/users","statusCode":200,"latencyMs":10.591,"msg":"request completed"}
{"level":30,"time":1789777730727,"pid":21053,"hostname":"Glebs-MacBook-Pro.local","reqId":"48495c48-9204-4cd8-bca4-b2281c287695","event":"request_completed","requestId":"48495c48-9204-4cd8-bca4-b2281c287695","method":"GET","route":"/api/v1/admin/users","statusCode":200,"latencyMs":10.558,"msg":"request completed"}
{"level":30,"time":1789777730749,"pid":21053,"hostname":"Glebs-MacBook-Pro.local","reqId":"6d4aa014-c319-4dd9-99a0-ec9b848e9850","event":"request_completed","requestId":"6d4aa014-c319-4dd9-99a0-ec9b848e9850","method":"GET","route":"/api/v1/auth/me","statusCode":401,"latencyMs":3.624,"msg":"request completed"}
  ✓  53 [chromium-mobile-390] › tests/e2e/wave-e-admin.spec.ts:10:5 › Wave E ADM catalog, first login, profile, role and block lifecycle (2.5s)
{"level":30,"time":1789777730951,"pid":21053,"hostname":"Glebs-MacBook-Pro.local","reqId":"1a7afffa-c839-4d8b-a20c-71c90bd70e4c","event":"request_completed","requestId":"1a7afffa-c839-4d8b-a20c-71c90bd70e4c","method":"GET","route":"/health","statusCode":200,"latencyMs":0.123,"msg":"request completed"}
{"level":30,"time":1789777730983,"pid":21053,"hostname":"Glebs-MacBook-Pro.local","reqId":"1b544211-f0ee-4a44-a4a8-d99bc94055e9","event":"request_completed","requestId":"1b544211-f0ee-4a44-a4a8-d99bc94055e9","method":"POST","route":"/api/v1/auth/login","statusCode":200,"latencyMs":30.027,"msg":"request completed"}
{"level":30,"time":1789777730998,"pid":21053,"hostname":"Glebs-MacBook-Pro.local","reqId":"69da8452-ecb8-4686-9a70-d475e709bae6","event":"request_completed","requestId":"69da8452-ecb8-4686-9a70-d475e709bae6","method":"PATCH","route":"/api/v1/me/onboarding","statusCode":200,"latencyMs":11.431,"msg":"request completed"}
{"level":30,"time":1789777731039,"pid":21053,"hostname":"Glebs-MacBook-Pro.local","reqId":"b3dd55fa-5b91-4a75-9594-ab546c88e244","event":"request_completed","requestId":"b3dd55fa-5b91-4a75-9594-ab546c88e244","method":"POST","route":"/api/v1/admin/users","statusCode":200,"latencyMs":38.257,"msg":"request completed"}
{"level":30,"time":1789777731069,"pid":21053,"hostname":"Glebs-MacBook-Pro.local","reqId":"1442d398-59b0-40ae-b36f-291a703432d5","event":"request_completed","requestId":"1442d398-59b0-40ae-b36f-291a703432d5","method":"POST","route":"/api/v1/auth/login","statusCode":200,"latencyMs":25.648,"msg":"request completed"}
{"level":30,"time":1789777731109,"pid":21053,"hostname":"Glebs-MacBook-Pro.local","reqId":"462b5fd1-211e-4c7b-90ad-54157faaf0ae","event":"request_completed","requestId":"462b5fd1-211e-4c7b-90ad-54157faaf0ae","method":"POST","route":"/api/v1/auth/password/first-change","statusCode":200,"latencyMs":36.295,"msg":"request completed"}
{"level":30,"time":1789777731123,"pid":21053,"hostname":"Glebs-MacBook-Pro.local","reqId":"d4a95475-10c9-48d7-93f1-810187c2db3b","event":"request_completed","requestId":"d4a95475-10c9-48d7-93f1-810187c2db3b","method":"PATCH","route":"/api/v1/me/onboarding","statusCode":200,"latencyMs":11.288,"msg":"request completed"}
{"level":30,"time":1789777731167,"pid":21053,"hostname":"Glebs-MacBook-Pro.local","reqId":"0bc73456-c5fe-4a10-b617-52ecd3482c20","event":"request_completed","requestId":"0bc73456-c5fe-4a10-b617-52ecd3482c20","method":"POST","route":"/api/v1/admin/users","statusCode":200,"latencyMs":40.224,"msg":"request completed"}
{"level":30,"time":1789777731200,"pid":21053,"hostname":"Glebs-MacBook-Pro.local","reqId":"3740bc5c-465d-4e5c-8037-c08f6d33239b","event":"request_completed","requestId":"3740bc5c-465d-4e5c-8037-c08f6d33239b","method":"POST","route":"/api/v1/auth/login","statusCode":200,"latencyMs":29.356,"msg":"request completed"}
{"level":30,"time":1789777731242,"pid":21053,"hostname":"Glebs-MacBook-Pro.local","reqId":"4aed6775-f09e-485a-84d3-4f079fdf2cb3","event":"request_completed","requestId":"4aed6775-f09e-485a-84d3-4f079fdf2cb3","method":"POST","route":"/api/v1/auth/password/first-change","statusCode":200,"latencyMs":38.932,"msg":"request completed"}
{"level":30,"time":1789777731259,"pid":21053,"hostname":"Glebs-MacBook-Pro.local","reqId":"d0dea5f0-9fc5-4e06-9729-ac2e24df1f7f","event":"request_completed","requestId":"d0dea5f0-9fc5-4e06-9729-ac2e24df1f7f","method":"PATCH","route":"/api/v1/me/onboarding","statusCode":200,"latencyMs":13.126,"msg":"request completed"}
{"level":30,"time":1789777731299,"pid":21053,"hostname":"Glebs-MacBook-Pro.local","reqId":"e30a94aa-9b1e-4e94-9f3b-03b506a343ac","event":"request_completed","requestId":"e30a94aa-9b1e-4e94-9f3b-03b506a343ac","method":"POST","route":"/api/v1/admin/users","statusCode":200,"latencyMs":36.613,"msg":"request completed"}
{"level":30,"time":1789777731329,"pid":21053,"hostname":"Glebs-MacBook-Pro.local","reqId":"d4167396-4d5b-48fd-8069-159037b7117b","event":"request_completed","requestId":"d4167396-4d5b-48fd-8069-159037b7117b","method":"POST","route":"/api/v1/auth/login","statusCode":200,"latencyMs":25.685,"msg":"request completed"}
{"level":30,"time":1789777731374,"pid":21053,"hostname":"Glebs-MacBook-Pro.local","reqId":"3121f990-c940-460c-aa73-5baa15609795","event":"request_completed","requestId":"3121f990-c940-460c-aa73-5baa15609795","method":"POST","route":"/api/v1/auth/password/first-change","statusCode":200,"latencyMs":41.563,"msg":"request completed"}
{"level":30,"time":1789777731394,"pid":21053,"hostname":"Glebs-MacBook-Pro.local","reqId":"740d2fb5-57df-4a5c-93ba-6aa48e026e35","event":"request_completed","requestId":"740d2fb5-57df-4a5c-93ba-6aa48e026e35","method":"PATCH","route":"/api/v1/me/onboarding","statusCode":200,"latencyMs":15.062,"msg":"request completed"}
{"level":30,"time":1789777731663,"pid":21053,"hostname":"Glebs-MacBook-Pro.local","reqId":"a5ac1b9b-d483-454c-85ee-a81975a8c871","event":"request_completed","requestId":"a5ac1b9b-d483-454c-85ee-a81975a8c871","method":"GET","route":"/api/v1/auth/me","statusCode":401,"latencyMs":0.138,"msg":"request completed"}
{"level":30,"time":1789777731842,"pid":21053,"hostname":"Glebs-MacBook-Pro.local","reqId":"f7b80df3-3944-4b61-aebf-8c362251f5f5","event":"request_completed","requestId":"f7b80df3-3944-4b61-aebf-8c362251f5f5","method":"POST","route":"/api/v1/auth/login","statusCode":200,"latencyMs":31.793,"msg":"request completed"}
{"level":30,"time":1789777731858,"pid":21053,"hostname":"Glebs-MacBook-Pro.local","reqId":"511c81d9-0d75-44dc-b17d-5d1bc06cf9f1","event":"request_completed","requestId":"511c81d9-0d75-44dc-b17d-5d1bc06cf9f1","method":"GET","route":"/api/v1/auth/me","statusCode":200,"latencyMs":14.108,"msg":"request completed"}
{"level":30,"time":1789777731877,"pid":21053,"hostname":"Glebs-MacBook-Pro.local","reqId":"3037a602-8e05-43a9-8e75-54dc662510c7","event":"request_completed","requestId":"3037a602-8e05-43a9-8e75-54dc662510c7","method":"GET","route":"/api/v1/notifications","statusCode":200,"latencyMs":31.311,"msg":"request completed"}
{"level":30,"time":1789777731912,"pid":21053,"hostname":"Glebs-MacBook-Pro.local","reqId":"4477752f-7988-4334-b7c8-fa36e785b140","event":"request_completed","requestId":"4477752f-7988-4334-b7c8-fa36e785b140","method":"GET","route":"/api/v1/home","statusCode":200,"latencyMs":64.861,"msg":"request completed"}
{"level":30,"time":1789777731919,"pid":21053,"hostname":"Glebs-MacBook-Pro.local","reqId":"66a636da-afb9-4690-be24-d47c50b3c23c","event":"request_completed","requestId":"66a636da-afb9-4690-be24-d47c50b3c23c","method":"GET","route":"/api/v1/auth/me","statusCode":200,"latencyMs":4.089,"msg":"request completed"}
{"level":30,"time":1789777731942,"pid":21053,"hostname":"Glebs-MacBook-Pro.local","reqId":"d71977d7-8572-4777-9211-590f8c5071bf","event":"request_completed","requestId":"d71977d7-8572-4777-9211-590f8c5071bf","method":"GET","route":"/api/v1/matches/create-options","statusCode":200,"latencyMs":12.614,"msg":"request completed"}
{"level":30,"time":1789777731944,"pid":21053,"hostname":"Glebs-MacBook-Pro.local","reqId":"f1db4e95-c074-4ed6-b3df-568bd1804e31","event":"request_completed","requestId":"f1db4e95-c074-4ed6-b3df-568bd1804e31","method":"GET","route":"/api/v1/notifications","statusCode":200,"latencyMs":14.613,"msg":"request completed"}
{"level":30,"time":1789777732097,"pid":21053,"hostname":"Glebs-MacBook-Pro.local","reqId":"98caab0b-4707-462f-b337-45164eda3755","event":"request_completed","requestId":"98caab0b-4707-462f-b337-45164eda3755","method":"POST","route":"/api/v1/matches","statusCode":200,"latencyMs":42.894,"msg":"request completed"}
{"level":30,"time":1789777732120,"pid":21053,"hostname":"Glebs-MacBook-Pro.local","reqId":"6df0b1eb-ee36-4bd1-aa23-44a586b33712","event":"request_completed","requestId":"6df0b1eb-ee36-4bd1-aa23-44a586b33712","method":"GET","route":"/api/v1/matches/:matchId","statusCode":200,"latencyMs":18.874,"msg":"request completed"}
{"level":30,"time":1789777732166,"pid":21053,"hostname":"Glebs-MacBook-Pro.local","reqId":"6502e76f-b6fc-41d8-931d-1b00461007a1","event":"request_completed","requestId":"6502e76f-b6fc-41d8-931d-1b00461007a1","method":"GET","route":"/api/v1/matches/:matchId","statusCode":200,"latencyMs":23.691,"msg":"request completed"}
{"level":30,"time":1789777732200,"pid":21053,"hostname":"Glebs-MacBook-Pro.local","reqId":"cd302feb-9df0-4934-82dc-d8cb33264fe5","event":"request_completed","requestId":"cd302feb-9df0-4934-82dc-d8cb33264fe5","method":"POST","route":"/api/v1/matches/:matchId/invitations","statusCode":200,"latencyMs":29.097,"msg":"request completed"}
{"level":30,"time":1789777732245,"pid":21053,"hostname":"Glebs-MacBook-Pro.local","reqId":"749180dc-ad33-444a-a45d-ad0cfdda1b67","event":"request_completed","requestId":"749180dc-ad33-444a-a45d-ad0cfdda1b67","method":"GET","route":"/api/v1/matches/create-options","statusCode":200,"latencyMs":20.5,"msg":"request completed"}
{"level":30,"time":1789777732332,"pid":21053,"hostname":"Glebs-MacBook-Pro.local","reqId":"0977ad32-fb53-440e-9119-f353dc40e1c1","event":"request_completed","requestId":"0977ad32-fb53-440e-9119-f353dc40e1c1","method":"PATCH","route":"/api/v1/matches/:matchId","statusCode":200,"latencyMs":44.712,"msg":"request completed"}
{"level":30,"time":1789777732382,"pid":21053,"hostname":"Glebs-MacBook-Pro.local","reqId":"647bb8d1-a58d-4e01-9ae2-4aec1ba31c03","event":"request_completed","requestId":"647bb8d1-a58d-4e01-9ae2-4aec1ba31c03","method":"GET","route":"/api/v1/matches/:matchId","statusCode":200,"latencyMs":11.18,"msg":"request completed"}
{"level":30,"time":1789777732548,"pid":21053,"hostname":"Glebs-MacBook-Pro.local","reqId":"a4d4b5e9-e0e0-463d-aabd-f50a8ced6f0a","event":"request_completed","requestId":"a4d4b5e9-e0e0-463d-aabd-f50a8ced6f0a","method":"POST","route":"/api/v1/matches/:matchId/start","statusCode":200,"latencyMs":60.377,"msg":"request completed"}
{"level":30,"time":1789777732592,"pid":21053,"hostname":"Glebs-MacBook-Pro.local","reqId":"0a921b12-eb15-4ac9-9505-407214777929","event":"request_completed","requestId":"0a921b12-eb15-4ac9-9505-407214777929","method":"GET","route":"/api/v1/matches/:matchId","statusCode":200,"latencyMs":19.165,"msg":"request completed"}
{"level":30,"time":1789777732606,"pid":21053,"hostname":"Glebs-MacBook-Pro.local","reqId":"e688c1fb-e961-41b9-8432-f32e2f800941","event":"request_completed","requestId":"e688c1fb-e961-41b9-8432-f32e2f800941","method":"GET","route":"/api/v1/notifications","statusCode":200,"latencyMs":10.551,"msg":"request completed"}
{"level":30,"time":1789777732674,"pid":21053,"hostname":"Glebs-MacBook-Pro.local","reqId":"faf5d384-a76c-46bb-b5f3-af51e025926f","event":"request_completed","requestId":"faf5d384-a76c-46bb-b5f3-af51e025926f","method":"GET","route":"/api/v1/matches/:matchId","statusCode":200,"latencyMs":25.091,"msg":"request completed"}
  ✓  54 [chromium-mobile-390] › tests/e2e/wave-e-user.spec.ts:95:5 › GAP-012 operator creates A-vs-B, edits it and starts without player consent (1.8s)
{"level":30,"time":1789777732793,"pid":21053,"hostname":"Glebs-MacBook-Pro.local","reqId":"7105a46d-ae30-4e5b-af24-eefae9cc04e6","event":"request_completed","requestId":"7105a46d-ae30-4e5b-af24-eefae9cc04e6","method":"GET","route":"/health","statusCode":200,"latencyMs":0.118,"msg":"request completed"}
{"level":30,"time":1789777732823,"pid":21053,"hostname":"Glebs-MacBook-Pro.local","reqId":"47d7557b-5415-42ac-95ff-7972a3974543","event":"request_completed","requestId":"47d7557b-5415-42ac-95ff-7972a3974543","method":"POST","route":"/api/v1/auth/login","statusCode":200,"latencyMs":28.114,"msg":"request completed"}
{"level":30,"time":1789777732836,"pid":21053,"hostname":"Glebs-MacBook-Pro.local","reqId":"9bf7b3ba-fadb-42a9-b276-cc2a0b08f614","event":"request_completed","requestId":"9bf7b3ba-fadb-42a9-b276-cc2a0b08f614","method":"PATCH","route":"/api/v1/me/onboarding","statusCode":200,"latencyMs":9.772,"msg":"request completed"}
{"level":30,"time":1789777732879,"pid":21053,"hostname":"Glebs-MacBook-Pro.local","reqId":"fd8e1442-a394-43bf-b262-29d9c01e3232","event":"request_completed","requestId":"fd8e1442-a394-43bf-b262-29d9c01e3232","method":"POST","route":"/api/v1/admin/users","statusCode":200,"latencyMs":39.158,"msg":"request completed"}
{"level":30,"time":1789777733146,"pid":21053,"hostname":"Glebs-MacBook-Pro.local","reqId":"728beeda-49d0-4e0b-83ee-df8f25fbdad1","event":"request_completed","requestId":"728beeda-49d0-4e0b-83ee-df8f25fbdad1","method":"GET","route":"/api/v1/auth/me","statusCode":401,"latencyMs":0.128,"msg":"request completed"}
{"level":30,"time":1789777733321,"pid":21053,"hostname":"Glebs-MacBook-Pro.local","reqId":"4e43d1e8-3236-4a0b-9686-71bfed6f0346","event":"request_completed","requestId":"4e43d1e8-3236-4a0b-9686-71bfed6f0346","method":"POST","route":"/api/v1/auth/login","statusCode":200,"latencyMs":26.407,"msg":"request completed"}
{"level":30,"time":1789777733402,"pid":21053,"hostname":"Glebs-MacBook-Pro.local","reqId":"9a03a78d-9e53-43cc-a169-1017d09ffad1","event":"request_completed","requestId":"9a03a78d-9e53-43cc-a169-1017d09ffad1","method":"POST","route":"/api/v1/auth/password/first-change","statusCode":200,"latencyMs":41.092,"msg":"request completed"}
{"level":30,"time":1789777733413,"pid":21053,"hostname":"Glebs-MacBook-Pro.local","reqId":"34210bf8-c3ba-42de-90a6-a6d10ef48d39","event":"request_completed","requestId":"34210bf8-c3ba-42de-90a6-a6d10ef48d39","method":"GET","route":"/api/v1/auth/me","statusCode":200,"latencyMs":9.316,"msg":"request completed"}
{"level":30,"time":1789777733469,"pid":21053,"hostname":"Glebs-MacBook-Pro.local","reqId":"8875e6d7-64d1-44cc-a796-b6604d8dd083","event":"request_completed","requestId":"8875e6d7-64d1-44cc-a796-b6604d8dd083","method":"PATCH","route":"/api/v1/me/onboarding","statusCode":200,"latencyMs":11.557,"msg":"request completed"}
{"level":30,"time":1789777733518,"pid":21053,"hostname":"Glebs-MacBook-Pro.local","reqId":"6f218252-2fc6-459c-9c64-da67aa6976cf","event":"request_completed","requestId":"6f218252-2fc6-459c-9c64-da67aa6976cf","method":"PATCH","route":"/api/v1/me/onboarding","statusCode":200,"latencyMs":10.591,"msg":"request completed"}
{"level":30,"time":1789777733570,"pid":21053,"hostname":"Glebs-MacBook-Pro.local","reqId":"dbb820fa-ef78-4c65-a6df-40e863ac0b04","event":"request_completed","requestId":"dbb820fa-ef78-4c65-a6df-40e863ac0b04","method":"PATCH","route":"/api/v1/me/onboarding","statusCode":200,"latencyMs":10.953,"msg":"request completed"}
{"level":30,"time":1789777733647,"pid":21053,"hostname":"Glebs-MacBook-Pro.local","reqId":"ccc8da4b-0732-4fb2-a5a6-76ebcae432e3","event":"request_completed","requestId":"ccc8da4b-0732-4fb2-a5a6-76ebcae432e3","method":"PATCH","route":"/api/v1/me/onboarding","statusCode":200,"latencyMs":22.003,"msg":"request completed"}
{"level":30,"time":1789777733734,"pid":21053,"hostname":"Glebs-MacBook-Pro.local","reqId":"c4e7d1ba-2289-4f73-97bf-67893106390d","event":"request_completed","requestId":"c4e7d1ba-2289-4f73-97bf-67893106390d","method":"GET","route":"/api/v1/auth/me","statusCode":200,"latencyMs":5.139,"msg":"request completed"}
{"level":30,"time":1789777733789,"pid":21053,"hostname":"Glebs-MacBook-Pro.local","reqId":"ad77432d-17f5-4f66-a6e0-34104df26928","event":"request_completed","requestId":"ad77432d-17f5-4f66-a6e0-34104df26928","method":"PATCH","route":"/api/v1/me/onboarding","statusCode":200,"latencyMs":6.057,"msg":"request completed"}
{"level":30,"time":1789777733856,"pid":21053,"hostname":"Glebs-MacBook-Pro.local","reqId":"ec0688f0-053e-4079-985d-1dfaa7599c6e","event":"request_completed","requestId":"ec0688f0-053e-4079-985d-1dfaa7599c6e","method":"PATCH","route":"/api/v1/me/onboarding","statusCode":200,"latencyMs":6.317,"msg":"request completed"}
{"level":30,"time":1789777733913,"pid":21053,"hostname":"Glebs-MacBook-Pro.local","reqId":"999608b2-ae68-4a5f-86e3-1ff5b2b278e1","event":"request_completed","requestId":"999608b2-ae68-4a5f-86e3-1ff5b2b278e1","method":"PATCH","route":"/api/v1/me/onboarding","statusCode":200,"latencyMs":13.137,"msg":"request completed"}
{"level":30,"time":1789777733931,"pid":21053,"hostname":"Glebs-MacBook-Pro.local","reqId":"ab55c245-3e84-48da-9ff3-3563c1bd6f94","event":"request_completed","requestId":"ab55c245-3e84-48da-9ff3-3563c1bd6f94","method":"POST","route":"/api/v1/matches/tutorial","statusCode":200,"latencyMs":16.305,"msg":"request completed"}
{"level":30,"time":1789777733945,"pid":21053,"hostname":"Glebs-MacBook-Pro.local","reqId":"8d424de1-c7a8-437d-b7de-b94ed93344c1","event":"request_completed","requestId":"8d424de1-c7a8-437d-b7de-b94ed93344c1","method":"GET","route":"/api/v1/matches/:matchId","statusCode":200,"latencyMs":9.631,"msg":"request completed"}
{"level":30,"time":1789777733968,"pid":21053,"hostname":"Glebs-MacBook-Pro.local","reqId":"26e3fc04-ce7e-4ae2-bd72-5b863b46fdb6","event":"request_completed","requestId":"26e3fc04-ce7e-4ae2-bd72-5b863b46fdb6","method":"POST","route":"/api/v1/matches/:matchId/judge/acquire","statusCode":200,"latencyMs":20.954,"msg":"request completed"}
{"level":30,"time":1789777733981,"pid":21053,"hostname":"Glebs-MacBook-Pro.local","reqId":"89dc410c-721b-4ea1-9404-81612ad6417d","event":"request_completed","requestId":"89dc410c-721b-4ea1-9404-81612ad6417d","method":"GET","route":"/api/v1/matches/:matchId","statusCode":200,"latencyMs":10.987,"msg":"request completed"}
{"level":30,"time":1789777733990,"pid":21053,"hostname":"Glebs-MacBook-Pro.local","reqId":"0520e03b-f3d6-4a78-bf16-931a77d65bac","event":"request_completed","requestId":"0520e03b-f3d6-4a78-bf16-931a77d65bac","method":"POST","route":"/api/v1/matches/:matchId/judge/heartbeat","statusCode":200,"latencyMs":6.185,"msg":"request completed"}
{"level":30,"time":1789777734004,"pid":21053,"hostname":"Glebs-MacBook-Pro.local","reqId":"461bffa6-2b75-497d-92e8-80293b2ec742","event":"request_completed","requestId":"461bffa6-2b75-497d-92e8-80293b2ec742","method":"GET","route":"/api/v1/matches/:matchId","statusCode":200,"latencyMs":12.416,"msg":"request completed"}
{"level":30,"time":1789777734049,"pid":21053,"hostname":"Glebs-MacBook-Pro.local","reqId":"a887ec92-d6b1-4efe-9c48-734674c0ccd0","event":"request_completed","requestId":"a887ec92-d6b1-4efe-9c48-734674c0ccd0","method":"POST","route":"/api/v1/matches/:matchId/judge/release","statusCode":200,"latencyMs":15.475,"msg":"request completed"}
{"level":30,"time":1789777734079,"pid":21053,"hostname":"Glebs-MacBook-Pro.local","reqId":"7f43aaff-33df-4dc9-825f-8e2fbacbb55a","event":"request_completed","requestId":"7f43aaff-33df-4dc9-825f-8e2fbacbb55a","method":"GET","route":"/api/v1/auth/me","statusCode":200,"latencyMs":11.954,"msg":"request completed"}
{"level":30,"time":1789777734113,"pid":21053,"hostname":"Glebs-MacBook-Pro.local","reqId":"17bda5a9-f0f6-4360-bc44-2694e1cac951","event":"request_completed","requestId":"17bda5a9-f0f6-4360-bc44-2694e1cac951","method":"PATCH","route":"/api/v1/me/onboarding","statusCode":200,"latencyMs":13.49,"msg":"request completed"}
{"level":30,"time":1789777734146,"pid":21053,"hostname":"Glebs-MacBook-Pro.local","reqId":"bc6883bb-d02a-495c-8fb4-6bb6052f3020","event":"request_completed","requestId":"bc6883bb-d02a-495c-8fb4-6bb6052f3020","method":"GET","route":"/api/v1/notifications","statusCode":200,"latencyMs":27.238,"msg":"request completed"}
{"level":30,"time":1789777734147,"pid":21053,"hostname":"Glebs-MacBook-Pro.local","reqId":"6ea58411-2473-4f2b-a2ee-8d740d39423e","event":"request_completed","requestId":"6ea58411-2473-4f2b-a2ee-8d740d39423e","method":"GET","route":"/api/v1/auth/me","statusCode":200,"latencyMs":6.433,"msg":"request completed"}
{"level":30,"time":1789777734157,"pid":21053,"hostname":"Glebs-MacBook-Pro.local","reqId":"b55ba3f7-a121-4c44-8764-baff0914c358","event":"request_completed","requestId":"b55ba3f7-a121-4c44-8764-baff0914c358","method":"GET","route":"/api/v1/home","statusCode":200,"latencyMs":38.523,"msg":"request completed"}
{"level":30,"time":1789777734165,"pid":21053,"hostname":"Glebs-MacBook-Pro.local","reqId":"7ea1937d-99bf-4ea1-b690-6e3f9e75a869","event":"request_completed","requestId":"7ea1937d-99bf-4ea1-b690-6e3f9e75a869","method":"GET","route":"/api/v1/auth/sessions","statusCode":200,"latencyMs":8.808,"msg":"request completed"}
{"level":30,"time":1789777734176,"pid":21053,"hostname":"Glebs-MacBook-Pro.local","reqId":"c268a0ba-e555-48d4-ad2a-197ff57ea0ea","event":"request_completed","requestId":"c268a0ba-e555-48d4-ad2a-197ff57ea0ea","method":"GET","route":"/api/v1/notifications","statusCode":200,"latencyMs":20.926,"msg":"request completed"}
{"level":30,"time":1789777734177,"pid":21053,"hostname":"Glebs-MacBook-Pro.local","reqId":"0908af93-a8c3-42a9-9477-1af5cd985694","event":"request_completed","requestId":"0908af93-a8c3-42a9-9477-1af5cd985694","method":"GET","route":"/api/v1/profile/me","statusCode":200,"latencyMs":20.974,"msg":"request completed"}
{"level":30,"time":1789777734188,"pid":21053,"hostname":"Glebs-MacBook-Pro.local","reqId":"f342b66d-ddce-4e8d-ba78-ad527e3b58b7","event":"request_completed","requestId":"f342b66d-ddce-4e8d-ba78-ad527e3b58b7","method":"GET","route":"/api/v1/home","statusCode":200,"latencyMs":32.399,"msg":"request completed"}
{"level":30,"time":1789777734229,"pid":21053,"hostname":"Glebs-MacBook-Pro.local","reqId":"2104b74a-b633-4f5b-b1e8-0663c39bf8c1","event":"request_completed","requestId":"2104b74a-b633-4f5b-b1e8-0663c39bf8c1","method":"PATCH","route":"/api/v1/me/onboarding","statusCode":200,"latencyMs":6.193,"msg":"request completed"}
{"level":30,"time":1789777734300,"pid":21053,"hostname":"Glebs-MacBook-Pro.local","reqId":"9e60e9d1-e2c3-4833-b87c-ef7bf8f9f08f","event":"request_completed","requestId":"9e60e9d1-e2c3-4833-b87c-ef7bf8f9f08f","method":"PATCH","route":"/api/v1/me/onboarding","statusCode":200,"latencyMs":13,"msg":"request completed"}
{"level":30,"time":1789777734339,"pid":21053,"hostname":"Glebs-MacBook-Pro.local","reqId":"8940dfd1-256b-495f-851b-4b870fe915de","event":"request_completed","requestId":"8940dfd1-256b-495f-851b-4b870fe915de","method":"GET","route":"/api/v1/auth/me","statusCode":200,"latencyMs":11.424,"msg":"request completed"}
{"level":30,"time":1789777734344,"pid":21053,"hostname":"Glebs-MacBook-Pro.local","reqId":"fd6480db-a930-486a-ba33-4f814032b038","event":"request_completed","requestId":"fd6480db-a930-486a-ba33-4f814032b038","method":"GET","route":"/api/v1/notifications","statusCode":200,"latencyMs":39.502,"msg":"request completed"}
{"level":30,"time":1789777734357,"pid":21053,"hostname":"Glebs-MacBook-Pro.local","reqId":"9f648a04-3217-47e4-85be-25dd94720e72","event":"request_completed","requestId":"9f648a04-3217-47e4-85be-25dd94720e72","method":"GET","route":"/api/v1/home","statusCode":200,"latencyMs":52.467,"msg":"request completed"}
{"level":30,"time":1789777734361,"pid":21053,"hostname":"Glebs-MacBook-Pro.local","reqId":"1cba3c1c-1568-4eb9-b372-b79206890356","event":"request_completed","requestId":"1cba3c1c-1568-4eb9-b372-b79206890356","method":"GET","route":"/api/v1/notifications","statusCode":200,"latencyMs":11.43,"msg":"request completed"}
{"level":30,"time":1789777734364,"pid":21053,"hostname":"Glebs-MacBook-Pro.local","reqId":"02d79393-768b-4d08-bebe-2885c93fe438","event":"request_completed","requestId":"02d79393-768b-4d08-bebe-2885c93fe438","method":"GET","route":"/api/v1/faq","statusCode":200,"latencyMs":14.569,"msg":"request completed"}
{"level":30,"time":1789777734443,"pid":21053,"hostname":"Glebs-MacBook-Pro.local","reqId":"c6990829-174a-4f07-85b4-4be3d2693dc6","event":"request_completed","requestId":"c6990829-174a-4f07-85b4-4be3d2693dc6","method":"POST","route":"/api/v1/feedback","statusCode":200,"latencyMs":16.331,"msg":"request completed"}
  ✓  55 [chromium-mobile-390] › tests/e2e/wave-e-user.spec.ts:182:5 › Wave E onboarding resume, tutorial return, restart and Help feedback (1.8s)
{"level":30,"time":1789777734992,"pid":21053,"hostname":"Glebs-MacBook-Pro.local","reqId":"cbdd9455-0438-4c49-8c38-2d05fcc05cb2","event":"request_completed","requestId":"cbdd9455-0438-4c49-8c38-2d05fcc05cb2","method":"GET","route":"/api/v1/auth/me","statusCode":401,"latencyMs":0.145,"msg":"request completed"}
{"level":30,"time":1789777735054,"pid":21053,"hostname":"Glebs-MacBook-Pro.local","reqId":"249f8d4a-8909-4206-ae9c-0d7b6d6cbaac","event":"request_completed","requestId":"249f8d4a-8909-4206-ae9c-0d7b6d6cbaac","method":"GET","route":"/api/v1/auth/me","statusCode":401,"latencyMs":0.159,"msg":"request completed"}
{"level":30,"time":1789777735422,"pid":21053,"hostname":"Glebs-MacBook-Pro.local","reqId":"c793afbf-54d8-4279-8d41-a7821c7c72fe","event":"request_completed","requestId":"c793afbf-54d8-4279-8d41-a7821c7c72fe","method":"GET","route":"/api/v1/auth/me","statusCode":401,"latencyMs":0.146,"msg":"request completed"}
{"level":30,"time":1789777735763,"pid":21053,"hostname":"Glebs-MacBook-Pro.local","reqId":"3489845f-1b81-42eb-a5e5-cd03d1e4b853","event":"request_completed","requestId":"3489845f-1b81-42eb-a5e5-cd03d1e4b853","method":"GET","route":"/api/v1/auth/me","statusCode":401,"latencyMs":0.122,"msg":"request completed"}
{"level":30,"time":1789777736202,"pid":21053,"hostname":"Glebs-MacBook-Pro.local","reqId":"50fd1c39-738f-42a6-bda1-7d1257f7af03","event":"request_completed","requestId":"50fd1c39-738f-42a6-bda1-7d1257f7af03","method":"GET","route":"/api/v1/auth/me","statusCode":401,"latencyMs":0.139,"msg":"request completed"}
{"level":30,"time":1789777736606,"pid":21053,"hostname":"Glebs-MacBook-Pro.local","reqId":"e0ee455b-5440-4e32-a85a-de52fc32cbf8","event":"request_completed","requestId":"e0ee455b-5440-4e32-a85a-de52fc32cbf8","method":"GET","route":"/api/v1/auth/me","statusCode":401,"latencyMs":0.11,"msg":"request completed"}
{"level":30,"time":1789777736963,"pid":21053,"hostname":"Glebs-MacBook-Pro.local","reqId":"468b555c-526c-40fc-a462-6fc85b91124a","event":"request_completed","requestId":"468b555c-526c-40fc-a462-6fc85b91124a","method":"GET","route":"/api/v1/auth/me","statusCode":401,"latencyMs":0.111,"msg":"request completed"}
{"level":30,"time":1789777737003,"pid":21053,"hostname":"Glebs-MacBook-Pro.local","reqId":"540cbc0d-97ea-4411-80f3-4dff5af15551","event":"request_completed","requestId":"540cbc0d-97ea-4411-80f3-4dff5af15551","method":"GET","route":"/health","statusCode":200,"latencyMs":0.118,"msg":"request completed"}
{"level":30,"time":1789777737045,"pid":21053,"hostname":"Glebs-MacBook-Pro.local","reqId":"fb82b5d5-dd34-4585-a60b-bc684e6ea22c","event":"request_completed","requestId":"fb82b5d5-dd34-4585-a60b-bc684e6ea22c","method":"POST","route":"/api/v1/auth/login","statusCode":200,"latencyMs":38.702,"msg":"request completed"}
{"level":30,"time":1789777737061,"pid":21053,"hostname":"Glebs-MacBook-Pro.local","reqId":"ce1df1a7-76f5-45c6-9bf2-d3e14f567b0e","event":"request_completed","requestId":"ce1df1a7-76f5-45c6-9bf2-d3e14f567b0e","method":"PATCH","route":"/api/v1/me/onboarding","statusCode":200,"latencyMs":11.84,"msg":"request completed"}
{"level":30,"time":1789777737103,"pid":21053,"hostname":"Glebs-MacBook-Pro.local","reqId":"34c5323c-b68d-4b76-8429-e0d833f69a96","event":"request_completed","requestId":"34c5323c-b68d-4b76-8429-e0d833f69a96","method":"POST","route":"/api/v1/admin/users","statusCode":200,"latencyMs":38.266,"msg":"request completed"}
{"level":30,"time":1789777737144,"pid":21053,"hostname":"Glebs-MacBook-Pro.local","reqId":"eea39da8-b0f7-4d36-81c0-0702ff006f61","event":"request_completed","requestId":"eea39da8-b0f7-4d36-81c0-0702ff006f61","method":"POST","route":"/api/v1/admin/users","statusCode":200,"latencyMs":36.951,"msg":"request completed"}
{"level":30,"time":1789777737182,"pid":21053,"hostname":"Glebs-MacBook-Pro.local","reqId":"04de364b-10b5-41c6-8272-dff8208329eb","event":"request_completed","requestId":"04de364b-10b5-41c6-8272-dff8208329eb","method":"POST","route":"/api/v1/admin/users","statusCode":200,"latencyMs":34.14,"msg":"request completed"}
{"level":30,"time":1789777737198,"pid":21053,"hostname":"Glebs-MacBook-Pro.local","reqId":"eab05e85-0e1e-46b2-bd99-862ad0f8cebb","event":"request_completed","requestId":"eab05e85-0e1e-46b2-bd99-862ad0f8cebb","method":"GET","route":"/api/v1/auth/me","statusCode":401,"latencyMs":0.113,"msg":"request completed"}
{"level":30,"time":1789777737314,"pid":21053,"hostname":"Glebs-MacBook-Pro.local","reqId":"6a5ee8a2-900d-47e5-9041-5ca9f72ee528","event":"request_completed","requestId":"6a5ee8a2-900d-47e5-9041-5ca9f72ee528","method":"POST","route":"/api/v1/auth/login","statusCode":200,"latencyMs":32.694,"msg":"request completed"}
{"level":30,"time":1789777737327,"pid":21053,"hostname":"Glebs-MacBook-Pro.local","reqId":"e511ee52-28ba-40f0-a881-744240c7cf7e","event":"request_completed","requestId":"e511ee52-28ba-40f0-a881-744240c7cf7e","method":"GET","route":"/api/v1/auth/me","statusCode":200,"latencyMs":11.024,"msg":"request completed"}
{"level":30,"time":1789777737354,"pid":21053,"hostname":"Glebs-MacBook-Pro.local","reqId":"15587a73-2a4c-4e0d-a9ea-d5da969df6a4","event":"request_completed","requestId":"15587a73-2a4c-4e0d-a9ea-d5da969df6a4","method":"GET","route":"/api/v1/notifications","statusCode":200,"latencyMs":37.032,"msg":"request completed"}
{"level":30,"time":1789777737383,"pid":21053,"hostname":"Glebs-MacBook-Pro.local","reqId":"aa16c63d-0640-4b8d-bca8-b1be6e91ab5a","event":"request_completed","requestId":"aa16c63d-0640-4b8d-bca8-b1be6e91ab5a","method":"GET","route":"/api/v1/auth/me","statusCode":200,"latencyMs":5.792,"msg":"request completed"}
{"level":30,"time":1789777737397,"pid":21053,"hostname":"Glebs-MacBook-Pro.local","reqId":"44bc56bf-2d00-44cd-b9b1-068f1f2f682a","event":"request_completed","requestId":"44bc56bf-2d00-44cd-b9b1-068f1f2f682a","method":"GET","route":"/api/v1/admin/users","statusCode":200,"latencyMs":5.897,"msg":"request completed"}
{"level":30,"time":1789777737404,"pid":21053,"hostname":"Glebs-MacBook-Pro.local","reqId":"c9562b0a-6f5d-47ec-b760-072784482eab","event":"request_completed","requestId":"c9562b0a-6f5d-47ec-b760-072784482eab","method":"GET","route":"/api/v1/home","statusCode":200,"latencyMs":84.394,"msg":"request completed"}
{"level":30,"time":1789777737404,"pid":21053,"hostname":"Glebs-MacBook-Pro.local","reqId":"d507ce83-3c1b-4866-a02f-3c0c613b5852","event":"request_completed","requestId":"d507ce83-3c1b-4866-a02f-3c0c613b5852","method":"GET","route":"/api/v1/notifications","statusCode":200,"latencyMs":13.073,"msg":"request completed"}
{"level":30,"time":1789777737530,"pid":21053,"hostname":"Glebs-MacBook-Pro.local","reqId":"5edf0b95-e582-49d7-b9c1-a708fcc39cf7","event":"request_completed","requestId":"5edf0b95-e582-49d7-b9c1-a708fcc39cf7","method":"POST","route":"/api/v1/auth/login","statusCode":200,"latencyMs":27.615,"msg":"request completed"}
{"level":30,"time":1789777737570,"pid":21053,"hostname":"Glebs-MacBook-Pro.local","reqId":"0229ef93-bba3-4825-9f7f-ffd9975478e1","event":"request_completed","requestId":"0229ef93-bba3-4825-9f7f-ffd9975478e1","method":"POST","route":"/api/v1/auth/password/first-change","statusCode":200,"latencyMs":36.48,"msg":"request completed"}
{"level":30,"time":1789777737588,"pid":21053,"hostname":"Glebs-MacBook-Pro.local","reqId":"551c4e0b-f155-498d-837d-d05edb989e57","event":"request_completed","requestId":"551c4e0b-f155-498d-837d-d05edb989e57","method":"PATCH","route":"/api/v1/me/onboarding","statusCode":200,"latencyMs":12.617,"msg":"request completed"}
{"level":30,"time":1789777737622,"pid":21053,"hostname":"Glebs-MacBook-Pro.local","reqId":"0c4786a8-915f-4e21-bfe7-d917eef440ed","event":"request_completed","requestId":"0c4786a8-915f-4e21-bfe7-d917eef440ed","method":"GET","route":"/api/v1/auth/me","statusCode":200,"latencyMs":9.434,"msg":"request completed"}
{"level":30,"time":1789777737652,"pid":21053,"hostname":"Glebs-MacBook-Pro.local","reqId":"06c92dd6-301c-4cbd-abba-62731e7d214f","event":"request_completed","requestId":"06c92dd6-301c-4cbd-abba-62731e7d214f","method":"GET","route":"/api/v1/rankings","statusCode":200,"latencyMs":26.296,"msg":"request completed"}
{"level":30,"time":1789777737661,"pid":21053,"hostname":"Glebs-MacBook-Pro.local","reqId":"784e23f8-cf49-4b71-8566-10a96086fb19","event":"request_completed","requestId":"784e23f8-cf49-4b71-8566-10a96086fb19","method":"GET","route":"/api/v1/notifications","statusCode":200,"latencyMs":35.317,"msg":"request completed"}
{"level":30,"time":1789777738303,"pid":21053,"hostname":"Glebs-MacBook-Pro.local","reqId":"87ce1cfb-0bdb-433d-a652-2674d440e6b6","event":"request_completed","requestId":"87ce1cfb-0bdb-433d-a652-2674d440e6b6","method":"GET","route":"/api/v1/auth/me","statusCode":200,"latencyMs":13.256,"msg":"request completed"}
{"level":30,"time":1789777738379,"pid":21053,"hostname":"Glebs-MacBook-Pro.local","reqId":"9174ddc5-315d-4b71-a6b9-c7235b29efdc","event":"request_completed","requestId":"9174ddc5-315d-4b71-a6b9-c7235b29efdc","method":"GET","route":"/api/v1/rankings","statusCode":200,"latencyMs":34.941,"msg":"request completed"}
{"level":30,"time":1789777738386,"pid":21053,"hostname":"Glebs-MacBook-Pro.local","reqId":"9baae4fa-56a9-4eb8-b6a5-2c90d559f1e4","event":"request_completed","requestId":"9baae4fa-56a9-4eb8-b6a5-2c90d559f1e4","method":"GET","route":"/api/v1/notifications","statusCode":200,"latencyMs":42.821,"msg":"request completed"}
  ✓  56 [chromium-mobile-390] › tests/e2e/wave-f-a11y.spec.ts:55:5 › Wave F auth geometry contrast and admin readable rows (4.4s)
{"level":30,"time":1789777739026,"pid":21053,"hostname":"Glebs-MacBook-Pro.local","reqId":"c91cb12c-5fb3-4ef8-a015-031deda342c8","event":"request_completed","requestId":"c91cb12c-5fb3-4ef8-a015-031deda342c8","method":"GET","route":"/health","statusCode":200,"latencyMs":0.162,"msg":"request completed"}
{"level":30,"time":1789777739055,"pid":21053,"hostname":"Glebs-MacBook-Pro.local","reqId":"b5914174-f221-4183-80d8-e39c0ae036cb","event":"request_completed","requestId":"b5914174-f221-4183-80d8-e39c0ae036cb","method":"POST","route":"/api/v1/auth/login","statusCode":200,"latencyMs":25.285,"msg":"request completed"}
{"level":30,"time":1789777739068,"pid":21053,"hostname":"Glebs-MacBook-Pro.local","reqId":"5e7ac045-b647-468b-96c6-fdca2c6ff0bd","event":"request_completed","requestId":"5e7ac045-b647-468b-96c6-fdca2c6ff0bd","method":"PATCH","route":"/api/v1/me/onboarding","statusCode":200,"latencyMs":10.402,"msg":"request completed"}
{"level":30,"time":1789777739093,"pid":21053,"hostname":"Glebs-MacBook-Pro.local","reqId":"cced282e-e3f9-43c9-b50c-6e92775e1168","event":"request_completed","requestId":"cced282e-e3f9-43c9-b50c-6e92775e1168","method":"POST","route":"/api/v1/tournaments","statusCode":200,"latencyMs":21.258,"msg":"request completed"}
{"level":30,"time":1789777739149,"pid":21053,"hostname":"Glebs-MacBook-Pro.local","reqId":"77889429-458d-46bd-862c-62e385b6dab3","event":"request_completed","requestId":"77889429-458d-46bd-862c-62e385b6dab3","method":"POST","route":"/api/v1/tournaments/:id/participants","statusCode":200,"latencyMs":52.786,"msg":"request completed"}
{"level":30,"time":1789777739205,"pid":21053,"hostname":"Glebs-MacBook-Pro.local","reqId":"663012fa-ba12-4278-8836-a62b9f42f5c9","event":"request_completed","requestId":"663012fa-ba12-4278-8836-a62b9f42f5c9","method":"POST","route":"/api/v1/tournaments/:id/participants","statusCode":200,"latencyMs":51.076,"msg":"request completed"}
{"level":30,"time":1789777739233,"pid":21053,"hostname":"Glebs-MacBook-Pro.local","reqId":"44989d05-70f4-4a5f-855c-bbd55baa3ed8","event":"request_completed","requestId":"44989d05-70f4-4a5f-855c-bbd55baa3ed8","method":"POST","route":"/api/v1/tournaments/:id/participants","statusCode":200,"latencyMs":24.425,"msg":"request completed"}
{"level":30,"time":1789777739268,"pid":21053,"hostname":"Glebs-MacBook-Pro.local","reqId":"e2f6955b-d806-4c05-baaf-9c455dd73d29","event":"request_completed","requestId":"e2f6955b-d806-4c05-baaf-9c455dd73d29","method":"POST","route":"/api/v1/tournaments/:id/participants","statusCode":200,"latencyMs":31.202,"msg":"request completed"}
{"level":30,"time":1789777739296,"pid":21053,"hostname":"Glebs-MacBook-Pro.local","reqId":"55868a53-af93-4f22-97b9-4e3c431ba6cb","event":"request_completed","requestId":"55868a53-af93-4f22-97b9-4e3c431ba6cb","method":"POST","route":"/api/v1/tournaments/:id/participants","statusCode":200,"latencyMs":23.939,"msg":"request completed"}
{"level":30,"time":1789777739340,"pid":21053,"hostname":"Glebs-MacBook-Pro.local","reqId":"dd451555-3735-4f93-b06d-cdd668226c70","event":"request_completed","requestId":"dd451555-3735-4f93-b06d-cdd668226c70","method":"POST","route":"/api/v1/tournaments/:id/participants","statusCode":200,"latencyMs":39.748,"msg":"request completed"}
{"level":30,"time":1789777739369,"pid":21053,"hostname":"Glebs-MacBook-Pro.local","reqId":"a39d5798-8eb4-4507-9239-638c69a5465b","event":"request_completed","requestId":"a39d5798-8eb4-4507-9239-638c69a5465b","method":"POST","route":"/api/v1/tournaments/:id/participants","statusCode":200,"latencyMs":25.15,"msg":"request completed"}
{"level":30,"time":1789777739408,"pid":21053,"hostname":"Glebs-MacBook-Pro.local","reqId":"0d80d3b8-3453-4cce-a7e3-1b1955a5b51f","event":"request_completed","requestId":"0d80d3b8-3453-4cce-a7e3-1b1955a5b51f","method":"POST","route":"/api/v1/tournaments/:id/participants","statusCode":200,"latencyMs":35.618,"msg":"request completed"}
{"level":30,"time":1789777739684,"pid":21053,"hostname":"Glebs-MacBook-Pro.local","reqId":"e75dadd8-5059-4234-b2f6-aa8f19327e07","event":"request_completed","requestId":"e75dadd8-5059-4234-b2f6-aa8f19327e07","method":"GET","route":"/api/v1/auth/me","statusCode":401,"latencyMs":0.171,"msg":"request completed"}
{"level":30,"time":1789777739852,"pid":21053,"hostname":"Glebs-MacBook-Pro.local","reqId":"f6801d4a-ec8e-4666-9965-f99ed7a95aa7","event":"request_completed","requestId":"f6801d4a-ec8e-4666-9965-f99ed7a95aa7","method":"POST","route":"/api/v1/auth/login","statusCode":200,"latencyMs":25.629,"msg":"request completed"}
{"level":30,"time":1789777739860,"pid":21053,"hostname":"Glebs-MacBook-Pro.local","reqId":"c7f2b87d-b595-4055-9434-6a1de47f5d6d","event":"request_completed","requestId":"c7f2b87d-b595-4055-9434-6a1de47f5d6d","method":"GET","route":"/api/v1/auth/me","statusCode":200,"latencyMs":5.601,"msg":"request completed"}
{"level":30,"time":1789777739875,"pid":21053,"hostname":"Glebs-MacBook-Pro.local","reqId":"e2577e07-18e2-4d8a-aa76-3d0715d40d33","event":"request_completed","requestId":"e2577e07-18e2-4d8a-aa76-3d0715d40d33","method":"GET","route":"/api/v1/notifications","statusCode":200,"latencyMs":17.527,"msg":"request completed"}
{"level":30,"time":1789777739904,"pid":21053,"hostname":"Glebs-MacBook-Pro.local","reqId":"e03a806b-a7ef-4526-bbd0-40a29a5b8804","event":"request_completed","requestId":"e03a806b-a7ef-4526-bbd0-40a29a5b8804","method":"GET","route":"/api/v1/home","statusCode":200,"latencyMs":44.611,"msg":"request completed"}
{"level":30,"time":1789777739939,"pid":21053,"hostname":"Glebs-MacBook-Pro.local","reqId":"44db4c20-c2c4-46cc-88f9-a8ea607e2bc9","event":"request_completed","requestId":"44db4c20-c2c4-46cc-88f9-a8ea607e2bc9","method":"GET","route":"/api/v1/auth/me","statusCode":200,"latencyMs":4.951,"msg":"request completed"}
{"level":30,"time":1789777739957,"pid":21053,"hostname":"Glebs-MacBook-Pro.local","reqId":"caa401a6-e7ac-475a-8214-0fed0105ca77","event":"request_completed","requestId":"caa401a6-e7ac-475a-8214-0fed0105ca77","method":"GET","route":"/api/v1/notifications","statusCode":200,"latencyMs":11.452,"msg":"request completed"}
{"level":30,"time":1789777739959,"pid":21053,"hostname":"Glebs-MacBook-Pro.local","reqId":"9e80cfa3-9c38-4b2e-b102-db765c263b8f","event":"request_completed","requestId":"9e80cfa3-9c38-4b2e-b102-db765c263b8f","method":"GET","route":"/api/v1/tournaments/:id","statusCode":200,"latencyMs":13.491,"msg":"request completed"}
{"level":30,"time":1789777739969,"pid":21053,"hostname":"Glebs-MacBook-Pro.local","reqId":"509bd251-a0dd-4f60-924b-c126c273dd03","event":"request_completed","requestId":"509bd251-a0dd-4f60-924b-c126c273dd03","method":"GET","route":"/api/v1/users/directory","statusCode":200,"latencyMs":5.574,"msg":"request completed"}
{"level":30,"time":1789777740697,"pid":21053,"hostname":"Glebs-MacBook-Pro.local","reqId":"4e4bed02-84b2-4977-8402-2b19af5b7f79","event":"request_completed","requestId":"4e4bed02-84b2-4977-8402-2b19af5b7f79","method":"POST","route":"/api/v1/tournaments/:id/bracket","statusCode":200,"latencyMs":48.583,"msg":"request completed"}
{"level":30,"time":1789777740722,"pid":21053,"hostname":"Glebs-MacBook-Pro.local","reqId":"d1021f55-698e-41e7-83e3-d75143d6f554","event":"request_completed","requestId":"d1021f55-698e-41e7-83e3-d75143d6f554","method":"GET","route":"/api/v1/auth/me","statusCode":200,"latencyMs":8.336,"msg":"request completed"}
{"level":30,"time":1789777740753,"pid":21053,"hostname":"Glebs-MacBook-Pro.local","reqId":"bf45d20b-d3a6-4b08-8f77-f3c22a07d225","event":"request_completed","requestId":"bf45d20b-d3a6-4b08-8f77-f3c22a07d225","method":"GET","route":"/api/v1/notifications","statusCode":200,"latencyMs":21.861,"msg":"request completed"}
{"level":30,"time":1789777740756,"pid":21053,"hostname":"Glebs-MacBook-Pro.local","reqId":"156ee957-f67d-410e-8d25-4891bb292709","event":"request_completed","requestId":"156ee957-f67d-410e-8d25-4891bb292709","method":"GET","route":"/api/v1/tournaments/:id","statusCode":200,"latencyMs":24.061,"msg":"request completed"}
{"level":30,"time":1789777740777,"pid":21053,"hostname":"Glebs-MacBook-Pro.local","reqId":"9f52f9d0-6151-4edb-acb4-8de2cc57b820","event":"request_completed","requestId":"9f52f9d0-6151-4edb-acb4-8de2cc57b820","method":"GET","route":"/api/v1/users/directory","statusCode":200,"latencyMs":12.022,"msg":"request completed"}
  ✓  57 [chromium-mobile-390] › tests/e2e/wave-f-a11y.spec.ts:113:5 › Wave F algorithm focus and bracket keyboard geometry (2.9s)
{"level":30,"time":1789777741918,"pid":21053,"hostname":"Glebs-MacBook-Pro.local","reqId":"402d6d3b-57c9-4d35-92d3-dd00bc922427","event":"request_completed","requestId":"402d6d3b-57c9-4d35-92d3-dd00bc922427","method":"GET","route":"/health","statusCode":200,"latencyMs":0.153,"msg":"request completed"}
{"level":30,"time":1789777741943,"pid":21053,"hostname":"Glebs-MacBook-Pro.local","reqId":"45239c58-3656-4c95-b3b1-a4cc932325a4","event":"request_completed","requestId":"45239c58-3656-4c95-b3b1-a4cc932325a4","method":"POST","route":"/api/v1/auth/login","statusCode":200,"latencyMs":22.013,"msg":"request completed"}
{"level":30,"time":1789777741952,"pid":21053,"hostname":"Glebs-MacBook-Pro.local","reqId":"7fdeb92a-de77-490d-89a4-3ada7bc47014","event":"request_completed","requestId":"7fdeb92a-de77-490d-89a4-3ada7bc47014","method":"PATCH","route":"/api/v1/me/onboarding","statusCode":200,"latencyMs":5.685,"msg":"request completed"}
{"level":30,"time":1789777742216,"pid":21053,"hostname":"Glebs-MacBook-Pro.local","reqId":"e8bf0181-9260-403a-9d85-52ae56e23d39","event":"request_completed","requestId":"e8bf0181-9260-403a-9d85-52ae56e23d39","method":"GET","route":"/api/v1/auth/me","statusCode":401,"latencyMs":0.159,"msg":"request completed"}
{"level":30,"time":1789777742388,"pid":21053,"hostname":"Glebs-MacBook-Pro.local","reqId":"a5805ee0-19c4-4732-acb2-a9e43efbdbf2","event":"request_completed","requestId":"a5805ee0-19c4-4732-acb2-a9e43efbdbf2","method":"POST","route":"/api/v1/auth/login","statusCode":200,"latencyMs":37.209,"msg":"request completed"}
{"level":30,"time":1789777742403,"pid":21053,"hostname":"Glebs-MacBook-Pro.local","reqId":"55b90c0a-29f6-48cd-bd29-98c09f0e6770","event":"request_completed","requestId":"55b90c0a-29f6-48cd-bd29-98c09f0e6770","method":"GET","route":"/api/v1/auth/me","statusCode":200,"latencyMs":12.884,"msg":"request completed"}
{"level":30,"time":1789777742425,"pid":21053,"hostname":"Glebs-MacBook-Pro.local","reqId":"aabbc0a2-25f3-4a12-b110-9fcc710a8869","event":"request_completed","requestId":"aabbc0a2-25f3-4a12-b110-9fcc710a8869","method":"GET","route":"/api/v1/notifications","statusCode":200,"latencyMs":33.011,"msg":"request completed"}
{"level":30,"time":1789777742462,"pid":21053,"hostname":"Glebs-MacBook-Pro.local","reqId":"a4f9afb9-d970-4e90-b745-c3e60870eada","event":"request_completed","requestId":"a4f9afb9-d970-4e90-b745-c3e60870eada","method":"GET","route":"/api/v1/auth/me","statusCode":200,"latencyMs":4.327,"msg":"request completed"}
{"level":30,"time":1789777742466,"pid":21053,"hostname":"Glebs-MacBook-Pro.local","reqId":"779ce8cc-4bc9-4e1c-aaec-178221ba2f5e","event":"request_completed","requestId":"779ce8cc-4bc9-4e1c-aaec-178221ba2f5e","method":"GET","route":"/api/v1/home","statusCode":200,"latencyMs":71.67,"msg":"request completed"}
{"level":30,"time":1789777742486,"pid":21053,"hostname":"Glebs-MacBook-Pro.local","reqId":"679dfc1d-f669-4e52-b27d-987d0aa907ee","event":"request_completed","requestId":"679dfc1d-f669-4e52-b27d-987d0aa907ee","method":"GET","route":"/api/v1/matches/create-options","statusCode":200,"latencyMs":12.937,"msg":"request completed"}
{"level":30,"time":1789777742488,"pid":21053,"hostname":"Glebs-MacBook-Pro.local","reqId":"df397474-b924-4c59-9d82-4522a3caf1df","event":"request_completed","requestId":"df397474-b924-4c59-9d82-4522a3caf1df","method":"GET","route":"/api/v1/notifications","statusCode":200,"latencyMs":15.745,"msg":"request completed"}
{"level":30,"time":1789777742620,"pid":21053,"hostname":"Glebs-MacBook-Pro.local","reqId":"257385a4-76c8-4c2d-8eeb-a225a0869f7e","event":"request_completed","requestId":"257385a4-76c8-4c2d-8eeb-a225a0869f7e","method":"POST","route":"/api/v1/matches","statusCode":200,"latencyMs":41.72,"msg":"request completed"}
{"level":30,"time":1789777742636,"pid":21053,"hostname":"Glebs-MacBook-Pro.local","reqId":"51ea7360-2681-49a5-9ab9-5b2d7e40db13","event":"request_completed","requestId":"51ea7360-2681-49a5-9ab9-5b2d7e40db13","method":"GET","route":"/api/v1/matches/:matchId","statusCode":200,"latencyMs":11.25,"msg":"request completed"}
{"level":30,"time":1789777742706,"pid":21053,"hostname":"Glebs-MacBook-Pro.local","reqId":"a710155f-ecf5-42e9-98b7-748b0b56223f","event":"request_completed","requestId":"a710155f-ecf5-42e9-98b7-748b0b56223f","method":"GET","route":"/api/v1/matches/:matchId","statusCode":200,"latencyMs":25.998,"msg":"request completed"}
{"level":30,"time":1789777742748,"pid":21053,"hostname":"Glebs-MacBook-Pro.local","reqId":"5d73e836-0ceb-48cd-9bce-bc722983a0b6","event":"request_completed","requestId":"5d73e836-0ceb-48cd-9bce-bc722983a0b6","method":"POST","route":"/api/v1/matches/:matchId/judge/acquire","statusCode":200,"latencyMs":40.416,"msg":"request completed"}
{"level":30,"time":1789777742763,"pid":21053,"hostname":"Glebs-MacBook-Pro.local","reqId":"3e8ad1f8-deb5-4974-8f8f-21bc84313a99","event":"request_completed","requestId":"3e8ad1f8-deb5-4974-8f8f-21bc84313a99","method":"GET","route":"/api/v1/matches/:matchId","statusCode":200,"latencyMs":12.887,"msg":"request completed"}
{"level":30,"time":1789777742773,"pid":21053,"hostname":"Glebs-MacBook-Pro.local","reqId":"59ec67b8-4eab-452c-b7d7-1c023ee1fe23","event":"request_completed","requestId":"59ec67b8-4eab-452c-b7d7-1c023ee1fe23","method":"POST","route":"/api/v1/matches/:matchId/judge/heartbeat","statusCode":200,"latencyMs":7.076,"msg":"request completed"}
{"level":30,"time":1789777742785,"pid":21053,"hostname":"Glebs-MacBook-Pro.local","reqId":"a9cf21ea-bec3-4a8b-a26a-270a2146c0e5","event":"request_completed","requestId":"a9cf21ea-bec3-4a8b-a26a-270a2146c0e5","method":"GET","route":"/api/v1/matches/:matchId","statusCode":200,"latencyMs":10.119,"msg":"request completed"}
{"level":30,"time":1789777742969,"pid":21053,"hostname":"Glebs-MacBook-Pro.local","reqId":"0b83018e-5246-40a9-9af6-d9db579a37e0","event":"request_completed","requestId":"0b83018e-5246-40a9-9af6-d9db579a37e0","method":"POST","route":"/api/v1/matches/:matchId/start","statusCode":200,"latencyMs":57.821,"msg":"request completed"}
{"level":30,"time":1789777742997,"pid":21053,"hostname":"Glebs-MacBook-Pro.local","reqId":"32b80af6-5149-43aa-bd0f-cba7efc056e9","event":"request_completed","requestId":"32b80af6-5149-43aa-bd0f-cba7efc056e9","method":"POST","route":"/api/v1/matches/:matchId/judge/setup","statusCode":200,"latencyMs":25.314,"msg":"request completed"}
{"level":30,"time":1789777743009,"pid":21053,"hostname":"Glebs-MacBook-Pro.local","reqId":"fa88a9c2-e4ae-433d-9932-8b8dcf49e071","event":"request_completed","requestId":"fa88a9c2-e4ae-433d-9932-8b8dcf49e071","method":"POST","route":"/api/v1/matches/:matchId/judge/heartbeat","statusCode":200,"latencyMs":7.53,"msg":"request completed"}
{"level":30,"time":1789777743021,"pid":21053,"hostname":"Glebs-MacBook-Pro.local","reqId":"d61519a1-e48b-421b-ac5d-5b18eba00b59","event":"request_completed","requestId":"d61519a1-e48b-421b-ac5d-5b18eba00b59","method":"GET","route":"/api/v1/matches/:matchId","statusCode":200,"latencyMs":10.733,"msg":"request completed"}
{"level":30,"time":1789777743407,"pid":21053,"hostname":"Glebs-MacBook-Pro.local","reqId":"9ef1f0f0-ad91-4e62-8e8d-91a1dddda1fa","event":"request_completed","requestId":"9ef1f0f0-ad91-4e62-8e8d-91a1dddda1fa","method":"GET","route":"/api/v1/users/directory","statusCode":200,"latencyMs":11.097,"msg":"request completed"}
{"level":30,"time":1789777743848,"pid":21053,"hostname":"Glebs-MacBook-Pro.local","reqId":"68aa097a-00da-4c05-a3b6-3827f6be55b4","event":"request_completed","requestId":"68aa097a-00da-4c05-a3b6-3827f6be55b4","method":"POST","route":"/api/v1/matches/:matchId/points","statusCode":200,"latencyMs":53.694,"msg":"request completed"}
{"level":30,"time":1789777743893,"pid":21053,"hostname":"Glebs-MacBook-Pro.local","reqId":"8c82ae09-3c20-4ce1-af6d-d59c88b35b3c","event":"request_completed","requestId":"8c82ae09-3c20-4ce1-af6d-d59c88b35b3c","method":"GET","route":"/api/v1/matches/:matchId","statusCode":200,"latencyMs":18.495,"msg":"request completed"}
{"level":30,"time":1789777743978,"pid":21053,"hostname":"Glebs-MacBook-Pro.local","reqId":"33f6e3de-9c93-4591-9bb1-2fff876090d7","event":"request_completed","requestId":"33f6e3de-9c93-4591-9bb1-2fff876090d7","method":"GET","route":"/api/v1/matches/:matchId","statusCode":200,"latencyMs":11.212,"msg":"request completed"}
{"level":30,"time":1789777744006,"pid":21053,"hostname":"Glebs-MacBook-Pro.local","reqId":"37da185b-4362-4ed2-8b52-db7d7e480c96","event":"request_completed","requestId":"37da185b-4362-4ed2-8b52-db7d7e480c96","method":"POST","route":"/api/v1/matches/:matchId/cancel","statusCode":200,"latencyMs":23.572,"msg":"request completed"}
{"level":30,"time":1789777744019,"pid":21053,"hostname":"Glebs-MacBook-Pro.local","reqId":"b7f46565-9f9c-433d-93a0-bed2691ab240","event":"request_completed","requestId":"b7f46565-9f9c-433d-93a0-bed2691ab240","method":"GET","route":"/api/v1/matches/:matchId","statusCode":200,"latencyMs":9.141,"msg":"request completed"}
  ✓  58 [chromium-mobile-390] › tests/e2e/wave-f-a11y.spec.ts:149:5 › Wave F judge disclosure score and landscape (2.2s)
{"level":30,"time":1789777744124,"pid":21053,"hostname":"Glebs-MacBook-Pro.local","reqId":"93340343-3ca6-4cbc-9704-a09ca0d8f945","event":"request_completed","requestId":"93340343-3ca6-4cbc-9704-a09ca0d8f945","method":"GET","route":"/health","statusCode":200,"latencyMs":0.13,"msg":"request completed"}
{"level":30,"time":1789777744150,"pid":21053,"hostname":"Glebs-MacBook-Pro.local","reqId":"1a422b26-53d0-43b3-afd0-69be1c21f863","event":"request_completed","requestId":"1a422b26-53d0-43b3-afd0-69be1c21f863","method":"POST","route":"/api/v1/auth/login","statusCode":200,"latencyMs":23.345,"msg":"request completed"}
{"level":30,"time":1789777744163,"pid":21053,"hostname":"Glebs-MacBook-Pro.local","reqId":"7ea95405-1250-4451-965a-5638fb3f1a26","event":"request_completed","requestId":"7ea95405-1250-4451-965a-5638fb3f1a26","method":"PATCH","route":"/api/v1/me/onboarding","statusCode":200,"latencyMs":10.333,"msg":"request completed"}
{"level":30,"time":1789777744176,"pid":21053,"hostname":"Glebs-MacBook-Pro.local","reqId":"97bda1f2-6b1b-4408-ad9b-35365e870ca4","event":"request_completed","requestId":"97bda1f2-6b1b-4408-ad9b-35365e870ca4","method":"PATCH","route":"/api/v1/me/onboarding","statusCode":200,"latencyMs":9.278,"msg":"request completed"}
{"level":30,"time":1789777744439,"pid":21053,"hostname":"Glebs-MacBook-Pro.local","reqId":"96ff38dc-741c-4a79-b89b-21f836ca6ffe","event":"request_completed","requestId":"96ff38dc-741c-4a79-b89b-21f836ca6ffe","method":"GET","route":"/api/v1/auth/me","statusCode":401,"latencyMs":0.125,"msg":"request completed"}
{"level":30,"time":1789777744602,"pid":21053,"hostname":"Glebs-MacBook-Pro.local","reqId":"383b31ab-df3c-4f3f-befd-9d9d19f60294","event":"request_completed","requestId":"383b31ab-df3c-4f3f-befd-9d9d19f60294","method":"POST","route":"/api/v1/auth/login","statusCode":200,"latencyMs":27.781,"msg":"request completed"}
{"level":30,"time":1789777744612,"pid":21053,"hostname":"Glebs-MacBook-Pro.local","reqId":"b3b88202-b3e5-4670-93c7-4f9dea46ac91","event":"request_completed","requestId":"b3b88202-b3e5-4670-93c7-4f9dea46ac91","method":"GET","route":"/api/v1/auth/me","statusCode":200,"latencyMs":7.875,"msg":"request completed"}
{"level":30,"time":1789777744683,"pid":21053,"hostname":"Glebs-MacBook-Pro.local","reqId":"c8e0c675-b5fc-45ed-b61f-8b9657171361","event":"request_completed","requestId":"c8e0c675-b5fc-45ed-b61f-8b9657171361","method":"PATCH","route":"/api/v1/me/onboarding","statusCode":200,"latencyMs":10.719,"msg":"request completed"}
{"level":30,"time":1789777744740,"pid":21053,"hostname":"Glebs-MacBook-Pro.local","reqId":"bc74b262-ab95-4711-a11a-7ba2b8d3b2ce","event":"request_completed","requestId":"bc74b262-ab95-4711-a11a-7ba2b8d3b2ce","method":"PATCH","route":"/api/v1/me/onboarding","statusCode":200,"latencyMs":11.237,"msg":"request completed"}
{"level":30,"time":1789777744772,"pid":21053,"hostname":"Glebs-MacBook-Pro.local","reqId":"13839c56-6f08-421a-b5ec-0b2f71aada64","event":"request_completed","requestId":"13839c56-6f08-421a-b5ec-0b2f71aada64","method":"GET","route":"/api/v1/auth/me","statusCode":200,"latencyMs":8.713,"msg":"request completed"}
{"level":30,"time":1789777744821,"pid":21053,"hostname":"Glebs-MacBook-Pro.local","reqId":"dcb5b49a-7643-45d6-a832-5ec8ceaae983","event":"request_completed","requestId":"dcb5b49a-7643-45d6-a832-5ec8ceaae983","method":"GET","route":"/api/v1/auth/me","statusCode":200,"latencyMs":18.101,"msg":"request completed"}
{"level":30,"time":1789777744823,"pid":21053,"hostname":"Glebs-MacBook-Pro.local","reqId":"e94ee81b-a5b5-415c-8862-e051228f5ad1","event":"request_completed","requestId":"e94ee81b-a5b5-415c-8862-e051228f5ad1","method":"GET","route":"/api/v1/notifications","statusCode":200,"latencyMs":43.674,"msg":"request completed"}
{"level":30,"time":1789777744854,"pid":21053,"hostname":"Glebs-MacBook-Pro.local","reqId":"4a82fe05-7956-4fd3-93fc-316358d15536","event":"request_completed","requestId":"4a82fe05-7956-4fd3-93fc-316358d15536","method":"GET","route":"/api/v1/home","statusCode":200,"latencyMs":74.05,"msg":"request completed"}
{"level":30,"time":1789777744896,"pid":21053,"hostname":"Glebs-MacBook-Pro.local","reqId":"165e508c-d391-4f53-a90a-4643a935fb9c","event":"request_completed","requestId":"165e508c-d391-4f53-a90a-4643a935fb9c","method":"GET","route":"/api/v1/notifications","statusCode":200,"latencyMs":12.751,"msg":"request completed"}
{"level":30,"time":1789777744924,"pid":21053,"hostname":"Glebs-MacBook-Pro.local","reqId":"f12cbc8b-bcf6-4637-9cc7-19bcfdba6874","event":"request_completed","requestId":"f12cbc8b-bcf6-4637-9cc7-19bcfdba6874","method":"POST","route":"/api/v1/notifications/read-visible","statusCode":200,"latencyMs":6.166,"msg":"request completed"}
{"level":30,"time":1789777745417,"pid":21053,"hostname":"Glebs-MacBook-Pro.local","reqId":"13f787aa-1261-456d-bd42-e175ce56d1d3","event":"request_completed","requestId":"13f787aa-1261-456d-bd42-e175ce56d1d3","method":"GET","route":"/api/v1/auth/me","statusCode":200,"latencyMs":10.716,"msg":"request completed"}
  ✓  59 [chromium-mobile-390] › tests/e2e/wave-f-a11y.spec.ts:165:5 › Wave F onboarding heading and recovery states keep keyboard context (1.4s)
{"level":30,"time":1789777745564,"pid":21053,"hostname":"Glebs-MacBook-Pro.local","reqId":"9516c1c0-6604-49df-9ccd-5ba3470dc552","event":"request_completed","requestId":"9516c1c0-6604-49df-9ccd-5ba3470dc552","method":"GET","route":"/health","statusCode":200,"latencyMs":0.128,"msg":"request completed"}
{"level":30,"time":1789777745595,"pid":21053,"hostname":"Glebs-MacBook-Pro.local","reqId":"4d9fbaab-0a0c-4e5b-b215-2a6f331bc8a6","event":"request_completed","requestId":"4d9fbaab-0a0c-4e5b-b215-2a6f331bc8a6","method":"POST","route":"/api/v1/auth/login","statusCode":200,"latencyMs":28.017,"msg":"request completed"}
{"level":30,"time":1789777745614,"pid":21053,"hostname":"Glebs-MacBook-Pro.local","reqId":"48b3f98e-8cd8-4afd-a337-76a0f45c86d1","event":"request_completed","requestId":"48b3f98e-8cd8-4afd-a337-76a0f45c86d1","method":"PATCH","route":"/api/v1/me/onboarding","statusCode":200,"latencyMs":15.379,"msg":"request completed"}
{"level":30,"time":1789777745639,"pid":21053,"hostname":"Glebs-MacBook-Pro.local","reqId":"d700a61e-ecf0-41dc-8a9a-6eca4f137258","event":"request_completed","requestId":"d700a61e-ecf0-41dc-8a9a-6eca4f137258","method":"POST","route":"/api/v1/tournaments","statusCode":200,"latencyMs":21.421,"msg":"request completed"}
{"level":30,"time":1789777745686,"pid":21053,"hostname":"Glebs-MacBook-Pro.local","reqId":"bea4153e-4132-48a9-909d-cb61bc65d4e5","event":"request_completed","requestId":"bea4153e-4132-48a9-909d-cb61bc65d4e5","method":"POST","route":"/api/v1/tournaments/:id/participants","statusCode":200,"latencyMs":44.049,"msg":"request completed"}
{"level":30,"time":1789777745722,"pid":21053,"hostname":"Glebs-MacBook-Pro.local","reqId":"e93d4430-f926-4d11-a079-92fd61c395b1","event":"request_completed","requestId":"e93d4430-f926-4d11-a079-92fd61c395b1","method":"POST","route":"/api/v1/tournaments/:id/participants","statusCode":200,"latencyMs":31.645,"msg":"request completed"}
{"level":30,"time":1789777745750,"pid":21053,"hostname":"Glebs-MacBook-Pro.local","reqId":"b3c1da57-9f5f-41b3-a59b-478425578545","event":"request_completed","requestId":"b3c1da57-9f5f-41b3-a59b-478425578545","method":"POST","route":"/api/v1/tournaments/:id/participants","statusCode":200,"latencyMs":24.286,"msg":"request completed"}
{"level":30,"time":1789777746019,"pid":21053,"hostname":"Glebs-MacBook-Pro.local","reqId":"5b664e37-4d77-4fc5-b119-b16dcb763036","event":"request_completed","requestId":"5b664e37-4d77-4fc5-b119-b16dcb763036","method":"GET","route":"/api/v1/auth/me","statusCode":401,"latencyMs":0.14,"msg":"request completed"}
{"level":30,"time":1789777746195,"pid":21053,"hostname":"Glebs-MacBook-Pro.local","reqId":"5cb20d89-4fd5-4629-9105-ef15b9017863","event":"request_completed","requestId":"5cb20d89-4fd5-4629-9105-ef15b9017863","method":"POST","route":"/api/v1/auth/login","statusCode":200,"latencyMs":28.651,"msg":"request completed"}
{"level":30,"time":1789777746208,"pid":21053,"hostname":"Glebs-MacBook-Pro.local","reqId":"c9e522cf-2c9f-41ca-af1c-dab69e4b3118","event":"request_completed","requestId":"c9e522cf-2c9f-41ca-af1c-dab69e4b3118","method":"GET","route":"/api/v1/auth/me","statusCode":200,"latencyMs":10.807,"msg":"request completed"}
{"level":30,"time":1789777746234,"pid":21053,"hostname":"Glebs-MacBook-Pro.local","reqId":"0cca7550-78ae-474c-9226-bce87bc58d6d","event":"request_completed","requestId":"0cca7550-78ae-474c-9226-bce87bc58d6d","method":"GET","route":"/api/v1/notifications","statusCode":200,"latencyMs":35.343,"msg":"request completed"}
{"level":30,"time":1789777746265,"pid":21053,"hostname":"Glebs-MacBook-Pro.local","reqId":"ad9d8925-1417-464f-a644-c77247313d3a","event":"request_completed","requestId":"ad9d8925-1417-464f-a644-c77247313d3a","method":"GET","route":"/api/v1/home","statusCode":200,"latencyMs":64.022,"msg":"request completed"}
{"level":30,"time":1789777746273,"pid":21053,"hostname":"Glebs-MacBook-Pro.local","reqId":"d5e4755b-88d7-4ae0-b88f-aed76e86c50f","event":"request_completed","requestId":"d5e4755b-88d7-4ae0-b88f-aed76e86c50f","method":"GET","route":"/api/v1/auth/me","statusCode":200,"latencyMs":4.476,"msg":"request completed"}
{"level":30,"time":1789777746291,"pid":21053,"hostname":"Glebs-MacBook-Pro.local","reqId":"2bdabcc8-2ab1-4357-8cdd-3891e84e87c7","event":"request_completed","requestId":"2bdabcc8-2ab1-4357-8cdd-3891e84e87c7","method":"GET","route":"/api/v1/notifications","statusCode":200,"latencyMs":9.97,"msg":"request completed"}
{"level":30,"time":1789777746293,"pid":21053,"hostname":"Glebs-MacBook-Pro.local","reqId":"12bb27be-846a-43f1-a4ab-b32f1ce71798","event":"request_completed","requestId":"12bb27be-846a-43f1-a4ab-b32f1ce71798","method":"GET","route":"/api/v1/tournaments/:id","statusCode":200,"latencyMs":12.327,"msg":"request completed"}
{"level":30,"time":1789777746302,"pid":21053,"hostname":"Glebs-MacBook-Pro.local","reqId":"d2905870-b72c-47be-ad2f-59aa48a84aa8","event":"request_completed","requestId":"d2905870-b72c-47be-ad2f-59aa48a84aa8","method":"GET","route":"/api/v1/users/directory","statusCode":200,"latencyMs":4.736,"msg":"request completed"}
  ✓  60 [chromium-mobile-390] › tests/e2e/wave-f-a11y.spec.ts:187:5 › Wave F dialog review recovers hidden removed and busy focus (1.0s)

  60 passed (3.4m)
/private/tmp/tab10-stage3-browser-green-bhziIF/playwright-results.json: 60 passed, 0 failed, 0 skipped, 0 todo, 0 interrupted
verify:e2e: 69 passed, 0 failed, 0 skipped, 0 todo, 0 interrupted
