
> 10is-ball@4.1.1 verify:e2e /Users/liubavskii/.codex/worktrees/c870/tab10
> node scripts/verify/run-prodlike-e2e.mjs


> Build production API and web artifacts

> 10is-ball@4.1.1 build /Users/liubavskii/.codex/worktrees/c870/tab10
> pnpm -r run build

Scope: 5 of 6 workspace projects
packages/shared build$ tsc -p tsconfig.json
packages/test-utils build$ tsc -p tsconfig.json
packages/ic-kit build$ echo 'ic-kit vendored; no build'
packages/ic-kit build: ic-kit vendored; no build
packages/ic-kit build: Done
packages/test-utils build: Done
packages/shared build: Done
apps/api build$ tsc -p tsconfig.json
apps/web build$ tsc -b && vite build && node ../../scripts/release/write-web-release.mjs --output dist/release.json
apps/web build: vite v6.4.3 building for production...
apps/web build: transforming...
apps/api build: Done
apps/web build: ✓ 115 modules transformed.
apps/web build: rendering chunks...
apps/web build: computing gzip size...
apps/web build: dist/index.html                     0.46 kB │ gzip:     0.30 kB
apps/web build: dist/assets/index-DTlCYQWR.css    717.60 kB │ gzip:   306.36 kB
apps/web build: dist/assets/index-BpjgHcCr.js   4,713.39 kB │ gzip: 1,350.81 kB
apps/web build: ✓ built in 1.17s
apps/web build: (!) Some chunks are larger than 500 kB after minification. Consider:
apps/web build: - Using dynamic import() to code-split the application
apps/web build: - Use build.rollupOptions.output.manualChunks to improve chunking: https://rollupjs.org/configuration-options/#output-manualchunks
apps/web build: - Adjust chunk size limit for this warning via build.chunkSizeWarningLimit.
apps/web build: {"written":"/Users/liubavskii/.codex/worktrees/c870/tab10/apps/web/dist/release.json","release":{"sha":"0123456789abcdef0123456789abcdef01234567","version":"4.1.1","environment":"test","dirty":false}}
apps/web build: Done

> Write deterministic web release metadata
{"written":"/Users/liubavskii/.codex/worktrees/c870/tab10/apps/web/dist/release.json","release":{"sha":"0123456789abcdef0123456789abcdef01234567","version":"4.1.1","environment":"test","dirty":false}}

> Apply compiled migrations before startup

> Exercise the checked-in local PostgreSQL role initializer

> Apply the checked-in local role policy
Local PostgreSQL runtime-role policy applied

> Apply hosted migration contract to the exact local init roles

> 10is-ball@4.1.1 db:migrate /Users/liubavskii/.codex/worktrees/c870/tab10
> node scripts/bin/run-compiled-migration.mjs "--" "--mode=apply"

{
  severity_local: 'NOTICE',
  severity: 'NOTICE',
  code: '42P06',
  message: 'schema "drizzle" already exists, skipping',
  file: 'schemacmds.c',
  line: '132',
  routine: 'CreateSchemaCommand'
}
{
  severity_local: 'NOTICE',
  severity: 'NOTICE',
  code: '42701',
  message: 'column "judge_display_flipped" of relation "matches" already exists, skipping',
  file: 'tablecmds.c',
  line: '7349',
  routine: 'check_for_column_name_collision'
}
{
  severity_local: 'NOTICE',
  severity: 'NOTICE',
  code: '42701',
  message: 'column "tournament_slot_id" of relation "matches" already exists, skipping',
  file: 'tablecmds.c',
  line: '7349',
  routine: 'check_for_column_name_collision'
}
{
  severity_local: 'NOTICE',
  severity: 'NOTICE',
  code: '42701',
  message: 'column "tournament_bracket_match_id" of relation "matches" already exists, skipping',
  file: 'tablecmds.c',
  line: '7349',
  routine: 'check_for_column_name_collision'
}
{
  severity_local: 'NOTICE',
  severity: 'NOTICE',
  code: '42701',
  message: 'column "guest_avatar_key" of relation "match_participants" already exists, skipping',
  file: 'tablecmds.c',
  line: '7349',
  routine: 'check_for_column_name_collision'
}
{
  severity_local: 'NOTICE',
  severity: 'NOTICE',
  code: '42701',
  message: 'column "guest_avatar_key" of relation "tournament_participants" already exists, skipping',
  file: 'tablecmds.c',
  line: '7349',
  routine: 'check_for_column_name_collision'
}
{
  severity_local: 'NOTICE',
  severity: 'NOTICE',
  code: '42701',
  message: 'column "status" of relation "tournament_participants" already exists, skipping',
  file: 'tablecmds.c',
  line: '7349',
  routine: 'check_for_column_name_collision'
}
{
  severity_local: 'NOTICE',
  severity: 'NOTICE',
  code: '42701',
  message: 'column "organizer_participates" of relation "tournaments" already exists, skipping',
  file: 'tablecmds.c',
  line: '7349',
  routine: 'check_for_column_name_collision'
}
{
  severity_local: 'NOTICE',
  severity: 'NOTICE',
  code: '42701',
  message: 'column "points_to_win" of relation "tournaments" already exists, skipping',
  file: 'tablecmds.c',
  line: '7349',
  routine: 'check_for_column_name_collision'
}
{
  severity_local: 'NOTICE',
  severity: 'NOTICE',
  code: '42701',
  message: 'column "mercy_enabled" of relation "tournaments" already exists, skipping',
  file: 'tablecmds.c',
  line: '7349',
  routine: 'check_for_column_name_collision'
}
{
  severity_local: 'NOTICE',
  severity: 'NOTICE',
  code: '42701',
  message: 'column "mercy_points" of relation "tournaments" already exists, skipping',
  file: 'tablecmds.c',
  line: '7349',
  routine: 'check_for_column_name_collision'
}
{
  severity_local: 'NOTICE',
  severity: 'NOTICE',
  code: '42701',
  message: 'column "stop_reason_code" of relation "tournaments" already exists, skipping',
  file: 'tablecmds.c',
  line: '7349',
  routine: 'check_for_column_name_collision'
}
{
  severity_local: 'NOTICE',
  severity: 'NOTICE',
  code: '42701',
  message: 'column "stop_reason_text" of relation "tournaments" already exists, skipping',
  file: 'tablecmds.c',
  line: '7349',
  routine: 'check_for_column_name_collision'
}
{
  severity_local: 'NOTICE',
  severity: 'NOTICE',
  code: '42701',
  message: 'column "started_at" of relation "tournaments" already exists, skipping',
  file: 'tablecmds.c',
  line: '7349',
  routine: 'check_for_column_name_collision'
}
{
  severity_local: 'NOTICE',
  severity: 'NOTICE',
  code: '42701',
  message: 'column "finished_at" of relation "tournaments" already exists, skipping',
  file: 'tablecmds.c',
  line: '7349',
  routine: 'check_for_column_name_collision'
}
{
  severity_local: 'NOTICE',
  severity: 'NOTICE',
  code: '42701',
  message: 'column "bracket_state_version" of relation "tournaments" already exists, skipping',
  file: 'tablecmds.c',
  line: '7349',
  routine: 'check_for_column_name_collision'
}
{
  severity_local: 'NOTICE',
  severity: 'NOTICE',
  code: '42701',
  message: 'column "third_place_enabled" of relation "tournaments" already exists, skipping',
  file: 'tablecmds.c',
  line: '7349',
  routine: 'check_for_column_name_collision'
}
{
  severity_local: 'NOTICE',
  severity: 'NOTICE',
  code: '42701',
  message: 'column "bracket_construction_algorithm" of relation "tournaments" already exists, skipping',
  file: 'tablecmds.c',
  line: '7349',
  routine: 'check_for_column_name_collision'
}
{
  severity_local: 'NOTICE',
  severity: 'NOTICE',
  code: '42701',
  message: 'column "generated_avatar_key" of relation "users" already exists, skipping',
  file: 'tablecmds.c',
  line: '7349',
  routine: 'check_for_column_name_collision'
}
PostgreSQL migrations completed and verified (apply)
Local init parity: 4 passed, 0 failed, 0 skipped, 0 todo, 0 interrupted

> Provision separate disposable migration and runtime roles
{
  severity_local: 'NOTICE',
  severity: 'NOTICE',
  code: '42P06',
  message: 'schema "drizzle" already exists, skipping',
  file: 'schemacmds.c',
  line: '132',
  routine: 'CreateSchemaCommand'
}
Disposable database roles provisioned: migrator=tab10_test, runtime=tab10_runtime_test

> Compiled PostgreSQL migration (idempotent pass)

> 10is-ball@4.1.1 db:migrate /Users/liubavskii/.codex/worktrees/c870/tab10
> node scripts/bin/run-compiled-migration.mjs "--" "--mode=apply"

{
  severity_local: 'NOTICE',
  severity: 'NOTICE',
  code: '42P06',
  message: 'schema "drizzle" already exists, skipping',
  file: 'schemacmds.c',
  line: '132',
  routine: 'CreateSchemaCommand'
}
{
  severity_local: 'NOTICE',
  severity: 'NOTICE',
  code: '42P07',
  message: 'relation "__drizzle_migrations" already exists, skipping',
  file: 'parse_utilcmd.c',
  line: '207',
  routine: 'transformCreateStmt'
}
PostgreSQL migrations completed and verified (apply)

> Verify limited runtime DML and denied DDL/ledger writes
{
  severity_local: 'NOTICE',
  severity: 'NOTICE',
  code: '00000',
  message: 'table "__tab10_runtime_ddl_probe" does not exist, skipping',
  file: 'tablecmds.c',
  line: '1326',
  routine: 'DropErrorMsgNonExistent'
}
Runtime role: 4 passed, 0 failed, 0 skipped, 0 todo, 0 interrupted
Migration foundation: 9 passed, 0 failed, 0 skipped, 0 todo, 0 interrupted
  ➜  Local:   http://localhost:4273/
Database migration ledger verified
3:16:05 AM [vite] http proxy error: /health
Error: connect ECONNREFUSED 127.0.0.1:3101
    at TCPConnectWrap.afterConnect [as oncomplete] (node:net:2017:16)
Bootstrap admin provisioning completed (e43d2555-b8ac-4868-a9f2-11f782910085). Bootstrap never rotates passwords for pre-existing accounts.
{"level":30,"time":1789776965539,"pid":19535,"hostname":"Glebs-MacBook-Pro.local","msg":"Server listening at http://127.0.0.1:3101"}
Tab-10 API listening
CORS origin policy configured
{"level":30,"time":1789776965684,"pid":19535,"hostname":"Glebs-MacBook-Pro.local","reqId":"a134c68a-ca4d-474c-af33-6a408cb37e57","event":"request_completed","requestId":"a134c68a-ca4d-474c-af33-6a408cb37e57","method":"GET","route":"/health","statusCode":200,"latencyMs":3.669,"msg":"request completed"}

> Playwright compiled same-origin smoke

Running 60 tests using 1 worker

(node:19559) Warning: The 'NO_COLOR' env is ignored due to the 'FORCE_COLOR' env being set.
(Use `node --trace-warnings ...` to show where the warning was created)
{"level":30,"time":1789776967048,"pid":19535,"hostname":"Glebs-MacBook-Pro.local","reqId":"9c22be9b-3b7a-4a6d-a635-57b82fac7196","event":"request_completed","requestId":"9c22be9b-3b7a-4a6d-a635-57b82fac7196","method":"GET","route":"/health","statusCode":200,"latencyMs":0.229,"msg":"request completed"}
{"level":30,"time":1789776967089,"pid":19535,"hostname":"Glebs-MacBook-Pro.local","reqId":"12bee30d-0470-4526-839b-cba9c6b146c3","event":"request_completed","requestId":"12bee30d-0470-4526-839b-cba9c6b146c3","method":"POST","route":"/api/v1/auth/login","statusCode":200,"latencyMs":32.732,"msg":"request completed"}
{"level":30,"time":1789776967109,"pid":19535,"hostname":"Glebs-MacBook-Pro.local","reqId":"64d4f6b9-c30f-49a1-aa3b-457a82d8b074","event":"request_completed","requestId":"64d4f6b9-c30f-49a1-aa3b-457a82d8b074","method":"PATCH","route":"/api/v1/me/onboarding","statusCode":200,"latencyMs":14.885,"msg":"request completed"}
{"level":30,"time":1789776967127,"pid":19535,"hostname":"Glebs-MacBook-Pro.local","reqId":"cdd8104e-71fb-4e5a-be98-b87d34128238","event":"request_completed","requestId":"cdd8104e-71fb-4e5a-be98-b87d34128238","method":"POST","route":"/api/v1/auth/logout","statusCode":200,"latencyMs":14.618,"msg":"request completed"}
{"level":30,"time":1789776967437,"pid":19535,"hostname":"Glebs-MacBook-Pro.local","reqId":"f9f7935c-c325-4af8-b894-6fbad782ce58","event":"request_completed","requestId":"f9f7935c-c325-4af8-b894-6fbad782ce58","method":"GET","route":"/api/v1/auth/me","statusCode":401,"latencyMs":0.284,"msg":"request completed"}
{"level":30,"time":1789776967988,"pid":19535,"hostname":"Glebs-MacBook-Pro.local","reqId":"40a6f6f2-88b1-4cdd-924d-49fdc0bfca4b","event":"request_completed","requestId":"40a6f6f2-88b1-4cdd-924d-49fdc0bfca4b","method":"POST","route":"/api/v1/auth/login","statusCode":200,"latencyMs":32.805,"msg":"request completed"}
{"level":30,"time":1789776968014,"pid":19535,"hostname":"Glebs-MacBook-Pro.local","reqId":"ad0b41f8-374b-479e-a6dc-788fcf01bee5","event":"request_completed","requestId":"ad0b41f8-374b-479e-a6dc-788fcf01bee5","method":"GET","route":"/api/v1/auth/me","statusCode":200,"latencyMs":22.941,"msg":"request completed"}
{"level":30,"time":1789776968051,"pid":19535,"hostname":"Glebs-MacBook-Pro.local","reqId":"34167808-baf4-4377-b4a1-811fa75effe7","event":"request_completed","requestId":"34167808-baf4-4377-b4a1-811fa75effe7","method":"GET","route":"/api/v1/notifications","statusCode":200,"latencyMs":57.428,"msg":"request completed"}
{"level":30,"time":1789776968060,"pid":19535,"hostname":"Glebs-MacBook-Pro.local","reqId":"036290ed-54b1-47d6-9f26-772e08d10f9c","event":"request_completed","requestId":"036290ed-54b1-47d6-9f26-772e08d10f9c","method":"GET","route":"/api/v1/home","statusCode":200,"latencyMs":63.969,"msg":"request completed"}
{"level":30,"time":1789776968398,"pid":19535,"hostname":"Glebs-MacBook-Pro.local","reqId":"8fd0c79f-1772-4e10-b10c-77d1ea260147","event":"request_completed","requestId":"8fd0c79f-1772-4e10-b10c-77d1ea260147","method":"GET","route":"/api/v1/auth/me","statusCode":200,"latencyMs":12.22,"msg":"request completed"}
{"level":30,"time":1789776968432,"pid":19535,"hostname":"Glebs-MacBook-Pro.local","reqId":"ef18ccd1-4d62-4dc7-a298-22e650efaa6a","event":"request_completed","requestId":"ef18ccd1-4d62-4dc7-a298-22e650efaa6a","method":"GET","route":"/api/v1/matches/create-options","statusCode":200,"latencyMs":27.821,"msg":"request completed"}
{"level":30,"time":1789776968439,"pid":19535,"hostname":"Glebs-MacBook-Pro.local","reqId":"a15dbfe8-d998-47aa-9bb1-2e1952dce915","event":"request_completed","requestId":"a15dbfe8-d998-47aa-9bb1-2e1952dce915","method":"GET","route":"/api/v1/notifications","statusCode":200,"latencyMs":34.592,"msg":"request completed"}
{"level":30,"time":1789776968585,"pid":19535,"hostname":"Glebs-MacBook-Pro.local","reqId":"d7ec0530-853a-40f6-bef9-bc04040916d6","event":"request_completed","requestId":"d7ec0530-853a-40f6-bef9-bc04040916d6","method":"POST","route":"/api/v1/matches","statusCode":200,"latencyMs":57.751,"msg":"request completed"}
{"level":30,"time":1789776968626,"pid":19535,"hostname":"Glebs-MacBook-Pro.local","reqId":"22ca4ab8-ebdc-4227-8da7-f7eddcd3d07f","event":"request_completed","requestId":"22ca4ab8-ebdc-4227-8da7-f7eddcd3d07f","method":"GET","route":"/api/v1/matches/:matchId","statusCode":200,"latencyMs":36.403,"msg":"request completed"}
{"level":30,"time":1789776968701,"pid":19535,"hostname":"Glebs-MacBook-Pro.local","reqId":"332cfb90-f2f0-4870-82c3-a715635ca398","event":"request_completed","requestId":"332cfb90-f2f0-4870-82c3-a715635ca398","method":"GET","route":"/api/v1/matches/:matchId","statusCode":200,"latencyMs":25.735,"msg":"request completed"}
{"level":30,"time":1789776968733,"pid":19535,"hostname":"Glebs-MacBook-Pro.local","reqId":"18fb1ea8-5761-49c4-a4b8-1a0779c13bd6","event":"request_completed","requestId":"18fb1ea8-5761-49c4-a4b8-1a0779c13bd6","method":"POST","route":"/api/v1/matches/:matchId/judge/acquire","statusCode":200,"latencyMs":29.221,"msg":"request completed"}
{"level":30,"time":1789776968749,"pid":19535,"hostname":"Glebs-MacBook-Pro.local","reqId":"2a516b4c-d025-455f-b4c9-84ab24ae2fd9","event":"request_completed","requestId":"2a516b4c-d025-455f-b4c9-84ab24ae2fd9","method":"GET","route":"/api/v1/matches/:matchId","statusCode":200,"latencyMs":14.021,"msg":"request completed"}
{"level":30,"time":1789776968764,"pid":19535,"hostname":"Glebs-MacBook-Pro.local","reqId":"c7282b83-75bf-4f6f-aad0-4f49519116f8","event":"request_completed","requestId":"c7282b83-75bf-4f6f-aad0-4f49519116f8","method":"POST","route":"/api/v1/matches/:matchId/judge/heartbeat","statusCode":200,"latencyMs":11.113,"msg":"request completed"}
{"level":30,"time":1789776968780,"pid":19535,"hostname":"Glebs-MacBook-Pro.local","reqId":"2075236c-155b-45d0-879f-99025a05375a","event":"request_completed","requestId":"2075236c-155b-45d0-879f-99025a05375a","method":"GET","route":"/api/v1/matches/:matchId","statusCode":200,"latencyMs":14.048,"msg":"request completed"}
{"level":30,"time":1789776968871,"pid":19535,"hostname":"Glebs-MacBook-Pro.local","reqId":"ba3ed399-f723-4fb8-a7a3-90d01e9586cd","event":"request_completed","requestId":"ba3ed399-f723-4fb8-a7a3-90d01e9586cd","method":"POST","route":"/api/v1/matches/:matchId/start","statusCode":200,"latencyMs":44.095,"msg":"request completed"}
{"level":30,"time":1789776968905,"pid":19535,"hostname":"Glebs-MacBook-Pro.local","reqId":"521ef8ee-3c4a-4308-ae17-f95db40959cc","event":"request_completed","requestId":"521ef8ee-3c4a-4308-ae17-f95db40959cc","method":"POST","route":"/api/v1/matches/:matchId/judge/setup","statusCode":200,"latencyMs":31.141,"msg":"request completed"}
{"level":30,"time":1789776968918,"pid":19535,"hostname":"Glebs-MacBook-Pro.local","reqId":"46a05e0a-e807-48e8-aac9-6074192e09e2","event":"request_completed","requestId":"46a05e0a-e807-48e8-aac9-6074192e09e2","method":"POST","route":"/api/v1/matches/:matchId/judge/heartbeat","statusCode":200,"latencyMs":8.642,"msg":"request completed"}
{"level":30,"time":1789776968931,"pid":19535,"hostname":"Glebs-MacBook-Pro.local","reqId":"cf36a45c-a86b-42d7-9f48-776a59f4b6c1","event":"request_completed","requestId":"cf36a45c-a86b-42d7-9f48-776a59f4b6c1","method":"GET","route":"/api/v1/matches/:matchId","statusCode":200,"latencyMs":11.362,"msg":"request completed"}
{"level":30,"time":1789776968971,"pid":19535,"hostname":"Glebs-MacBook-Pro.local","reqId":"79a46565-6ea1-4370-9f80-ce20816805e9","event":"request_completed","requestId":"79a46565-6ea1-4370-9f80-ce20816805e9","method":"POST","route":"/api/v1/matches/:matchId/points","statusCode":200,"latencyMs":29.833,"msg":"request completed"}
{"level":30,"time":1789776969005,"pid":19535,"hostname":"Glebs-MacBook-Pro.local","reqId":"95aa5256-47ae-4301-8928-4099faa537fd","event":"request_completed","requestId":"95aa5256-47ae-4301-8928-4099faa537fd","method":"POST","route":"/api/v1/matches/:matchId/points","statusCode":200,"latencyMs":28.495,"msg":"request completed"}
{"level":30,"time":1789776969036,"pid":19535,"hostname":"Glebs-MacBook-Pro.local","reqId":"7d05a027-9dc0-4a55-9c66-8f5969f67fbb","event":"request_completed","requestId":"7d05a027-9dc0-4a55-9c66-8f5969f67fbb","method":"POST","route":"/api/v1/matches/:matchId/points","statusCode":200,"latencyMs":27.529,"msg":"request completed"}
{"level":30,"time":1789776969068,"pid":19535,"hostname":"Glebs-MacBook-Pro.local","reqId":"f550219c-09e1-433c-8430-b6c6c47b54f7","event":"request_completed","requestId":"f550219c-09e1-433c-8430-b6c6c47b54f7","method":"POST","route":"/api/v1/matches/:matchId/points","statusCode":200,"latencyMs":26.06,"msg":"request completed"}
{"level":30,"time":1789776969101,"pid":19535,"hostname":"Glebs-MacBook-Pro.local","reqId":"03cd5bc4-6306-44e3-9bec-e7a1e41d0e27","event":"request_completed","requestId":"03cd5bc4-6306-44e3-9bec-e7a1e41d0e27","method":"POST","route":"/api/v1/matches/:matchId/points","statusCode":200,"latencyMs":26.277,"msg":"request completed"}
{"level":30,"time":1789776969582,"pid":19535,"hostname":"Glebs-MacBook-Pro.local","reqId":"9cd376ba-587e-4f69-9392-053035a63873","event":"request_completed","requestId":"9cd376ba-587e-4f69-9392-053035a63873","method":"POST","route":"/api/v1/matches/:matchId/confirm-finish","statusCode":200,"latencyMs":74.073,"msg":"request completed"}
{"level":30,"time":1789776969607,"pid":19535,"hostname":"Glebs-MacBook-Pro.local","reqId":"d30ba2e6-1c2c-4f76-96df-6e7ac0ecb2a6","event":"request_completed","requestId":"d30ba2e6-1c2c-4f76-96df-6e7ac0ecb2a6","method":"GET","route":"/api/v1/notifications","statusCode":200,"latencyMs":21.082,"msg":"request completed"}
{"level":30,"time":1789776969607,"pid":19535,"hostname":"Glebs-MacBook-Pro.local","reqId":"9ff04275-fded-4a61-8f40-2383cf156250","event":"request_completed","requestId":"9ff04275-fded-4a61-8f40-2383cf156250","method":"GET","route":"/api/v1/matches/:matchId","statusCode":200,"latencyMs":21.305,"msg":"request completed"}
{"level":30,"time":1789776969725,"pid":19535,"hostname":"Glebs-MacBook-Pro.local","reqId":"27731aa1-c511-4b43-adf6-fe4f7262acc3","event":"request_completed","requestId":"27731aa1-c511-4b43-adf6-fe4f7262acc3","method":"GET","route":"/api/v1/auth/me","statusCode":200,"latencyMs":14.243,"msg":"request completed"}
{"level":30,"time":1789776969801,"pid":19535,"hostname":"Glebs-MacBook-Pro.local","reqId":"0644d180-8dcc-4b7c-ab08-e0e330f22ea1","event":"request_completed","requestId":"0644d180-8dcc-4b7c-ab08-e0e330f22ea1","method":"GET","route":"/api/v1/matches/:matchId","statusCode":200,"latencyMs":36.741,"msg":"request completed"}
{"level":30,"time":1789776969802,"pid":19535,"hostname":"Glebs-MacBook-Pro.local","reqId":"a07055b5-2c27-4d20-8d60-2e9723e85960","event":"request_completed","requestId":"a07055b5-2c27-4d20-8d60-2e9723e85960","method":"GET","route":"/api/v1/notifications","statusCode":200,"latencyMs":37.428,"msg":"request completed"}
  ✓   1 [chromium-desktop] › tests/e2e/critical.spec.ts:109:5 › E2E_auth_match_judge__AT-MATCH-001_005_008_AT-JUDGE-001_003_006_007__finishes_disposable_match (3.0s)
{"level":30,"time":1789776969958,"pid":19535,"hostname":"Glebs-MacBook-Pro.local","reqId":"0eeb735f-3a02-4ed1-80a3-da75428ad947","event":"request_completed","requestId":"0eeb735f-3a02-4ed1-80a3-da75428ad947","method":"GET","route":"/health","statusCode":200,"latencyMs":0.157,"msg":"request completed"}
{"level":30,"time":1789776969991,"pid":19535,"hostname":"Glebs-MacBook-Pro.local","reqId":"234d3aea-f4b6-4aa6-9b74-b49bd94b89c2","event":"request_completed","requestId":"234d3aea-f4b6-4aa6-9b74-b49bd94b89c2","method":"POST","route":"/api/v1/auth/login","statusCode":200,"latencyMs":28.928,"msg":"request completed"}
{"level":30,"time":1789776970009,"pid":19535,"hostname":"Glebs-MacBook-Pro.local","reqId":"a05e63a1-638d-4926-a7bc-d32734635791","event":"request_completed","requestId":"a05e63a1-638d-4926-a7bc-d32734635791","method":"PATCH","route":"/api/v1/me/onboarding","statusCode":200,"latencyMs":14.799,"msg":"request completed"}
{"level":30,"time":1789776970024,"pid":19535,"hostname":"Glebs-MacBook-Pro.local","reqId":"a1ba1cd3-54f6-46c7-b6a8-81d7a2f27a75","event":"request_completed","requestId":"a1ba1cd3-54f6-46c7-b6a8-81d7a2f27a75","method":"POST","route":"/api/v1/auth/logout","statusCode":200,"latencyMs":11.813,"msg":"request completed"}
{"level":30,"time":1789776970295,"pid":19535,"hostname":"Glebs-MacBook-Pro.local","reqId":"fb37466b-bcd8-46ad-99fc-8c64a83f2472","event":"request_completed","requestId":"fb37466b-bcd8-46ad-99fc-8c64a83f2472","method":"GET","route":"/api/v1/auth/me","statusCode":401,"latencyMs":0.187,"msg":"request completed"}
{"level":30,"time":1789776970790,"pid":19535,"hostname":"Glebs-MacBook-Pro.local","reqId":"6e82cc04-714c-49d9-a686-ee0dd8e58722","event":"request_completed","requestId":"6e82cc04-714c-49d9-a686-ee0dd8e58722","method":"POST","route":"/api/v1/auth/login","statusCode":200,"latencyMs":23.987,"msg":"request completed"}
{"level":30,"time":1789776970798,"pid":19535,"hostname":"Glebs-MacBook-Pro.local","reqId":"8e80645c-acb9-42f5-bb5a-f86e97b2f438","event":"request_completed","requestId":"8e80645c-acb9-42f5-bb5a-f86e97b2f438","method":"GET","route":"/api/v1/auth/me","statusCode":200,"latencyMs":5.831,"msg":"request completed"}
{"level":30,"time":1789776970812,"pid":19535,"hostname":"Glebs-MacBook-Pro.local","reqId":"788b5eb6-0dcb-46b3-8ec3-42560ad1847a","event":"request_completed","requestId":"788b5eb6-0dcb-46b3-8ec3-42560ad1847a","method":"GET","route":"/api/v1/notifications","statusCode":200,"latencyMs":18.12,"msg":"request completed"}
{"level":30,"time":1789776970829,"pid":19535,"hostname":"Glebs-MacBook-Pro.local","reqId":"df1a89ec-7461-4a1b-8d73-2934d521f52e","event":"request_completed","requestId":"df1a89ec-7461-4a1b-8d73-2934d521f52e","method":"GET","route":"/api/v1/auth/me","statusCode":200,"latencyMs":4.824,"msg":"request completed"}
{"level":30,"time":1789776970835,"pid":19535,"hostname":"Glebs-MacBook-Pro.local","reqId":"2bed1238-c608-4a60-acb5-bfc2a0b64527","event":"request_completed","requestId":"2bed1238-c608-4a60-acb5-bfc2a0b64527","method":"GET","route":"/api/v1/home","statusCode":200,"latencyMs":36.54,"msg":"request completed"}
{"level":30,"time":1789776970851,"pid":19535,"hostname":"Glebs-MacBook-Pro.local","reqId":"1f78338d-59ca-4ff4-90f1-929629853e70","event":"request_completed","requestId":"1f78338d-59ca-4ff4-90f1-929629853e70","method":"GET","route":"/api/v1/matches/create-options","statusCode":200,"latencyMs":11.278,"msg":"request completed"}
{"level":30,"time":1789776970855,"pid":19535,"hostname":"Glebs-MacBook-Pro.local","reqId":"4b3b3676-1c35-4c4e-be83-21bc1998f858","event":"request_completed","requestId":"4b3b3676-1c35-4c4e-be83-21bc1998f858","method":"GET","route":"/api/v1/notifications","statusCode":200,"latencyMs":15.694,"msg":"request completed"}
{"level":30,"time":1789776970924,"pid":19535,"hostname":"Glebs-MacBook-Pro.local","reqId":"a377317c-ee3f-4795-bb57-59d35ab4848c","event":"request_completed","requestId":"a377317c-ee3f-4795-bb57-59d35ab4848c","method":"GET","route":"/health","statusCode":200,"latencyMs":0.121,"msg":"request completed"}
{"level":30,"time":1789776970956,"pid":19535,"hostname":"Glebs-MacBook-Pro.local","reqId":"4204fcf2-e0b5-41aa-9644-223e49b2f6bb","event":"request_completed","requestId":"4204fcf2-e0b5-41aa-9644-223e49b2f6bb","method":"POST","route":"/api/v1/auth/login","statusCode":200,"latencyMs":28.744,"msg":"request completed"}
{"level":30,"time":1789776970964,"pid":19535,"hostname":"Glebs-MacBook-Pro.local","reqId":"8a9e2ee5-331b-4bc0-87f0-197ef4278056","event":"request_completed","requestId":"8a9e2ee5-331b-4bc0-87f0-197ef4278056","method":"GET","route":"/api/v1/auth/sessions","statusCode":200,"latencyMs":5.456,"msg":"request completed"}
{"level":30,"time":1789776970987,"pid":19535,"hostname":"Glebs-MacBook-Pro.local","reqId":"efa82ef5-fd3e-4666-bc82-41bee1968e1a","event":"request_completed","requestId":"efa82ef5-fd3e-4666-bc82-41bee1968e1a","method":"DELETE","route":"/api/v1/auth/sessions/:sessionId","statusCode":200,"latencyMs":11.118,"msg":"request completed"}
{"level":30,"time":1789776971018,"pid":19535,"hostname":"Glebs-MacBook-Pro.local","reqId":"ace024e8-75ed-43d7-9a30-aec61b779ae6","event":"request_completed","requestId":"ace024e8-75ed-43d7-9a30-aec61b779ae6","method":"POST","route":"/api/v1/matches","statusCode":401,"latencyMs":3.072,"msg":"request completed"}
{"level":30,"time":1789776971076,"pid":19535,"hostname":"Glebs-MacBook-Pro.local","reqId":"24cd6160-2abd-453e-91b7-2d02f40ea5b0","event":"request_completed","requestId":"24cd6160-2abd-453e-91b7-2d02f40ea5b0","method":"GET","route":"/api/v1/matches","statusCode":200,"latencyMs":21.052,"msg":"request completed"}
{"level":30,"time":1789776971146,"pid":19535,"hostname":"Glebs-MacBook-Pro.local","reqId":"e0669eb7-4697-42c5-a12d-6d410afbac4e","event":"request_completed","requestId":"e0669eb7-4697-42c5-a12d-6d410afbac4e","method":"POST","route":"/api/v1/auth/login","statusCode":200,"latencyMs":30.982,"msg":"request completed"}
{"level":30,"time":1789776971173,"pid":19535,"hostname":"Glebs-MacBook-Pro.local","reqId":"7a832fee-e585-4953-9926-817983b3733d","event":"request_completed","requestId":"7a832fee-e585-4953-9926-817983b3733d","method":"GET","route":"/api/v1/auth/me","statusCode":200,"latencyMs":13.816,"msg":"request completed"}
{"level":30,"time":1789776971190,"pid":19535,"hostname":"Glebs-MacBook-Pro.local","reqId":"5fed05e2-e515-462b-8dc5-74903b92855c","event":"request_completed","requestId":"5fed05e2-e515-462b-8dc5-74903b92855c","method":"GET","route":"/api/v1/matches/create-options","statusCode":200,"latencyMs":27.627,"msg":"request completed"}
{"level":30,"time":1789776971191,"pid":19535,"hostname":"Glebs-MacBook-Pro.local","reqId":"0db5af02-608c-4eca-a3df-1bed0a520042","event":"request_completed","requestId":"0db5af02-608c-4eca-a3df-1bed0a520042","method":"GET","route":"/api/v1/notifications","statusCode":200,"latencyMs":29.673,"msg":"request completed"}
  ✓   2 [chromium-desktop] › tests/e2e/critical.spec.ts:157:5 › E2E_runtime_session_recovery__AT-AUTH-009__preserves_route_and_draft_without_replaying_mutation (1.7s)
{"level":30,"time":1789776971690,"pid":19535,"hostname":"Glebs-MacBook-Pro.local","reqId":"befb665f-f4de-4b3c-a5ec-e47921efc6b6","event":"request_completed","requestId":"befb665f-f4de-4b3c-a5ec-e47921efc6b6","method":"POST","route":"/api/v1/auth/login","statusCode":200,"latencyMs":27.014,"msg":"request completed"}
{"level":30,"time":1789776971714,"pid":19535,"hostname":"Glebs-MacBook-Pro.local","reqId":"da207efc-6e4c-4c93-b177-ff5fed1979c1","event":"request_completed","requestId":"da207efc-6e4c-4c93-b177-ff5fed1979c1","method":"PATCH","route":"/api/v1/me/onboarding","statusCode":200,"latencyMs":17.666,"msg":"request completed"}
{"level":30,"time":1789776971759,"pid":19535,"hostname":"Glebs-MacBook-Pro.local","reqId":"845eba2a-36fc-418d-8d08-a8c0edbb0d69","event":"request_completed","requestId":"845eba2a-36fc-418d-8d08-a8c0edbb0d69","method":"POST","route":"/api/v1/admin/users","statusCode":200,"latencyMs":41.19,"msg":"request completed"}
{"level":30,"time":1789776971795,"pid":19535,"hostname":"Glebs-MacBook-Pro.local","reqId":"e8160211-9fb7-42f4-b039-813e8930e618","event":"request_completed","requestId":"e8160211-9fb7-42f4-b039-813e8930e618","method":"POST","route":"/api/v1/auth/login","statusCode":200,"latencyMs":31.293,"msg":"request completed"}
{"level":30,"time":1789776971845,"pid":19535,"hostname":"Glebs-MacBook-Pro.local","reqId":"f49233e9-aeef-4150-8606-34aba5ed7361","event":"request_completed","requestId":"f49233e9-aeef-4150-8606-34aba5ed7361","method":"POST","route":"/api/v1/auth/password/first-change","statusCode":200,"latencyMs":45.2,"msg":"request completed"}
{"level":30,"time":1789776971863,"pid":19535,"hostname":"Glebs-MacBook-Pro.local","reqId":"cbc1857b-dbb6-4bbb-85e2-2ecd5b95c903","event":"request_completed","requestId":"cbc1857b-dbb6-4bbb-85e2-2ecd5b95c903","method":"PATCH","route":"/api/v1/me/onboarding","statusCode":200,"latencyMs":14.247,"msg":"request completed"}
{"level":30,"time":1789776971909,"pid":19535,"hostname":"Glebs-MacBook-Pro.local","reqId":"9e7f75f8-f658-408f-abf2-a0be900c97ed","event":"request_completed","requestId":"9e7f75f8-f658-408f-abf2-a0be900c97ed","method":"POST","route":"/api/v1/admin/users","statusCode":200,"latencyMs":42.687,"msg":"request completed"}
{"level":30,"time":1789776972222,"pid":19535,"hostname":"Glebs-MacBook-Pro.local","reqId":"78702806-d59b-4c10-9dd9-ca7c39c6d7e7","event":"request_completed","requestId":"78702806-d59b-4c10-9dd9-ca7c39c6d7e7","method":"GET","route":"/api/v1/auth/me","statusCode":401,"latencyMs":0.15,"msg":"request completed"}
{"level":30,"time":1789776972392,"pid":19535,"hostname":"Glebs-MacBook-Pro.local","reqId":"9405ac72-4831-4b81-b6c8-df904824f316","event":"request_completed","requestId":"9405ac72-4831-4b81-b6c8-df904824f316","method":"POST","route":"/api/v1/auth/login","statusCode":200,"latencyMs":29.988,"msg":"request completed"}
{"level":30,"time":1789776972407,"pid":19535,"hostname":"Glebs-MacBook-Pro.local","reqId":"e890412e-9c53-4c9e-aae4-b3a5a8845a4f","event":"request_completed","requestId":"e890412e-9c53-4c9e-aae4-b3a5a8845a4f","method":"GET","route":"/api/v1/auth/me","statusCode":200,"latencyMs":12.531,"msg":"request completed"}
{"level":30,"time":1789776972429,"pid":19535,"hostname":"Glebs-MacBook-Pro.local","reqId":"1d15bc91-f72a-4f8b-a147-d32f8fd34d26","event":"request_completed","requestId":"1d15bc91-f72a-4f8b-a147-d32f8fd34d26","method":"GET","route":"/api/v1/notifications","statusCode":200,"latencyMs":33.476,"msg":"request completed"}
{"level":30,"time":1789776972444,"pid":19535,"hostname":"Glebs-MacBook-Pro.local","reqId":"66587d09-1df1-4768-972b-25219be0c4b7","event":"request_completed","requestId":"66587d09-1df1-4768-972b-25219be0c4b7","method":"GET","route":"/api/v1/home","statusCode":200,"latencyMs":45.818,"msg":"request completed"}
{"level":30,"time":1789776972489,"pid":19535,"hostname":"Glebs-MacBook-Pro.local","reqId":"a54642a3-744b-4581-acdf-027ff1a09ba6","event":"request_completed","requestId":"a54642a3-744b-4581-acdf-027ff1a09ba6","method":"GET","route":"/api/v1/auth/me","statusCode":200,"latencyMs":13.253,"msg":"request completed"}
{"level":30,"time":1789776972507,"pid":19535,"hostname":"Glebs-MacBook-Pro.local","reqId":"5c4cc047-18f2-42fc-94ae-dbd248d001b9","event":"request_completed","requestId":"5c4cc047-18f2-42fc-94ae-dbd248d001b9","method":"GET","route":"/api/v1/tournaments","statusCode":200,"latencyMs":14.688,"msg":"request completed"}
{"level":30,"time":1789776972511,"pid":19535,"hostname":"Glebs-MacBook-Pro.local","reqId":"191bd647-1964-4b82-a945-1d3a714e91f7","event":"request_completed","requestId":"191bd647-1964-4b82-a945-1d3a714e91f7","method":"POST","route":"/api/v1/tournaments","statusCode":200,"latencyMs":23.126,"msg":"request completed"}
{"level":30,"time":1789776972514,"pid":19535,"hostname":"Glebs-MacBook-Pro.local","reqId":"858b98fd-2892-4ce2-a240-d088ef46a096","event":"request_completed","requestId":"858b98fd-2892-4ce2-a240-d088ef46a096","method":"GET","route":"/api/v1/notifications","statusCode":200,"latencyMs":21.645,"msg":"request completed"}
{"level":30,"time":1789776972532,"pid":19535,"hostname":"Glebs-MacBook-Pro.local","reqId":"3101cbc7-b10b-4449-bf77-e51eb3185363","event":"request_completed","requestId":"3101cbc7-b10b-4449-bf77-e51eb3185363","method":"GET","route":"/api/v1/auth/me","statusCode":200,"latencyMs":8.09,"msg":"request completed"}
{"level":30,"time":1789776972563,"pid":19535,"hostname":"Glebs-MacBook-Pro.local","reqId":"2ddfeeae-f8df-4c6f-ac71-20ec2a6f5772","event":"request_completed","requestId":"2ddfeeae-f8df-4c6f-ac71-20ec2a6f5772","method":"GET","route":"/api/v1/notifications","statusCode":200,"latencyMs":21.538,"msg":"request completed"}
{"level":30,"time":1789776972567,"pid":19535,"hostname":"Glebs-MacBook-Pro.local","reqId":"cde5691f-2377-4936-9928-015e001e2f56","event":"request_completed","requestId":"cde5691f-2377-4936-9928-015e001e2f56","method":"GET","route":"/api/v1/tournaments/:id","statusCode":200,"latencyMs":24.678,"msg":"request completed"}
{"level":30,"time":1789776972576,"pid":19535,"hostname":"Glebs-MacBook-Pro.local","reqId":"a9fb6cac-97f2-4d44-a2e2-abe10097f1a9","event":"request_completed","requestId":"a9fb6cac-97f2-4d44-a2e2-abe10097f1a9","method":"GET","route":"/api/v1/users/directory","statusCode":200,"latencyMs":5.414,"msg":"request completed"}
{"level":30,"time":1789776972582,"pid":19535,"hostname":"Glebs-MacBook-Pro.local","reqId":"9d9e1038-bcb3-4896-8333-bf6abd715606","event":"request_completed","requestId":"9d9e1038-bcb3-4896-8333-bf6abd715606","method":"POST","route":"/api/v1/tournaments/:id/participants","statusCode":200,"latencyMs":35.674,"msg":"request completed"}
{"level":30,"time":1789776972609,"pid":19535,"hostname":"Glebs-MacBook-Pro.local","reqId":"77bd8e0a-a9ab-41a3-94e0-31c4d0b4da86","event":"request_completed","requestId":"77bd8e0a-a9ab-41a3-94e0-31c4d0b4da86","method":"POST","route":"/api/v1/tournaments/:id/participants","statusCode":200,"latencyMs":22.962,"msg":"request completed"}
{"level":30,"time":1789776972642,"pid":19535,"hostname":"Glebs-MacBook-Pro.local","reqId":"b0b004c1-c56d-4645-84da-0fd13d049521","event":"request_completed","requestId":"b0b004c1-c56d-4645-84da-0fd13d049521","method":"POST","route":"/api/v1/tournaments/:id/participants","statusCode":200,"latencyMs":25.452,"msg":"request completed"}
{"level":30,"time":1789776972677,"pid":19535,"hostname":"Glebs-MacBook-Pro.local","reqId":"765f1b81-6e75-44fe-bbff-a91430299025","event":"request_completed","requestId":"765f1b81-6e75-44fe-bbff-a91430299025","method":"POST","route":"/api/v1/tournaments/:id/bracket","statusCode":200,"latencyMs":30.715,"msg":"request completed"}
{"level":30,"time":1789776972698,"pid":19535,"hostname":"Glebs-MacBook-Pro.local","reqId":"c2b9d726-f3a3-4b44-8ca1-63c454748e72","event":"request_completed","requestId":"c2b9d726-f3a3-4b44-8ca1-63c454748e72","method":"GET","route":"/api/v1/tournaments/:id","statusCode":200,"latencyMs":16.941,"msg":"request completed"}
{"level":30,"time":1789776972982,"pid":19535,"hostname":"Glebs-MacBook-Pro.local","reqId":"7c418c3e-ecda-4bcd-89f2-595dbbd95d37","event":"request_completed","requestId":"7c418c3e-ecda-4bcd-89f2-595dbbd95d37","method":"GET","route":"/api/v1/auth/me","statusCode":200,"latencyMs":8.502,"msg":"request completed"}
{"level":30,"time":1789776973053,"pid":19535,"hostname":"Glebs-MacBook-Pro.local","reqId":"3889faa8-ff59-434a-9f5a-2eb062d29cf2","event":"request_completed","requestId":"3889faa8-ff59-434a-9f5a-2eb062d29cf2","method":"GET","route":"/api/v1/notifications","statusCode":200,"latencyMs":35.023,"msg":"request completed"}
{"level":30,"time":1789776973059,"pid":19535,"hostname":"Glebs-MacBook-Pro.local","reqId":"104ba41c-8e03-4465-80c1-e39e736bfbae","event":"request_completed","requestId":"104ba41c-8e03-4465-80c1-e39e736bfbae","method":"GET","route":"/api/v1/tournaments/:id","statusCode":200,"latencyMs":39.913,"msg":"request completed"}
{"level":30,"time":1789776973068,"pid":19535,"hostname":"Glebs-MacBook-Pro.local","reqId":"ad2c1c22-f949-4185-a205-327dcba5682a","event":"request_completed","requestId":"ad2c1c22-f949-4185-a205-327dcba5682a","method":"GET","route":"/api/v1/users/directory","statusCode":200,"latencyMs":13.662,"msg":"request completed"}
{"level":30,"time":1789776973073,"pid":19535,"hostname":"Glebs-MacBook-Pro.local","reqId":"c0656f6a-924e-470e-a779-5ad067ba6279","event":"request_completed","requestId":"c0656f6a-924e-470e-a779-5ad067ba6279","method":"GET","route":"/api/v1/users/directory","statusCode":200,"latencyMs":9.757,"msg":"request completed"}
{"level":30,"time":1789776973250,"pid":19535,"hostname":"Glebs-MacBook-Pro.local","reqId":"56588703-3869-4e35-bdd9-f71c40c2a4d5","event":"request_completed","requestId":"56588703-3869-4e35-bdd9-f71c40c2a4d5","method":"POST","route":"/api/v1/tournaments/:id/participants","statusCode":200,"latencyMs":90.598,"msg":"request completed"}
{"level":30,"time":1789776973258,"pid":19535,"hostname":"Glebs-MacBook-Pro.local","reqId":"693b5861-1f59-4bf6-8adc-9f2c63a2bb92","event":"request_completed","requestId":"693b5861-1f59-4bf6-8adc-9f2c63a2bb92","method":"GET","route":"/api/v1/users/directory","statusCode":200,"latencyMs":4.33,"msg":"request completed"}
{"level":30,"time":1789776973389,"pid":19535,"hostname":"Glebs-MacBook-Pro.local","reqId":"75c2c169-e148-4370-b03d-49405b700dd5","event":"request_completed","requestId":"75c2c169-e148-4370-b03d-49405b700dd5","method":"GET","route":"/api/v1/tournaments/:id","statusCode":200,"latencyMs":40.174,"msg":"request completed"}
  ✓   3 [chromium-desktop] › tests/e2e/gap-012.spec.ts:53:5 › GAP-012 immutable consent policy and scoped admin post-bracket add (1.9s)
{"level":30,"time":1789776973610,"pid":19535,"hostname":"Glebs-MacBook-Pro.local","reqId":"2abb464f-fff4-4abb-9a5d-adb3b71656f3","event":"request_completed","requestId":"2abb464f-fff4-4abb-9a5d-adb3b71656f3","method":"GET","route":"/health","statusCode":200,"latencyMs":0.13,"msg":"request completed"}
{"level":30,"time":1789776973615,"pid":19535,"hostname":"Glebs-MacBook-Pro.local","reqId":"baa7a0f4-e7b5-42cb-a466-acc69dbeeb1d","event":"request_completed","requestId":"baa7a0f4-e7b5-42cb-a466-acc69dbeeb1d","method":"GET","route":"/ready","statusCode":200,"latencyMs":2.038,"msg":"request completed"}
{"level":30,"time":1789776973623,"pid":19535,"hostname":"Glebs-MacBook-Pro.local","reqId":"c0ecad78-6dbe-4d80-a1c5-632344fdc7bc","event":"request_completed","requestId":"c0ecad78-6dbe-4d80-a1c5-632344fdc7bc","method":"GET","route":"/api/v1/openapi.json","statusCode":200,"latencyMs":2.454,"msg":"request completed"}
{"level":30,"time":1789776973890,"pid":19535,"hostname":"Glebs-MacBook-Pro.local","reqId":"8ec041cd-3634-49c0-802f-c2cf35167b0f","event":"request_completed","requestId":"8ec041cd-3634-49c0-802f-c2cf35167b0f","method":"GET","route":"/api/v1/auth/me","statusCode":401,"latencyMs":0.285,"msg":"request completed"}
{"level":30,"time":1789776974075,"pid":19535,"hostname":"Glebs-MacBook-Pro.local","reqId":"5b75017c-11b3-4635-bb27-a64347b250d0","event":"request_completed","requestId":"5b75017c-11b3-4635-bb27-a64347b250d0","method":"POST","route":"/api/v1/auth/login","statusCode":200,"latencyMs":36.577,"msg":"request completed"}
{"level":30,"time":1789776974092,"pid":19535,"hostname":"Glebs-MacBook-Pro.local","reqId":"00b8e60a-109e-4edb-a3d1-2200aa482bef","event":"request_completed","requestId":"00b8e60a-109e-4edb-a3d1-2200aa482bef","method":"GET","route":"/api/v1/auth/me","statusCode":200,"latencyMs":14.226,"msg":"request completed"}
{"level":30,"time":1789776974108,"pid":19535,"hostname":"Glebs-MacBook-Pro.local","reqId":"aee8ae3a-d3c2-4bc8-b53d-bcc96bbef63f","event":"request_completed","requestId":"aee8ae3a-d3c2-4bc8-b53d-bcc96bbef63f","method":"GET","route":"/api/v1/notifications","statusCode":200,"latencyMs":29.817,"msg":"request completed"}
{"level":30,"time":1789776974129,"pid":19535,"hostname":"Glebs-MacBook-Pro.local","reqId":"37031bb5-3b50-4875-a831-ab5f88f285f8","event":"request_completed","requestId":"37031bb5-3b50-4875-a831-ab5f88f285f8","method":"GET","route":"/api/v1/home","statusCode":200,"latencyMs":47.956,"msg":"request completed"}
{"level":30,"time":1789776974132,"pid":19535,"hostname":"Glebs-MacBook-Pro.local","reqId":"e57733ec-ca08-4dcc-8af9-e18e16c4c709","event":"request_completed","requestId":"e57733ec-ca08-4dcc-8af9-e18e16c4c709","method":"GET","route":"/api/v1/auth/me","statusCode":200,"latencyMs":4.421,"msg":"request completed"}
{"level":30,"time":1789776974150,"pid":19535,"hostname":"Glebs-MacBook-Pro.local","reqId":"084eaffb-ffa7-4e3a-a877-bf5892e6abaa","event":"request_completed","requestId":"084eaffb-ffa7-4e3a-a877-bf5892e6abaa","method":"PATCH","route":"/api/v1/me/profile","statusCode":403,"latencyMs":8.714,"msg":"request completed"}
{"level":30,"time":1789776974156,"pid":19535,"hostname":"Glebs-MacBook-Pro.local","reqId":"1a01fe80-9d48-4c6e-9950-a6679197e00a","event":"request_completed","requestId":"1a01fe80-9d48-4c6e-9950-a6679197e00a","method":"PATCH","route":"/api/v1/me/profile","statusCode":200,"latencyMs":4.591,"msg":"request completed"}
  ✓   4 [chromium-desktop] › tests/e2e/production-smoke.spec.ts:13:5 › compiled web and API work through the same-origin production-like proxy (680ms)
{"level":30,"time":1789776974547,"pid":19535,"hostname":"Glebs-MacBook-Pro.local","reqId":"44735d1f-9eb4-4428-893c-89c80fb8ddb3","event":"request_completed","requestId":"44735d1f-9eb4-4428-893c-89c80fb8ddb3","method":"GET","route":"/api/v1/auth/me","statusCode":401,"latencyMs":0.13,"msg":"request completed"}
{"level":30,"time":1789776974714,"pid":19535,"hostname":"Glebs-MacBook-Pro.local","reqId":"ac2c7752-2a8b-4e88-b8f8-29c33ff286c1","event":"request_completed","requestId":"ac2c7752-2a8b-4e88-b8f8-29c33ff286c1","method":"POST","route":"/api/v1/auth/login","statusCode":200,"latencyMs":31.91,"msg":"request completed"}
{"level":30,"time":1789776974730,"pid":19535,"hostname":"Glebs-MacBook-Pro.local","reqId":"9a052684-151b-4ca8-8069-8402bea9bff1","event":"request_completed","requestId":"9a052684-151b-4ca8-8069-8402bea9bff1","method":"GET","route":"/api/v1/auth/me","statusCode":200,"latencyMs":14.31,"msg":"request completed"}
{"level":30,"time":1789776974751,"pid":19535,"hostname":"Glebs-MacBook-Pro.local","reqId":"ece04eda-4d12-4234-bb27-d0c3b1bf4b4f","event":"request_completed","requestId":"ece04eda-4d12-4234-bb27-d0c3b1bf4b4f","method":"GET","route":"/api/v1/notifications","statusCode":200,"latencyMs":33.53,"msg":"request completed"}
{"level":30,"time":1789776974752,"pid":19535,"hostname":"Glebs-MacBook-Pro.local","reqId":"8fee343c-6605-45ed-86d1-efba103b5d72","event":"request_completed","requestId":"8fee343c-6605-45ed-86d1-efba103b5d72","method":"GET","route":"/api/v1/history","statusCode":200,"latencyMs":16.96,"msg":"request completed"}
{"level":30,"time":1789776974772,"pid":19535,"hostname":"Glebs-MacBook-Pro.local","reqId":"14084e67-0d07-4dad-93b1-f8af50950910","event":"request_completed","requestId":"14084e67-0d07-4dad-93b1-f8af50950910","method":"GET","route":"/api/v1/home","statusCode":200,"latencyMs":52.964,"msg":"request completed"}
{"level":30,"time":1789776974794,"pid":19535,"hostname":"Glebs-MacBook-Pro.local","reqId":"8198892f-8447-4bd9-b569-3a50c47a1ab4","event":"request_completed","requestId":"8198892f-8447-4bd9-b569-3a50c47a1ab4","method":"GET","route":"/api/v1/auth/me","statusCode":200,"latencyMs":8.05,"msg":"request completed"}
{"level":30,"time":1789776974833,"pid":19535,"hostname":"Glebs-MacBook-Pro.local","reqId":"271d0112-54bc-48c6-a9a0-4e6f684e3774","event":"request_completed","requestId":"271d0112-54bc-48c6-a9a0-4e6f684e3774","method":"GET","route":"/api/v1/notifications","statusCode":200,"latencyMs":31.114,"msg":"request completed"}
{"level":30,"time":1789776974861,"pid":19535,"hostname":"Glebs-MacBook-Pro.local","reqId":"3a191fb7-d92c-487d-ae44-53f94634f6d9","event":"request_completed","requestId":"3a191fb7-d92c-487d-ae44-53f94634f6d9","method":"GET","route":"/api/v1/home","statusCode":200,"latencyMs":58.513,"msg":"request completed"}
{"level":30,"time":1789776974969,"pid":19535,"hostname":"Glebs-MacBook-Pro.local","reqId":"eb62e5a1-58ef-4d93-a69d-2a7500416e26","event":"request_completed","requestId":"eb62e5a1-58ef-4d93-a69d-2a7500416e26","method":"GET","route":"/api/v1/auth/me","statusCode":200,"latencyMs":5.393,"msg":"request completed"}
{"level":30,"time":1789776974989,"pid":19535,"hostname":"Glebs-MacBook-Pro.local","reqId":"74e37e28-a8e1-4dc2-be4d-578ccdb89e20","event":"request_completed","requestId":"74e37e28-a8e1-4dc2-be4d-578ccdb89e20","method":"GET","route":"/api/v1/notifications","statusCode":200,"latencyMs":17.474,"msg":"request completed"}
{"level":30,"time":1789776975009,"pid":19535,"hostname":"Glebs-MacBook-Pro.local","reqId":"8f398738-d73c-43ae-a8eb-22a05bfef023","event":"request_completed","requestId":"8f398738-d73c-43ae-a8eb-22a05bfef023","method":"GET","route":"/api/v1/home","statusCode":200,"latencyMs":31.396,"msg":"request completed"}
{"level":30,"time":1789776975084,"pid":19535,"hostname":"Glebs-MacBook-Pro.local","reqId":"727ac68e-abcc-4b04-84c5-a54b01bb4d26","event":"request_completed","requestId":"727ac68e-abcc-4b04-84c5-a54b01bb4d26","method":"GET","route":"/api/v1/home","statusCode":200,"latencyMs":34.323,"msg":"request completed"}
{"level":30,"time":1789776975097,"pid":19535,"hostname":"Glebs-MacBook-Pro.local","reqId":"e19f9ecb-c4ea-4056-b8d3-eebde868eb36","event":"request_completed","requestId":"e19f9ecb-c4ea-4056-b8d3-eebde868eb36","method":"GET","route":"/api/v1/matches/create-options","statusCode":200,"latencyMs":11.873,"msg":"request completed"}
{"level":30,"time":1789776975109,"pid":19535,"hostname":"Glebs-MacBook-Pro.local","reqId":"a4550ddd-f4ed-40e1-8a85-0962aff3cb13","event":"request_completed","requestId":"a4550ddd-f4ed-40e1-8a85-0962aff3cb13","method":"GET","route":"/api/v1/auth/me","statusCode":200,"latencyMs":4.977,"msg":"request completed"}
{"level":30,"time":1789776975122,"pid":19535,"hostname":"Glebs-MacBook-Pro.local","reqId":"089cdb9d-304a-4dc9-81a7-c9ded7c873e3","event":"request_completed","requestId":"089cdb9d-304a-4dc9-81a7-c9ded7c873e3","method":"GET","route":"/api/v1/history","statusCode":200,"latencyMs":9.789,"msg":"request completed"}
{"level":30,"time":1789776975128,"pid":19535,"hostname":"Glebs-MacBook-Pro.local","reqId":"b231e6a1-dadc-431a-b210-393c44aab018","event":"request_completed","requestId":"b231e6a1-dadc-431a-b210-393c44aab018","method":"GET","route":"/api/v1/notifications","statusCode":200,"latencyMs":15.445,"msg":"request completed"}
{"level":30,"time":1789776975144,"pid":19535,"hostname":"Glebs-MacBook-Pro.local","reqId":"d685aaa6-5cae-4a5d-bc68-526fd87f9bd4","event":"request_completed","requestId":"d685aaa6-5cae-4a5d-bc68-526fd87f9bd4","method":"GET","route":"/api/v1/auth/me","statusCode":200,"latencyMs":5.606,"msg":"request completed"}
{"level":30,"time":1789776975161,"pid":19535,"hostname":"Glebs-MacBook-Pro.local","reqId":"b915933c-8338-4d4d-ad80-55b77af98ae0","event":"request_completed","requestId":"b915933c-8338-4d4d-ad80-55b77af98ae0","method":"GET","route":"/api/v1/rankings","statusCode":200,"latencyMs":9.766,"msg":"request completed"}
{"level":30,"time":1789776975166,"pid":19535,"hostname":"Glebs-MacBook-Pro.local","reqId":"2f6fda15-895c-406c-a5f7-ab421733b405","event":"request_completed","requestId":"2f6fda15-895c-406c-a5f7-ab421733b405","method":"GET","route":"/api/v1/notifications","statusCode":200,"latencyMs":15.049,"msg":"request completed"}
{"level":30,"time":1789776975177,"pid":19535,"hostname":"Glebs-MacBook-Pro.local","reqId":"6f4e9863-97fc-43ae-b028-433ef5437f5d","event":"request_completed","requestId":"6f4e9863-97fc-43ae-b028-433ef5437f5d","method":"GET","route":"/api/v1/auth/me","statusCode":200,"latencyMs":4.788,"msg":"request completed"}
{"level":30,"time":1789776975186,"pid":19535,"hostname":"Glebs-MacBook-Pro.local","reqId":"bb05d3df-8109-48b9-ac12-a4ecd8bc0cdc","event":"request_completed","requestId":"bb05d3df-8109-48b9-ac12-a4ecd8bc0cdc","method":"GET","route":"/api/v1/teams","statusCode":200,"latencyMs":5.452,"msg":"request completed"}
{"level":30,"time":1789776975194,"pid":19535,"hostname":"Glebs-MacBook-Pro.local","reqId":"7e3b6b00-bf6b-441a-9149-22b8181d4b69","event":"request_completed","requestId":"7e3b6b00-bf6b-441a-9149-22b8181d4b69","method":"GET","route":"/api/v1/notifications","statusCode":200,"latencyMs":13.402,"msg":"request completed"}
{"level":30,"time":1789776975213,"pid":19535,"hostname":"Glebs-MacBook-Pro.local","reqId":"97455413-498d-4007-b5b9-b79d08f18c9b","event":"request_completed","requestId":"97455413-498d-4007-b5b9-b79d08f18c9b","method":"GET","route":"/api/v1/auth/me","statusCode":200,"latencyMs":5.597,"msg":"request completed"}
{"level":30,"time":1789776975235,"pid":19535,"hostname":"Glebs-MacBook-Pro.local","reqId":"8706d150-e55f-4773-9517-5fcc747b179f","event":"request_completed","requestId":"8706d150-e55f-4773-9517-5fcc747b179f","method":"GET","route":"/api/v1/notifications","statusCode":200,"latencyMs":14.081,"msg":"request completed"}
{"level":30,"time":1789776975240,"pid":19535,"hostname":"Glebs-MacBook-Pro.local","reqId":"0d67dcd2-835f-4de7-8e40-fb34e9f55093","event":"request_completed","requestId":"0d67dcd2-835f-4de7-8e40-fb34e9f55093","method":"GET","route":"/api/v1/faq","statusCode":200,"latencyMs":18.746,"msg":"request completed"}
{"level":30,"time":1789776975539,"pid":19535,"hostname":"Glebs-MacBook-Pro.local","reqId":"4f3ce4fd-97e2-4f26-8fea-491ec51b903a","event":"request_completed","requestId":"4f3ce4fd-97e2-4f26-8fea-491ec51b903a","method":"GET","route":"/api/v1/auth/me","statusCode":200,"latencyMs":12.164,"msg":"request completed"}
{"level":30,"time":1789776975604,"pid":19535,"hostname":"Glebs-MacBook-Pro.local","reqId":"e9bb2b4d-ae10-430d-a7a5-be1201b28537","event":"request_completed","requestId":"e9bb2b4d-ae10-430d-a7a5-be1201b28537","method":"GET","route":"/api/v1/auth/me","statusCode":200,"latencyMs":8.893,"msg":"request completed"}
{"level":30,"time":1789776975635,"pid":19535,"hostname":"Glebs-MacBook-Pro.local","reqId":"cfe453aa-3fef-448b-a04a-bd45e098c4c4","event":"request_completed","requestId":"cfe453aa-3fef-448b-a04a-bd45e098c4c4","method":"GET","route":"/api/v1/auth/sessions","statusCode":200,"latencyMs":25.37,"msg":"request completed"}
{"level":30,"time":1789776975639,"pid":19535,"hostname":"Glebs-MacBook-Pro.local","reqId":"a8530d62-41b7-4d47-9174-90a71a243917","event":"request_completed","requestId":"a8530d62-41b7-4d47-9174-90a71a243917","method":"GET","route":"/api/v1/auth/me","statusCode":200,"latencyMs":13.247,"msg":"request completed"}
{"level":30,"time":1789776975643,"pid":19535,"hostname":"Glebs-MacBook-Pro.local","reqId":"1fdc275b-e9d0-4403-b7b4-70609ccfb893","event":"request_completed","requestId":"1fdc275b-e9d0-4403-b7b4-70609ccfb893","method":"GET","route":"/api/v1/notifications","statusCode":200,"latencyMs":34.756,"msg":"request completed"}
{"level":30,"time":1789776975650,"pid":19535,"hostname":"Glebs-MacBook-Pro.local","reqId":"602060e6-a517-4da0-88e4-897aecfe5b25","event":"request_completed","requestId":"602060e6-a517-4da0-88e4-897aecfe5b25","method":"GET","route":"/api/v1/profile/me","statusCode":200,"latencyMs":40.793,"msg":"request completed"}
{"level":30,"time":1789776975656,"pid":19535,"hostname":"Glebs-MacBook-Pro.local","reqId":"89739324-9599-464b-966c-d3f62c5b9c2c","event":"request_completed","requestId":"89739324-9599-464b-966c-d3f62c5b9c2c","method":"GET","route":"/api/v1/admin/users","statusCode":200,"latencyMs":7.652,"msg":"request completed"}
{"level":30,"time":1789776975664,"pid":19535,"hostname":"Glebs-MacBook-Pro.local","reqId":"a22c91b8-c6cc-4977-b508-7440dec52229","event":"request_completed","requestId":"a22c91b8-c6cc-4977-b508-7440dec52229","method":"GET","route":"/api/v1/notifications","statusCode":200,"latencyMs":16.58,"msg":"request completed"}
{"level":30,"time":1789776975668,"pid":19535,"hostname":"Glebs-MacBook-Pro.local","reqId":"fc3659f5-b759-4a08-92e3-6454044d512e","event":"request_completed","requestId":"fc3659f5-b759-4a08-92e3-6454044d512e","method":"GET","route":"/api/v1/auth/me","statusCode":200,"latencyMs":4.385,"msg":"request completed"}
{"level":30,"time":1789776975671,"pid":19535,"hostname":"Glebs-MacBook-Pro.local","reqId":"22698af4-db25-4614-8902-74403abdbb03","event":"request_completed","requestId":"22698af4-db25-4614-8902-74403abdbb03","method":"GET","route":"/api/v1/home","statusCode":200,"latencyMs":61.963,"msg":"request completed"}
{"level":30,"time":1789776975687,"pid":19535,"hostname":"Glebs-MacBook-Pro.local","reqId":"52f8c067-ca8c-4423-b992-40dd60bc19c9","event":"request_completed","requestId":"52f8c067-ca8c-4423-b992-40dd60bc19c9","method":"GET","route":"/api/v1/notifications","statusCode":200,"latencyMs":11.782,"msg":"request completed"}
{"level":30,"time":1789776975750,"pid":19535,"hostname":"Glebs-MacBook-Pro.local","reqId":"7d59834f-2a4d-48b8-ad3b-eb8ba453eba8","event":"request_completed","requestId":"7d59834f-2a4d-48b8-ad3b-eb8ba453eba8","method":"GET","route":"/api/v1/home","statusCode":200,"latencyMs":34.291,"msg":"request completed"}
  ✓   5 [chromium-desktop] › tests/e2e/stage2-home.spec.ts:7:5 › AT-HOME-003 Home keeps direct actions and all secondary routes at mobile and desktop (1.5s)
{"level":30,"time":1789776976074,"pid":19535,"hostname":"Glebs-MacBook-Pro.local","reqId":"95b7eba8-89d1-46c8-b125-411a509365b1","event":"request_completed","requestId":"95b7eba8-89d1-46c8-b125-411a509365b1","method":"GET","route":"/api/v1/auth/me","statusCode":401,"latencyMs":0.161,"msg":"request completed"}
{"level":30,"time":1789776976255,"pid":19535,"hostname":"Glebs-MacBook-Pro.local","reqId":"646e1a3f-d149-4042-9163-8bd8b32d894d","event":"request_completed","requestId":"646e1a3f-d149-4042-9163-8bd8b32d894d","method":"POST","route":"/api/v1/auth/login","statusCode":200,"latencyMs":26.473,"msg":"request completed"}
{"level":30,"time":1789776976271,"pid":19535,"hostname":"Glebs-MacBook-Pro.local","reqId":"b5e65d7f-604d-4f1b-976a-f7eefe34c4c5","event":"request_completed","requestId":"b5e65d7f-604d-4f1b-976a-f7eefe34c4c5","method":"GET","route":"/api/v1/auth/me","statusCode":200,"latencyMs":13.148,"msg":"request completed"}
{"level":30,"time":1789776976298,"pid":19535,"hostname":"Glebs-MacBook-Pro.local","reqId":"b861814e-4a9a-4ebc-9855-de14973c69fa","event":"request_completed","requestId":"b861814e-4a9a-4ebc-9855-de14973c69fa","method":"GET","route":"/api/v1/notifications","statusCode":200,"latencyMs":38.326,"msg":"request completed"}
{"level":30,"time":1789776976325,"pid":19535,"hostname":"Glebs-MacBook-Pro.local","reqId":"75fd6898-749a-4135-b7d2-142e710ba7dc","event":"request_completed","requestId":"75fd6898-749a-4135-b7d2-142e710ba7dc","method":"GET","route":"/api/v1/home","statusCode":200,"latencyMs":63.705,"msg":"request completed"}
{"level":30,"time":1789776976615,"pid":19535,"hostname":"Glebs-MacBook-Pro.local","reqId":"cebd616e-61a9-4170-a4e4-b27a0ac5ba18","event":"request_completed","requestId":"cebd616e-61a9-4170-a4e4-b27a0ac5ba18","method":"GET","route":"/api/v1/auth/me","statusCode":200,"latencyMs":11.253,"msg":"request completed"}
{"level":30,"time":1789776976643,"pid":19535,"hostname":"Glebs-MacBook-Pro.local","reqId":"9cc6d507-e0d8-466c-acd9-10287643c12e","event":"request_completed","requestId":"9cc6d507-e0d8-466c-acd9-10287643c12e","method":"GET","route":"/api/v1/notifications","statusCode":200,"latencyMs":23.419,"msg":"request completed"}
  ✓   6 [chromium-desktop] › tests/e2e/stage2-home.spec.ts:63:5 › AT-HOME-003 Home keeps navigation after a fetch error (986ms)
{"level":30,"time":1789776977069,"pid":19535,"hostname":"Glebs-MacBook-Pro.local","reqId":"ea0cf052-0c3f-4265-9575-865c9be24ac9","event":"request_completed","requestId":"ea0cf052-0c3f-4265-9575-865c9be24ac9","method":"GET","route":"/api/v1/auth/me","statusCode":401,"latencyMs":0.204,"msg":"request completed"}
{"level":30,"time":1789776977247,"pid":19535,"hostname":"Glebs-MacBook-Pro.local","reqId":"a47233e3-706b-4970-9842-426d55c786d7","event":"request_completed","requestId":"a47233e3-706b-4970-9842-426d55c786d7","method":"POST","route":"/api/v1/auth/login","statusCode":200,"latencyMs":29.002,"msg":"request completed"}
{"level":30,"time":1789776977262,"pid":19535,"hostname":"Glebs-MacBook-Pro.local","reqId":"56f85660-ffe5-4cd0-88c4-3aadc71b5c1a","event":"request_completed","requestId":"56f85660-ffe5-4cd0-88c4-3aadc71b5c1a","method":"GET","route":"/api/v1/auth/me","statusCode":200,"latencyMs":13.034,"msg":"request completed"}
{"level":30,"time":1789776977280,"pid":19535,"hostname":"Glebs-MacBook-Pro.local","reqId":"3b72b8a5-2790-46c2-8f96-883480c40045","event":"request_completed","requestId":"3b72b8a5-2790-46c2-8f96-883480c40045","method":"GET","route":"/api/v1/notifications","statusCode":200,"latencyMs":29.691,"msg":"request completed"}
{"level":30,"time":1789776977298,"pid":19535,"hostname":"Glebs-MacBook-Pro.local","reqId":"14096131-87c2-4edf-b54d-42f1caeff111","event":"request_completed","requestId":"14096131-87c2-4edf-b54d-42f1caeff111","method":"GET","route":"/api/v1/home","statusCode":200,"latencyMs":44.932,"msg":"request completed"}
{"level":30,"time":1789776977308,"pid":19535,"hostname":"Glebs-MacBook-Pro.local","reqId":"225c7b19-e043-41a5-bdaa-f38c2f07e4cb","event":"request_completed","requestId":"225c7b19-e043-41a5-bdaa-f38c2f07e4cb","method":"PATCH","route":"/api/v1/me/onboarding","statusCode":200,"latencyMs":5.563,"msg":"request completed"}
{"level":30,"time":1789776977344,"pid":19535,"hostname":"Glebs-MacBook-Pro.local","reqId":"44569dbd-f3d0-4664-97de-1007a68e0f44","event":"request_completed","requestId":"44569dbd-f3d0-4664-97de-1007a68e0f44","method":"GET","route":"/api/v1/auth/me","statusCode":200,"latencyMs":8.676,"msg":"request completed"}
{"level":30,"time":1789776977374,"pid":19535,"hostname":"Glebs-MacBook-Pro.local","reqId":"ecf11d67-24cf-4639-9bab-ec85abdf14b3","event":"request_completed","requestId":"ecf11d67-24cf-4639-9bab-ec85abdf14b3","method":"GET","route":"/api/v1/notifications","statusCode":200,"latencyMs":26.004,"msg":"request completed"}
{"level":30,"time":1789776977394,"pid":19535,"hostname":"Glebs-MacBook-Pro.local","reqId":"725d934e-5a8d-4da9-9c26-c6ab4b401f29","event":"request_completed","requestId":"725d934e-5a8d-4da9-9c26-c6ab4b401f29","method":"GET","route":"/api/v1/home","statusCode":200,"latencyMs":46.31,"msg":"request completed"}
{"level":30,"time":1789776977395,"pid":19535,"hostname":"Glebs-MacBook-Pro.local","reqId":"8cbda1cd-d839-402b-bf7d-20eb7e63c24f","event":"request_completed","requestId":"8cbda1cd-d839-402b-bf7d-20eb7e63c24f","method":"GET","route":"/api/v1/home","statusCode":200,"latencyMs":46.123,"msg":"request completed"}
{"level":30,"time":1789776977700,"pid":19535,"hostname":"Glebs-MacBook-Pro.local","reqId":"e74e6559-ee63-4a7a-a039-d8e23701a5db","event":"request_completed","requestId":"e74e6559-ee63-4a7a-a039-d8e23701a5db","method":"GET","route":"/api/v1/auth/me","statusCode":200,"latencyMs":10.085,"msg":"request completed"}
{"level":30,"time":1789776977725,"pid":19535,"hostname":"Glebs-MacBook-Pro.local","reqId":"e998417d-deb3-416c-939e-e348af8f03d2","event":"request_completed","requestId":"e998417d-deb3-416c-939e-e348af8f03d2","method":"GET","route":"/api/v1/notifications","statusCode":200,"latencyMs":20.855,"msg":"request completed"}
  ✓   7 [chromium-desktop] › tests/e2e/stage2-home.spec.ts:83:5 › HOME-007 finished match keeps sides and score first with a side-specific winner mark (1.1s)
{"level":30,"time":1789776978175,"pid":19535,"hostname":"Glebs-MacBook-Pro.local","reqId":"4096abe3-14dc-42df-bca4-e9915949d323","event":"request_completed","requestId":"4096abe3-14dc-42df-bca4-e9915949d323","method":"GET","route":"/api/v1/auth/me","statusCode":401,"latencyMs":0.157,"msg":"request completed"}
{"level":30,"time":1789776978344,"pid":19535,"hostname":"Glebs-MacBook-Pro.local","reqId":"983ab917-8ee5-41bb-b74c-f31ad14f5a21","event":"request_completed","requestId":"983ab917-8ee5-41bb-b74c-f31ad14f5a21","method":"POST","route":"/api/v1/auth/login","statusCode":200,"latencyMs":33.073,"msg":"request completed"}
{"level":30,"time":1789776978353,"pid":19535,"hostname":"Glebs-MacBook-Pro.local","reqId":"760136fd-fdee-4e2e-b0a9-e578ca63e218","event":"request_completed","requestId":"760136fd-fdee-4e2e-b0a9-e578ca63e218","method":"GET","route":"/api/v1/auth/me","statusCode":200,"latencyMs":7.089,"msg":"request completed"}
{"level":30,"time":1789776978365,"pid":19535,"hostname":"Glebs-MacBook-Pro.local","reqId":"906ec564-827d-467f-abf2-b4fa4993bf9e","event":"request_completed","requestId":"906ec564-827d-467f-abf2-b4fa4993bf9e","method":"GET","route":"/api/v1/notifications","statusCode":200,"latencyMs":17.646,"msg":"request completed"}
{"level":30,"time":1789776978383,"pid":19535,"hostname":"Glebs-MacBook-Pro.local","reqId":"e75327f3-25bd-43cf-bed5-e62ec298dee9","event":"request_completed","requestId":"e75327f3-25bd-43cf-bed5-e62ec298dee9","method":"GET","route":"/api/v1/home","statusCode":200,"latencyMs":33.48,"msg":"request completed"}
{"level":30,"time":1789776978427,"pid":19535,"hostname":"Glebs-MacBook-Pro.local","reqId":"93f47a0e-52b0-4deb-ae3f-5599972fc9fb","event":"request_completed","requestId":"93f47a0e-52b0-4deb-ae3f-5599972fc9fb","method":"GET","route":"/api/v1/home","statusCode":200,"latencyMs":29.253,"msg":"request completed"}
{"level":30,"time":1789776978734,"pid":19535,"hostname":"Glebs-MacBook-Pro.local","reqId":"eb5b085a-f793-41da-a007-7b90d35dd332","event":"request_completed","requestId":"eb5b085a-f793-41da-a007-7b90d35dd332","method":"GET","route":"/api/v1/auth/me","statusCode":200,"latencyMs":11.609,"msg":"request completed"}
{"level":30,"time":1789776978762,"pid":19535,"hostname":"Glebs-MacBook-Pro.local","reqId":"70e10169-f5d0-40e5-a54d-9836f8273c97","event":"request_completed","requestId":"70e10169-f5d0-40e5-a54d-9836f8273c97","method":"GET","route":"/api/v1/notifications","statusCode":200,"latencyMs":24.147,"msg":"request completed"}
  ✓   8 [chromium-desktop] › tests/e2e/stage2-home.spec.ts:139:5 › GAP-031 keeps overflow tasks collapsed until requested (975ms)
{"level":30,"time":1789776979161,"pid":19535,"hostname":"Glebs-MacBook-Pro.local","reqId":"df099c22-c4a6-4c6f-a05f-137d593c1d82","event":"request_completed","requestId":"df099c22-c4a6-4c6f-a05f-137d593c1d82","method":"GET","route":"/api/v1/auth/me","statusCode":401,"latencyMs":0.195,"msg":"request completed"}
{"level":30,"time":1789776979339,"pid":19535,"hostname":"Glebs-MacBook-Pro.local","reqId":"5af0d3f1-960f-4ded-a06e-98510d8099f6","event":"request_completed","requestId":"5af0d3f1-960f-4ded-a06e-98510d8099f6","method":"POST","route":"/api/v1/auth/login","statusCode":200,"latencyMs":29.722,"msg":"request completed"}
{"level":30,"time":1789776979355,"pid":19535,"hostname":"Glebs-MacBook-Pro.local","reqId":"f5c05033-fc43-4dbf-bc2a-be170af38cc8","event":"request_completed","requestId":"f5c05033-fc43-4dbf-bc2a-be170af38cc8","method":"GET","route":"/api/v1/auth/me","statusCode":200,"latencyMs":13.958,"msg":"request completed"}
{"level":30,"time":1789776979371,"pid":19535,"hostname":"Glebs-MacBook-Pro.local","reqId":"c9d9eb6a-49be-4915-8bc6-a5e0dd517f18","event":"request_completed","requestId":"c9d9eb6a-49be-4915-8bc6-a5e0dd517f18","method":"GET","route":"/api/v1/notifications","statusCode":200,"latencyMs":28.533,"msg":"request completed"}
{"level":30,"time":1789776979390,"pid":19535,"hostname":"Glebs-MacBook-Pro.local","reqId":"ffb1e3f8-51e8-47c7-899d-cd6cf641838e","event":"request_completed","requestId":"ffb1e3f8-51e8-47c7-899d-cd6cf641838e","method":"GET","route":"/api/v1/home","statusCode":200,"latencyMs":44.621,"msg":"request completed"}
{"level":30,"time":1789776979427,"pid":19535,"hostname":"Glebs-MacBook-Pro.local","reqId":"85c74ca0-111e-4594-a70b-d7a2c56cbd42","event":"request_completed","requestId":"85c74ca0-111e-4594-a70b-d7a2c56cbd42","method":"GET","route":"/api/v1/auth/me","statusCode":200,"latencyMs":8.63,"msg":"request completed"}
{"level":30,"time":1789776979457,"pid":19535,"hostname":"Glebs-MacBook-Pro.local","reqId":"dc1ce98d-ae2a-4399-88ff-1959576dfc26","event":"request_completed","requestId":"dc1ce98d-ae2a-4399-88ff-1959576dfc26","method":"GET","route":"/api/v1/matches/create-options","statusCode":200,"latencyMs":24.375,"msg":"request completed"}
{"level":30,"time":1789776979460,"pid":19535,"hostname":"Glebs-MacBook-Pro.local","reqId":"40eb2c49-7d97-4245-8232-e2debf5bbb04","event":"request_completed","requestId":"40eb2c49-7d97-4245-8232-e2debf5bbb04","method":"GET","route":"/api/v1/notifications","statusCode":200,"latencyMs":27.668,"msg":"request completed"}
{"level":30,"time":1789776979595,"pid":19535,"hostname":"Glebs-MacBook-Pro.local","reqId":"eb45848c-4317-4ca8-ac2b-4791a50ec9da","event":"request_completed","requestId":"eb45848c-4317-4ca8-ac2b-4791a50ec9da","method":"POST","route":"/api/v1/matches","statusCode":200,"latencyMs":36.238,"msg":"request completed"}
{"level":30,"time":1789776979609,"pid":19535,"hostname":"Glebs-MacBook-Pro.local","reqId":"008a1eb8-9703-4cc5-9e46-cbfa1940bbfb","event":"request_completed","requestId":"008a1eb8-9703-4cc5-9e46-cbfa1940bbfb","method":"GET","route":"/api/v1/matches/:matchId","statusCode":200,"latencyMs":9.868,"msg":"request completed"}
{"level":30,"time":1789776979682,"pid":19535,"hostname":"Glebs-MacBook-Pro.local","reqId":"0faabf84-7b3d-4b0a-bc09-f7e9196f2b0b","event":"request_completed","requestId":"0faabf84-7b3d-4b0a-bc09-f7e9196f2b0b","method":"GET","route":"/api/v1/matches/:matchId","statusCode":200,"latencyMs":24.174,"msg":"request completed"}
{"level":30,"time":1789776979733,"pid":19535,"hostname":"Glebs-MacBook-Pro.local","reqId":"a54a2966-6b8f-424f-b69a-086bc3cc0623","event":"request_completed","requestId":"a54a2966-6b8f-424f-b69a-086bc3cc0623","method":"POST","route":"/api/v1/matches/:matchId/judge/acquire","statusCode":200,"latencyMs":49.032,"msg":"request completed"}
{"level":30,"time":1789776979745,"pid":19535,"hostname":"Glebs-MacBook-Pro.local","reqId":"38cea991-aaa1-4b2e-9748-e953796d6602","event":"request_completed","requestId":"38cea991-aaa1-4b2e-9748-e953796d6602","method":"GET","route":"/api/v1/matches/:matchId","statusCode":200,"latencyMs":10.03,"msg":"request completed"}
{"level":30,"time":1789776979756,"pid":19535,"hostname":"Glebs-MacBook-Pro.local","reqId":"4e5985c9-3c81-4b30-ad72-59aee7af2929","event":"request_completed","requestId":"4e5985c9-3c81-4b30-ad72-59aee7af2929","method":"POST","route":"/api/v1/matches/:matchId/judge/heartbeat","statusCode":200,"latencyMs":7.079,"msg":"request completed"}
{"level":30,"time":1789776979773,"pid":19535,"hostname":"Glebs-MacBook-Pro.local","reqId":"6a2d315d-005d-4972-8274-10a8071b8c56","event":"request_completed","requestId":"6a2d315d-005d-4972-8274-10a8071b8c56","method":"GET","route":"/api/v1/matches/:matchId","statusCode":200,"latencyMs":14.98,"msg":"request completed"}
{"level":30,"time":1789776979880,"pid":19535,"hostname":"Glebs-MacBook-Pro.local","reqId":"17e2502d-8bf2-4a26-bdef-8523bda7f1b5","event":"request_completed","requestId":"17e2502d-8bf2-4a26-bdef-8523bda7f1b5","method":"GET","route":"/api/v1/notifications","statusCode":200,"latencyMs":34.101,"msg":"request completed"}
{"level":30,"time":1789776979881,"pid":19535,"hostname":"Glebs-MacBook-Pro.local","reqId":"98f147e1-3634-496d-a269-1cbdfc86c8c7","event":"request_completed","requestId":"98f147e1-3634-496d-a269-1cbdfc86c8c7","method":"GET","route":"/api/v1/matches/:matchId","statusCode":200,"latencyMs":34.682,"msg":"request completed"}
{"level":30,"time":1789776979883,"pid":19535,"hostname":"Glebs-MacBook-Pro.local","reqId":"68e6a472-af87-4714-907e-aa8530d3cde4","event":"request_completed","requestId":"68e6a472-af87-4714-907e-aa8530d3cde4","method":"GET","route":"/api/v1/matches/:matchId","statusCode":200,"latencyMs":31.878,"msg":"request completed"}
{"level":30,"time":1789776979908,"pid":19535,"hostname":"Glebs-MacBook-Pro.local","reqId":"57ebcd18-092c-471b-9c9a-a8a14aebbbf7","event":"request_completed","requestId":"57ebcd18-092c-471b-9c9a-a8a14aebbbf7","method":"GET","route":"/api/v1/auth/me","statusCode":200,"latencyMs":10.823,"msg":"request completed"}
{"level":30,"time":1789776979938,"pid":19535,"hostname":"Glebs-MacBook-Pro.local","reqId":"85d7c676-f626-4c86-90a4-8adbcf50c693","event":"request_completed","requestId":"85d7c676-f626-4c86-90a4-8adbcf50c693","method":"GET","route":"/api/v1/matches/:matchId","statusCode":200,"latencyMs":24.672,"msg":"request completed"}
{"level":30,"time":1789776979970,"pid":19535,"hostname":"Glebs-MacBook-Pro.local","reqId":"1ae3c2e4-f52a-4e22-a14b-bdae381c7bfe","event":"request_completed","requestId":"1ae3c2e4-f52a-4e22-a14b-bdae381c7bfe","method":"POST","route":"/api/v1/matches/:matchId/judge/acquire","statusCode":200,"latencyMs":28.969,"msg":"request completed"}
{"level":30,"time":1789776979982,"pid":19535,"hostname":"Glebs-MacBook-Pro.local","reqId":"014192cf-febd-41e3-8e9b-54e294bd6e84","event":"request_completed","requestId":"014192cf-febd-41e3-8e9b-54e294bd6e84","method":"GET","route":"/api/v1/matches/:matchId","statusCode":200,"latencyMs":10.54,"msg":"request completed"}
{"level":30,"time":1789776979995,"pid":19535,"hostname":"Glebs-MacBook-Pro.local","reqId":"d1590562-dac4-4614-8780-120dfc2ba0f5","event":"request_completed","requestId":"d1590562-dac4-4614-8780-120dfc2ba0f5","method":"POST","route":"/api/v1/matches/:matchId/judge/heartbeat","statusCode":200,"latencyMs":8.83,"msg":"request completed"}
{"level":30,"time":1789776980012,"pid":19535,"hostname":"Glebs-MacBook-Pro.local","reqId":"bb26f213-1c11-4366-98a6-0b86b550886b","event":"request_completed","requestId":"bb26f213-1c11-4366-98a6-0b86b550886b","method":"GET","route":"/api/v1/matches/:matchId","statusCode":200,"latencyMs":15.673,"msg":"request completed"}
{"level":30,"time":1789776980046,"pid":19535,"hostname":"Glebs-MacBook-Pro.local","reqId":"663e7c0b-9be7-42e5-9321-345c283bb0b1","event":"request_completed","requestId":"663e7c0b-9be7-42e5-9321-345c283bb0b1","method":"POST","route":"/api/v1/matches/:matchId/judge/release","statusCode":200,"latencyMs":15.98,"msg":"request completed"}
{"level":30,"time":1789776980072,"pid":19535,"hostname":"Glebs-MacBook-Pro.local","reqId":"1e5b6e36-c177-463a-acab-559be893426f","event":"request_completed","requestId":"1e5b6e36-c177-463a-acab-559be893426f","method":"GET","route":"/api/v1/notifications","statusCode":200,"latencyMs":21.309,"msg":"request completed"}
{"level":30,"time":1789776980076,"pid":19535,"hostname":"Glebs-MacBook-Pro.local","reqId":"83f58aba-f39c-4304-be5b-a0b4d5893c73","event":"request_completed","requestId":"83f58aba-f39c-4304-be5b-a0b4d5893c73","method":"GET","route":"/api/v1/matches/:matchId","statusCode":200,"latencyMs":13.817,"msg":"request completed"}
{"level":30,"time":1789776980088,"pid":19535,"hostname":"Glebs-MacBook-Pro.local","reqId":"a9358ff6-64ba-4819-97b6-815e5a962057","event":"request_completed","requestId":"a9358ff6-64ba-4819-97b6-815e5a962057","method":"GET","route":"/api/v1/matches/:matchId","statusCode":200,"latencyMs":8.756,"msg":"request completed"}
{"level":30,"time":1789776980090,"pid":19535,"hostname":"Glebs-MacBook-Pro.local","reqId":"87403151-3226-4aa6-9416-8ecee7e9e3a4","event":"request_completed","requestId":"87403151-3226-4aa6-9416-8ecee7e9e3a4","method":"GET","route":"/api/v1/home","statusCode":200,"latencyMs":39.211,"msg":"request completed"}
{"level":30,"time":1789776980114,"pid":19535,"hostname":"Glebs-MacBook-Pro.local","reqId":"2461cf9f-5de8-4947-a645-8816c49e6cd5","event":"request_completed","requestId":"2461cf9f-5de8-4947-a645-8816c49e6cd5","method":"POST","route":"/api/v1/matches/:matchId/cancel","statusCode":200,"latencyMs":22.183,"msg":"request completed"}
  ✓   9 [chromium-desktop] › tests/e2e/stage2-home.spec.ts:161:5 › GAP-030 explicit Home releases judge slot; Browser Back is measured separately (1.3s)
{"level":30,"time":1789776980243,"pid":19535,"hostname":"Glebs-MacBook-Pro.local","reqId":"442e01e4-4ba1-42a2-92be-2bdfffaef417","event":"request_completed","requestId":"442e01e4-4ba1-42a2-92be-2bdfffaef417","method":"GET","route":"/health","statusCode":200,"latencyMs":0.121,"msg":"request completed"}
{"level":30,"time":1789776980274,"pid":19535,"hostname":"Glebs-MacBook-Pro.local","reqId":"df4711c1-0c0f-4791-8ab8-549eff60f2b7","event":"request_completed","requestId":"df4711c1-0c0f-4791-8ab8-549eff60f2b7","method":"POST","route":"/api/v1/auth/login","statusCode":200,"latencyMs":28.113,"msg":"request completed"}
{"level":30,"time":1789776980291,"pid":19535,"hostname":"Glebs-MacBook-Pro.local","reqId":"0267b343-3d51-4c36-91d5-358fca5a4691","event":"request_completed","requestId":"0267b343-3d51-4c36-91d5-358fca5a4691","method":"PATCH","route":"/api/v1/me/onboarding","statusCode":200,"latencyMs":13.226,"msg":"request completed"}
{"level":30,"time":1789776980296,"pid":19535,"hostname":"Glebs-MacBook-Pro.local","reqId":"a6859f22-59d7-4ad4-9f5b-efe8fa48134c","event":"request_completed","requestId":"a6859f22-59d7-4ad4-9f5b-efe8fa48134c","method":"GET","route":"/health","statusCode":200,"latencyMs":0.102,"msg":"request completed"}
{"level":30,"time":1789776980329,"pid":19535,"hostname":"Glebs-MacBook-Pro.local","reqId":"6223d157-046b-427c-b7e6-e34e28b83a4c","event":"request_completed","requestId":"6223d157-046b-427c-b7e6-e34e28b83a4c","method":"POST","route":"/api/v1/auth/login","statusCode":200,"latencyMs":30.709,"msg":"request completed"}
{"level":30,"time":1789776980347,"pid":19535,"hostname":"Glebs-MacBook-Pro.local","reqId":"fc24c88c-f0ce-4376-a302-455db40efc04","event":"request_completed","requestId":"fc24c88c-f0ce-4376-a302-455db40efc04","method":"PATCH","route":"/api/v1/me/onboarding","statusCode":200,"latencyMs":14.02,"msg":"request completed"}
{"level":30,"time":1789776980402,"pid":19535,"hostname":"Glebs-MacBook-Pro.local","reqId":"72e0cb5f-47a2-4338-9e2e-d5c54efef8f2","event":"request_completed","requestId":"72e0cb5f-47a2-4338-9e2e-d5c54efef8f2","method":"POST","route":"/api/v1/admin/users","statusCode":200,"latencyMs":52.02,"msg":"request completed"}
{"level":30,"time":1789776980428,"pid":19535,"hostname":"Glebs-MacBook-Pro.local","reqId":"8409b8ce-f40b-4161-b5ba-d169b58ad8f8","event":"request_completed","requestId":"8409b8ce-f40b-4161-b5ba-d169b58ad8f8","method":"POST","route":"/api/v1/auth/login","statusCode":200,"latencyMs":20.336,"msg":"request completed"}
{"level":30,"time":1789776980462,"pid":19535,"hostname":"Glebs-MacBook-Pro.local","reqId":"5205d36d-88d6-4617-b6e1-c674249e5e58","event":"request_completed","requestId":"5205d36d-88d6-4617-b6e1-c674249e5e58","method":"POST","route":"/api/v1/auth/password/first-change","statusCode":200,"latencyMs":31.125,"msg":"request completed"}
{"level":30,"time":1789776980497,"pid":19535,"hostname":"Glebs-MacBook-Pro.local","reqId":"1995b3c5-b409-4c48-a852-2d68baed0c5f","event":"request_completed","requestId":"1995b3c5-b409-4c48-a852-2d68baed0c5f","method":"POST","route":"/api/v1/teams","statusCode":200,"latencyMs":30.585,"msg":"request completed"}
{"level":30,"time":1789776980763,"pid":19535,"hostname":"Glebs-MacBook-Pro.local","reqId":"04390b40-0557-4971-994a-81c535be0b3c","event":"request_completed","requestId":"04390b40-0557-4971-994a-81c535be0b3c","method":"GET","route":"/api/v1/auth/me","statusCode":401,"latencyMs":0.211,"msg":"request completed"}
{"level":30,"time":1789776980950,"pid":19535,"hostname":"Glebs-MacBook-Pro.local","reqId":"27052987-1989-40eb-827f-d54443433da2","event":"request_completed","requestId":"27052987-1989-40eb-827f-d54443433da2","method":"POST","route":"/api/v1/auth/login","statusCode":200,"latencyMs":36.474,"msg":"request completed"}
{"level":30,"time":1789776980959,"pid":19535,"hostname":"Glebs-MacBook-Pro.local","reqId":"585d9c5c-7ada-466c-b1a0-d1dd5d1141f0","event":"request_completed","requestId":"585d9c5c-7ada-466c-b1a0-d1dd5d1141f0","method":"GET","route":"/api/v1/auth/me","statusCode":200,"latencyMs":6.43,"msg":"request completed"}
{"level":30,"time":1789776980972,"pid":19535,"hostname":"Glebs-MacBook-Pro.local","reqId":"4587f57f-7aae-453a-a74e-a08e3f4cc712","event":"request_completed","requestId":"4587f57f-7aae-453a-a74e-a08e3f4cc712","method":"GET","route":"/api/v1/notifications","statusCode":200,"latencyMs":18.04,"msg":"request completed"}
{"level":30,"time":1789776981013,"pid":19535,"hostname":"Glebs-MacBook-Pro.local","reqId":"6cda66d9-222c-4e44-9837-ef4a80304593","event":"request_completed","requestId":"6cda66d9-222c-4e44-9837-ef4a80304593","method":"GET","route":"/api/v1/home","statusCode":200,"latencyMs":57.389,"msg":"request completed"}
{"level":30,"time":1789776981024,"pid":19535,"hostname":"Glebs-MacBook-Pro.local","reqId":"951510b0-dc3c-4eff-9229-c6c5dee30068","event":"request_completed","requestId":"951510b0-dc3c-4eff-9229-c6c5dee30068","method":"GET","route":"/api/v1/auth/me","statusCode":200,"latencyMs":4.505,"msg":"request completed"}
{"level":30,"time":1789776981043,"pid":19535,"hostname":"Glebs-MacBook-Pro.local","reqId":"b6599630-85a2-4812-a026-197fcc508c36","event":"request_completed","requestId":"b6599630-85a2-4812-a026-197fcc508c36","method":"GET","route":"/api/v1/auth/sessions","statusCode":200,"latencyMs":8.719,"msg":"request completed"}
{"level":30,"time":1789776981050,"pid":19535,"hostname":"Glebs-MacBook-Pro.local","reqId":"a4f15cf9-708a-495e-8137-b79a034326ab","event":"request_completed","requestId":"a4f15cf9-708a-495e-8137-b79a034326ab","method":"GET","route":"/api/v1/notifications","statusCode":200,"latencyMs":16.67,"msg":"request completed"}
{"level":30,"time":1789776981053,"pid":19535,"hostname":"Glebs-MacBook-Pro.local","reqId":"9cebf0c1-0238-43d5-91f6-ee15b8fea59b","event":"request_completed","requestId":"9cebf0c1-0238-43d5-91f6-ee15b8fea59b","method":"GET","route":"/api/v1/profile/me","statusCode":200,"latencyMs":18.784,"msg":"request completed"}
{"level":30,"time":1789776981071,"pid":19535,"hostname":"Glebs-MacBook-Pro.local","reqId":"8db12d83-7211-4dc8-867e-0b2635ac20eb","event":"request_completed","requestId":"8db12d83-7211-4dc8-867e-0b2635ac20eb","method":"GET","route":"/api/v1/home","statusCode":200,"latencyMs":36.865,"msg":"request completed"}
{"level":30,"time":1789776981150,"pid":19535,"hostname":"Glebs-MacBook-Pro.local","reqId":"f39972aa-fe7e-456c-ae39-03f3f28ce2b4","event":"request_completed","requestId":"f39972aa-fe7e-456c-ae39-03f3f28ce2b4","method":"PATCH","route":"/api/v1/profile/me","statusCode":200,"latencyMs":7.285,"msg":"request completed"}
{"level":30,"time":1789776981170,"pid":19535,"hostname":"Glebs-MacBook-Pro.local","reqId":"953d621a-b14c-4ea8-9594-28e6dd80efc7","event":"request_completed","requestId":"953d621a-b14c-4ea8-9594-28e6dd80efc7","method":"GET","route":"/api/v1/profile/me","statusCode":200,"latencyMs":14.637,"msg":"request completed"}
{"level":30,"time":1789776981241,"pid":19535,"hostname":"Glebs-MacBook-Pro.local","reqId":"08e79bff-cc27-4d91-83c5-9e677962f380","event":"request_completed","requestId":"08e79bff-cc27-4d91-83c5-9e677962f380","method":"GET","route":"/api/v1/profile/me","statusCode":200,"latencyMs":14.61,"msg":"request completed"}
{"level":30,"time":1789776981249,"pid":19535,"hostname":"Glebs-MacBook-Pro.local","reqId":"c9ceaeec-a51e-4c11-959c-b021a9823ede","event":"request_completed","requestId":"c9ceaeec-a51e-4c11-959c-b021a9823ede","method":"GET","route":"/api/v1/auth/sessions","statusCode":200,"latencyMs":4.851,"msg":"request completed"}
{"level":30,"time":1789776981319,"pid":19535,"hostname":"Glebs-MacBook-Pro.local","reqId":"cdc7fb84-6e4c-43fe-bd3a-833ba0c26460","event":"request_completed","requestId":"cdc7fb84-6e4c-43fe-bd3a-833ba0c26460","method":"DELETE","route":"/api/v1/auth/sessions/:sessionId","statusCode":200,"latencyMs":11.166,"msg":"request completed"}
{"level":30,"time":1789776981333,"pid":19535,"hostname":"Glebs-MacBook-Pro.local","reqId":"fb180b30-ed6c-4d18-984d-1b8bfaa7e6c4","event":"request_completed","requestId":"fb180b30-ed6c-4d18-984d-1b8bfaa7e6c4","method":"GET","route":"/api/v1/auth/sessions","statusCode":200,"latencyMs":9.874,"msg":"request completed"}
{"level":30,"time":1789776981396,"pid":19535,"hostname":"Glebs-MacBook-Pro.local","reqId":"31cba72b-ee7f-4c59-b8d9-c69d4fc29f20","event":"request_completed","requestId":"31cba72b-ee7f-4c59-b8d9-c69d4fc29f20","method":"GET","route":"/api/v1/auth/me","statusCode":401,"latencyMs":6.481,"msg":"request completed"}
{"level":30,"time":1789776981590,"pid":19535,"hostname":"Glebs-MacBook-Pro.local","reqId":"86fe58a3-9819-44af-ba9c-e2793aee7fd0","event":"request_completed","requestId":"86fe58a3-9819-44af-ba9c-e2793aee7fd0","method":"GET","route":"/api/v1/auth/me","statusCode":200,"latencyMs":73.594,"msg":"request completed"}
{"level":30,"time":1789776981608,"pid":19535,"hostname":"Glebs-MacBook-Pro.local","reqId":"713ab393-1709-4113-a898-38ae05e1c973","event":"request_completed","requestId":"713ab393-1709-4113-a898-38ae05e1c973","method":"GET","route":"/api/v1/rankings","statusCode":200,"latencyMs":13.886,"msg":"request completed"}
{"level":30,"time":1789776981615,"pid":19535,"hostname":"Glebs-MacBook-Pro.local","reqId":"2df64fc3-3bb3-4606-bc92-eab505eef364","event":"request_completed","requestId":"2df64fc3-3bb3-4606-bc92-eab505eef364","method":"GET","route":"/api/v1/notifications","statusCode":200,"latencyMs":20.87,"msg":"request completed"}
{"level":30,"time":1789776981743,"pid":19535,"hostname":"Glebs-MacBook-Pro.local","reqId":"a94fec0c-c1a2-447e-86f8-0ffe9a07c354","event":"request_completed","requestId":"a94fec0c-c1a2-447e-86f8-0ffe9a07c354","method":"GET","route":"/api/v1/rankings","statusCode":200,"latencyMs":27.117,"msg":"request completed"}
{"level":30,"time":1789776981823,"pid":19535,"hostname":"Glebs-MacBook-Pro.local","reqId":"e751a062-fab3-4004-8eb6-2e146058e6f2","event":"request_completed","requestId":"e751a062-fab3-4004-8eb6-2e146058e6f2","method":"GET","route":"/api/v1/rankings","statusCode":200,"latencyMs":41.973,"msg":"request completed"}
{"level":30,"time":1789776981840,"pid":19535,"hostname":"Glebs-MacBook-Pro.local","reqId":"bc0ffe26-f8f9-417b-9aed-0bda9f2f601c","event":"request_completed","requestId":"bc0ffe26-f8f9-417b-9aed-0bda9f2f601c","method":"GET","route":"/api/v1/rankings","statusCode":200,"latencyMs":25.153,"msg":"request completed"}
{"level":30,"time":1789776981892,"pid":19535,"hostname":"Glebs-MacBook-Pro.local","reqId":"ec71e440-5380-480b-85d1-6afe44377d5d","event":"request_completed","requestId":"ec71e440-5380-480b-85d1-6afe44377d5d","method":"GET","route":"/api/v1/rankings","statusCode":200,"latencyMs":28.484,"msg":"request completed"}
{"level":30,"time":1789776981913,"pid":19535,"hostname":"Glebs-MacBook-Pro.local","reqId":"e95a86c2-b0d7-48f0-a845-f8dfa767f2b9","event":"request_completed","requestId":"e95a86c2-b0d7-48f0-a845-f8dfa767f2b9","method":"GET","route":"/api/v1/rankings","statusCode":200,"latencyMs":14.288,"msg":"request completed"}
{"level":30,"time":1789776982035,"pid":19535,"hostname":"Glebs-MacBook-Pro.local","reqId":"68eb294b-9bf0-4098-8713-ba366c58292d","event":"request_completed","requestId":"68eb294b-9bf0-4098-8713-ba366c58292d","method":"GET","route":"/api/v1/players/:userId","statusCode":200,"latencyMs":37.055,"msg":"request completed"}
{"level":30,"time":1789776982158,"pid":19535,"hostname":"Glebs-MacBook-Pro.local","reqId":"170915df-69ba-4b0e-abf8-02a896fda24d","event":"request_completed","requestId":"170915df-69ba-4b0e-abf8-02a896fda24d","method":"GET","route":"/api/v1/auth/me","statusCode":200,"latencyMs":15.091,"msg":"request completed"}
{"level":30,"time":1789776982190,"pid":19535,"hostname":"Glebs-MacBook-Pro.local","reqId":"186bd63d-8ab6-4162-bc39-09d8162c5fb1","event":"request_completed","requestId":"186bd63d-8ab6-4162-bc39-09d8162c5fb1","method":"GET","route":"/api/v1/matches/create-options","statusCode":200,"latencyMs":25.644,"msg":"request completed"}
{"level":30,"time":1789776982192,"pid":19535,"hostname":"Glebs-MacBook-Pro.local","reqId":"2ba5a4e9-4736-47e5-93da-84b5381a5486","event":"request_completed","requestId":"2ba5a4e9-4736-47e5-93da-84b5381a5486","method":"GET","route":"/api/v1/notifications","statusCode":200,"latencyMs":27.997,"msg":"request completed"}
  ✓  10 [chromium-desktop] › tests/e2e/wave-b.spec.ts:44:5 › Wave B AT-PROFILE-001..005 AT-RANK-005..006 own edit, revoke, team and private public card (2.1s)
{"level":30,"time":1789776982377,"pid":19535,"hostname":"Glebs-MacBook-Pro.local","reqId":"a2c2611a-f088-4631-b9d7-7ed06c260e64","event":"request_completed","requestId":"a2c2611a-f088-4631-b9d7-7ed06c260e64","method":"GET","route":"/health","statusCode":200,"latencyMs":0.159,"msg":"request completed"}
{"level":30,"time":1789776982418,"pid":19535,"hostname":"Glebs-MacBook-Pro.local","reqId":"a40bde15-dbd7-453b-b7e9-4ef1680ab830","event":"request_completed","requestId":"a40bde15-dbd7-453b-b7e9-4ef1680ab830","method":"POST","route":"/api/v1/auth/login","statusCode":200,"latencyMs":35.759,"msg":"request completed"}
{"level":30,"time":1789776982429,"pid":19535,"hostname":"Glebs-MacBook-Pro.local","reqId":"757fd8fa-ea70-4669-999d-cba40b983825","event":"request_completed","requestId":"757fd8fa-ea70-4669-999d-cba40b983825","method":"PATCH","route":"/api/v1/me/onboarding","statusCode":200,"latencyMs":6.519,"msg":"request completed"}
{"level":30,"time":1789776982453,"pid":19535,"hostname":"Glebs-MacBook-Pro.local","reqId":"8b29f2ec-5c37-42f8-80d2-1025951b11bf","event":"request_completed","requestId":"8b29f2ec-5c37-42f8-80d2-1025951b11bf","method":"POST","route":"/api/v1/matches","statusCode":200,"latencyMs":19.706,"msg":"request completed"}
{"level":30,"time":1789776982479,"pid":19535,"hostname":"Glebs-MacBook-Pro.local","reqId":"c490ab57-8d69-4fb2-b057-2362e1be2235","event":"request_completed","requestId":"c490ab57-8d69-4fb2-b057-2362e1be2235","method":"POST","route":"/api/v1/matches/:matchId/cancel","statusCode":200,"latencyMs":23.084,"msg":"request completed"}
{"level":30,"time":1789776982500,"pid":19535,"hostname":"Glebs-MacBook-Pro.local","reqId":"6b462eb6-9f0f-413b-a14b-5442e1a81ebc","event":"request_completed","requestId":"6b462eb6-9f0f-413b-a14b-5442e1a81ebc","method":"POST","route":"/api/v1/matches","statusCode":200,"latencyMs":16.182,"msg":"request completed"}
{"level":30,"time":1789776982525,"pid":19535,"hostname":"Glebs-MacBook-Pro.local","reqId":"8144b701-3599-473f-a530-8cac4a8d0ba3","event":"request_completed","requestId":"8144b701-3599-473f-a530-8cac4a8d0ba3","method":"POST","route":"/api/v1/matches/:matchId/cancel","statusCode":200,"latencyMs":21.239,"msg":"request completed"}
{"level":30,"time":1789776982544,"pid":19535,"hostname":"Glebs-MacBook-Pro.local","reqId":"f74c09d3-1c8b-4c71-ac82-575438937173","event":"request_completed","requestId":"f74c09d3-1c8b-4c71-ac82-575438937173","method":"POST","route":"/api/v1/matches","statusCode":200,"latencyMs":15.726,"msg":"request completed"}
{"level":30,"time":1789776982572,"pid":19535,"hostname":"Glebs-MacBook-Pro.local","reqId":"00cbe1eb-beeb-44cc-918a-c0ae05dea91c","event":"request_completed","requestId":"00cbe1eb-beeb-44cc-918a-c0ae05dea91c","method":"POST","route":"/api/v1/matches/:matchId/cancel","statusCode":200,"latencyMs":24.587,"msg":"request completed"}
{"level":30,"time":1789776982594,"pid":19535,"hostname":"Glebs-MacBook-Pro.local","reqId":"9024b327-97b7-4873-b347-3006ca4caca7","event":"request_completed","requestId":"9024b327-97b7-4873-b347-3006ca4caca7","method":"POST","route":"/api/v1/matches","statusCode":200,"latencyMs":18.164,"msg":"request completed"}
{"level":30,"time":1789776982625,"pid":19535,"hostname":"Glebs-MacBook-Pro.local","reqId":"f9a91859-6b62-4d6c-ac99-d23850ce8301","event":"request_completed","requestId":"f9a91859-6b62-4d6c-ac99-d23850ce8301","method":"POST","route":"/api/v1/matches/:matchId/cancel","statusCode":200,"latencyMs":25.254,"msg":"request completed"}
{"level":30,"time":1789776982647,"pid":19535,"hostname":"Glebs-MacBook-Pro.local","reqId":"36c366a0-85cf-4963-b834-02e53ffb2048","event":"request_completed","requestId":"36c366a0-85cf-4963-b834-02e53ffb2048","method":"POST","route":"/api/v1/matches","statusCode":200,"latencyMs":18.734,"msg":"request completed"}
{"level":30,"time":1789776982673,"pid":19535,"hostname":"Glebs-MacBook-Pro.local","reqId":"ec66581e-210e-4e77-ab15-a8541d58df05","event":"request_completed","requestId":"ec66581e-210e-4e77-ab15-a8541d58df05","method":"POST","route":"/api/v1/matches/:matchId/cancel","statusCode":200,"latencyMs":22.338,"msg":"request completed"}
{"level":30,"time":1789776982697,"pid":19535,"hostname":"Glebs-MacBook-Pro.local","reqId":"6e1f78e0-f170-40ec-be79-dc3e1e899a5d","event":"request_completed","requestId":"6e1f78e0-f170-40ec-be79-dc3e1e899a5d","method":"POST","route":"/api/v1/matches","statusCode":200,"latencyMs":19.744,"msg":"request completed"}
{"level":30,"time":1789776982726,"pid":19535,"hostname":"Glebs-MacBook-Pro.local","reqId":"c4744897-ef65-409b-82ae-b18c1fc500cd","event":"request_completed","requestId":"c4744897-ef65-409b-82ae-b18c1fc500cd","method":"POST","route":"/api/v1/matches/:matchId/cancel","statusCode":200,"latencyMs":24.494,"msg":"request completed"}
{"level":30,"time":1789776982751,"pid":19535,"hostname":"Glebs-MacBook-Pro.local","reqId":"fbafebe6-08ed-4e55-b141-954527c605f8","event":"request_completed","requestId":"fbafebe6-08ed-4e55-b141-954527c605f8","method":"POST","route":"/api/v1/matches","statusCode":200,"latencyMs":21.857,"msg":"request completed"}
{"level":30,"time":1789776982781,"pid":19535,"hostname":"Glebs-MacBook-Pro.local","reqId":"5761bfe9-6411-4e33-a852-57fcc53be33b","event":"request_completed","requestId":"5761bfe9-6411-4e33-a852-57fcc53be33b","method":"POST","route":"/api/v1/matches/:matchId/cancel","statusCode":200,"latencyMs":26.692,"msg":"request completed"}
{"level":30,"time":1789776982806,"pid":19535,"hostname":"Glebs-MacBook-Pro.local","reqId":"aa386924-2be6-44b7-a61b-65fd065fe32c","event":"request_completed","requestId":"aa386924-2be6-44b7-a61b-65fd065fe32c","method":"POST","route":"/api/v1/matches","statusCode":200,"latencyMs":20.578,"msg":"request completed"}
{"level":30,"time":1789776982838,"pid":19535,"hostname":"Glebs-MacBook-Pro.local","reqId":"01f11cd5-3699-4912-ae31-07548cf0c8d1","event":"request_completed","requestId":"01f11cd5-3699-4912-ae31-07548cf0c8d1","method":"POST","route":"/api/v1/matches/:matchId/cancel","statusCode":200,"latencyMs":28.06,"msg":"request completed"}
{"level":30,"time":1789776982863,"pid":19535,"hostname":"Glebs-MacBook-Pro.local","reqId":"4be712a7-4ac5-41f5-9464-348cae5154a8","event":"request_completed","requestId":"4be712a7-4ac5-41f5-9464-348cae5154a8","method":"POST","route":"/api/v1/matches","statusCode":200,"latencyMs":20.529,"msg":"request completed"}
{"level":30,"time":1789776982890,"pid":19535,"hostname":"Glebs-MacBook-Pro.local","reqId":"4c0a8668-745f-414b-a0d4-a5bcafb085a7","event":"request_completed","requestId":"4c0a8668-745f-414b-a0d4-a5bcafb085a7","method":"POST","route":"/api/v1/matches/:matchId/cancel","statusCode":200,"latencyMs":23.646,"msg":"request completed"}
{"level":30,"time":1789776982914,"pid":19535,"hostname":"Glebs-MacBook-Pro.local","reqId":"e5a16838-6118-48f9-a699-86d7a41f36e4","event":"request_completed","requestId":"e5a16838-6118-48f9-a699-86d7a41f36e4","method":"POST","route":"/api/v1/matches","statusCode":200,"latencyMs":19.757,"msg":"request completed"}
{"level":30,"time":1789776982942,"pid":19535,"hostname":"Glebs-MacBook-Pro.local","reqId":"94e60f2d-c6bd-4831-9732-df070375583d","event":"request_completed","requestId":"94e60f2d-c6bd-4831-9732-df070375583d","method":"POST","route":"/api/v1/matches/:matchId/cancel","statusCode":200,"latencyMs":24.612,"msg":"request completed"}
{"level":30,"time":1789776982963,"pid":19535,"hostname":"Glebs-MacBook-Pro.local","reqId":"a01114ff-86c2-4ae0-9632-7979509b88e0","event":"request_completed","requestId":"a01114ff-86c2-4ae0-9632-7979509b88e0","method":"POST","route":"/api/v1/matches","statusCode":200,"latencyMs":17.292,"msg":"request completed"}
{"level":30,"time":1789776982992,"pid":19535,"hostname":"Glebs-MacBook-Pro.local","reqId":"b046e9d4-85f6-4fb0-8db1-14ee1486679d","event":"request_completed","requestId":"b046e9d4-85f6-4fb0-8db1-14ee1486679d","method":"POST","route":"/api/v1/matches/:matchId/cancel","statusCode":200,"latencyMs":23.852,"msg":"request completed"}
{"level":30,"time":1789776983035,"pid":19535,"hostname":"Glebs-MacBook-Pro.local","reqId":"21c1b2d6-dc87-45aa-afd5-d1719bae9cb6","event":"request_completed","requestId":"21c1b2d6-dc87-45aa-afd5-d1719bae9cb6","method":"POST","route":"/api/v1/matches","statusCode":200,"latencyMs":38.554,"msg":"request completed"}
{"level":30,"time":1789776983070,"pid":19535,"hostname":"Glebs-MacBook-Pro.local","reqId":"10fc7464-0545-472c-88de-fc7e38017347","event":"request_completed","requestId":"10fc7464-0545-472c-88de-fc7e38017347","method":"POST","route":"/api/v1/matches/:matchId/cancel","statusCode":200,"latencyMs":31.186,"msg":"request completed"}
{"level":30,"time":1789776983093,"pid":19535,"hostname":"Glebs-MacBook-Pro.local","reqId":"7d8370c8-03f2-46bb-8caf-708461900110","event":"request_completed","requestId":"7d8370c8-03f2-46bb-8caf-708461900110","method":"POST","route":"/api/v1/matches","statusCode":200,"latencyMs":18.051,"msg":"request completed"}
{"level":30,"time":1789776983117,"pid":19535,"hostname":"Glebs-MacBook-Pro.local","reqId":"5eec184f-6c4f-44a4-a378-ed1ba982c7b2","event":"request_completed","requestId":"5eec184f-6c4f-44a4-a378-ed1ba982c7b2","method":"POST","route":"/api/v1/matches/:matchId/cancel","statusCode":200,"latencyMs":21.266,"msg":"request completed"}
{"level":30,"time":1789776983138,"pid":19535,"hostname":"Glebs-MacBook-Pro.local","reqId":"6844ec35-1dd6-4937-920d-b6cfd44fe926","event":"request_completed","requestId":"6844ec35-1dd6-4937-920d-b6cfd44fe926","method":"POST","route":"/api/v1/matches","statusCode":200,"latencyMs":17.365,"msg":"request completed"}
{"level":30,"time":1789776983163,"pid":19535,"hostname":"Glebs-MacBook-Pro.local","reqId":"e1d2f0b4-eea4-4242-83a5-2f2419b9fab8","event":"request_completed","requestId":"e1d2f0b4-eea4-4242-83a5-2f2419b9fab8","method":"POST","route":"/api/v1/matches/:matchId/cancel","statusCode":200,"latencyMs":21.261,"msg":"request completed"}
{"level":30,"time":1789776983181,"pid":19535,"hostname":"Glebs-MacBook-Pro.local","reqId":"ed7badef-577b-4e33-ad1f-9cfcb50cb60c","event":"request_completed","requestId":"ed7badef-577b-4e33-ad1f-9cfcb50cb60c","method":"POST","route":"/api/v1/matches","statusCode":200,"latencyMs":14.291,"msg":"request completed"}
{"level":30,"time":1789776983204,"pid":19535,"hostname":"Glebs-MacBook-Pro.local","reqId":"bbf694f2-ae8b-4321-8da1-30d5334cd1b7","event":"request_completed","requestId":"bbf694f2-ae8b-4321-8da1-30d5334cd1b7","method":"POST","route":"/api/v1/matches/:matchId/cancel","statusCode":200,"latencyMs":19.49,"msg":"request completed"}
{"level":30,"time":1789776983225,"pid":19535,"hostname":"Glebs-MacBook-Pro.local","reqId":"9d99394b-d06b-4013-8a51-368c0d4c55fe","event":"request_completed","requestId":"9d99394b-d06b-4013-8a51-368c0d4c55fe","method":"POST","route":"/api/v1/matches","statusCode":200,"latencyMs":16.341,"msg":"request completed"}
{"level":30,"time":1789776983253,"pid":19535,"hostname":"Glebs-MacBook-Pro.local","reqId":"321abb0f-4a13-4805-87ef-49cc88c57be5","event":"request_completed","requestId":"321abb0f-4a13-4805-87ef-49cc88c57be5","method":"POST","route":"/api/v1/matches/:matchId/cancel","statusCode":200,"latencyMs":24.218,"msg":"request completed"}
{"level":30,"time":1789776983274,"pid":19535,"hostname":"Glebs-MacBook-Pro.local","reqId":"753248b0-d415-4981-8ece-13e3a49e1f8e","event":"request_completed","requestId":"753248b0-d415-4981-8ece-13e3a49e1f8e","method":"POST","route":"/api/v1/matches","statusCode":200,"latencyMs":18.227,"msg":"request completed"}
{"level":30,"time":1789776983301,"pid":19535,"hostname":"Glebs-MacBook-Pro.local","reqId":"864eb81f-c4a1-431a-b163-e372947f6656","event":"request_completed","requestId":"864eb81f-c4a1-431a-b163-e372947f6656","method":"POST","route":"/api/v1/matches/:matchId/cancel","statusCode":200,"latencyMs":22.381,"msg":"request completed"}
{"level":30,"time":1789776983321,"pid":19535,"hostname":"Glebs-MacBook-Pro.local","reqId":"67fa7a18-48bf-4c29-a48f-8ff36dc2d136","event":"request_completed","requestId":"67fa7a18-48bf-4c29-a48f-8ff36dc2d136","method":"POST","route":"/api/v1/matches","statusCode":200,"latencyMs":17.041,"msg":"request completed"}
{"level":30,"time":1789776983346,"pid":19535,"hostname":"Glebs-MacBook-Pro.local","reqId":"ba68e6e1-2a2e-43cb-939f-f265470a6dcd","event":"request_completed","requestId":"ba68e6e1-2a2e-43cb-939f-f265470a6dcd","method":"POST","route":"/api/v1/matches/:matchId/cancel","statusCode":200,"latencyMs":21.303,"msg":"request completed"}
{"level":30,"time":1789776983367,"pid":19535,"hostname":"Glebs-MacBook-Pro.local","reqId":"657bee88-c2c7-421f-a060-a6dcb28aa9c5","event":"request_completed","requestId":"657bee88-c2c7-421f-a060-a6dcb28aa9c5","method":"POST","route":"/api/v1/matches","statusCode":200,"latencyMs":17.143,"msg":"request completed"}
{"level":30,"time":1789776983391,"pid":19535,"hostname":"Glebs-MacBook-Pro.local","reqId":"a9008a3a-dab4-416d-b60a-fc8e5142b00a","event":"request_completed","requestId":"a9008a3a-dab4-416d-b60a-fc8e5142b00a","method":"POST","route":"/api/v1/matches/:matchId/cancel","statusCode":200,"latencyMs":20.52,"msg":"request completed"}
{"level":30,"time":1789776983411,"pid":19535,"hostname":"Glebs-MacBook-Pro.local","reqId":"7da94e30-edb7-4282-9fbc-d9b8cf365875","event":"request_completed","requestId":"7da94e30-edb7-4282-9fbc-d9b8cf365875","method":"POST","route":"/api/v1/matches","statusCode":200,"latencyMs":16.892,"msg":"request completed"}
{"level":30,"time":1789776983433,"pid":19535,"hostname":"Glebs-MacBook-Pro.local","reqId":"237341ff-b1ec-498b-af56-944df9e37c56","event":"request_completed","requestId":"237341ff-b1ec-498b-af56-944df9e37c56","method":"POST","route":"/api/v1/matches/:matchId/cancel","statusCode":200,"latencyMs":19.296,"msg":"request completed"}
{"level":30,"time":1789776983452,"pid":19535,"hostname":"Glebs-MacBook-Pro.local","reqId":"4f29a2eb-2ac8-4eff-8dd2-b6ac85a65038","event":"request_completed","requestId":"4f29a2eb-2ac8-4eff-8dd2-b6ac85a65038","method":"POST","route":"/api/v1/matches","statusCode":200,"latencyMs":15.877,"msg":"request completed"}
{"level":30,"time":1789776983476,"pid":19535,"hostname":"Glebs-MacBook-Pro.local","reqId":"68a39828-81d1-4251-bf59-b714aadaf5a6","event":"request_completed","requestId":"68a39828-81d1-4251-bf59-b714aadaf5a6","method":"POST","route":"/api/v1/matches/:matchId/cancel","statusCode":200,"latencyMs":20.478,"msg":"request completed"}
{"level":30,"time":1789776983760,"pid":19535,"hostname":"Glebs-MacBook-Pro.local","reqId":"63c7b6b5-7164-4aa4-872f-3d6c671483dc","event":"request_completed","requestId":"63c7b6b5-7164-4aa4-872f-3d6c671483dc","method":"GET","route":"/api/v1/auth/me","statusCode":401,"latencyMs":0.12,"msg":"request completed"}
{"level":30,"time":1789776983941,"pid":19535,"hostname":"Glebs-MacBook-Pro.local","reqId":"c098ee95-a44f-4493-addb-5cfa178dfc31","event":"request_completed","requestId":"c098ee95-a44f-4493-addb-5cfa178dfc31","method":"POST","route":"/api/v1/auth/login","statusCode":200,"latencyMs":33.198,"msg":"request completed"}
{"level":30,"time":1789776983960,"pid":19535,"hostname":"Glebs-MacBook-Pro.local","reqId":"e718d9f7-2b7c-47d5-9b6a-af67fc1b4d4a","event":"request_completed","requestId":"e718d9f7-2b7c-47d5-9b6a-af67fc1b4d4a","method":"GET","route":"/api/v1/auth/me","statusCode":200,"latencyMs":16.72,"msg":"request completed"}
{"level":30,"time":1789776983973,"pid":19535,"hostname":"Glebs-MacBook-Pro.local","reqId":"b5a27e82-4643-44c2-8938-4a2aeaa8d4b7","event":"request_completed","requestId":"b5a27e82-4643-44c2-8938-4a2aeaa8d4b7","method":"GET","route":"/api/v1/notifications","statusCode":200,"latencyMs":28.114,"msg":"request completed"}
{"level":30,"time":1789776983993,"pid":19535,"hostname":"Glebs-MacBook-Pro.local","reqId":"c63ed865-4491-4f02-b5e8-5c2a4a5176fa","event":"request_completed","requestId":"c63ed865-4491-4f02-b5e8-5c2a4a5176fa","method":"GET","route":"/api/v1/home","statusCode":200,"latencyMs":45.508,"msg":"request completed"}
{"level":30,"time":1789776984019,"pid":19535,"hostname":"Glebs-MacBook-Pro.local","reqId":"229ce67f-dd1f-49ee-8fe0-5d65c16dd859","event":"request_completed","requestId":"229ce67f-dd1f-49ee-8fe0-5d65c16dd859","method":"GET","route":"/api/v1/auth/me","statusCode":200,"latencyMs":8.121,"msg":"request completed"}
{"level":30,"time":1789776984035,"pid":19535,"hostname":"Glebs-MacBook-Pro.local","reqId":"145da2ef-a4cc-4f61-b0dd-f2ab7b2c3a00","event":"request_completed","requestId":"145da2ef-a4cc-4f61-b0dd-f2ab7b2c3a00","method":"GET","route":"/api/v1/history","statusCode":200,"latencyMs":11.049,"msg":"request completed"}
{"level":30,"time":1789776984040,"pid":19535,"hostname":"Glebs-MacBook-Pro.local","reqId":"99396294-d3dd-4475-bb6c-f019e161a802","event":"request_completed","requestId":"99396294-d3dd-4475-bb6c-f019e161a802","method":"GET","route":"/api/v1/notifications","statusCode":200,"latencyMs":16.595,"msg":"request completed"}
{"level":30,"time":1789776984111,"pid":19535,"hostname":"Glebs-MacBook-Pro.local","reqId":"ed2b75d0-0f24-4577-a030-10435c915bb2","event":"request_completed","requestId":"ed2b75d0-0f24-4577-a030-10435c915bb2","method":"GET","route":"/api/v1/history","statusCode":200,"latencyMs":23.483,"msg":"request completed"}
{"level":30,"time":1789776984213,"pid":19535,"hostname":"Glebs-MacBook-Pro.local","reqId":"61c828a1-ade1-48db-8c50-76ed8e194cc9","event":"request_completed","requestId":"61c828a1-ade1-48db-8c50-76ed8e194cc9","method":"GET","route":"/api/v1/history","statusCode":200,"latencyMs":27.454,"msg":"request completed"}
{"level":30,"time":1789776984309,"pid":19535,"hostname":"Glebs-MacBook-Pro.local","reqId":"3307cc95-cfe3-46ed-affc-f31d10f7f09f","event":"request_completed","requestId":"3307cc95-cfe3-46ed-affc-f31d10f7f09f","method":"GET","route":"/api/v1/history","statusCode":200,"latencyMs":23.484,"msg":"request completed"}
{"level":30,"time":1789776984382,"pid":19535,"hostname":"Glebs-MacBook-Pro.local","reqId":"5c35260d-15ca-470a-83b6-5362bc3f9b79","event":"request_completed","requestId":"5c35260d-15ca-470a-83b6-5362bc3f9b79","method":"GET","route":"/api/v1/history","statusCode":200,"latencyMs":22.406,"msg":"request completed"}
{"level":30,"time":1789776984390,"pid":19535,"hostname":"Glebs-MacBook-Pro.local","reqId":"51cb18d1-7f17-42ba-98f3-8d15f5aec2a4","event":"request_completed","requestId":"51cb18d1-7f17-42ba-98f3-8d15f5aec2a4","method":"GET","route":"/api/v1/matches/:matchId","statusCode":200,"latencyMs":35.731,"msg":"request completed"}
{"level":30,"time":1789776984395,"pid":19535,"hostname":"Glebs-MacBook-Pro.local","reqId":"236dd98f-a23d-4cdd-9147-fdd5f24e603c","event":"request_completed","requestId":"236dd98f-a23d-4cdd-9147-fdd5f24e603c","method":"GET","route":"/api/v1/history","statusCode":200,"latencyMs":10.472,"msg":"request completed"}
  ✓  11 [chromium-desktop] › tests/e2e/wave-b.spec.ts:124:5 › Wave B AT-VIS-003 history pagination and detail return keep context (2.3s)
{"level":30,"time":1789776984686,"pid":19535,"hostname":"Glebs-MacBook-Pro.local","reqId":"356d3612-7675-4971-82a2-a2458a00b322","event":"request_completed","requestId":"356d3612-7675-4971-82a2-a2458a00b322","method":"GET","route":"/health","statusCode":200,"latencyMs":0.132,"msg":"request completed"}
{"level":30,"time":1789776984714,"pid":19535,"hostname":"Glebs-MacBook-Pro.local","reqId":"253dda61-3781-4a92-bc5e-de7759d4035b","event":"request_completed","requestId":"253dda61-3781-4a92-bc5e-de7759d4035b","method":"POST","route":"/api/v1/auth/login","statusCode":200,"latencyMs":24.686,"msg":"request completed"}
{"level":30,"time":1789776984727,"pid":19535,"hostname":"Glebs-MacBook-Pro.local","reqId":"6e32a188-3d03-40c5-aae2-b11f812ccb4f","event":"request_completed","requestId":"6e32a188-3d03-40c5-aae2-b11f812ccb4f","method":"PATCH","route":"/api/v1/me/onboarding","statusCode":200,"latencyMs":9.917,"msg":"request completed"}
{"level":30,"time":1789776984760,"pid":19535,"hostname":"Glebs-MacBook-Pro.local","reqId":"92ba0b0f-1ca6-454f-a4b9-08638bd82dbb","event":"request_completed","requestId":"92ba0b0f-1ca6-454f-a4b9-08638bd82dbb","method":"POST","route":"/api/v1/admin/users","statusCode":200,"latencyMs":29.344,"msg":"request completed"}
{"level":30,"time":1789776984786,"pid":19535,"hostname":"Glebs-MacBook-Pro.local","reqId":"8988bc66-089c-461a-bb06-7cadf0ab8cfc","event":"request_completed","requestId":"8988bc66-089c-461a-bb06-7cadf0ab8cfc","method":"POST","route":"/api/v1/auth/login","statusCode":200,"latencyMs":21.908,"msg":"request completed"}
{"level":30,"time":1789776984815,"pid":19535,"hostname":"Glebs-MacBook-Pro.local","reqId":"0dd8218c-a9b3-49f8-9182-b34356fb5a90","event":"request_completed","requestId":"0dd8218c-a9b3-49f8-9182-b34356fb5a90","method":"POST","route":"/api/v1/auth/password/first-change","statusCode":200,"latencyMs":25.452,"msg":"request completed"}
{"level":30,"time":1789776984825,"pid":19535,"hostname":"Glebs-MacBook-Pro.local","reqId":"85ea475a-fd9f-49ef-af62-1333b5a5d7af","event":"request_completed","requestId":"85ea475a-fd9f-49ef-af62-1333b5a5d7af","method":"PATCH","route":"/api/v1/me/onboarding","statusCode":200,"latencyMs":6.032,"msg":"request completed"}
{"level":30,"time":1789776984843,"pid":19535,"hostname":"Glebs-MacBook-Pro.local","reqId":"4f39e2e3-afea-4d52-a7b3-fe4864aa31ff","event":"request_completed","requestId":"4f39e2e3-afea-4d52-a7b3-fe4864aa31ff","method":"POST","route":"/api/v1/teams","statusCode":200,"latencyMs":15.071,"msg":"request completed"}
{"level":30,"time":1789776984870,"pid":19535,"hostname":"Glebs-MacBook-Pro.local","reqId":"61bfa842-005d-4e48-b576-598760eb2d9d","event":"request_completed","requestId":"61bfa842-005d-4e48-b576-598760eb2d9d","method":"POST","route":"/api/v1/teams/:id/invite","statusCode":200,"latencyMs":23.665,"msg":"request completed"}
{"level":30,"time":1789776984888,"pid":19535,"hostname":"Glebs-MacBook-Pro.local","reqId":"1c13a812-cb21-436d-8930-b857f8f84814","event":"request_completed","requestId":"1c13a812-cb21-436d-8930-b857f8f84814","method":"POST","route":"/api/v1/team-invitations/:id/respond","statusCode":200,"latencyMs":14.103,"msg":"request completed"}
{"level":30,"time":1789776985153,"pid":19535,"hostname":"Glebs-MacBook-Pro.local","reqId":"6901ac59-36e3-4c19-b632-2d58d2019103","event":"request_completed","requestId":"6901ac59-36e3-4c19-b632-2d58d2019103","method":"GET","route":"/api/v1/auth/me","statusCode":401,"latencyMs":0.147,"msg":"request completed"}
{"level":30,"time":1789776985315,"pid":19535,"hostname":"Glebs-MacBook-Pro.local","reqId":"387ec273-0d18-4a00-b1a8-e0f5a465ce4d","event":"request_completed","requestId":"387ec273-0d18-4a00-b1a8-e0f5a465ce4d","method":"POST","route":"/api/v1/auth/login","statusCode":200,"latencyMs":28.523,"msg":"request completed"}
{"level":30,"time":1789776985330,"pid":19535,"hostname":"Glebs-MacBook-Pro.local","reqId":"1563ea90-b2eb-4b1a-a8b4-086e3bc5bdae","event":"request_completed","requestId":"1563ea90-b2eb-4b1a-a8b4-086e3bc5bdae","method":"GET","route":"/api/v1/auth/me","statusCode":200,"latencyMs":12.549,"msg":"request completed"}
{"level":30,"time":1789776985358,"pid":19535,"hostname":"Glebs-MacBook-Pro.local","reqId":"6b8925ba-af7f-420a-9aef-76ee8fa8e9ff","event":"request_completed","requestId":"6b8925ba-af7f-420a-9aef-76ee8fa8e9ff","method":"GET","route":"/api/v1/notifications","statusCode":200,"latencyMs":38.564,"msg":"request completed"}
{"level":30,"time":1789776985381,"pid":19535,"hostname":"Glebs-MacBook-Pro.local","reqId":"4104a48c-0c08-4eb0-a8cd-4a7186cb8ee4","event":"request_completed","requestId":"4104a48c-0c08-4eb0-a8cd-4a7186cb8ee4","method":"GET","route":"/api/v1/home","statusCode":200,"latencyMs":59.209,"msg":"request completed"}
{"level":30,"time":1789776985398,"pid":19535,"hostname":"Glebs-MacBook-Pro.local","reqId":"431a1d48-f329-4de9-a98b-6867564340a1","event":"request_completed","requestId":"431a1d48-f329-4de9-a98b-6867564340a1","method":"GET","route":"/api/v1/auth/me","statusCode":200,"latencyMs":4.912,"msg":"request completed"}
{"level":30,"time":1789776985420,"pid":19535,"hostname":"Glebs-MacBook-Pro.local","reqId":"548d1941-20c9-45b1-8cf6-5c34faa73478","event":"request_completed","requestId":"548d1941-20c9-45b1-8cf6-5c34faa73478","method":"GET","route":"/api/v1/matches/create-options","statusCode":200,"latencyMs":11.645,"msg":"request completed"}
{"level":30,"time":1789776985421,"pid":19535,"hostname":"Glebs-MacBook-Pro.local","reqId":"a5f9a481-c01e-4973-94a6-be68060f3cad","event":"request_completed","requestId":"a5f9a481-c01e-4973-94a6-be68060f3cad","method":"GET","route":"/api/v1/notifications","statusCode":200,"latencyMs":13.068,"msg":"request completed"}
{"level":30,"time":1789776985768,"pid":19535,"hostname":"Glebs-MacBook-Pro.local","reqId":"7cdf86ef-519a-4e8e-a643-86b52802f89d","event":"request_completed","requestId":"7cdf86ef-519a-4e8e-a643-86b52802f89d","method":"POST","route":"/api/v1/matches","statusCode":200,"latencyMs":50.783,"msg":"request completed"}
{"level":30,"time":1789776985791,"pid":19535,"hostname":"Glebs-MacBook-Pro.local","reqId":"214f1783-3961-410f-9b4c-6bf21a28caa2","event":"request_completed","requestId":"214f1783-3961-410f-9b4c-6bf21a28caa2","method":"GET","route":"/api/v1/matches/:matchId","statusCode":200,"latencyMs":19.157,"msg":"request completed"}
{"level":30,"time":1789776985825,"pid":19535,"hostname":"Glebs-MacBook-Pro.local","reqId":"34535d93-41fe-4d81-a475-743f42094f80","event":"request_completed","requestId":"34535d93-41fe-4d81-a475-743f42094f80","method":"GET","route":"/api/v1/matches/:matchId","statusCode":200,"latencyMs":18.597,"msg":"request completed"}
{"level":30,"time":1789776985951,"pid":19535,"hostname":"Glebs-MacBook-Pro.local","reqId":"4d0aa8fa-b91e-4e76-961d-cdc7f26f0546","event":"request_completed","requestId":"4d0aa8fa-b91e-4e76-961d-cdc7f26f0546","method":"POST","route":"/api/v1/matches/:matchId/no-show","statusCode":200,"latencyMs":66.329,"msg":"request completed"}
{"level":30,"time":1789776985990,"pid":19535,"hostname":"Glebs-MacBook-Pro.local","reqId":"704a8243-58f2-4141-9f01-dc9b9c531f1d","event":"request_completed","requestId":"704a8243-58f2-4141-9f01-dc9b9c531f1d","method":"GET","route":"/api/v1/matches/:matchId","statusCode":200,"latencyMs":20.974,"msg":"request completed"}
{"level":30,"time":1789776986014,"pid":19535,"hostname":"Glebs-MacBook-Pro.local","reqId":"3f496197-03bb-4390-8450-73e8d1dddc7a","event":"request_completed","requestId":"3f496197-03bb-4390-8450-73e8d1dddc7a","method":"GET","route":"/api/v1/auth/me","statusCode":200,"latencyMs":8.372,"msg":"request completed"}
{"level":30,"time":1789776986045,"pid":19535,"hostname":"Glebs-MacBook-Pro.local","reqId":"a9cd849d-a431-429e-857f-d67cc61d4ee9","event":"request_completed","requestId":"a9cd849d-a431-429e-857f-d67cc61d4ee9","method":"GET","route":"/api/v1/matches/create-options","statusCode":200,"latencyMs":18.534,"msg":"request completed"}
{"level":30,"time":1789776986047,"pid":19535,"hostname":"Glebs-MacBook-Pro.local","reqId":"7d8e8b7c-9d57-418d-b119-ec9927fc5988","event":"request_completed","requestId":"7d8e8b7c-9d57-418d-b119-ec9927fc5988","method":"GET","route":"/api/v1/notifications","statusCode":200,"latencyMs":20.066,"msg":"request completed"}
  ✓  12 [chromium-desktop] › tests/e2e/wave-c.spec.ts:38:5 › Wave C AT-MATCH-013_016 2v2 team selection, rules, no-show and hidden revenge (1.5s)
{"level":30,"time":1789776986220,"pid":19535,"hostname":"Glebs-MacBook-Pro.local","reqId":"4ab2c41e-b578-4011-a9e6-0fb96bf15c96","event":"request_completed","requestId":"4ab2c41e-b578-4011-a9e6-0fb96bf15c96","method":"GET","route":"/health","statusCode":200,"latencyMs":0.143,"msg":"request completed"}
{"level":30,"time":1789776986251,"pid":19535,"hostname":"Glebs-MacBook-Pro.local","reqId":"a5fac614-41df-411d-9565-ef2029458b82","event":"request_completed","requestId":"a5fac614-41df-411d-9565-ef2029458b82","method":"POST","route":"/api/v1/auth/login","statusCode":200,"latencyMs":27.042,"msg":"request completed"}
{"level":30,"time":1789776986266,"pid":19535,"hostname":"Glebs-MacBook-Pro.local","reqId":"a2717008-a89a-4eb4-a80a-3eca06e86800","event":"request_completed","requestId":"a2717008-a89a-4eb4-a80a-3eca06e86800","method":"PATCH","route":"/api/v1/me/onboarding","statusCode":200,"latencyMs":12.208,"msg":"request completed"}
{"level":30,"time":1789776986305,"pid":19535,"hostname":"Glebs-MacBook-Pro.local","reqId":"91f65823-3c62-46cb-970e-1946ac8a862e","event":"request_completed","requestId":"91f65823-3c62-46cb-970e-1946ac8a862e","method":"POST","route":"/api/v1/admin/users","statusCode":200,"latencyMs":34.901,"msg":"request completed"}
{"level":30,"time":1789776986335,"pid":19535,"hostname":"Glebs-MacBook-Pro.local","reqId":"d2598de8-8d52-42f1-874a-395db2317efe","event":"request_completed","requestId":"d2598de8-8d52-42f1-874a-395db2317efe","method":"POST","route":"/api/v1/auth/login","statusCode":200,"latencyMs":25.373,"msg":"request completed"}
{"level":30,"time":1789776986374,"pid":19535,"hostname":"Glebs-MacBook-Pro.local","reqId":"75568573-1553-4e74-860e-adcb1954f52c","event":"request_completed","requestId":"75568573-1553-4e74-860e-adcb1954f52c","method":"POST","route":"/api/v1/auth/password/first-change","statusCode":200,"latencyMs":35.474,"msg":"request completed"}
{"level":30,"time":1789776986390,"pid":19535,"hostname":"Glebs-MacBook-Pro.local","reqId":"5ca0476e-8489-44c4-8217-a254863147e4","event":"request_completed","requestId":"5ca0476e-8489-44c4-8217-a254863147e4","method":"PATCH","route":"/api/v1/me/onboarding","statusCode":200,"latencyMs":11.818,"msg":"request completed"}
{"level":30,"time":1789776986474,"pid":19535,"hostname":"Glebs-MacBook-Pro.local","reqId":"d406aa1f-67d9-4ffe-849b-3a1174096776","event":"request_completed","requestId":"d406aa1f-67d9-4ffe-849b-3a1174096776","method":"GET","route":"/api/v1/profile/me","statusCode":200,"latencyMs":43.82,"msg":"request completed"}
{"level":30,"time":1789776986500,"pid":19535,"hostname":"Glebs-MacBook-Pro.local","reqId":"10b9aaa0-313e-4a6b-a541-67d7d692ed70","event":"request_completed","requestId":"10b9aaa0-313e-4a6b-a541-67d7d692ed70","method":"POST","route":"/api/v1/matches","statusCode":200,"latencyMs":23.287,"msg":"request completed"}
{"level":30,"time":1789776986768,"pid":19535,"hostname":"Glebs-MacBook-Pro.local","reqId":"c3328a1c-5718-4fa0-985e-f16a9994db06","event":"request_completed","requestId":"c3328a1c-5718-4fa0-985e-f16a9994db06","method":"GET","route":"/api/v1/auth/me","statusCode":401,"latencyMs":0.111,"msg":"request completed"}
{"level":30,"time":1789776986955,"pid":19535,"hostname":"Glebs-MacBook-Pro.local","reqId":"e24ca9c2-fdf0-4b6a-b6b9-66bfa9bebb33","event":"request_completed","requestId":"e24ca9c2-fdf0-4b6a-b6b9-66bfa9bebb33","method":"POST","route":"/api/v1/auth/login","statusCode":200,"latencyMs":39.06,"msg":"request completed"}
{"level":30,"time":1789776986975,"pid":19535,"hostname":"Glebs-MacBook-Pro.local","reqId":"c36e3117-04e0-4ee5-9d80-5f046051d417","event":"request_completed","requestId":"c36e3117-04e0-4ee5-9d80-5f046051d417","method":"GET","route":"/api/v1/auth/me","statusCode":200,"latencyMs":18.173,"msg":"request completed"}
{"level":30,"time":1789776986995,"pid":19535,"hostname":"Glebs-MacBook-Pro.local","reqId":"3769dee6-23e8-4cc3-8a6b-d683fe9b5644","event":"request_completed","requestId":"3769dee6-23e8-4cc3-8a6b-d683fe9b5644","method":"GET","route":"/api/v1/notifications","statusCode":200,"latencyMs":35.957,"msg":"request completed"}
{"level":30,"time":1789776987019,"pid":19535,"hostname":"Glebs-MacBook-Pro.local","reqId":"d4a8514f-8094-4201-9c4a-8641d2b3de63","event":"request_completed","requestId":"d4a8514f-8094-4201-9c4a-8641d2b3de63","method":"GET","route":"/api/v1/home","statusCode":200,"latencyMs":57.787,"msg":"request completed"}
{"level":30,"time":1789776987025,"pid":19535,"hostname":"Glebs-MacBook-Pro.local","reqId":"a305f048-48ec-4c2f-84c3-220fb14a2004","event":"request_completed","requestId":"a305f048-48ec-4c2f-84c3-220fb14a2004","method":"GET","route":"/api/v1/auth/me","statusCode":200,"latencyMs":4.436,"msg":"request completed"}
{"level":30,"time":1789776987044,"pid":19535,"hostname":"Glebs-MacBook-Pro.local","reqId":"ad75244e-a7da-42db-9070-9d3bc0918017","event":"request_completed","requestId":"ad75244e-a7da-42db-9070-9d3bc0918017","method":"GET","route":"/api/v1/matches/:matchId","statusCode":200,"latencyMs":12.197,"msg":"request completed"}
{"level":30,"time":1789776987069,"pid":19535,"hostname":"Glebs-MacBook-Pro.local","reqId":"2db82be1-ceb3-4761-b6b9-434f2a472837","event":"request_completed","requestId":"2db82be1-ceb3-4761-b6b9-434f2a472837","method":"POST","route":"/api/v1/matches/:matchId/judge/acquire","statusCode":200,"latencyMs":23.446,"msg":"request completed"}
{"level":30,"time":1789776987082,"pid":19535,"hostname":"Glebs-MacBook-Pro.local","reqId":"2a5c9db0-65ff-4366-94d5-b71c8e240c9e","event":"request_completed","requestId":"2a5c9db0-65ff-4366-94d5-b71c8e240c9e","method":"GET","route":"/api/v1/matches/:matchId","statusCode":200,"latencyMs":10.694,"msg":"request completed"}
{"level":30,"time":1789776987094,"pid":19535,"hostname":"Glebs-MacBook-Pro.local","reqId":"2380a5c8-e611-48ce-8db3-c0c347d41e17","event":"request_completed","requestId":"2380a5c8-e611-48ce-8db3-c0c347d41e17","method":"POST","route":"/api/v1/matches/:matchId/judge/heartbeat","statusCode":200,"latencyMs":7.676,"msg":"request completed"}
{"level":30,"time":1789776987117,"pid":19535,"hostname":"Glebs-MacBook-Pro.local","reqId":"c7cd9b7a-d3f3-4fc0-91f5-684c5676e760","event":"request_completed","requestId":"c7cd9b7a-d3f3-4fc0-91f5-684c5676e760","method":"GET","route":"/api/v1/matches/:matchId","statusCode":200,"latencyMs":21.065,"msg":"request completed"}
{"level":30,"time":1789776987199,"pid":19535,"hostname":"Glebs-MacBook-Pro.local","reqId":"3322ef5f-18f1-44ab-9fba-746872ccf202","event":"request_completed","requestId":"3322ef5f-18f1-44ab-9fba-746872ccf202","method":"POST","route":"/api/v1/matches/:matchId/start","statusCode":200,"latencyMs":39.629,"msg":"request completed"}
{"level":30,"time":1789776987225,"pid":19535,"hostname":"Glebs-MacBook-Pro.local","reqId":"e9a0189f-4282-40fd-8c06-de3d4a33d740","event":"request_completed","requestId":"e9a0189f-4282-40fd-8c06-de3d4a33d740","method":"POST","route":"/api/v1/matches/:matchId/judge/setup","statusCode":200,"latencyMs":23.899,"msg":"request completed"}
{"level":30,"time":1789776987236,"pid":19535,"hostname":"Glebs-MacBook-Pro.local","reqId":"5be3daf1-1c59-4011-8437-9512c05f712e","event":"request_completed","requestId":"5be3daf1-1c59-4011-8437-9512c05f712e","method":"POST","route":"/api/v1/matches/:matchId/judge/heartbeat","statusCode":200,"latencyMs":6.532,"msg":"request completed"}
{"level":30,"time":1789776987253,"pid":19535,"hostname":"Glebs-MacBook-Pro.local","reqId":"56b1ef42-dbe6-4de7-9d85-5b2c792fd39f","event":"request_completed","requestId":"56b1ef42-dbe6-4de7-9d85-5b2c792fd39f","method":"GET","route":"/api/v1/matches/:matchId","statusCode":200,"latencyMs":15.451,"msg":"request completed"}
{"level":30,"time":1789776987284,"pid":19535,"hostname":"Glebs-MacBook-Pro.local","reqId":"0bc50955-21a2-44ea-96f8-58dd5aee59ce","event":"request_completed","requestId":"0bc50955-21a2-44ea-96f8-58dd5aee59ce","method":"GET","route":"/api/v1/users/directory","statusCode":200,"latencyMs":5.901,"msg":"request completed"}
{"level":30,"time":1789776987384,"pid":19535,"hostname":"Glebs-MacBook-Pro.local","reqId":"0a128cd5-33cb-43d6-85a9-c29826e64e8b","event":"request_completed","requestId":"0a128cd5-33cb-43d6-85a9-c29826e64e8b","method":"POST","route":"/api/v1/matches/:matchId/manual-correction","statusCode":200,"latencyMs":23.692,"msg":"request completed"}
{"level":30,"time":1789776987495,"pid":19535,"hostname":"Glebs-MacBook-Pro.local","reqId":"6db5d7b7-09e2-4da3-b898-11ee59585164","event":"request_completed","requestId":"6db5d7b7-09e2-4da3-b898-11ee59585164","method":"POST","route":"/api/v1/matches/:matchId/points","statusCode":200,"latencyMs":37.021,"msg":"request completed"}
{"level":30,"time":1789776987566,"pid":19535,"hostname":"Glebs-MacBook-Pro.local","reqId":"744a2e50-f0fd-416a-83ef-35543f785f62","event":"request_completed","requestId":"744a2e50-f0fd-416a-83ef-35543f785f62","method":"GET","route":"/api/v1/matches/:matchId","statusCode":200,"latencyMs":27.68,"msg":"request completed"}
{"level":30,"time":1789776987653,"pid":19535,"hostname":"Glebs-MacBook-Pro.local","reqId":"a6b99695-9c97-460e-bb30-55f23333866e","event":"request_completed","requestId":"a6b99695-9c97-460e-bb30-55f23333866e","method":"POST","route":"/api/v1/matches/:matchId/undo","statusCode":200,"latencyMs":61.151,"msg":"request completed"}
{"level":30,"time":1789776987822,"pid":19535,"hostname":"Glebs-MacBook-Pro.local","reqId":"dacf96d5-34fb-40d2-8eb0-3117c99778c1","event":"request_completed","requestId":"dacf96d5-34fb-40d2-8eb0-3117c99778c1","method":"POST","route":"/api/v1/matches/:matchId/manual-correction","statusCode":200,"latencyMs":45.265,"msg":"request completed"}
{"level":30,"time":1789776987970,"pid":19535,"hostname":"Glebs-MacBook-Pro.local","reqId":"dbb44c76-ee25-4965-950d-7330c7a9a29d","event":"request_completed","requestId":"dbb44c76-ee25-4965-950d-7330c7a9a29d","method":"POST","route":"/api/v1/matches/:matchId/judge/handover","statusCode":200,"latencyMs":45.26,"msg":"request completed"}
{"level":30,"time":1789776987990,"pid":19535,"hostname":"Glebs-MacBook-Pro.local","reqId":"f39e6fc3-c5f0-4fb2-a8b1-195a209a66a3","event":"request_completed","requestId":"f39e6fc3-c5f0-4fb2-a8b1-195a209a66a3","method":"GET","route":"/api/v1/notifications","statusCode":200,"latencyMs":14.318,"msg":"request completed"}
{"level":30,"time":1789776987992,"pid":19535,"hostname":"Glebs-MacBook-Pro.local","reqId":"49e04f7f-0ed2-469d-b6b8-6bb38e82439b","event":"request_completed","requestId":"49e04f7f-0ed2-469d-b6b8-6bb38e82439b","method":"GET","route":"/api/v1/matches/:matchId","statusCode":200,"latencyMs":16.169,"msg":"request completed"}
{"level":30,"time":1789776988020,"pid":19535,"hostname":"Glebs-MacBook-Pro.local","reqId":"f92a1713-1231-4517-b653-473adb27b630","event":"request_completed","requestId":"f92a1713-1231-4517-b653-473adb27b630","method":"GET","route":"/api/v1/matches/:matchId","statusCode":200,"latencyMs":12.802,"msg":"request completed"}
{"level":30,"time":1789776988033,"pid":19535,"hostname":"Glebs-MacBook-Pro.local","reqId":"ee425437-b8bb-4860-bb76-287ad7488546","event":"request_completed","requestId":"ee425437-b8bb-4860-bb76-287ad7488546","method":"POST","route":"/api/v1/matches/:matchId/points","statusCode":400,"latencyMs":6.825,"msg":"request completed"}
{"level":30,"time":1789776988318,"pid":19535,"hostname":"Glebs-MacBook-Pro.local","reqId":"9de2e3ba-a90e-4536-9ab3-6dd7029cb846","event":"request_completed","requestId":"9de2e3ba-a90e-4536-9ab3-6dd7029cb846","method":"GET","route":"/api/v1/auth/me","statusCode":200,"latencyMs":11.291,"msg":"request completed"}
{"level":30,"time":1789776988386,"pid":19535,"hostname":"Glebs-MacBook-Pro.local","reqId":"b7f06011-a3a6-4e8e-9886-b3d2fa6d6990","event":"request_completed","requestId":"b7f06011-a3a6-4e8e-9886-b3d2fa6d6990","method":"GET","route":"/api/v1/matches/:matchId","statusCode":200,"latencyMs":35.234,"msg":"request completed"}
{"level":30,"time":1789776988420,"pid":19535,"hostname":"Glebs-MacBook-Pro.local","reqId":"40ce48ee-f807-463a-930c-6b6a1bcd8d07","event":"request_completed","requestId":"40ce48ee-f807-463a-930c-6b6a1bcd8d07","method":"POST","route":"/api/v1/matches/:matchId/judge/acquire","statusCode":200,"latencyMs":30.836,"msg":"request completed"}
{"level":30,"time":1789776988433,"pid":19535,"hostname":"Glebs-MacBook-Pro.local","reqId":"72f0a3a1-4f76-4f80-9c90-a68c245879ad","event":"request_completed","requestId":"72f0a3a1-4f76-4f80-9c90-a68c245879ad","method":"GET","route":"/api/v1/matches/:matchId","statusCode":200,"latencyMs":11.74,"msg":"request completed"}
{"level":30,"time":1789776988453,"pid":19535,"hostname":"Glebs-MacBook-Pro.local","reqId":"6e1d6e66-49f2-4d67-a427-05e755a189e2","event":"request_completed","requestId":"6e1d6e66-49f2-4d67-a427-05e755a189e2","method":"POST","route":"/api/v1/matches/:matchId/judge/heartbeat","statusCode":200,"latencyMs":11.731,"msg":"request completed"}
{"level":30,"time":1789776988467,"pid":19535,"hostname":"Glebs-MacBook-Pro.local","reqId":"8fd6c185-05af-4216-b9c4-791d893d1bde","event":"request_completed","requestId":"8fd6c185-05af-4216-b9c4-791d893d1bde","method":"GET","route":"/api/v1/matches/:matchId","statusCode":200,"latencyMs":12.076,"msg":"request completed"}
{"level":30,"time":1789776988546,"pid":19535,"hostname":"Glebs-MacBook-Pro.local","reqId":"a652483c-c454-4b58-97c6-9f27c3d55291","event":"request_completed","requestId":"a652483c-c454-4b58-97c6-9f27c3d55291","method":"POST","route":"/api/v1/matches/:matchId/points","statusCode":200,"latencyMs":46.925,"msg":"request completed"}
{"level":30,"time":1789776988667,"pid":19535,"hostname":"Glebs-MacBook-Pro.local","reqId":"87bed000-69b4-4d94-bbe5-34400a6c3a46","event":"request_completed","requestId":"87bed000-69b4-4d94-bbe5-34400a6c3a46","method":"POST","route":"/api/v1/matches/:matchId/confirm-finish","statusCode":200,"latencyMs":52.588,"msg":"request completed"}
{"level":30,"time":1789776988687,"pid":19535,"hostname":"Glebs-MacBook-Pro.local","reqId":"70418c0f-aa2b-4608-b75f-1ddaa028d037","event":"request_completed","requestId":"70418c0f-aa2b-4608-b75f-1ddaa028d037","method":"GET","route":"/api/v1/notifications","statusCode":200,"latencyMs":13.57,"msg":"request completed"}
{"level":30,"time":1789776988687,"pid":19535,"hostname":"Glebs-MacBook-Pro.local","reqId":"0535f7ff-997d-4b2f-8600-b695659c2d17","event":"request_completed","requestId":"0535f7ff-997d-4b2f-8600-b695659c2d17","method":"GET","route":"/api/v1/matches/:matchId","statusCode":200,"latencyMs":13.452,"msg":"request completed"}
{"level":30,"time":1789776988715,"pid":19535,"hostname":"Glebs-MacBook-Pro.local","reqId":"d4ad854d-02c7-438c-aecc-acecac5d4e0e","event":"request_completed","requestId":"d4ad854d-02c7-438c-aecc-acecac5d4e0e","method":"GET","route":"/api/v1/matches/:matchId","statusCode":200,"latencyMs":17.434,"msg":"request completed"}
{"level":30,"time":1789776988742,"pid":19535,"hostname":"Glebs-MacBook-Pro.local","reqId":"570d7b3e-8c11-4183-9441-b88eb8f76d4e","event":"request_completed","requestId":"570d7b3e-8c11-4183-9441-b88eb8f76d4e","method":"GET","route":"/api/v1/profile/me","statusCode":200,"latencyMs":23.891,"msg":"request completed"}
{"level":30,"time":1789776988758,"pid":19535,"hostname":"Glebs-MacBook-Pro.local","reqId":"eeac578f-2522-412f-a895-1ed4a91bc606","event":"request_completed","requestId":"eeac578f-2522-412f-a895-1ed4a91bc606","method":"GET","route":"/api/v1/profile/me","statusCode":200,"latencyMs":13.2,"msg":"request completed"}
{"level":30,"time":1789776988791,"pid":19535,"hostname":"Glebs-MacBook-Pro.local","reqId":"51096f4e-6853-45d9-ac2a-5e3660ee8340","event":"request_completed","requestId":"51096f4e-6853-45d9-ac2a-5e3660ee8340","method":"GET","route":"/api/v1/auth/me","statusCode":200,"latencyMs":17.848,"msg":"request completed"}
{"level":30,"time":1789776988808,"pid":19535,"hostname":"Glebs-MacBook-Pro.local","reqId":"5620f23c-a913-44b9-ae3d-9583559bee9e","event":"request_completed","requestId":"5620f23c-a913-44b9-ae3d-9583559bee9e","method":"GET","route":"/api/v1/notifications","statusCode":200,"latencyMs":13.513,"msg":"request completed"}
{"level":30,"time":1789776988808,"pid":19535,"hostname":"Glebs-MacBook-Pro.local","reqId":"9958930c-93e9-48a7-9a0d-2bd2870ea3a5","event":"request_completed","requestId":"9958930c-93e9-48a7-9a0d-2bd2870ea3a5","method":"GET","route":"/api/v1/matches/:matchId","statusCode":200,"latencyMs":13.403,"msg":"request completed"}
  ✓  13 [chromium-desktop] › tests/e2e/wave-c.spec.ts:79:5 › Wave C AT-JUDGE-004_010 correction, undo and two-client handover preserve authority (2.8s)
{"level":30,"time":1789776989040,"pid":19535,"hostname":"Glebs-MacBook-Pro.local","reqId":"6f709d73-22f3-4c63-8b65-8c64d8d6bc56","event":"request_completed","requestId":"6f709d73-22f3-4c63-8b65-8c64d8d6bc56","method":"GET","route":"/health","statusCode":200,"latencyMs":0.155,"msg":"request completed"}
{"level":30,"time":1789776989071,"pid":19535,"hostname":"Glebs-MacBook-Pro.local","reqId":"b397fa68-960d-4654-97db-8efb2a8badeb","event":"request_completed","requestId":"b397fa68-960d-4654-97db-8efb2a8badeb","method":"POST","route":"/api/v1/auth/login","statusCode":200,"latencyMs":27.549,"msg":"request completed"}
{"level":30,"time":1789776989088,"pid":19535,"hostname":"Glebs-MacBook-Pro.local","reqId":"26b6e6c5-f3ba-4098-9c08-83d611558bd5","event":"request_completed","requestId":"26b6e6c5-f3ba-4098-9c08-83d611558bd5","method":"PATCH","route":"/api/v1/me/onboarding","statusCode":200,"latencyMs":13.14,"msg":"request completed"}
{"level":30,"time":1789776989132,"pid":19535,"hostname":"Glebs-MacBook-Pro.local","reqId":"a6f39ae5-5fde-43a0-b29f-07327730f366","event":"request_completed","requestId":"a6f39ae5-5fde-43a0-b29f-07327730f366","method":"POST","route":"/api/v1/admin/users","statusCode":200,"latencyMs":41.822,"msg":"request completed"}
{"level":30,"time":1789776989162,"pid":19535,"hostname":"Glebs-MacBook-Pro.local","reqId":"dba62c7c-6581-4408-83d7-412e78249279","event":"request_completed","requestId":"dba62c7c-6581-4408-83d7-412e78249279","method":"POST","route":"/api/v1/auth/login","statusCode":200,"latencyMs":24.908,"msg":"request completed"}
{"level":30,"time":1789776989200,"pid":19535,"hostname":"Glebs-MacBook-Pro.local","reqId":"ac86e3cd-e4ff-431f-924b-3aea1aab107e","event":"request_completed","requestId":"ac86e3cd-e4ff-431f-924b-3aea1aab107e","method":"POST","route":"/api/v1/auth/password/first-change","statusCode":200,"latencyMs":34.476,"msg":"request completed"}
{"level":30,"time":1789776989208,"pid":19535,"hostname":"Glebs-MacBook-Pro.local","reqId":"a9211906-0e76-4276-ad6d-8dbea6fa548b","event":"request_completed","requestId":"a9211906-0e76-4276-ad6d-8dbea6fa548b","method":"PATCH","route":"/api/v1/me/onboarding","statusCode":200,"latencyMs":4.969,"msg":"request completed"}
{"level":30,"time":1789776989263,"pid":19535,"hostname":"Glebs-MacBook-Pro.local","reqId":"fa7f6e07-c066-4880-a207-c8941a195ef1","event":"request_completed","requestId":"fa7f6e07-c066-4880-a207-c8941a195ef1","method":"POST","route":"/api/v1/matches","statusCode":200,"latencyMs":15.628,"msg":"request completed"}
{"level":30,"time":1789776989537,"pid":19535,"hostname":"Glebs-MacBook-Pro.local","reqId":"0e9e2181-1a17-4f49-8710-cdab8fb8e3da","event":"request_completed","requestId":"0e9e2181-1a17-4f49-8710-cdab8fb8e3da","method":"GET","route":"/api/v1/auth/me","statusCode":200,"latencyMs":9.695,"msg":"request completed"}
{"level":30,"time":1789776989597,"pid":19535,"hostname":"Glebs-MacBook-Pro.local","reqId":"aa6c3e9f-d583-462b-abbf-2f119a979177","event":"request_completed","requestId":"aa6c3e9f-d583-462b-abbf-2f119a979177","method":"GET","route":"/api/v1/matches/:matchId","statusCode":403,"latencyMs":26.077,"msg":"request completed"}
{"level":30,"time":1789776989643,"pid":19535,"hostname":"Glebs-MacBook-Pro.local","reqId":"199ad2ae-5ada-486a-aa37-7a599501d780","event":"request_completed","requestId":"199ad2ae-5ada-486a-aa37-7a599501d780","method":"POST","route":"/api/v1/matches/:matchId/judge/acquire","statusCode":200,"latencyMs":43.511,"msg":"request completed"}
{"level":30,"time":1789776989656,"pid":19535,"hostname":"Glebs-MacBook-Pro.local","reqId":"f30d8432-0f8a-4c61-870b-db86da83fd20","event":"request_completed","requestId":"f30d8432-0f8a-4c61-870b-db86da83fd20","method":"GET","route":"/api/v1/matches/:matchId","statusCode":200,"latencyMs":11.503,"msg":"request completed"}
{"level":30,"time":1789776989671,"pid":19535,"hostname":"Glebs-MacBook-Pro.local","reqId":"d72668b8-193b-42b4-ab09-b9d6c10206ac","event":"request_completed","requestId":"d72668b8-193b-42b4-ab09-b9d6c10206ac","method":"POST","route":"/api/v1/matches/:matchId/judge/heartbeat","statusCode":200,"latencyMs":7.549,"msg":"request completed"}
{"level":30,"time":1789776989685,"pid":19535,"hostname":"Glebs-MacBook-Pro.local","reqId":"615e3de5-161e-4ae7-84af-4f5a2b21179d","event":"request_completed","requestId":"615e3de5-161e-4ae7-84af-4f5a2b21179d","method":"GET","route":"/api/v1/matches/:matchId","statusCode":200,"latencyMs":11.772,"msg":"request completed"}
{"level":30,"time":1789776989779,"pid":19535,"hostname":"Glebs-MacBook-Pro.local","reqId":"4e610b62-bd9b-4bd3-a13a-acc8ca706eb1","event":"request_completed","requestId":"4e610b62-bd9b-4bd3-a13a-acc8ca706eb1","method":"POST","route":"/api/v1/matches/:matchId/judge/setup","statusCode":200,"latencyMs":40.797,"msg":"request completed"}
{"level":30,"time":1789776989792,"pid":19535,"hostname":"Glebs-MacBook-Pro.local","reqId":"86ea0bc0-9870-4fc0-8049-dbabafd0c843","event":"request_completed","requestId":"86ea0bc0-9870-4fc0-8049-dbabafd0c843","method":"POST","route":"/api/v1/matches/:matchId/judge/heartbeat","statusCode":200,"latencyMs":9.169,"msg":"request completed"}
{"level":30,"time":1789776989804,"pid":19535,"hostname":"Glebs-MacBook-Pro.local","reqId":"0205d9b7-da76-4777-9ec8-9a518fa8525c","event":"request_completed","requestId":"0205d9b7-da76-4777-9ec8-9a518fa8525c","method":"GET","route":"/api/v1/matches/:matchId","statusCode":200,"latencyMs":10.519,"msg":"request completed"}
{"level":30,"time":1789776989845,"pid":19535,"hostname":"Glebs-MacBook-Pro.local","reqId":"99d63b56-bd52-4078-8952-663184debbca","event":"request_completed","requestId":"99d63b56-bd52-4078-8952-663184debbca","method":"GET","route":"/api/v1/matches/:matchId","statusCode":200,"latencyMs":22.236,"msg":"request completed"}
{"level":30,"time":1789776990110,"pid":19535,"hostname":"Glebs-MacBook-Pro.local","reqId":"006db13f-1200-42e0-b209-c86aa4147c7a","event":"request_completed","requestId":"006db13f-1200-42e0-b209-c86aa4147c7a","method":"GET","route":"/api/v1/auth/me","statusCode":401,"latencyMs":0.128,"msg":"request completed"}
{"level":30,"time":1789776990277,"pid":19535,"hostname":"Glebs-MacBook-Pro.local","reqId":"c7e30b7d-ea8f-4ebc-80f1-27f135abbc2a","event":"request_completed","requestId":"c7e30b7d-ea8f-4ebc-80f1-27f135abbc2a","method":"POST","route":"/api/v1/auth/login","statusCode":200,"latencyMs":33.661,"msg":"request completed"}
{"level":30,"time":1789776990297,"pid":19535,"hostname":"Glebs-MacBook-Pro.local","reqId":"1f4d800f-4d40-4390-b4ea-ef890715de61","event":"request_completed","requestId":"1f4d800f-4d40-4390-b4ea-ef890715de61","method":"GET","route":"/api/v1/auth/me","statusCode":200,"latencyMs":16.975,"msg":"request completed"}
{"level":30,"time":1789776990321,"pid":19535,"hostname":"Glebs-MacBook-Pro.local","reqId":"48e0f689-4655-433e-a931-9a49729ff1bf","event":"request_completed","requestId":"48e0f689-4655-433e-a931-9a49729ff1bf","method":"GET","route":"/api/v1/notifications","statusCode":200,"latencyMs":39.538,"msg":"request completed"}
{"level":30,"time":1789776990346,"pid":19535,"hostname":"Glebs-MacBook-Pro.local","reqId":"5a09b61c-cbd8-4837-9f1e-665bf178e3f6","event":"request_completed","requestId":"5a09b61c-cbd8-4837-9f1e-665bf178e3f6","method":"GET","route":"/api/v1/home","statusCode":200,"latencyMs":62.798,"msg":"request completed"}
{"level":30,"time":1789776990351,"pid":19535,"hostname":"Glebs-MacBook-Pro.local","reqId":"76948574-b904-4ccc-87b8-2df2f06389d3","event":"request_completed","requestId":"76948574-b904-4ccc-87b8-2df2f06389d3","method":"GET","route":"/api/v1/auth/me","statusCode":200,"latencyMs":4.117,"msg":"request completed"}
{"level":30,"time":1789776990372,"pid":19535,"hostname":"Glebs-MacBook-Pro.local","reqId":"ae70b753-36f3-47d8-8ca1-075ecd9d6e76","event":"request_completed","requestId":"ae70b753-36f3-47d8-8ca1-075ecd9d6e76","method":"GET","route":"/api/v1/notifications","statusCode":200,"latencyMs":11.815,"msg":"request completed"}
{"level":30,"time":1789776990374,"pid":19535,"hostname":"Glebs-MacBook-Pro.local","reqId":"87d637b8-150f-45de-8b33-dba8ec0e46c4","event":"request_completed","requestId":"87d637b8-150f-45de-8b33-dba8ec0e46c4","method":"GET","route":"/api/v1/matches/:matchId","statusCode":200,"latencyMs":13.885,"msg":"request completed"}
{"level":30,"time":1789776990538,"pid":19535,"hostname":"Glebs-MacBook-Pro.local","reqId":"9c95db1e-a42e-45f0-8bc5-982c78bd0a88","event":"request_completed","requestId":"9c95db1e-a42e-45f0-8bc5-982c78bd0a88","method":"POST","route":"/api/v1/matches/:matchId/start","statusCode":200,"latencyMs":69.08,"msg":"request completed"}
{"level":30,"time":1789777019808,"pid":19535,"hostname":"Glebs-MacBook-Pro.local","reqId":"7eaece55-a615-485d-aa22-ed9744c4086b","event":"request_completed","requestId":"7eaece55-a615-485d-aa22-ed9744c4086b","method":"POST","route":"/api/v1/matches/:matchId/judge/heartbeat","statusCode":200,"latencyMs":22.044,"msg":"request completed"}
{"level":30,"time":1789777019845,"pid":19535,"hostname":"Glebs-MacBook-Pro.local","reqId":"3030e246-529d-4e40-ac89-7f0451614280","event":"request_completed","requestId":"3030e246-529d-4e40-ac89-7f0451614280","method":"GET","route":"/api/v1/matches/:matchId","statusCode":200,"latencyMs":34.086,"msg":"request completed"}
{"level":30,"time":1789777019859,"pid":19535,"hostname":"Glebs-MacBook-Pro.local","reqId":"2f050d1e-8a06-44de-806c-b5d304dffb06","event":"request_completed","requestId":"2f050d1e-8a06-44de-806c-b5d304dffb06","method":"POST","route":"/api/v1/matches/:matchId/judge/heartbeat","statusCode":200,"latencyMs":9.794,"msg":"request completed"}
{"level":30,"time":1789777019878,"pid":19535,"hostname":"Glebs-MacBook-Pro.local","reqId":"2989989a-ea9a-44a9-93e6-0e120f8fd00f","event":"request_completed","requestId":"2989989a-ea9a-44a9-93e6-0e120f8fd00f","method":"GET","route":"/api/v1/matches/:matchId","statusCode":200,"latencyMs":16.869,"msg":"request completed"}
{"level":30,"time":1789777020148,"pid":19535,"hostname":"Glebs-MacBook-Pro.local","reqId":"13c8dfd2-9faa-440e-a03e-10bfed41c052","event":"request_completed","requestId":"13c8dfd2-9faa-440e-a03e-10bfed41c052","method":"GET","route":"/api/v1/matches/:matchId","statusCode":200,"latencyMs":22.884,"msg":"request completed"}
{"level":30,"time":1789777020204,"pid":19535,"hostname":"Glebs-MacBook-Pro.local","reqId":"f46aa51c-c4bc-47f0-94a1-643839559f77","event":"request_completed","requestId":"f46aa51c-c4bc-47f0-94a1-643839559f77","method":"POST","route":"/api/v1/matches/:matchId/points","statusCode":200,"latencyMs":27.456,"msg":"request completed"}
{"level":30,"time":1789777020325,"pid":19535,"hostname":"Glebs-MacBook-Pro.local","reqId":"c448ced3-a054-4f8d-a54a-29a2b55ad635","event":"request_completed","requestId":"c448ced3-a054-4f8d-a54a-29a2b55ad635","method":"POST","route":"/api/v1/matches/:matchId/stop","statusCode":200,"latencyMs":44.247,"msg":"request completed"}
{"level":30,"time":1789777020464,"pid":19535,"hostname":"Glebs-MacBook-Pro.local","reqId":"54beb807-9614-460e-988b-0f5b0030688e","event":"request_completed","requestId":"54beb807-9614-460e-988b-0f5b0030688e","method":"GET","route":"/api/v1/auth/me","statusCode":200,"latencyMs":10.78,"msg":"request completed"}
{"level":30,"time":1789777020541,"pid":19535,"hostname":"Glebs-MacBook-Pro.local","reqId":"f6b8d7a1-e7d2-423d-a2f0-37212268a542","event":"request_completed","requestId":"f6b8d7a1-e7d2-423d-a2f0-37212268a542","method":"GET","route":"/api/v1/notifications","statusCode":200,"latencyMs":32.189,"msg":"request completed"}
{"level":30,"time":1789777020542,"pid":19535,"hostname":"Glebs-MacBook-Pro.local","reqId":"484cb69e-cc99-4c22-b134-3411a0551b2c","event":"request_completed","requestId":"484cb69e-cc99-4c22-b134-3411a0551b2c","method":"GET","route":"/api/v1/matches/:matchId","statusCode":200,"latencyMs":32.621,"msg":"request completed"}
  ✓  14 [chromium-desktop] › tests/e2e/wave-c.spec.ts:135:5 › Wave C AT-JUDGE-001 creator starts while another club judge retains the slot (31.7s)
{"level":30,"time":1789777020794,"pid":19535,"hostname":"Glebs-MacBook-Pro.local","reqId":"d7909c2a-885b-4381-855e-69f5788e5178","event":"request_completed","requestId":"d7909c2a-885b-4381-855e-69f5788e5178","method":"GET","route":"/health","statusCode":200,"latencyMs":0.135,"msg":"request completed"}
{"level":30,"time":1789777020826,"pid":19535,"hostname":"Glebs-MacBook-Pro.local","reqId":"4039ebe0-b137-4689-a5c8-481615fcc1b4","event":"request_completed","requestId":"4039ebe0-b137-4689-a5c8-481615fcc1b4","method":"POST","route":"/api/v1/auth/login","statusCode":200,"latencyMs":29.283,"msg":"request completed"}
{"level":30,"time":1789777020846,"pid":19535,"hostname":"Glebs-MacBook-Pro.local","reqId":"59ae14ff-804a-418d-afdc-0797092fcd19","event":"request_completed","requestId":"59ae14ff-804a-418d-afdc-0797092fcd19","method":"PATCH","route":"/api/v1/me/onboarding","statusCode":200,"latencyMs":15.505,"msg":"request completed"}
{"level":30,"time":1789777020902,"pid":19535,"hostname":"Glebs-MacBook-Pro.local","reqId":"452782bd-0889-4018-bce4-de9118ff1097","event":"request_completed","requestId":"452782bd-0889-4018-bce4-de9118ff1097","method":"POST","route":"/api/v1/admin/users","statusCode":200,"latencyMs":52.75,"msg":"request completed"}
{"level":30,"time":1789777020936,"pid":19535,"hostname":"Glebs-MacBook-Pro.local","reqId":"180a6b1f-8772-4d8f-b3a2-8ff0d24a02e4","event":"request_completed","requestId":"180a6b1f-8772-4d8f-b3a2-8ff0d24a02e4","method":"POST","route":"/api/v1/auth/login","statusCode":200,"latencyMs":28.901,"msg":"request completed"}
{"level":30,"time":1789777020980,"pid":19535,"hostname":"Glebs-MacBook-Pro.local","reqId":"6edc6d55-87e1-4a2f-8a21-f084147e905b","event":"request_completed","requestId":"6edc6d55-87e1-4a2f-8a21-f084147e905b","method":"POST","route":"/api/v1/auth/password/first-change","statusCode":200,"latencyMs":40.618,"msg":"request completed"}
{"level":30,"time":1789777020996,"pid":19535,"hostname":"Glebs-MacBook-Pro.local","reqId":"e27f72a9-5b48-44b1-80ab-cd39f918d3c4","event":"request_completed","requestId":"e27f72a9-5b48-44b1-80ab-cd39f918d3c4","method":"PATCH","route":"/api/v1/me/onboarding","statusCode":200,"latencyMs":10.971,"msg":"request completed"}
{"level":30,"time":1789777021044,"pid":19535,"hostname":"Glebs-MacBook-Pro.local","reqId":"6d765130-a382-44d5-95bb-5a510d98c4f1","event":"request_completed","requestId":"6d765130-a382-44d5-95bb-5a510d98c4f1","method":"POST","route":"/api/v1/admin/users","statusCode":200,"latencyMs":43.791,"msg":"request completed"}
{"level":30,"time":1789777021076,"pid":19535,"hostname":"Glebs-MacBook-Pro.local","reqId":"474357c8-31f4-4588-a910-9f36a5b8cad2","event":"request_completed","requestId":"474357c8-31f4-4588-a910-9f36a5b8cad2","method":"POST","route":"/api/v1/auth/login","statusCode":200,"latencyMs":27.764,"msg":"request completed"}
{"level":30,"time":1789777021122,"pid":19535,"hostname":"Glebs-MacBook-Pro.local","reqId":"e1a15319-68da-42fa-989a-89dca6489647","event":"request_completed","requestId":"e1a15319-68da-42fa-989a-89dca6489647","method":"POST","route":"/api/v1/auth/password/first-change","statusCode":200,"latencyMs":42.074,"msg":"request completed"}
{"level":30,"time":1789777021138,"pid":19535,"hostname":"Glebs-MacBook-Pro.local","reqId":"69b4ccf1-6546-435c-9b82-6bb17056a7e5","event":"request_completed","requestId":"69b4ccf1-6546-435c-9b82-6bb17056a7e5","method":"PATCH","route":"/api/v1/me/onboarding","statusCode":200,"latencyMs":12.455,"msg":"request completed"}
{"level":30,"time":1789777021489,"pid":19535,"hostname":"Glebs-MacBook-Pro.local","reqId":"d88c609c-bbc7-4104-8d78-5727139d874e","event":"request_completed","requestId":"d88c609c-bbc7-4104-8d78-5727139d874e","method":"GET","route":"/api/v1/auth/me","statusCode":401,"latencyMs":0.186,"msg":"request completed"}
{"level":30,"time":1789777021664,"pid":19535,"hostname":"Glebs-MacBook-Pro.local","reqId":"1c3fe30d-c8e3-4974-a2e6-2818726ec0d0","event":"request_completed","requestId":"1c3fe30d-c8e3-4974-a2e6-2818726ec0d0","method":"POST","route":"/api/v1/auth/login","statusCode":200,"latencyMs":37.424,"msg":"request completed"}
{"level":30,"time":1789777021680,"pid":19535,"hostname":"Glebs-MacBook-Pro.local","reqId":"c1fc06f4-f93a-4346-8532-d9c335aff4b9","event":"request_completed","requestId":"c1fc06f4-f93a-4346-8532-d9c335aff4b9","method":"GET","route":"/api/v1/auth/me","statusCode":200,"latencyMs":12.938,"msg":"request completed"}
{"level":30,"time":1789777021706,"pid":19535,"hostname":"Glebs-MacBook-Pro.local","reqId":"709870c1-2bc0-4f82-bd90-34e956fa7b3d","event":"request_completed","requestId":"709870c1-2bc0-4f82-bd90-34e956fa7b3d","method":"GET","route":"/api/v1/notifications","statusCode":200,"latencyMs":37.588,"msg":"request completed"}
{"level":30,"time":1789777021733,"pid":19535,"hostname":"Glebs-MacBook-Pro.local","reqId":"0e8a03c3-ce62-473c-ba02-fc943b3a49c5","event":"request_completed","requestId":"0e8a03c3-ce62-473c-ba02-fc943b3a49c5","method":"GET","route":"/api/v1/home","statusCode":200,"latencyMs":62.704,"msg":"request completed"}
{"level":30,"time":1789777021737,"pid":19535,"hostname":"Glebs-MacBook-Pro.local","reqId":"8be3e798-6109-4553-9bc3-b36e41983a7f","event":"request_completed","requestId":"8be3e798-6109-4553-9bc3-b36e41983a7f","method":"GET","route":"/api/v1/auth/me","statusCode":200,"latencyMs":4.207,"msg":"request completed"}
{"level":30,"time":1789777021761,"pid":19535,"hostname":"Glebs-MacBook-Pro.local","reqId":"0a8abc01-ab86-4bad-a075-e0a6d9161f5d","event":"request_completed","requestId":"0a8abc01-ab86-4bad-a075-e0a6d9161f5d","method":"GET","route":"/api/v1/notifications","statusCode":200,"latencyMs":16.436,"msg":"request completed"}
{"level":30,"time":1789777021761,"pid":19535,"hostname":"Glebs-MacBook-Pro.local","reqId":"8332f763-e0d5-4e35-9a91-a75416c39a2b","event":"request_completed","requestId":"8332f763-e0d5-4e35-9a91-a75416c39a2b","method":"GET","route":"/api/v1/teams","statusCode":200,"latencyMs":16.308,"msg":"request completed"}
{"level":30,"time":1789777021814,"pid":19535,"hostname":"Glebs-MacBook-Pro.local","reqId":"6719abe8-0a82-4092-9d0e-13a221cff9e7","event":"request_completed","requestId":"6719abe8-0a82-4092-9d0e-13a221cff9e7","method":"POST","route":"/api/v1/teams","statusCode":200,"latencyMs":27.215,"msg":"request completed"}
{"level":30,"time":1789777021916,"pid":19535,"hostname":"Glebs-MacBook-Pro.local","reqId":"0845d63c-60a3-4f8d-ac18-ee11ecd37bf8","event":"request_completed","requestId":"0845d63c-60a3-4f8d-ac18-ee11ecd37bf8","method":"GET","route":"/api/v1/teams/:id","statusCode":403,"latencyMs":21.439,"msg":"request completed"}
{"level":30,"time":1789777021918,"pid":19535,"hostname":"Glebs-MacBook-Pro.local","reqId":"dd928014-cdfc-4d7b-9ae2-18ba87543e56","event":"request_completed","requestId":"dd928014-cdfc-4d7b-9ae2-18ba87543e56","method":"GET","route":"/api/v1/teams/:id","statusCode":200,"latencyMs":28.646,"msg":"request completed"}
{"level":30,"time":1789777021939,"pid":19535,"hostname":"Glebs-MacBook-Pro.local","reqId":"cc0485c1-a1f0-4a77-8656-e3a6769e19da","event":"request_completed","requestId":"cc0485c1-a1f0-4a77-8656-e3a6769e19da","method":"GET","route":"/api/v1/users/directory","statusCode":200,"latencyMs":12.214,"msg":"request completed"}
{"level":30,"time":1789777022056,"pid":19535,"hostname":"Glebs-MacBook-Pro.local","reqId":"9109f148-1aed-4bc0-99af-63e5549b22ce","event":"request_completed","requestId":"9109f148-1aed-4bc0-99af-63e5549b22ce","method":"POST","route":"/api/v1/teams/:id/invitations","statusCode":200,"latencyMs":34.064,"msg":"request completed"}
{"level":30,"time":1789777022080,"pid":19535,"hostname":"Glebs-MacBook-Pro.local","reqId":"4f12dd64-026c-4532-abb3-ba15e61205c5","event":"request_completed","requestId":"4f12dd64-026c-4532-abb3-ba15e61205c5","method":"GET","route":"/api/v1/teams/:id","statusCode":200,"latencyMs":22.13,"msg":"request completed"}
{"level":30,"time":1789777022089,"pid":19535,"hostname":"Glebs-MacBook-Pro.local","reqId":"b513493a-193a-473a-ab51-14d784b89c54","event":"request_completed","requestId":"b513493a-193a-473a-ab51-14d784b89c54","method":"GET","route":"/api/v1/users/directory","statusCode":200,"latencyMs":5.79,"msg":"request completed"}
{"level":30,"time":1789777022383,"pid":19535,"hostname":"Glebs-MacBook-Pro.local","reqId":"092260cc-9311-4398-ac11-860edd671289","event":"request_completed","requestId":"092260cc-9311-4398-ac11-860edd671289","method":"GET","route":"/api/v1/auth/me","statusCode":200,"latencyMs":5.831,"msg":"request completed"}
{"level":30,"time":1789777022464,"pid":19535,"hostname":"Glebs-MacBook-Pro.local","reqId":"9a6c8c48-e8b9-4c24-bbdb-fb85699e5bba","event":"request_completed","requestId":"9a6c8c48-e8b9-4c24-bbdb-fb85699e5bba","method":"GET","route":"/api/v1/notifications","statusCode":200,"latencyMs":40.435,"msg":"request completed"}
{"level":30,"time":1789777022481,"pid":19535,"hostname":"Glebs-MacBook-Pro.local","reqId":"ce7d800c-f248-407e-8f7d-6275e1b95c88","event":"request_completed","requestId":"ce7d800c-f248-407e-8f7d-6275e1b95c88","method":"POST","route":"/api/v1/notifications/read-visible","statusCode":200,"latencyMs":12.671,"msg":"request completed"}
{"level":30,"time":1789777022538,"pid":19535,"hostname":"Glebs-MacBook-Pro.local","reqId":"e3204cb6-098f-4a0a-826e-6a9cbab1c4eb","event":"request_completed","requestId":"e3204cb6-098f-4a0a-826e-6a9cbab1c4eb","method":"POST","route":"/api/v1/team-invitations/:id/respond","statusCode":200,"latencyMs":35.776,"msg":"request completed"}
{"level":30,"time":1789777022557,"pid":19535,"hostname":"Glebs-MacBook-Pro.local","reqId":"9d552552-d82a-4f45-b9d2-9f111ae681c7","event":"request_completed","requestId":"9d552552-d82a-4f45-b9d2-9f111ae681c7","method":"GET","route":"/api/v1/teams/:id","statusCode":200,"latencyMs":11.444,"msg":"request completed"}
{"level":30,"time":1789777022560,"pid":19535,"hostname":"Glebs-MacBook-Pro.local","reqId":"338b1524-260f-4936-95ed-aa0421b9358a","event":"request_completed","requestId":"338b1524-260f-4936-95ed-aa0421b9358a","method":"GET","route":"/api/v1/notifications","statusCode":200,"latencyMs":15.377,"msg":"request completed"}
{"level":30,"time":1789777022663,"pid":19535,"hostname":"Glebs-MacBook-Pro.local","reqId":"0d1497f5-a819-4888-8a6e-a77867e24277","event":"request_completed","requestId":"0d1497f5-a819-4888-8a6e-a77867e24277","method":"GET","route":"/api/v1/auth/me","statusCode":200,"latencyMs":8.945,"msg":"request completed"}
{"level":30,"time":1789777022695,"pid":19535,"hostname":"Glebs-MacBook-Pro.local","reqId":"308a75d9-9362-4f8b-baa8-9e602f95497c","event":"request_completed","requestId":"308a75d9-9362-4f8b-baa8-9e602f95497c","method":"GET","route":"/api/v1/teams/:id","statusCode":200,"latencyMs":26.709,"msg":"request completed"}
{"level":30,"time":1789777022696,"pid":19535,"hostname":"Glebs-MacBook-Pro.local","reqId":"1c5b9862-244a-4279-b8d8-e3aa0cecc753","event":"request_completed","requestId":"1c5b9862-244a-4279-b8d8-e3aa0cecc753","method":"GET","route":"/api/v1/notifications","statusCode":200,"latencyMs":28.23,"msg":"request completed"}
{"level":30,"time":1789777022709,"pid":19535,"hostname":"Glebs-MacBook-Pro.local","reqId":"23648129-a207-4089-92fc-399456f91a15","event":"request_completed","requestId":"23648129-a207-4089-92fc-399456f91a15","method":"GET","route":"/api/v1/users/directory","statusCode":200,"latencyMs":10.435,"msg":"request completed"}
{"level":30,"time":1789777022820,"pid":19535,"hostname":"Glebs-MacBook-Pro.local","reqId":"74578deb-8a4a-46d4-aa72-f4a5f9a45a3e","event":"request_completed","requestId":"74578deb-8a4a-46d4-aa72-f4a5f9a45a3e","method":"PATCH","route":"/api/v1/teams/:id","statusCode":200,"latencyMs":34.203,"msg":"request completed"}
{"level":30,"time":1789777022900,"pid":19535,"hostname":"Glebs-MacBook-Pro.local","reqId":"9ce4b1bf-776c-49f2-844b-c4153ce865e1","event":"request_completed","requestId":"9ce4b1bf-776c-49f2-844b-c4153ce865e1","method":"GET","route":"/api/v1/teams/:id","statusCode":200,"latencyMs":27.278,"msg":"request completed"}
{"level":30,"time":1789777022977,"pid":19535,"hostname":"Glebs-MacBook-Pro.local","reqId":"03366092-1d27-44b3-9ddf-570c94c86869","event":"request_completed","requestId":"03366092-1d27-44b3-9ddf-570c94c86869","method":"POST","route":"/api/v1/teams/:id/captain-transfer","statusCode":200,"latencyMs":40.975,"msg":"request completed"}
{"level":30,"time":1789777023048,"pid":19535,"hostname":"Glebs-MacBook-Pro.local","reqId":"71ac98ff-ec54-4434-a21f-05982a1e2aec","event":"request_completed","requestId":"71ac98ff-ec54-4434-a21f-05982a1e2aec","method":"GET","route":"/api/v1/teams/:id","statusCode":200,"latencyMs":26.593,"msg":"request completed"}
{"level":30,"time":1789777023141,"pid":19535,"hostname":"Glebs-MacBook-Pro.local","reqId":"58e0a6b5-7401-442d-b6f8-1334490bc5e9","event":"request_completed","requestId":"58e0a6b5-7401-442d-b6f8-1334490bc5e9","method":"POST","route":"/api/v1/teams/:id/leave","statusCode":200,"latencyMs":39.633,"msg":"request completed"}
{"level":30,"time":1789777023221,"pid":19535,"hostname":"Glebs-MacBook-Pro.local","reqId":"7cfaf292-374a-4c60-a990-a5831af923c8","event":"request_completed","requestId":"7cfaf292-374a-4c60-a990-a5831af923c8","method":"GET","route":"/api/v1/matches/create-options","statusCode":200,"latencyMs":38.208,"msg":"request completed"}
{"level":30,"time":1789777023249,"pid":19535,"hostname":"Glebs-MacBook-Pro.local","reqId":"02da4ce3-ecb1-4154-bcdd-35b1c6e3e1a2","event":"request_completed","requestId":"02da4ce3-ecb1-4154-bcdd-35b1c6e3e1a2","method":"POST","route":"/api/v1/teams/:id/invitations","statusCode":200,"latencyMs":23.411,"msg":"request completed"}
{"level":30,"time":1789777023275,"pid":19535,"hostname":"Glebs-MacBook-Pro.local","reqId":"471a9a72-30f2-4656-aff4-2060db880590","event":"request_completed","requestId":"471a9a72-30f2-4656-aff4-2060db880590","method":"POST","route":"/api/v1/admin/users/:userId/block","statusCode":200,"latencyMs":22.426,"msg":"request completed"}
{"level":30,"time":1789777023287,"pid":19535,"hostname":"Glebs-MacBook-Pro.local","reqId":"cabeb338-a619-4ab5-aa9c-d5918a4b3764","event":"request_completed","requestId":"cabeb338-a619-4ab5-aa9c-d5918a4b3764","method":"GET","route":"/api/v1/teams/:id","statusCode":200,"latencyMs":8.531,"msg":"request completed"}
{"level":30,"time":1789777023302,"pid":19535,"hostname":"Glebs-MacBook-Pro.local","reqId":"16e03456-9953-4fe3-b0d6-5d3e626f341b","event":"request_completed","requestId":"16e03456-9953-4fe3-b0d6-5d3e626f341b","method":"POST","route":"/api/v1/team-invitations/:id/accept","statusCode":400,"latencyMs":10.208,"msg":"request completed"}
{"level":30,"time":1789777023322,"pid":19535,"hostname":"Glebs-MacBook-Pro.local","reqId":"b6536e5b-1f07-428c-b6f8-400a367b4ff6","event":"request_completed","requestId":"b6536e5b-1f07-428c-b6f8-400a367b4ff6","method":"GET","route":"/api/v1/auth/me","statusCode":200,"latencyMs":5.463,"msg":"request completed"}
{"level":30,"time":1789777023336,"pid":19535,"hostname":"Glebs-MacBook-Pro.local","reqId":"d6f5142d-39d5-41e1-b5cd-316edf881ad3","event":"request_completed","requestId":"d6f5142d-39d5-41e1-b5cd-316edf881ad3","method":"GET","route":"/api/v1/teams/:id","statusCode":200,"latencyMs":10.57,"msg":"request completed"}
{"level":30,"time":1789777023338,"pid":19535,"hostname":"Glebs-MacBook-Pro.local","reqId":"d3131ed8-7415-497d-adc8-42e0af8df5dd","event":"request_completed","requestId":"d3131ed8-7415-497d-adc8-42e0af8df5dd","method":"GET","route":"/api/v1/notifications","statusCode":200,"latencyMs":13.146,"msg":"request completed"}
  ✓  15 [chromium-desktop] › tests/e2e/wave-d-teams.spec.ts:23:5 › Wave D AT-TEAM-001..007 create, accept welcome, transfer, leave and automatic archive (2.8s)
{"level":30,"time":1789777023540,"pid":19535,"hostname":"Glebs-MacBook-Pro.local","reqId":"4cc1fbaf-d4b8-4855-ba1a-a250600248de","event":"request_completed","requestId":"4cc1fbaf-d4b8-4855-ba1a-a250600248de","method":"GET","route":"/health","statusCode":200,"latencyMs":0.129,"msg":"request completed"}
{"level":30,"time":1789777023571,"pid":19535,"hostname":"Glebs-MacBook-Pro.local","reqId":"ef35ada5-c2d1-4ef5-ad88-b42e689f665f","event":"request_completed","requestId":"ef35ada5-c2d1-4ef5-ad88-b42e689f665f","method":"POST","route":"/api/v1/auth/login","statusCode":200,"latencyMs":28.17,"msg":"request completed"}
{"level":30,"time":1789777023587,"pid":19535,"hostname":"Glebs-MacBook-Pro.local","reqId":"9d6b00e4-736f-48f7-bff7-898b8a28319d","event":"request_completed","requestId":"9d6b00e4-736f-48f7-bff7-898b8a28319d","method":"PATCH","route":"/api/v1/me/onboarding","statusCode":200,"latencyMs":12.347,"msg":"request completed"}
{"level":30,"time":1789777023853,"pid":19535,"hostname":"Glebs-MacBook-Pro.local","reqId":"01b5d715-f4bc-42b4-b48e-3e1b20ab7684","event":"request_completed","requestId":"01b5d715-f4bc-42b4-b48e-3e1b20ab7684","method":"GET","route":"/api/v1/auth/me","statusCode":401,"latencyMs":0.124,"msg":"request completed"}
{"level":30,"time":1789777024033,"pid":19535,"hostname":"Glebs-MacBook-Pro.local","reqId":"6fc4ee90-7664-415f-ad50-53fb26bbbe9f","event":"request_completed","requestId":"6fc4ee90-7664-415f-ad50-53fb26bbbe9f","method":"POST","route":"/api/v1/auth/login","statusCode":200,"latencyMs":32.344,"msg":"request completed"}
{"level":30,"time":1789777024053,"pid":19535,"hostname":"Glebs-MacBook-Pro.local","reqId":"4692c220-9631-43f6-8b55-34888944409b","event":"request_completed","requestId":"4692c220-9631-43f6-8b55-34888944409b","method":"GET","route":"/api/v1/auth/me","statusCode":200,"latencyMs":17.319,"msg":"request completed"}
{"level":30,"time":1789777024071,"pid":19535,"hostname":"Glebs-MacBook-Pro.local","reqId":"e7e42c01-6c56-45fa-a158-8ead54fa9ccc","event":"request_completed","requestId":"e7e42c01-6c56-45fa-a158-8ead54fa9ccc","method":"GET","route":"/api/v1/notifications","statusCode":200,"latencyMs":33.173,"msg":"request completed"}
{"level":30,"time":1789777024095,"pid":19535,"hostname":"Glebs-MacBook-Pro.local","reqId":"548d9589-806a-49af-a58b-269c157c681c","event":"request_completed","requestId":"548d9589-806a-49af-a58b-269c157c681c","method":"GET","route":"/api/v1/home","statusCode":200,"latencyMs":55.622,"msg":"request completed"}
{"level":30,"time":1789777024110,"pid":19535,"hostname":"Glebs-MacBook-Pro.local","reqId":"6a5eb217-2e8c-4193-8f7a-c7c447ae5e33","event":"request_completed","requestId":"6a5eb217-2e8c-4193-8f7a-c7c447ae5e33","method":"GET","route":"/api/v1/auth/me","statusCode":200,"latencyMs":5.183,"msg":"request completed"}
{"level":30,"time":1789777024130,"pid":19535,"hostname":"Glebs-MacBook-Pro.local","reqId":"c65343e8-917f-4fe1-b41e-ec39aa9cd025","event":"request_completed","requestId":"c65343e8-917f-4fe1-b41e-ec39aa9cd025","method":"GET","route":"/api/v1/notifications","statusCode":200,"latencyMs":12.964,"msg":"request completed"}
{"level":30,"time":1789777024196,"pid":19535,"hostname":"Glebs-MacBook-Pro.local","reqId":"cb61b5a3-9b00-43e8-ac12-b3231fe2a30b","event":"request_completed","requestId":"cb61b5a3-9b00-43e8-ac12-b3231fe2a30b","method":"POST","route":"/api/v1/tournaments","statusCode":200,"latencyMs":34.598,"msg":"request completed"}
{"level":30,"time":1789777024238,"pid":19535,"hostname":"Glebs-MacBook-Pro.local","reqId":"6dbae692-43b9-4519-86a1-9b374a9a394c","event":"request_completed","requestId":"6dbae692-43b9-4519-86a1-9b374a9a394c","method":"GET","route":"/api/v1/tournaments/:id","statusCode":200,"latencyMs":37.127,"msg":"request completed"}
{"level":30,"time":1789777024254,"pid":19535,"hostname":"Glebs-MacBook-Pro.local","reqId":"22a08050-6e80-4b7a-86ba-0aebcf1f6e36","event":"request_completed","requestId":"22a08050-6e80-4b7a-86ba-0aebcf1f6e36","method":"GET","route":"/api/v1/users/directory","statusCode":200,"latencyMs":9.696,"msg":"request completed"}
{"level":30,"time":1789777024314,"pid":19535,"hostname":"Glebs-MacBook-Pro.local","reqId":"3260fe90-cab4-4009-8edc-8a52c962f7b4","event":"request_completed","requestId":"3260fe90-cab4-4009-8edc-8a52c962f7b4","method":"POST","route":"/api/v1/tournaments/:id/participants","statusCode":200,"latencyMs":36.409,"msg":"request completed"}
{"level":30,"time":1789777024389,"pid":19535,"hostname":"Glebs-MacBook-Pro.local","reqId":"d539d2bd-3bb9-4fae-b1ed-9d9ff412e729","event":"request_completed","requestId":"d539d2bd-3bb9-4fae-b1ed-9d9ff412e729","method":"POST","route":"/api/v1/tournaments/:id/participants","statusCode":200,"latencyMs":26.928,"msg":"request completed"}
{"level":30,"time":1789777024413,"pid":19535,"hostname":"Glebs-MacBook-Pro.local","reqId":"8581ae4b-14ef-4fd1-980d-edd3072e36ea","event":"request_completed","requestId":"8581ae4b-14ef-4fd1-980d-edd3072e36ea","method":"PATCH","route":"/api/v1/tournaments/:id","statusCode":200,"latencyMs":19.636,"msg":"request completed"}
{"level":30,"time":1789777024433,"pid":19535,"hostname":"Glebs-MacBook-Pro.local","reqId":"3b67eafc-b01d-4991-98db-970d3990b051","event":"request_completed","requestId":"3b67eafc-b01d-4991-98db-970d3990b051","method":"GET","route":"/api/v1/auth/me","statusCode":200,"latencyMs":5.343,"msg":"request completed"}
{"level":30,"time":1789777024454,"pid":19535,"hostname":"Glebs-MacBook-Pro.local","reqId":"56a0c27a-ded9-4d1e-bc4f-e02b0be268b8","event":"request_completed","requestId":"56a0c27a-ded9-4d1e-bc4f-e02b0be268b8","method":"GET","route":"/api/v1/notifications","statusCode":200,"latencyMs":13.774,"msg":"request completed"}
{"level":30,"time":1789777024457,"pid":19535,"hostname":"Glebs-MacBook-Pro.local","reqId":"dae7968f-f7ab-4749-8f1c-3cfee644fdbd","event":"request_completed","requestId":"dae7968f-f7ab-4749-8f1c-3cfee644fdbd","method":"GET","route":"/api/v1/tournaments/:id","statusCode":200,"latencyMs":16.479,"msg":"request completed"}
{"level":30,"time":1789777024466,"pid":19535,"hostname":"Glebs-MacBook-Pro.local","reqId":"321f153b-883d-4bb8-af97-818e7a5d4298","event":"request_completed","requestId":"321f153b-883d-4bb8-af97-818e7a5d4298","method":"GET","route":"/api/v1/users/directory","statusCode":200,"latencyMs":5.739,"msg":"request completed"}
{"level":30,"time":1789777024557,"pid":19535,"hostname":"Glebs-MacBook-Pro.local","reqId":"08cc7911-7d4c-4fe5-8297-542654516e2d","event":"request_completed","requestId":"08cc7911-7d4c-4fe5-8297-542654516e2d","method":"POST","route":"/api/v1/tournaments/:id/bracket","statusCode":200,"latencyMs":29.2,"msg":"request completed"}
{"level":30,"time":1789777024573,"pid":19535,"hostname":"Glebs-MacBook-Pro.local","reqId":"5885dc26-042f-4f4e-b876-8e1aad0be3f8","event":"request_completed","requestId":"5885dc26-042f-4f4e-b876-8e1aad0be3f8","method":"GET","route":"/api/v1/tournaments/:id","statusCode":200,"latencyMs":13.869,"msg":"request completed"}
{"level":30,"time":1789777024648,"pid":19535,"hostname":"Glebs-MacBook-Pro.local","reqId":"891de551-a361-416e-b44e-9991a59cb142","event":"request_completed","requestId":"891de551-a361-416e-b44e-9991a59cb142","method":"GET","route":"/api/v1/tournaments/:id","statusCode":200,"latencyMs":30.114,"msg":"request completed"}
{"level":30,"time":1789777024742,"pid":19535,"hostname":"Glebs-MacBook-Pro.local","reqId":"849259d7-42be-4479-972c-2439382e03de","event":"request_completed","requestId":"849259d7-42be-4479-972c-2439382e03de","method":"GET","route":"/api/v1/tournaments/:id","statusCode":200,"latencyMs":43.006,"msg":"request completed"}
{"level":30,"time":1789777024744,"pid":19535,"hostname":"Glebs-MacBook-Pro.local","reqId":"5fe804cf-2ded-4b59-abde-9dd32cf08827","event":"request_completed","requestId":"5fe804cf-2ded-4b59-abde-9dd32cf08827","method":"PATCH","route":"/api/v1/tournaments/:id/bracket","statusCode":200,"latencyMs":49.713,"msg":"request completed"}
{"level":30,"time":1789777024759,"pid":19535,"hostname":"Glebs-MacBook-Pro.local","reqId":"6b0be041-e15a-4a4e-9170-b1b30053369b","event":"request_completed","requestId":"6b0be041-e15a-4a4e-9170-b1b30053369b","method":"GET","route":"/api/v1/tournaments/:id","statusCode":200,"latencyMs":12.427,"msg":"request completed"}
{"level":30,"time":1789777024885,"pid":19535,"hostname":"Glebs-MacBook-Pro.local","reqId":"1a1571aa-f614-4d5c-80e3-d3e2f0f02541","event":"request_completed","requestId":"1a1571aa-f614-4d5c-80e3-d3e2f0f02541","method":"GET","route":"/api/v1/tournaments/:id","statusCode":200,"latencyMs":35.661,"msg":"request completed"}
{"level":30,"time":1789777025033,"pid":19535,"hostname":"Glebs-MacBook-Pro.local","reqId":"f8ead097-b48a-48b4-b1a7-96b51eeaebeb","event":"request_completed","requestId":"f8ead097-b48a-48b4-b1a7-96b51eeaebeb","method":"GET","route":"/api/v1/tournaments/:id","statusCode":200,"latencyMs":35.049,"msg":"request completed"}
{"level":30,"time":1789777025051,"pid":19535,"hostname":"Glebs-MacBook-Pro.local","reqId":"ae74562f-f84d-4948-8888-0e77cb98235d","event":"request_completed","requestId":"ae74562f-f84d-4948-8888-0e77cb98235d","method":"GET","route":"/api/v1/tournaments/:id","statusCode":200,"latencyMs":14.622,"msg":"request completed"}
{"level":30,"time":1789777025054,"pid":19535,"hostname":"Glebs-MacBook-Pro.local","reqId":"374f8c44-a2f1-4968-937d-46963886fa1f","event":"request_completed","requestId":"374f8c44-a2f1-4968-937d-46963886fa1f","method":"POST","route":"/api/v1/tournaments/:id/start","statusCode":200,"latencyMs":61.006,"msg":"request completed"}
{"level":30,"time":1789777025193,"pid":19535,"hostname":"Glebs-MacBook-Pro.local","reqId":"34644921-6cfb-4b1e-bc5c-00234f6b7ed4","event":"request_completed","requestId":"34644921-6cfb-4b1e-bc5c-00234f6b7ed4","method":"GET","route":"/api/v1/tournaments/:id","statusCode":200,"latencyMs":36.068,"msg":"request completed"}
{"level":30,"time":1789777025231,"pid":19535,"hostname":"Glebs-MacBook-Pro.local","reqId":"2342cb87-5f08-4a3d-963a-d125ae98f214","event":"request_completed","requestId":"2342cb87-5f08-4a3d-963a-d125ae98f214","method":"GET","route":"/api/v1/tournaments/:id","statusCode":200,"latencyMs":34.758,"msg":"request completed"}
{"level":30,"time":1789777025256,"pid":19535,"hostname":"Glebs-MacBook-Pro.local","reqId":"9b81a643-d86f-41e6-9b95-9dba00c8ae1b","event":"request_completed","requestId":"9b81a643-d86f-41e6-9b95-9dba00c8ae1b","method":"GET","route":"/api/v1/matches/:matchId","statusCode":200,"latencyMs":21.018,"msg":"request completed"}
{"level":30,"time":1789777025295,"pid":19535,"hostname":"Glebs-MacBook-Pro.local","reqId":"1ad10298-d62c-473d-aa15-28d1dab0dfb8","event":"request_completed","requestId":"1ad10298-d62c-473d-aa15-28d1dab0dfb8","method":"POST","route":"/api/v1/matches/:matchId/judge/acquire","statusCode":200,"latencyMs":35.817,"msg":"request completed"}
{"level":30,"time":1789777025333,"pid":19535,"hostname":"Glebs-MacBook-Pro.local","reqId":"bee6cca5-ed44-4d8a-9ad1-c3e5252bcc40","event":"request_completed","requestId":"bee6cca5-ed44-4d8a-9ad1-c3e5252bcc40","method":"POST","route":"/api/v1/matches/:matchId/start","statusCode":200,"latencyMs":33.504,"msg":"request completed"}
{"level":30,"time":1789777025363,"pid":19535,"hostname":"Glebs-MacBook-Pro.local","reqId":"d1a52fe6-2ec0-4a25-9f9a-2cc7eaab1bac","event":"request_completed","requestId":"d1a52fe6-2ec0-4a25-9f9a-2cc7eaab1bac","method":"POST","route":"/api/v1/matches/:matchId/points","statusCode":200,"latencyMs":25.397,"msg":"request completed"}
{"level":30,"time":1789777025429,"pid":19535,"hostname":"Glebs-MacBook-Pro.local","reqId":"e7c8e3cb-c5b9-48b9-8371-3fb571643d86","event":"request_completed","requestId":"e7c8e3cb-c5b9-48b9-8371-3fb571643d86","method":"POST","route":"/api/v1/matches/:matchId/confirm-finish","statusCode":200,"latencyMs":61.541,"msg":"request completed"}
{"level":30,"time":1789777025448,"pid":19535,"hostname":"Glebs-MacBook-Pro.local","reqId":"071befa3-9323-4170-8585-1d44399c17c6","event":"request_completed","requestId":"071befa3-9323-4170-8585-1d44399c17c6","method":"GET","route":"/api/v1/tournaments/:id","statusCode":200,"latencyMs":15.52,"msg":"request completed"}
{"level":30,"time":1789777025463,"pid":19535,"hostname":"Glebs-MacBook-Pro.local","reqId":"eb906f06-361f-48b9-a9cb-d42e87ee3c33","event":"request_completed","requestId":"eb906f06-361f-48b9-a9cb-d42e87ee3c33","method":"GET","route":"/api/v1/matches/:matchId","statusCode":200,"latencyMs":11.873,"msg":"request completed"}
{"level":30,"time":1789777025493,"pid":19535,"hostname":"Glebs-MacBook-Pro.local","reqId":"1d859820-1382-47b1-9db1-39b7d5f9749d","event":"request_completed","requestId":"1d859820-1382-47b1-9db1-39b7d5f9749d","method":"POST","route":"/api/v1/matches/:matchId/judge/acquire","statusCode":200,"latencyMs":25.912,"msg":"request completed"}
{"level":30,"time":1789777025532,"pid":19535,"hostname":"Glebs-MacBook-Pro.local","reqId":"05a5a0ad-ec2d-4fb4-9c87-ddb6a4a655e0","event":"request_completed","requestId":"05a5a0ad-ec2d-4fb4-9c87-ddb6a4a655e0","method":"POST","route":"/api/v1/matches/:matchId/start","statusCode":200,"latencyMs":35.002,"msg":"request completed"}
{"level":30,"time":1789777025560,"pid":19535,"hostname":"Glebs-MacBook-Pro.local","reqId":"830b652b-1989-4cbf-8cc1-13257894d037","event":"request_completed","requestId":"830b652b-1989-4cbf-8cc1-13257894d037","method":"POST","route":"/api/v1/matches/:matchId/points","statusCode":200,"latencyMs":23.462,"msg":"request completed"}
{"level":30,"time":1789777025608,"pid":19535,"hostname":"Glebs-MacBook-Pro.local","reqId":"b1c68b5a-b8c1-4edd-9ffe-036832187fc5","event":"request_completed","requestId":"b1c68b5a-b8c1-4edd-9ffe-036832187fc5","method":"POST","route":"/api/v1/matches/:matchId/confirm-finish","statusCode":200,"latencyMs":43.745,"msg":"request completed"}
{"level":30,"time":1789777025624,"pid":19535,"hostname":"Glebs-MacBook-Pro.local","reqId":"9e7be8b9-1129-43d7-8157-2a5cf2d38225","event":"request_completed","requestId":"9e7be8b9-1129-43d7-8157-2a5cf2d38225","method":"GET","route":"/api/v1/tournaments/:id","statusCode":200,"latencyMs":11.883,"msg":"request completed"}
{"level":30,"time":1789777025637,"pid":19535,"hostname":"Glebs-MacBook-Pro.local","reqId":"8b51793d-7a62-4aec-97f9-8e2982e65e29","event":"request_completed","requestId":"8b51793d-7a62-4aec-97f9-8e2982e65e29","method":"GET","route":"/api/v1/tournaments/:id","statusCode":200,"latencyMs":10.487,"msg":"request completed"}
{"level":30,"time":1789777025659,"pid":19535,"hostname":"Glebs-MacBook-Pro.local","reqId":"d77260d4-e90e-47f4-9a75-9dc2c89ff62a","event":"request_completed","requestId":"d77260d4-e90e-47f4-9a75-9dc2c89ff62a","method":"GET","route":"/api/v1/auth/me","statusCode":200,"latencyMs":5.611,"msg":"request completed"}
{"level":30,"time":1789777025679,"pid":19535,"hostname":"Glebs-MacBook-Pro.local","reqId":"fd67c586-3d92-453c-9fb6-55e3b4999117","event":"request_completed","requestId":"fd67c586-3d92-453c-9fb6-55e3b4999117","method":"GET","route":"/api/v1/notifications","statusCode":200,"latencyMs":12.141,"msg":"request completed"}
{"level":30,"time":1789777025680,"pid":19535,"hostname":"Glebs-MacBook-Pro.local","reqId":"eddb15f4-ac1e-4e5e-a247-ad5d745471b0","event":"request_completed","requestId":"eddb15f4-ac1e-4e5e-a247-ad5d745471b0","method":"GET","route":"/api/v1/tournaments/:id","statusCode":200,"latencyMs":12.752,"msg":"request completed"}
  ✓  16 [chromium-desktop] › tests/e2e/wave-d-tournaments.spec.ts:19:7 › Wave D tournament single_elimination/3 roster, seed edit, complete and results (2.3s)
{"level":30,"time":1789777025894,"pid":19535,"hostname":"Glebs-MacBook-Pro.local","reqId":"2482a264-df67-4bdb-bb51-4f5589642ac5","event":"request_completed","requestId":"2482a264-df67-4bdb-bb51-4f5589642ac5","method":"GET","route":"/health","statusCode":200,"latencyMs":0.128,"msg":"request completed"}
{"level":30,"time":1789777025930,"pid":19535,"hostname":"Glebs-MacBook-Pro.local","reqId":"5bc781f5-488c-47d5-9a1d-419fe39a142d","event":"request_completed","requestId":"5bc781f5-488c-47d5-9a1d-419fe39a142d","method":"POST","route":"/api/v1/auth/login","statusCode":200,"latencyMs":32.885,"msg":"request completed"}
{"level":30,"time":1789777025948,"pid":19535,"hostname":"Glebs-MacBook-Pro.local","reqId":"23b46e4a-ba20-409c-828e-e00aed7caf58","event":"request_completed","requestId":"23b46e4a-ba20-409c-828e-e00aed7caf58","method":"PATCH","route":"/api/v1/me/onboarding","statusCode":200,"latencyMs":14.689,"msg":"request completed"}
{"level":30,"time":1789777026214,"pid":19535,"hostname":"Glebs-MacBook-Pro.local","reqId":"eeb1ce9a-71ef-41b8-bb0c-fc65565d6130","event":"request_completed","requestId":"eeb1ce9a-71ef-41b8-bb0c-fc65565d6130","method":"GET","route":"/api/v1/auth/me","statusCode":401,"latencyMs":0.144,"msg":"request completed"}
{"level":30,"time":1789777026385,"pid":19535,"hostname":"Glebs-MacBook-Pro.local","reqId":"c111a150-9b8d-44e2-84da-bd83c2f91d31","event":"request_completed","requestId":"c111a150-9b8d-44e2-84da-bd83c2f91d31","method":"POST","route":"/api/v1/auth/login","statusCode":200,"latencyMs":21.147,"msg":"request completed"}
{"level":30,"time":1789777026394,"pid":19535,"hostname":"Glebs-MacBook-Pro.local","reqId":"8d8b4faf-440c-4acd-8bec-a58881b8d2c5","event":"request_completed","requestId":"8d8b4faf-440c-4acd-8bec-a58881b8d2c5","method":"GET","route":"/api/v1/auth/me","statusCode":200,"latencyMs":6.263,"msg":"request completed"}
{"level":30,"time":1789777026408,"pid":19535,"hostname":"Glebs-MacBook-Pro.local","reqId":"64b24a3d-8221-4fed-8729-2cb2a7d1975f","event":"request_completed","requestId":"64b24a3d-8221-4fed-8729-2cb2a7d1975f","method":"GET","route":"/api/v1/notifications","statusCode":200,"latencyMs":19.086,"msg":"request completed"}
{"level":30,"time":1789777026422,"pid":19535,"hostname":"Glebs-MacBook-Pro.local","reqId":"0f5f3b36-25c3-4ef6-9aa4-5c96b939d81b","event":"request_completed","requestId":"0f5f3b36-25c3-4ef6-9aa4-5c96b939d81b","method":"GET","route":"/api/v1/auth/me","statusCode":200,"latencyMs":5.279,"msg":"request completed"}
{"level":30,"time":1789777026444,"pid":19535,"hostname":"Glebs-MacBook-Pro.local","reqId":"2db356a5-bda4-4ec8-a71a-e92752d39fcc","event":"request_completed","requestId":"2db356a5-bda4-4ec8-a71a-e92752d39fcc","method":"GET","route":"/api/v1/notifications","statusCode":200,"latencyMs":14.481,"msg":"request completed"}
{"level":30,"time":1789777026446,"pid":19535,"hostname":"Glebs-MacBook-Pro.local","reqId":"da0c8018-a6eb-44b5-b3dd-7d06c15c541c","event":"request_completed","requestId":"da0c8018-a6eb-44b5-b3dd-7d06c15c541c","method":"GET","route":"/api/v1/home","statusCode":200,"latencyMs":55.306,"msg":"request completed"}
{"level":30,"time":1789777026490,"pid":19535,"hostname":"Glebs-MacBook-Pro.local","reqId":"0c2f71b9-1c68-4f5f-bec8-8f1e41022c55","event":"request_completed","requestId":"0c2f71b9-1c68-4f5f-bec8-8f1e41022c55","method":"POST","route":"/api/v1/tournaments","statusCode":200,"latencyMs":15.606,"msg":"request completed"}
{"level":30,"time":1789777026509,"pid":19535,"hostname":"Glebs-MacBook-Pro.local","reqId":"ef2fc726-8d5e-47a9-ae4a-c3f2948ba37a","event":"request_completed","requestId":"ef2fc726-8d5e-47a9-ae4a-c3f2948ba37a","method":"GET","route":"/api/v1/tournaments/:id","statusCode":200,"latencyMs":14.79,"msg":"request completed"}
{"level":30,"time":1789777026518,"pid":19535,"hostname":"Glebs-MacBook-Pro.local","reqId":"afc44568-b2da-4511-b522-50f303d4c42c","event":"request_completed","requestId":"afc44568-b2da-4511-b522-50f303d4c42c","method":"GET","route":"/api/v1/users/directory","statusCode":200,"latencyMs":4.56,"msg":"request completed"}
{"level":30,"time":1789777026586,"pid":19535,"hostname":"Glebs-MacBook-Pro.local","reqId":"a02a65e6-7f2b-4fc6-ad6b-9c15d42a1d74","event":"request_completed","requestId":"a02a65e6-7f2b-4fc6-ad6b-9c15d42a1d74","method":"POST","route":"/api/v1/tournaments/:id/participants","statusCode":200,"latencyMs":29.487,"msg":"request completed"}
{"level":30,"time":1789777026718,"pid":19535,"hostname":"Glebs-MacBook-Pro.local","reqId":"24722062-d9aa-41b0-b7a0-932537c38c06","event":"request_completed","requestId":"24722062-d9aa-41b0-b7a0-932537c38c06","method":"POST","route":"/api/v1/tournaments/:id/participants","statusCode":200,"latencyMs":72.643,"msg":"request completed"}
{"level":30,"time":1789777026771,"pid":19535,"hostname":"Glebs-MacBook-Pro.local","reqId":"5ca9337d-20c1-4c73-ba85-0887be708932","event":"request_completed","requestId":"5ca9337d-20c1-4c73-ba85-0887be708932","method":"POST","route":"/api/v1/tournaments/:id/participants","statusCode":200,"latencyMs":48.813,"msg":"request completed"}
{"level":30,"time":1789777026808,"pid":19535,"hostname":"Glebs-MacBook-Pro.local","reqId":"ea72363e-d91c-42c6-92b1-d76b31a61c99","event":"request_completed","requestId":"ea72363e-d91c-42c6-92b1-d76b31a61c99","method":"POST","route":"/api/v1/tournaments/:id/participants","statusCode":200,"latencyMs":33.903,"msg":"request completed"}
{"level":30,"time":1789777026833,"pid":19535,"hostname":"Glebs-MacBook-Pro.local","reqId":"d7e8e113-b0c5-448c-8b84-ad3dd97c3b9d","event":"request_completed","requestId":"d7e8e113-b0c5-448c-8b84-ad3dd97c3b9d","method":"PATCH","route":"/api/v1/tournaments/:id","statusCode":200,"latencyMs":20.463,"msg":"request completed"}
{"level":30,"time":1789777026862,"pid":19535,"hostname":"Glebs-MacBook-Pro.local","reqId":"f784e70b-acdc-4aee-bd95-4eebbdabd1a8","event":"request_completed","requestId":"f784e70b-acdc-4aee-bd95-4eebbdabd1a8","method":"GET","route":"/api/v1/auth/me","statusCode":200,"latencyMs":11.786,"msg":"request completed"}
{"level":30,"time":1789777026878,"pid":19535,"hostname":"Glebs-MacBook-Pro.local","reqId":"28ac2080-7dc8-4dc0-bed3-adb8ae8e75f5","event":"request_completed","requestId":"28ac2080-7dc8-4dc0-bed3-adb8ae8e75f5","method":"GET","route":"/api/v1/notifications","statusCode":200,"latencyMs":11.645,"msg":"request completed"}
{"level":30,"time":1789777026882,"pid":19535,"hostname":"Glebs-MacBook-Pro.local","reqId":"3f4670cd-7e9b-4b9a-8811-78c81c533edf","event":"request_completed","requestId":"3f4670cd-7e9b-4b9a-8811-78c81c533edf","method":"GET","route":"/api/v1/tournaments/:id","statusCode":200,"latencyMs":15.006,"msg":"request completed"}
{"level":30,"time":1789777026891,"pid":19535,"hostname":"Glebs-MacBook-Pro.local","reqId":"aef3fc28-a8fb-4080-8736-8bd97a40ae4f","event":"request_completed","requestId":"aef3fc28-a8fb-4080-8736-8bd97a40ae4f","method":"GET","route":"/api/v1/users/directory","statusCode":200,"latencyMs":5.281,"msg":"request completed"}
{"level":30,"time":1789777026975,"pid":19535,"hostname":"Glebs-MacBook-Pro.local","reqId":"0f0c5f79-7514-466e-8bd0-da420c0de957","event":"request_completed","requestId":"0f0c5f79-7514-466e-8bd0-da420c0de957","method":"POST","route":"/api/v1/tournaments/:id/bracket","statusCode":200,"latencyMs":25.143,"msg":"request completed"}
{"level":30,"time":1789777026991,"pid":19535,"hostname":"Glebs-MacBook-Pro.local","reqId":"1152a606-a5b1-4643-9a4b-d0e3c4180cc8","event":"request_completed","requestId":"1152a606-a5b1-4643-9a4b-d0e3c4180cc8","method":"GET","route":"/api/v1/tournaments/:id","statusCode":200,"latencyMs":13.745,"msg":"request completed"}
{"level":30,"time":1789777027086,"pid":19535,"hostname":"Glebs-MacBook-Pro.local","reqId":"66b63b4e-2d74-4153-acd0-fab868e96c2f","event":"request_completed","requestId":"66b63b4e-2d74-4153-acd0-fab868e96c2f","method":"GET","route":"/api/v1/tournaments/:id","statusCode":200,"latencyMs":42.307,"msg":"request completed"}
{"level":30,"time":1789777027167,"pid":19535,"hostname":"Glebs-MacBook-Pro.local","reqId":"050e4c4b-6b76-40fc-a6fa-1faf04040d97","event":"request_completed","requestId":"050e4c4b-6b76-40fc-a6fa-1faf04040d97","method":"GET","route":"/api/v1/tournaments/:id","statusCode":200,"latencyMs":28.409,"msg":"request completed"}
{"level":30,"time":1789777027174,"pid":19535,"hostname":"Glebs-MacBook-Pro.local","reqId":"d90b1108-f92c-4b46-8786-98976ec4a3ce","event":"request_completed","requestId":"d90b1108-f92c-4b46-8786-98976ec4a3ce","method":"PATCH","route":"/api/v1/tournaments/:id/bracket","statusCode":200,"latencyMs":39.21,"msg":"request completed"}
{"level":30,"time":1789777027190,"pid":19535,"hostname":"Glebs-MacBook-Pro.local","reqId":"b2245cd4-52c1-4d76-b8c3-27caab112dc5","event":"request_completed","requestId":"b2245cd4-52c1-4d76-b8c3-27caab112dc5","method":"GET","route":"/api/v1/tournaments/:id","statusCode":200,"latencyMs":13.762,"msg":"request completed"}
{"level":30,"time":1789777027304,"pid":19535,"hostname":"Glebs-MacBook-Pro.local","reqId":"60c29057-d72a-4fc8-9091-bf24a30b94d7","event":"request_completed","requestId":"60c29057-d72a-4fc8-9091-bf24a30b94d7","method":"GET","route":"/api/v1/tournaments/:id","statusCode":200,"latencyMs":30.854,"msg":"request completed"}
{"level":30,"time":1789777027483,"pid":19535,"hostname":"Glebs-MacBook-Pro.local","reqId":"6028a214-7168-435d-bc6f-dd70dfb36ca0","event":"request_completed","requestId":"6028a214-7168-435d-bc6f-dd70dfb36ca0","method":"GET","route":"/api/v1/tournaments/:id","statusCode":200,"latencyMs":28.819,"msg":"request completed"}
{"level":30,"time":1789777027503,"pid":19535,"hostname":"Glebs-MacBook-Pro.local","reqId":"19d7da0b-6f44-4601-9514-5d654aab7e2f","event":"request_completed","requestId":"19d7da0b-6f44-4601-9514-5d654aab7e2f","method":"GET","route":"/api/v1/tournaments/:id","statusCode":200,"latencyMs":15.752,"msg":"request completed"}
{"level":30,"time":1789777027517,"pid":19535,"hostname":"Glebs-MacBook-Pro.local","reqId":"19951b64-5349-46a1-bece-581e58486ba7","event":"request_completed","requestId":"19951b64-5349-46a1-bece-581e58486ba7","method":"POST","route":"/api/v1/tournaments/:id/start","statusCode":200,"latencyMs":67.113,"msg":"request completed"}
{"level":30,"time":1789777027653,"pid":19535,"hostname":"Glebs-MacBook-Pro.local","reqId":"b1f62b14-3d49-4fe7-8df0-0a1df7fb9418","event":"request_completed","requestId":"b1f62b14-3d49-4fe7-8df0-0a1df7fb9418","method":"GET","route":"/api/v1/tournaments/:id","statusCode":200,"latencyMs":45.081,"msg":"request completed"}
{"level":30,"time":1789777027681,"pid":19535,"hostname":"Glebs-MacBook-Pro.local","reqId":"945dfdfb-c008-4754-94a3-badc20a03d31","event":"request_completed","requestId":"945dfdfb-c008-4754-94a3-badc20a03d31","method":"GET","route":"/api/v1/tournaments/:id","statusCode":200,"latencyMs":24.577,"msg":"request completed"}
{"level":30,"time":1789777027694,"pid":19535,"hostname":"Glebs-MacBook-Pro.local","reqId":"4b1867ca-5e88-4ae6-8a4d-8149e276c819","event":"request_completed","requestId":"4b1867ca-5e88-4ae6-8a4d-8149e276c819","method":"GET","route":"/api/v1/matches/:matchId","statusCode":200,"latencyMs":9.155,"msg":"request completed"}
{"level":30,"time":1789777027726,"pid":19535,"hostname":"Glebs-MacBook-Pro.local","reqId":"040783b6-2b67-4666-acd0-ad4ba43422e7","event":"request_completed","requestId":"040783b6-2b67-4666-acd0-ad4ba43422e7","method":"POST","route":"/api/v1/matches/:matchId/judge/acquire","statusCode":200,"latencyMs":29.308,"msg":"request completed"}
{"level":30,"time":1789777027760,"pid":19535,"hostname":"Glebs-MacBook-Pro.local","reqId":"c7e56ff3-669a-4c9c-bb0c-2541aaba06cc","event":"request_completed","requestId":"c7e56ff3-669a-4c9c-bb0c-2541aaba06cc","method":"POST","route":"/api/v1/matches/:matchId/start","statusCode":200,"latencyMs":29.752,"msg":"request completed"}
{"level":30,"time":1789777027786,"pid":19535,"hostname":"Glebs-MacBook-Pro.local","reqId":"39bedd2e-08a2-4436-8406-9cbb2206de77","event":"request_completed","requestId":"39bedd2e-08a2-4436-8406-9cbb2206de77","method":"POST","route":"/api/v1/matches/:matchId/points","statusCode":200,"latencyMs":22.033,"msg":"request completed"}
{"level":30,"time":1789777027842,"pid":19535,"hostname":"Glebs-MacBook-Pro.local","reqId":"85bfe324-5724-4ef5-9704-3e995f4403c1","event":"request_completed","requestId":"85bfe324-5724-4ef5-9704-3e995f4403c1","method":"POST","route":"/api/v1/matches/:matchId/confirm-finish","statusCode":200,"latencyMs":52.23,"msg":"request completed"}
{"level":30,"time":1789777027860,"pid":19535,"hostname":"Glebs-MacBook-Pro.local","reqId":"3416c9db-b1a7-4f5c-b9d8-c35f60059906","event":"request_completed","requestId":"3416c9db-b1a7-4f5c-b9d8-c35f60059906","method":"GET","route":"/api/v1/tournaments/:id","statusCode":200,"latencyMs":14.203,"msg":"request completed"}
{"level":30,"time":1789777027875,"pid":19535,"hostname":"Glebs-MacBook-Pro.local","reqId":"897622ef-71ca-4f4a-b6df-89a032f45a9b","event":"request_completed","requestId":"897622ef-71ca-4f4a-b6df-89a032f45a9b","method":"GET","route":"/api/v1/matches/:matchId","statusCode":200,"latencyMs":11.49,"msg":"request completed"}
{"level":30,"time":1789777027910,"pid":19535,"hostname":"Glebs-MacBook-Pro.local","reqId":"816411c8-3645-435e-8a2c-fc9d6c834eae","event":"request_completed","requestId":"816411c8-3645-435e-8a2c-fc9d6c834eae","method":"POST","route":"/api/v1/matches/:matchId/judge/acquire","statusCode":200,"latencyMs":31.368,"msg":"request completed"}
{"level":30,"time":1789777027949,"pid":19535,"hostname":"Glebs-MacBook-Pro.local","reqId":"7b1c8183-f04d-4128-8e54-85a195c190cf","event":"request_completed","requestId":"7b1c8183-f04d-4128-8e54-85a195c190cf","method":"POST","route":"/api/v1/matches/:matchId/start","statusCode":200,"latencyMs":35.41,"msg":"request completed"}
{"level":30,"time":1789777027985,"pid":19535,"hostname":"Glebs-MacBook-Pro.local","reqId":"866f4478-dbc1-4b92-bd52-ebec334dd323","event":"request_completed","requestId":"866f4478-dbc1-4b92-bd52-ebec334dd323","method":"POST","route":"/api/v1/matches/:matchId/points","statusCode":200,"latencyMs":31.44,"msg":"request completed"}
{"level":30,"time":1789777028030,"pid":19535,"hostname":"Glebs-MacBook-Pro.local","reqId":"b8c58f11-3dd5-43b2-b50f-4aaf746115b9","event":"request_completed","requestId":"b8c58f11-3dd5-43b2-b50f-4aaf746115b9","method":"POST","route":"/api/v1/matches/:matchId/confirm-finish","statusCode":200,"latencyMs":41.81,"msg":"request completed"}
{"level":30,"time":1789777028050,"pid":19535,"hostname":"Glebs-MacBook-Pro.local","reqId":"a947b04b-11e3-4d5c-8e8e-4f68fe733462","event":"request_completed","requestId":"a947b04b-11e3-4d5c-8e8e-4f68fe733462","method":"GET","route":"/api/v1/tournaments/:id","statusCode":200,"latencyMs":15.095,"msg":"request completed"}
{"level":30,"time":1789777028063,"pid":19535,"hostname":"Glebs-MacBook-Pro.local","reqId":"bd2667c0-e063-44e4-8c32-7f01be7e2973","event":"request_completed","requestId":"bd2667c0-e063-44e4-8c32-7f01be7e2973","method":"GET","route":"/api/v1/matches/:matchId","statusCode":200,"latencyMs":9.818,"msg":"request completed"}
{"level":30,"time":1789777028090,"pid":19535,"hostname":"Glebs-MacBook-Pro.local","reqId":"2521bae8-44ab-4ef9-8469-243acefb95e6","event":"request_completed","requestId":"2521bae8-44ab-4ef9-8469-243acefb95e6","method":"POST","route":"/api/v1/matches/:matchId/judge/acquire","statusCode":200,"latencyMs":23.576,"msg":"request completed"}
{"level":30,"time":1789777028124,"pid":19535,"hostname":"Glebs-MacBook-Pro.local","reqId":"5bc95d83-e14b-42fd-ac4d-ae2a8c7f58b2","event":"request_completed","requestId":"5bc95d83-e14b-42fd-ac4d-ae2a8c7f58b2","method":"POST","route":"/api/v1/matches/:matchId/start","statusCode":200,"latencyMs":29.735,"msg":"request completed"}
{"level":30,"time":1789777028153,"pid":19535,"hostname":"Glebs-MacBook-Pro.local","reqId":"78bf794c-0344-40d8-8c9f-e1ef76bc4fc6","event":"request_completed","requestId":"78bf794c-0344-40d8-8c9f-e1ef76bc4fc6","method":"POST","route":"/api/v1/matches/:matchId/points","statusCode":200,"latencyMs":24.638,"msg":"request completed"}
{"level":30,"time":1789777028221,"pid":19535,"hostname":"Glebs-MacBook-Pro.local","reqId":"fa3e3b92-3392-4e81-80f8-90434a072895","event":"request_completed","requestId":"fa3e3b92-3392-4e81-80f8-90434a072895","method":"POST","route":"/api/v1/matches/:matchId/confirm-finish","statusCode":200,"latencyMs":63.41,"msg":"request completed"}
{"level":30,"time":1789777028239,"pid":19535,"hostname":"Glebs-MacBook-Pro.local","reqId":"8bf4f91b-54ae-44f6-9414-6a934683aa61","event":"request_completed","requestId":"8bf4f91b-54ae-44f6-9414-6a934683aa61","method":"GET","route":"/api/v1/tournaments/:id","statusCode":200,"latencyMs":14.209,"msg":"request completed"}
{"level":30,"time":1789777028254,"pid":19535,"hostname":"Glebs-MacBook-Pro.local","reqId":"224e7c5f-ed11-4d7d-8719-67eacd4632a0","event":"request_completed","requestId":"224e7c5f-ed11-4d7d-8719-67eacd4632a0","method":"GET","route":"/api/v1/matches/:matchId","statusCode":200,"latencyMs":11.361,"msg":"request completed"}
{"level":30,"time":1789777028282,"pid":19535,"hostname":"Glebs-MacBook-Pro.local","reqId":"14437925-ca86-44ae-acd6-ac9b60d50be0","event":"request_completed","requestId":"14437925-ca86-44ae-acd6-ac9b60d50be0","method":"POST","route":"/api/v1/matches/:matchId/judge/acquire","statusCode":200,"latencyMs":23.782,"msg":"request completed"}
{"level":30,"time":1789777028330,"pid":19535,"hostname":"Glebs-MacBook-Pro.local","reqId":"95ad84aa-9663-465c-8074-2b917c730e72","event":"request_completed","requestId":"95ad84aa-9663-465c-8074-2b917c730e72","method":"POST","route":"/api/v1/matches/:matchId/start","statusCode":200,"latencyMs":44.589,"msg":"request completed"}
{"level":30,"time":1789777028373,"pid":19535,"hostname":"Glebs-MacBook-Pro.local","reqId":"7b012e87-8c22-4228-b809-e271942b1d34","event":"request_completed","requestId":"7b012e87-8c22-4228-b809-e271942b1d34","method":"POST","route":"/api/v1/matches/:matchId/points","statusCode":200,"latencyMs":39.382,"msg":"request completed"}
{"level":30,"time":1789777028426,"pid":19535,"hostname":"Glebs-MacBook-Pro.local","reqId":"2951a071-8647-4cd1-a2b9-f58848681454","event":"request_completed","requestId":"2951a071-8647-4cd1-a2b9-f58848681454","method":"POST","route":"/api/v1/matches/:matchId/confirm-finish","statusCode":200,"latencyMs":45.638,"msg":"request completed"}
{"level":30,"time":1789777028446,"pid":19535,"hostname":"Glebs-MacBook-Pro.local","reqId":"eb00e57b-9079-419f-be22-ad5e8d6acad6","event":"request_completed","requestId":"eb00e57b-9079-419f-be22-ad5e8d6acad6","method":"GET","route":"/api/v1/tournaments/:id","statusCode":200,"latencyMs":14.749,"msg":"request completed"}
{"level":30,"time":1789777028462,"pid":19535,"hostname":"Glebs-MacBook-Pro.local","reqId":"08b54f38-5d4d-439b-b2cc-8225c1733db0","event":"request_completed","requestId":"08b54f38-5d4d-439b-b2cc-8225c1733db0","method":"GET","route":"/api/v1/matches/:matchId","statusCode":200,"latencyMs":10.163,"msg":"request completed"}
{"level":30,"time":1789777028487,"pid":19535,"hostname":"Glebs-MacBook-Pro.local","reqId":"c44f68d2-bcee-41b7-b45e-38df710464f5","event":"request_completed","requestId":"c44f68d2-bcee-41b7-b45e-38df710464f5","method":"POST","route":"/api/v1/matches/:matchId/judge/acquire","statusCode":200,"latencyMs":22.669,"msg":"request completed"}
{"level":30,"time":1789777028520,"pid":19535,"hostname":"Glebs-MacBook-Pro.local","reqId":"51987ef1-cd9c-4c33-8909-78a227add2c5","event":"request_completed","requestId":"51987ef1-cd9c-4c33-8909-78a227add2c5","method":"POST","route":"/api/v1/matches/:matchId/start","statusCode":200,"latencyMs":29.031,"msg":"request completed"}
{"level":30,"time":1789777028547,"pid":19535,"hostname":"Glebs-MacBook-Pro.local","reqId":"26f2f5c2-32ea-4293-b934-ee3e7148710e","event":"request_completed","requestId":"26f2f5c2-32ea-4293-b934-ee3e7148710e","method":"POST","route":"/api/v1/matches/:matchId/points","statusCode":200,"latencyMs":23.35,"msg":"request completed"}
{"level":30,"time":1789777028587,"pid":19535,"hostname":"Glebs-MacBook-Pro.local","reqId":"b91590f1-babc-4221-a62e-006972bf895a","event":"request_completed","requestId":"b91590f1-babc-4221-a62e-006972bf895a","method":"POST","route":"/api/v1/matches/:matchId/confirm-finish","statusCode":200,"latencyMs":35.614,"msg":"request completed"}
{"level":30,"time":1789777028600,"pid":19535,"hostname":"Glebs-MacBook-Pro.local","reqId":"c8c82d8b-2a7f-43d2-bd04-b57ba9b43f61","event":"request_completed","requestId":"c8c82d8b-2a7f-43d2-bd04-b57ba9b43f61","method":"GET","route":"/api/v1/tournaments/:id","statusCode":200,"latencyMs":9.822,"msg":"request completed"}
{"level":30,"time":1789777028613,"pid":19535,"hostname":"Glebs-MacBook-Pro.local","reqId":"a840f756-b255-4ed0-82ee-d00f915c1860","event":"request_completed","requestId":"a840f756-b255-4ed0-82ee-d00f915c1860","method":"GET","route":"/api/v1/tournaments/:id","statusCode":200,"latencyMs":9.771,"msg":"request completed"}
{"level":30,"time":1789777028635,"pid":19535,"hostname":"Glebs-MacBook-Pro.local","reqId":"1dddc661-6866-4630-bf70-1e2879fd0c92","event":"request_completed","requestId":"1dddc661-6866-4630-bf70-1e2879fd0c92","method":"GET","route":"/api/v1/auth/me","statusCode":200,"latencyMs":5.198,"msg":"request completed"}
{"level":30,"time":1789777028651,"pid":19535,"hostname":"Glebs-MacBook-Pro.local","reqId":"47ebad88-3eeb-44cf-a1b6-7d818e7de6d5","event":"request_completed","requestId":"47ebad88-3eeb-44cf-a1b6-7d818e7de6d5","method":"GET","route":"/api/v1/notifications","statusCode":200,"latencyMs":12.541,"msg":"request completed"}
{"level":30,"time":1789777028652,"pid":19535,"hostname":"Glebs-MacBook-Pro.local","reqId":"bbb6b161-7fc6-496c-8e41-4a30fd6adb6b","event":"request_completed","requestId":"bbb6b161-7fc6-496c-8e41-4a30fd6adb6b","method":"GET","route":"/api/v1/tournaments/:id","statusCode":200,"latencyMs":14.124,"msg":"request completed"}
  ✓  17 [chromium-desktop] › tests/e2e/wave-d-tournaments.spec.ts:19:7 › Wave D tournament single_elimination/5 roster, seed edit, complete and results (3.0s)
{"level":30,"time":1789777028885,"pid":19535,"hostname":"Glebs-MacBook-Pro.local","reqId":"998a93c2-d8be-45ea-8cbc-2a503e050ece","event":"request_completed","requestId":"998a93c2-d8be-45ea-8cbc-2a503e050ece","method":"GET","route":"/health","statusCode":200,"latencyMs":0.129,"msg":"request completed"}
{"level":30,"time":1789777028916,"pid":19535,"hostname":"Glebs-MacBook-Pro.local","reqId":"7a72e523-1acd-44f6-8ff9-c332ada473ec","event":"request_completed","requestId":"7a72e523-1acd-44f6-8ff9-c332ada473ec","method":"POST","route":"/api/v1/auth/login","statusCode":200,"latencyMs":27.594,"msg":"request completed"}
{"level":30,"time":1789777028932,"pid":19535,"hostname":"Glebs-MacBook-Pro.local","reqId":"eb7d37f9-d8ad-4eca-9683-09a92029a4fe","event":"request_completed","requestId":"eb7d37f9-d8ad-4eca-9683-09a92029a4fe","method":"PATCH","route":"/api/v1/me/onboarding","statusCode":200,"latencyMs":11.685,"msg":"request completed"}
{"level":30,"time":1789777029196,"pid":19535,"hostname":"Glebs-MacBook-Pro.local","reqId":"4ac7a474-b47a-4372-9f39-b0e173acc1d8","event":"request_completed","requestId":"4ac7a474-b47a-4372-9f39-b0e173acc1d8","method":"GET","route":"/api/v1/auth/me","statusCode":401,"latencyMs":0.481,"msg":"request completed"}
{"level":30,"time":1789777029352,"pid":19535,"hostname":"Glebs-MacBook-Pro.local","reqId":"9c7cefd4-1993-4e9c-ac0e-b32080901c27","event":"request_completed","requestId":"9c7cefd4-1993-4e9c-ac0e-b32080901c27","method":"POST","route":"/api/v1/auth/login","statusCode":200,"latencyMs":22.5,"msg":"request completed"}
{"level":30,"time":1789777029359,"pid":19535,"hostname":"Glebs-MacBook-Pro.local","reqId":"e43dba9c-dec2-4319-8d67-a84e89a4a8d4","event":"request_completed","requestId":"e43dba9c-dec2-4319-8d67-a84e89a4a8d4","method":"GET","route":"/api/v1/auth/me","statusCode":200,"latencyMs":4.863,"msg":"request completed"}
{"level":30,"time":1789777029375,"pid":19535,"hostname":"Glebs-MacBook-Pro.local","reqId":"5681c02c-d387-4275-bd5e-e499516e4935","event":"request_completed","requestId":"5681c02c-d387-4275-bd5e-e499516e4935","method":"GET","route":"/api/v1/notifications","statusCode":200,"latencyMs":19.524,"msg":"request completed"}
{"level":30,"time":1789777029389,"pid":19535,"hostname":"Glebs-MacBook-Pro.local","reqId":"f1d8614d-c0aa-4002-8f65-63c128937833","event":"request_completed","requestId":"f1d8614d-c0aa-4002-8f65-63c128937833","method":"GET","route":"/api/v1/auth/me","statusCode":200,"latencyMs":4.513,"msg":"request completed"}
{"level":30,"time":1789777029409,"pid":19535,"hostname":"Glebs-MacBook-Pro.local","reqId":"c1f365e5-6031-4551-bf80-04756b0b0a0b","event":"request_completed","requestId":"c1f365e5-6031-4551-bf80-04756b0b0a0b","method":"GET","route":"/api/v1/notifications","statusCode":200,"latencyMs":11.852,"msg":"request completed"}
{"level":30,"time":1789777029409,"pid":19535,"hostname":"Glebs-MacBook-Pro.local","reqId":"16afcf6c-08f0-4133-bcf7-c7b6f6761718","event":"request_completed","requestId":"16afcf6c-08f0-4133-bcf7-c7b6f6761718","method":"GET","route":"/api/v1/home","statusCode":200,"latencyMs":50.804,"msg":"request completed"}
{"level":30,"time":1789777029454,"pid":19535,"hostname":"Glebs-MacBook-Pro.local","reqId":"2ebd8953-010f-4adc-9375-423ed6952f80","event":"request_completed","requestId":"2ebd8953-010f-4adc-9375-423ed6952f80","method":"POST","route":"/api/v1/tournaments","statusCode":200,"latencyMs":14.038,"msg":"request completed"}
{"level":30,"time":1789777029474,"pid":19535,"hostname":"Glebs-MacBook-Pro.local","reqId":"3944f3d7-6582-47f2-9a30-47cb4a3ba40f","event":"request_completed","requestId":"3944f3d7-6582-47f2-9a30-47cb4a3ba40f","method":"GET","route":"/api/v1/tournaments/:id","statusCode":200,"latencyMs":14.973,"msg":"request completed"}
{"level":30,"time":1789777029482,"pid":19535,"hostname":"Glebs-MacBook-Pro.local","reqId":"725a6a29-7cce-4750-8aa9-655b2bdf6af0","event":"request_completed","requestId":"725a6a29-7cce-4750-8aa9-655b2bdf6af0","method":"GET","route":"/api/v1/users/directory","statusCode":200,"latencyMs":4.383,"msg":"request completed"}
{"level":30,"time":1789777029577,"pid":19535,"hostname":"Glebs-MacBook-Pro.local","reqId":"51020ef7-11e7-489d-bd30-a8af65ada764","event":"request_completed","requestId":"51020ef7-11e7-489d-bd30-a8af65ada764","method":"POST","route":"/api/v1/tournaments/:id/participants","statusCode":200,"latencyMs":53.944,"msg":"request completed"}
{"level":30,"time":1789777029658,"pid":19535,"hostname":"Glebs-MacBook-Pro.local","reqId":"496ea30e-3420-41dd-81fc-2ee570be8c2a","event":"request_completed","requestId":"496ea30e-3420-41dd-81fc-2ee570be8c2a","method":"POST","route":"/api/v1/tournaments/:id/participants","statusCode":200,"latencyMs":49.35,"msg":"request completed"}
{"level":30,"time":1789777029689,"pid":19535,"hostname":"Glebs-MacBook-Pro.local","reqId":"b9cafbb0-f4a3-4012-8c68-d9c712d2b64a","event":"request_completed","requestId":"b9cafbb0-f4a3-4012-8c68-d9c712d2b64a","method":"POST","route":"/api/v1/tournaments/:id/participants","statusCode":200,"latencyMs":27.191,"msg":"request completed"}
{"level":30,"time":1789777029726,"pid":19535,"hostname":"Glebs-MacBook-Pro.local","reqId":"ae9b7033-7eea-410a-a7d1-58c36ded9065","event":"request_completed","requestId":"ae9b7033-7eea-410a-a7d1-58c36ded9065","method":"POST","route":"/api/v1/tournaments/:id/participants","statusCode":200,"latencyMs":32.801,"msg":"request completed"}
{"level":30,"time":1789777029755,"pid":19535,"hostname":"Glebs-MacBook-Pro.local","reqId":"43c7c5d5-7a4e-46ee-a3d9-51e836b2d05f","event":"request_completed","requestId":"43c7c5d5-7a4e-46ee-a3d9-51e836b2d05f","method":"POST","route":"/api/v1/tournaments/:id/participants","statusCode":200,"latencyMs":25.648,"msg":"request completed"}
{"level":30,"time":1789777029784,"pid":19535,"hostname":"Glebs-MacBook-Pro.local","reqId":"c23ccc24-c455-4889-87f3-2b2031fc8b18","event":"request_completed","requestId":"c23ccc24-c455-4889-87f3-2b2031fc8b18","method":"POST","route":"/api/v1/tournaments/:id/participants","statusCode":200,"latencyMs":25.032,"msg":"request completed"}
{"level":30,"time":1789777029819,"pid":19535,"hostname":"Glebs-MacBook-Pro.local","reqId":"a30f7f9b-6388-4047-a802-1680fb93c0cf","event":"request_completed","requestId":"a30f7f9b-6388-4047-a802-1680fb93c0cf","method":"POST","route":"/api/v1/tournaments/:id/participants","statusCode":200,"latencyMs":31.092,"msg":"request completed"}
{"level":30,"time":1789777029842,"pid":19535,"hostname":"Glebs-MacBook-Pro.local","reqId":"31bacd16-cbbc-4de8-8df8-7f9b191a19a1","event":"request_completed","requestId":"31bacd16-cbbc-4de8-8df8-7f9b191a19a1","method":"PATCH","route":"/api/v1/tournaments/:id","statusCode":200,"latencyMs":18.545,"msg":"request completed"}
{"level":30,"time":1789777029864,"pid":19535,"hostname":"Glebs-MacBook-Pro.local","reqId":"926e82e4-b895-4a20-866b-4a1a4ee4f694","event":"request_completed","requestId":"926e82e4-b895-4a20-866b-4a1a4ee4f694","method":"GET","route":"/api/v1/auth/me","statusCode":200,"latencyMs":6.747,"msg":"request completed"}
{"level":30,"time":1789777029888,"pid":19535,"hostname":"Glebs-MacBook-Pro.local","reqId":"280698a1-333c-4c9d-be63-bbd2dc5f85c5","event":"request_completed","requestId":"280698a1-333c-4c9d-be63-bbd2dc5f85c5","method":"GET","route":"/api/v1/notifications","statusCode":200,"latencyMs":15.917,"msg":"request completed"}
{"level":30,"time":1789777029896,"pid":19535,"hostname":"Glebs-MacBook-Pro.local","reqId":"7557f19d-1e8c-49e5-8ab0-e8f86b45f7fd","event":"request_completed","requestId":"7557f19d-1e8c-49e5-8ab0-e8f86b45f7fd","method":"GET","route":"/api/v1/tournaments/:id","statusCode":200,"latencyMs":23.733,"msg":"request completed"}
{"level":30,"time":1789777029904,"pid":19535,"hostname":"Glebs-MacBook-Pro.local","reqId":"38bce8d3-7607-4736-982d-bcba4c99ba3e","event":"request_completed","requestId":"38bce8d3-7607-4736-982d-bcba4c99ba3e","method":"GET","route":"/api/v1/users/directory","statusCode":200,"latencyMs":4.923,"msg":"request completed"}
{"level":30,"time":1789777030046,"pid":19535,"hostname":"Glebs-MacBook-Pro.local","reqId":"3e7a21ae-74bc-43b7-8928-30ae6c64b623","event":"request_completed","requestId":"3e7a21ae-74bc-43b7-8928-30ae6c64b623","method":"POST","route":"/api/v1/tournaments/:id/bracket","statusCode":200,"latencyMs":57.111,"msg":"request completed"}
{"level":30,"time":1789777030061,"pid":19535,"hostname":"Glebs-MacBook-Pro.local","reqId":"abc3a29d-53f2-483b-90e2-75ddadf6478b","event":"request_completed","requestId":"abc3a29d-53f2-483b-90e2-75ddadf6478b","method":"GET","route":"/api/v1/tournaments/:id","statusCode":200,"latencyMs":12.79,"msg":"request completed"}
{"level":30,"time":1789777030110,"pid":19535,"hostname":"Glebs-MacBook-Pro.local","reqId":"71873edb-9b16-4381-a9de-70bb0d0cb750","event":"request_completed","requestId":"71873edb-9b16-4381-a9de-70bb0d0cb750","method":"GET","route":"/api/v1/tournaments/:id","statusCode":200,"latencyMs":26.785,"msg":"request completed"}
{"level":30,"time":1789777030199,"pid":19535,"hostname":"Glebs-MacBook-Pro.local","reqId":"8f42f51a-babb-47ee-9692-4388ae5baff4","event":"request_completed","requestId":"8f42f51a-babb-47ee-9692-4388ae5baff4","method":"GET","route":"/api/v1/tournaments/:id","statusCode":200,"latencyMs":37.078,"msg":"request completed"}
{"level":30,"time":1789777030208,"pid":19535,"hostname":"Glebs-MacBook-Pro.local","reqId":"7530388b-ca06-477b-9485-498dc94155ad","event":"request_completed","requestId":"7530388b-ca06-477b-9485-498dc94155ad","method":"PATCH","route":"/api/v1/tournaments/:id/bracket","statusCode":200,"latencyMs":49.767,"msg":"request completed"}
{"level":30,"time":1789777030222,"pid":19535,"hostname":"Glebs-MacBook-Pro.local","reqId":"19bf5f71-7de4-484f-b19d-387e4eecfcce","event":"request_completed","requestId":"19bf5f71-7de4-484f-b19d-387e4eecfcce","method":"GET","route":"/api/v1/tournaments/:id","statusCode":200,"latencyMs":12.023,"msg":"request completed"}
{"level":30,"time":1789777030346,"pid":19535,"hostname":"Glebs-MacBook-Pro.local","reqId":"b06b99ea-5765-4a94-a16b-7f38c4a01145","event":"request_completed","requestId":"b06b99ea-5765-4a94-a16b-7f38c4a01145","method":"GET","route":"/api/v1/tournaments/:id","statusCode":200,"latencyMs":40.959,"msg":"request completed"}
{"level":30,"time":1789777030510,"pid":19535,"hostname":"Glebs-MacBook-Pro.local","reqId":"7f09ff64-bb74-4560-a986-b06d4d6a65f0","event":"request_completed","requestId":"7f09ff64-bb74-4560-a986-b06d4d6a65f0","method":"GET","route":"/api/v1/tournaments/:id","statusCode":200,"latencyMs":14.665,"msg":"request completed"}
{"level":30,"time":1789777030525,"pid":19535,"hostname":"Glebs-MacBook-Pro.local","reqId":"ff91fffc-022d-43d9-b336-0e6c5bff51c7","event":"request_completed","requestId":"ff91fffc-022d-43d9-b336-0e6c5bff51c7","method":"GET","route":"/api/v1/tournaments/:id","statusCode":200,"latencyMs":12.464,"msg":"request completed"}
{"level":30,"time":1789777030560,"pid":19535,"hostname":"Glebs-MacBook-Pro.local","reqId":"3bb66bc1-b73e-43eb-b140-924c4241699d","event":"request_completed","requestId":"3bb66bc1-b73e-43eb-b140-924c4241699d","method":"POST","route":"/api/v1/tournaments/:id/start","statusCode":200,"latencyMs":69.911,"msg":"request completed"}
{"level":30,"time":1789777030655,"pid":19535,"hostname":"Glebs-MacBook-Pro.local","reqId":"6d057e4e-df68-4bd9-a6d1-488ac7db06ab","event":"request_completed","requestId":"6d057e4e-df68-4bd9-a6d1-488ac7db06ab","method":"GET","route":"/api/v1/tournaments/:id","statusCode":200,"latencyMs":26.714,"msg":"request completed"}
{"level":30,"time":1789777030781,"pid":19535,"hostname":"Glebs-MacBook-Pro.local","reqId":"1f2cd984-375a-4914-a0ad-16046602cca6","event":"request_completed","requestId":"1f2cd984-375a-4914-a0ad-16046602cca6","method":"GET","route":"/api/v1/matches/:matchId","statusCode":200,"latencyMs":39.268,"msg":"request completed"}
{"level":30,"time":1789777030811,"pid":19535,"hostname":"Glebs-MacBook-Pro.local","reqId":"d44b3f21-6c44-4bab-9ec7-e9c35c61cfcb","event":"request_completed","requestId":"d44b3f21-6c44-4bab-9ec7-e9c35c61cfcb","method":"POST","route":"/api/v1/matches/:matchId/judge/acquire","statusCode":200,"latencyMs":28.235,"msg":"request completed"}
{"level":30,"time":1789777030823,"pid":19535,"hostname":"Glebs-MacBook-Pro.local","reqId":"f890d361-d47d-481f-b9d8-c0830059880e","event":"request_completed","requestId":"f890d361-d47d-481f-b9d8-c0830059880e","method":"GET","route":"/api/v1/matches/:matchId","statusCode":200,"latencyMs":9.833,"msg":"request completed"}
{"level":30,"time":1789777030836,"pid":19535,"hostname":"Glebs-MacBook-Pro.local","reqId":"f654beb3-8520-4c89-9638-78f13f0d7f50","event":"request_completed","requestId":"f654beb3-8520-4c89-9638-78f13f0d7f50","method":"POST","route":"/api/v1/matches/:matchId/judge/heartbeat","statusCode":200,"latencyMs":7.913,"msg":"request completed"}
{"level":30,"time":1789777030847,"pid":19535,"hostname":"Glebs-MacBook-Pro.local","reqId":"80b4f67e-c2ac-44b1-9a9e-36411d9b0d90","event":"request_completed","requestId":"80b4f67e-c2ac-44b1-9a9e-36411d9b0d90","method":"GET","route":"/api/v1/matches/:matchId","statusCode":200,"latencyMs":9.091,"msg":"request completed"}
{"level":30,"time":1789777030967,"pid":19535,"hostname":"Glebs-MacBook-Pro.local","reqId":"dffdf59d-a964-4fc1-b554-b1958ccc3bed","event":"request_completed","requestId":"dffdf59d-a964-4fc1-b554-b1958ccc3bed","method":"POST","route":"/api/v1/matches/:matchId/judge/release","statusCode":200,"latencyMs":27.28,"msg":"request completed"}
{"level":30,"time":1789777031001,"pid":19535,"hostname":"Glebs-MacBook-Pro.local","reqId":"c90fe0c7-7a2b-4772-80ea-a9f9e7b9e37b","event":"request_completed","requestId":"c90fe0c7-7a2b-4772-80ea-a9f9e7b9e37b","method":"GET","route":"/api/v1/notifications","statusCode":200,"latencyMs":29.699,"msg":"request completed"}
{"level":30,"time":1789777031005,"pid":19535,"hostname":"Glebs-MacBook-Pro.local","reqId":"c5570641-d67d-4167-a53e-44a78c61e73d","event":"request_completed","requestId":"c5570641-d67d-4167-a53e-44a78c61e73d","method":"GET","route":"/api/v1/tournaments/:id","statusCode":200,"latencyMs":33.153,"msg":"request completed"}
{"level":30,"time":1789777031067,"pid":19535,"hostname":"Glebs-MacBook-Pro.local","reqId":"5fda2394-04a5-4c84-8de1-26d163d99271","event":"request_completed","requestId":"5fda2394-04a5-4c84-8de1-26d163d99271","method":"GET","route":"/api/v1/tournaments/:id","statusCode":200,"latencyMs":34.95,"msg":"request completed"}
{"level":30,"time":1789777031092,"pid":19535,"hostname":"Glebs-MacBook-Pro.local","reqId":"281fa84d-2cbe-4916-aa61-87bc5af19e5e","event":"request_completed","requestId":"281fa84d-2cbe-4916-aa61-87bc5af19e5e","method":"GET","route":"/api/v1/matches/:matchId","statusCode":200,"latencyMs":21.975,"msg":"request completed"}
{"level":30,"time":1789777031125,"pid":19535,"hostname":"Glebs-MacBook-Pro.local","reqId":"63dd68f8-8be5-40bf-b260-c5d8ae0fd376","event":"request_completed","requestId":"63dd68f8-8be5-40bf-b260-c5d8ae0fd376","method":"POST","route":"/api/v1/matches/:matchId/judge/acquire","statusCode":200,"latencyMs":28.733,"msg":"request completed"}
{"level":30,"time":1789777031158,"pid":19535,"hostname":"Glebs-MacBook-Pro.local","reqId":"b99b0ccf-257e-46fe-b37b-48313fb1c67b","event":"request_completed","requestId":"b99b0ccf-257e-46fe-b37b-48313fb1c67b","method":"POST","route":"/api/v1/matches/:matchId/start","statusCode":200,"latencyMs":29.497,"msg":"request completed"}
{"level":30,"time":1789777031186,"pid":19535,"hostname":"Glebs-MacBook-Pro.local","reqId":"d74b3df5-bf67-46c4-a405-488f3ec604d7","event":"request_completed","requestId":"d74b3df5-bf67-46c4-a405-488f3ec604d7","method":"POST","route":"/api/v1/matches/:matchId/points","statusCode":200,"latencyMs":24.022,"msg":"request completed"}
{"level":30,"time":1789777031231,"pid":19535,"hostname":"Glebs-MacBook-Pro.local","reqId":"de6a43ed-71f5-4b19-9732-48a8423e8316","event":"request_completed","requestId":"de6a43ed-71f5-4b19-9732-48a8423e8316","method":"POST","route":"/api/v1/matches/:matchId/confirm-finish","statusCode":200,"latencyMs":40.982,"msg":"request completed"}
{"level":30,"time":1789777031250,"pid":19535,"hostname":"Glebs-MacBook-Pro.local","reqId":"f3701fcd-5eda-47ff-adb1-262ed2b3556c","event":"request_completed","requestId":"f3701fcd-5eda-47ff-adb1-262ed2b3556c","method":"GET","route":"/api/v1/tournaments/:id","statusCode":200,"latencyMs":15.333,"msg":"request completed"}
{"level":30,"time":1789777031263,"pid":19535,"hostname":"Glebs-MacBook-Pro.local","reqId":"254e51a6-457d-4481-8afe-964bc78a49a3","event":"request_completed","requestId":"254e51a6-457d-4481-8afe-964bc78a49a3","method":"GET","route":"/api/v1/matches/:matchId","statusCode":200,"latencyMs":9.989,"msg":"request completed"}
{"level":30,"time":1789777031292,"pid":19535,"hostname":"Glebs-MacBook-Pro.local","reqId":"000e3714-253e-4991-9665-979d99b976aa","event":"request_completed","requestId":"000e3714-253e-4991-9665-979d99b976aa","method":"POST","route":"/api/v1/matches/:matchId/judge/acquire","statusCode":200,"latencyMs":25.492,"msg":"request completed"}
{"level":30,"time":1789777031327,"pid":19535,"hostname":"Glebs-MacBook-Pro.local","reqId":"5026c937-bb71-49dc-9f87-2e4e7d235bac","event":"request_completed","requestId":"5026c937-bb71-49dc-9f87-2e4e7d235bac","method":"POST","route":"/api/v1/matches/:matchId/start","statusCode":200,"latencyMs":31.616,"msg":"request completed"}
{"level":30,"time":1789777031360,"pid":19535,"hostname":"Glebs-MacBook-Pro.local","reqId":"d2b1643e-6f02-460c-8ff1-a7e8646d340e","event":"request_completed","requestId":"d2b1643e-6f02-460c-8ff1-a7e8646d340e","method":"POST","route":"/api/v1/matches/:matchId/points","statusCode":200,"latencyMs":28.981,"msg":"request completed"}
{"level":30,"time":1789777031425,"pid":19535,"hostname":"Glebs-MacBook-Pro.local","reqId":"357056da-430f-42e5-936a-16d69c584765","event":"request_completed","requestId":"357056da-430f-42e5-936a-16d69c584765","method":"POST","route":"/api/v1/matches/:matchId/confirm-finish","statusCode":200,"latencyMs":59.831,"msg":"request completed"}
{"level":30,"time":1789777031446,"pid":19535,"hostname":"Glebs-MacBook-Pro.local","reqId":"6d9934b4-4566-4d11-b60f-6714702b1b94","event":"request_completed","requestId":"6d9934b4-4566-4d11-b60f-6714702b1b94","method":"GET","route":"/api/v1/tournaments/:id","statusCode":200,"latencyMs":17.525,"msg":"request completed"}
{"level":30,"time":1789777031461,"pid":19535,"hostname":"Glebs-MacBook-Pro.local","reqId":"d0ab0f11-569f-4503-b22c-e08854250484","event":"request_completed","requestId":"d0ab0f11-569f-4503-b22c-e08854250484","method":"GET","route":"/api/v1/matches/:matchId","statusCode":200,"latencyMs":10.684,"msg":"request completed"}
{"level":30,"time":1789777031491,"pid":19535,"hostname":"Glebs-MacBook-Pro.local","reqId":"bd4abb07-3997-4bd1-bb1f-6d94d5fbb5c1","event":"request_completed","requestId":"bd4abb07-3997-4bd1-bb1f-6d94d5fbb5c1","method":"POST","route":"/api/v1/matches/:matchId/judge/acquire","statusCode":200,"latencyMs":25.945,"msg":"request completed"}
{"level":30,"time":1789777031528,"pid":19535,"hostname":"Glebs-MacBook-Pro.local","reqId":"ddd69ea6-b903-4e00-8209-d312b9ca6587","event":"request_completed","requestId":"ddd69ea6-b903-4e00-8209-d312b9ca6587","method":"POST","route":"/api/v1/matches/:matchId/start","statusCode":200,"latencyMs":32.692,"msg":"request completed"}
{"level":30,"time":1789777031557,"pid":19535,"hostname":"Glebs-MacBook-Pro.local","reqId":"0dc48097-8018-473e-a005-6b0b558de3d5","event":"request_completed","requestId":"0dc48097-8018-473e-a005-6b0b558de3d5","method":"POST","route":"/api/v1/matches/:matchId/points","statusCode":200,"latencyMs":24.798,"msg":"request completed"}
{"level":30,"time":1789777031602,"pid":19535,"hostname":"Glebs-MacBook-Pro.local","reqId":"ad91271c-0e98-4ee6-9c4f-ff1a8f82565c","event":"request_completed","requestId":"ad91271c-0e98-4ee6-9c4f-ff1a8f82565c","method":"POST","route":"/api/v1/matches/:matchId/confirm-finish","statusCode":200,"latencyMs":40.588,"msg":"request completed"}
{"level":30,"time":1789777031623,"pid":19535,"hostname":"Glebs-MacBook-Pro.local","reqId":"1a554a19-de9c-4324-88a1-3b749274c61a","event":"request_completed","requestId":"1a554a19-de9c-4324-88a1-3b749274c61a","method":"GET","route":"/api/v1/tournaments/:id","statusCode":200,"latencyMs":16.16,"msg":"request completed"}
{"level":30,"time":1789777031638,"pid":19535,"hostname":"Glebs-MacBook-Pro.local","reqId":"24789c30-60fd-4cbd-a3a0-489285a4170c","event":"request_completed","requestId":"24789c30-60fd-4cbd-a3a0-489285a4170c","method":"GET","route":"/api/v1/matches/:matchId","statusCode":200,"latencyMs":11.314,"msg":"request completed"}
{"level":30,"time":1789777031666,"pid":19535,"hostname":"Glebs-MacBook-Pro.local","reqId":"faf7d04e-41c0-4a48-a0fc-fb6a2094c6e1","event":"request_completed","requestId":"faf7d04e-41c0-4a48-a0fc-fb6a2094c6e1","method":"POST","route":"/api/v1/matches/:matchId/judge/acquire","statusCode":200,"latencyMs":25.746,"msg":"request completed"}
{"level":30,"time":1789777031710,"pid":19535,"hostname":"Glebs-MacBook-Pro.local","reqId":"27c52232-0c3d-4151-89f4-766692b73b10","event":"request_completed","requestId":"27c52232-0c3d-4151-89f4-766692b73b10","method":"POST","route":"/api/v1/matches/:matchId/start","statusCode":200,"latencyMs":37.676,"msg":"request completed"}
{"level":30,"time":1789777031740,"pid":19535,"hostname":"Glebs-MacBook-Pro.local","reqId":"66428ba9-3c8d-4c6d-8947-2ae3b20536e2","event":"request_completed","requestId":"66428ba9-3c8d-4c6d-8947-2ae3b20536e2","method":"POST","route":"/api/v1/matches/:matchId/points","statusCode":200,"latencyMs":26.45,"msg":"request completed"}
{"level":30,"time":1789777031806,"pid":19535,"hostname":"Glebs-MacBook-Pro.local","reqId":"a94f8b1d-51a4-4a77-938c-5a25e4c3a894","event":"request_completed","requestId":"a94f8b1d-51a4-4a77-938c-5a25e4c3a894","method":"POST","route":"/api/v1/matches/:matchId/confirm-finish","statusCode":200,"latencyMs":61.18,"msg":"request completed"}
{"level":30,"time":1789777031826,"pid":19535,"hostname":"Glebs-MacBook-Pro.local","reqId":"c02ee560-aebc-4607-8763-492618bbfac1","event":"request_completed","requestId":"c02ee560-aebc-4607-8763-492618bbfac1","method":"GET","route":"/api/v1/tournaments/:id","statusCode":200,"latencyMs":16.301,"msg":"request completed"}
{"level":30,"time":1789777031840,"pid":19535,"hostname":"Glebs-MacBook-Pro.local","reqId":"2e60037b-f53c-417f-9e69-529fa9281d4e","event":"request_completed","requestId":"2e60037b-f53c-417f-9e69-529fa9281d4e","method":"GET","route":"/api/v1/matches/:matchId","statusCode":200,"latencyMs":9.775,"msg":"request completed"}
{"level":30,"time":1789777031868,"pid":19535,"hostname":"Glebs-MacBook-Pro.local","reqId":"3226eba4-5b1b-4b6e-94ac-2b8c6df202c5","event":"request_completed","requestId":"3226eba4-5b1b-4b6e-94ac-2b8c6df202c5","method":"POST","route":"/api/v1/matches/:matchId/judge/acquire","statusCode":200,"latencyMs":24.815,"msg":"request completed"}
{"level":30,"time":1789777031903,"pid":19535,"hostname":"Glebs-MacBook-Pro.local","reqId":"d2cfba73-6e81-4fd6-acb9-ff947d45d183","event":"request_completed","requestId":"d2cfba73-6e81-4fd6-acb9-ff947d45d183","method":"POST","route":"/api/v1/matches/:matchId/start","statusCode":200,"latencyMs":31.028,"msg":"request completed"}
{"level":30,"time":1789777031933,"pid":19535,"hostname":"Glebs-MacBook-Pro.local","reqId":"0954a400-1909-4ece-8e96-718ad78496ed","event":"request_completed","requestId":"0954a400-1909-4ece-8e96-718ad78496ed","method":"POST","route":"/api/v1/matches/:matchId/points","statusCode":200,"latencyMs":24.752,"msg":"request completed"}
{"level":30,"time":1789777031978,"pid":19535,"hostname":"Glebs-MacBook-Pro.local","reqId":"3641e088-8572-4bab-90fe-f285c7744f70","event":"request_completed","requestId":"3641e088-8572-4bab-90fe-f285c7744f70","method":"POST","route":"/api/v1/matches/:matchId/confirm-finish","statusCode":200,"latencyMs":41.449,"msg":"request completed"}
{"level":30,"time":1789777031997,"pid":19535,"hostname":"Glebs-MacBook-Pro.local","reqId":"c380066d-6294-4676-8810-c9c92dff2252","event":"request_completed","requestId":"c380066d-6294-4676-8810-c9c92dff2252","method":"GET","route":"/api/v1/tournaments/:id","statusCode":200,"latencyMs":14.923,"msg":"request completed"}
{"level":30,"time":1789777032010,"pid":19535,"hostname":"Glebs-MacBook-Pro.local","reqId":"469bb839-bbd1-4cb0-8895-e82dcfe4484a","event":"request_completed","requestId":"469bb839-bbd1-4cb0-8895-e82dcfe4484a","method":"GET","route":"/api/v1/matches/:matchId","statusCode":200,"latencyMs":9.377,"msg":"request completed"}
{"level":30,"time":1789777032037,"pid":19535,"hostname":"Glebs-MacBook-Pro.local","reqId":"ac3194b4-8e3b-496d-b48c-113627cc0a0e","event":"request_completed","requestId":"ac3194b4-8e3b-496d-b48c-113627cc0a0e","method":"POST","route":"/api/v1/matches/:matchId/judge/acquire","statusCode":200,"latencyMs":23.594,"msg":"request completed"}
{"level":30,"time":1789777032070,"pid":19535,"hostname":"Glebs-MacBook-Pro.local","reqId":"707be6c6-4bbd-457f-8162-e55330c54eeb","event":"request_completed","requestId":"707be6c6-4bbd-457f-8162-e55330c54eeb","method":"POST","route":"/api/v1/matches/:matchId/start","statusCode":200,"latencyMs":28.768,"msg":"request completed"}
{"level":30,"time":1789777032098,"pid":19535,"hostname":"Glebs-MacBook-Pro.local","reqId":"7db39b51-60a4-41d5-a4f9-b3cd10160224","event":"request_completed","requestId":"7db39b51-60a4-41d5-a4f9-b3cd10160224","method":"POST","route":"/api/v1/matches/:matchId/points","statusCode":200,"latencyMs":22.95,"msg":"request completed"}
{"level":30,"time":1789777032167,"pid":19535,"hostname":"Glebs-MacBook-Pro.local","reqId":"80b3cdcb-dbff-4292-8bbc-3bbebf14c00c","event":"request_completed","requestId":"80b3cdcb-dbff-4292-8bbc-3bbebf14c00c","method":"POST","route":"/api/v1/matches/:matchId/confirm-finish","statusCode":200,"latencyMs":64.949,"msg":"request completed"}
{"level":30,"time":1789777032185,"pid":19535,"hostname":"Glebs-MacBook-Pro.local","reqId":"f50131cc-8683-463a-afa7-2657b35e4508","event":"request_completed","requestId":"f50131cc-8683-463a-afa7-2657b35e4508","method":"GET","route":"/api/v1/tournaments/:id","statusCode":200,"latencyMs":14.273,"msg":"request completed"}
{"level":30,"time":1789777032197,"pid":19535,"hostname":"Glebs-MacBook-Pro.local","reqId":"45518847-3b4d-4682-99fe-82dd2c04292f","event":"request_completed","requestId":"45518847-3b4d-4682-99fe-82dd2c04292f","method":"GET","route":"/api/v1/matches/:matchId","statusCode":200,"latencyMs":8.812,"msg":"request completed"}
{"level":30,"time":1789777032223,"pid":19535,"hostname":"Glebs-MacBook-Pro.local","reqId":"07c7d900-6930-4c60-8c1e-9e603fab7f59","event":"request_completed","requestId":"07c7d900-6930-4c60-8c1e-9e603fab7f59","method":"POST","route":"/api/v1/matches/:matchId/judge/acquire","statusCode":200,"latencyMs":22.866,"msg":"request completed"}
{"level":30,"time":1789777032258,"pid":19535,"hostname":"Glebs-MacBook-Pro.local","reqId":"07f4162d-2342-44af-931d-857ac894b206","event":"request_completed","requestId":"07f4162d-2342-44af-931d-857ac894b206","method":"POST","route":"/api/v1/matches/:matchId/start","statusCode":200,"latencyMs":31.041,"msg":"request completed"}
{"level":30,"time":1789777032287,"pid":19535,"hostname":"Glebs-MacBook-Pro.local","reqId":"b269358d-20d5-4c14-b570-2cef316639a7","event":"request_completed","requestId":"b269358d-20d5-4c14-b570-2cef316639a7","method":"POST","route":"/api/v1/matches/:matchId/points","statusCode":200,"latencyMs":25.42,"msg":"request completed"}
{"level":30,"time":1789777032332,"pid":19535,"hostname":"Glebs-MacBook-Pro.local","reqId":"0ac05cce-8e26-42b8-aaad-59fb884b9ee4","event":"request_completed","requestId":"0ac05cce-8e26-42b8-aaad-59fb884b9ee4","method":"POST","route":"/api/v1/matches/:matchId/confirm-finish","statusCode":200,"latencyMs":40.482,"msg":"request completed"}
{"level":30,"time":1789777032350,"pid":19535,"hostname":"Glebs-MacBook-Pro.local","reqId":"ab46c921-3f17-435b-b35c-4d5ea555d8a5","event":"request_completed","requestId":"ab46c921-3f17-435b-b35c-4d5ea555d8a5","method":"GET","route":"/api/v1/tournaments/:id","statusCode":200,"latencyMs":13.904,"msg":"request completed"}
{"level":30,"time":1789777032361,"pid":19535,"hostname":"Glebs-MacBook-Pro.local","reqId":"ceee9769-d319-4bde-a1c4-acfe5382c714","event":"request_completed","requestId":"ceee9769-d319-4bde-a1c4-acfe5382c714","method":"GET","route":"/api/v1/matches/:matchId","statusCode":200,"latencyMs":8.437,"msg":"request completed"}
{"level":30,"time":1789777032389,"pid":19535,"hostname":"Glebs-MacBook-Pro.local","reqId":"8889fc88-7a23-48ad-ac57-754586f1631f","event":"request_completed","requestId":"8889fc88-7a23-48ad-ac57-754586f1631f","method":"POST","route":"/api/v1/matches/:matchId/judge/acquire","statusCode":200,"latencyMs":24.804,"msg":"request completed"}
{"level":30,"time":1789777032435,"pid":19535,"hostname":"Glebs-MacBook-Pro.local","reqId":"892b0a66-c18b-41ff-8352-2308da333577","event":"request_completed","requestId":"892b0a66-c18b-41ff-8352-2308da333577","method":"POST","route":"/api/v1/matches/:matchId/start","statusCode":200,"latencyMs":42.468,"msg":"request completed"}
{"level":30,"time":1789777032462,"pid":19535,"hostname":"Glebs-MacBook-Pro.local","reqId":"ba0fd2bf-b0ec-457c-9f9e-9e9b35a5cc2e","event":"request_completed","requestId":"ba0fd2bf-b0ec-457c-9f9e-9e9b35a5cc2e","method":"POST","route":"/api/v1/matches/:matchId/points","statusCode":200,"latencyMs":22.664,"msg":"request completed"}
{"level":30,"time":1789777032504,"pid":19535,"hostname":"Glebs-MacBook-Pro.local","reqId":"b9b16635-a8cd-4dc5-adce-3a980ac6e0f6","event":"request_completed","requestId":"b9b16635-a8cd-4dc5-adce-3a980ac6e0f6","method":"POST","route":"/api/v1/matches/:matchId/confirm-finish","statusCode":200,"latencyMs":38.511,"msg":"request completed"}
{"level":30,"time":1789777032518,"pid":19535,"hostname":"Glebs-MacBook-Pro.local","reqId":"e2a79c1b-7bd6-46e1-bc07-1cbaa18e8e8e","event":"request_completed","requestId":"e2a79c1b-7bd6-46e1-bc07-1cbaa18e8e8e","method":"GET","route":"/api/v1/tournaments/:id","statusCode":200,"latencyMs":10.67,"msg":"request completed"}
{"level":30,"time":1789777032533,"pid":19535,"hostname":"Glebs-MacBook-Pro.local","reqId":"8be46d44-5164-4af5-9fd8-f1b4e8acd33d","event":"request_completed","requestId":"8be46d44-5164-4af5-9fd8-f1b4e8acd33d","method":"GET","route":"/api/v1/tournaments/:id","statusCode":200,"latencyMs":11.484,"msg":"request completed"}
{"level":30,"time":1789777032555,"pid":19535,"hostname":"Glebs-MacBook-Pro.local","reqId":"08d3187e-564d-4a29-ab48-30fee7e478ce","event":"request_completed","requestId":"08d3187e-564d-4a29-ab48-30fee7e478ce","method":"GET","route":"/api/v1/auth/me","statusCode":200,"latencyMs":5.286,"msg":"request completed"}
{"level":30,"time":1789777032573,"pid":19535,"hostname":"Glebs-MacBook-Pro.local","reqId":"90c9ef49-26f6-4a11-b4a5-65efde0b625d","event":"request_completed","requestId":"90c9ef49-26f6-4a11-b4a5-65efde0b625d","method":"GET","route":"/api/v1/notifications","statusCode":200,"latencyMs":14.296,"msg":"request completed"}
{"level":30,"time":1789777032573,"pid":19535,"hostname":"Glebs-MacBook-Pro.local","reqId":"f305d764-41ef-494a-a5bb-13407fc1d655","event":"request_completed","requestId":"f305d764-41ef-494a-a5bb-13407fc1d655","method":"GET","route":"/api/v1/tournaments/:id","statusCode":200,"latencyMs":14.388,"msg":"request completed"}
  ✓  18 [chromium-desktop] › tests/e2e/wave-d-tournaments.spec.ts:19:7 › Wave D tournament single_elimination/8 roster, seed edit, complete and results (4.0s)
{"level":30,"time":1789777032840,"pid":19535,"hostname":"Glebs-MacBook-Pro.local","reqId":"6ecffaf5-e259-41cb-a7e4-6d549d7f0f29","event":"request_completed","requestId":"6ecffaf5-e259-41cb-a7e4-6d549d7f0f29","method":"GET","route":"/health","statusCode":200,"latencyMs":0.149,"msg":"request completed"}
{"level":30,"time":1789777032871,"pid":19535,"hostname":"Glebs-MacBook-Pro.local","reqId":"b610bf51-4754-4dca-adf1-9da23fe18e84","event":"request_completed","requestId":"b610bf51-4754-4dca-adf1-9da23fe18e84","method":"POST","route":"/api/v1/auth/login","statusCode":200,"latencyMs":28.747,"msg":"request completed"}
{"level":30,"time":1789777032891,"pid":19535,"hostname":"Glebs-MacBook-Pro.local","reqId":"d72a1985-b63a-4d41-be1f-d315983292d8","event":"request_completed","requestId":"d72a1985-b63a-4d41-be1f-d315983292d8","method":"PATCH","route":"/api/v1/me/onboarding","statusCode":200,"latencyMs":15.926,"msg":"request completed"}
{"level":30,"time":1789777033154,"pid":19535,"hostname":"Glebs-MacBook-Pro.local","reqId":"0ede58e8-213b-4ebb-b7b9-37f2970a616a","event":"request_completed","requestId":"0ede58e8-213b-4ebb-b7b9-37f2970a616a","method":"GET","route":"/api/v1/auth/me","statusCode":401,"latencyMs":0.207,"msg":"request completed"}
{"level":30,"time":1789777033316,"pid":19535,"hostname":"Glebs-MacBook-Pro.local","reqId":"5715ad64-8b07-451d-9607-3db5ecea1ffc","event":"request_completed","requestId":"5715ad64-8b07-451d-9607-3db5ecea1ffc","method":"POST","route":"/api/v1/auth/login","statusCode":200,"latencyMs":27.681,"msg":"request completed"}
{"level":30,"time":1789777033332,"pid":19535,"hostname":"Glebs-MacBook-Pro.local","reqId":"0caeffed-4d2a-46ff-bb88-4c4d554dabf2","event":"request_completed","requestId":"0caeffed-4d2a-46ff-bb88-4c4d554dabf2","method":"GET","route":"/api/v1/auth/me","statusCode":200,"latencyMs":13.85,"msg":"request completed"}
{"level":30,"time":1789777033361,"pid":19535,"hostname":"Glebs-MacBook-Pro.local","reqId":"3d05ee08-9118-4c47-9968-2648f6087eec","event":"request_completed","requestId":"3d05ee08-9118-4c47-9968-2648f6087eec","method":"GET","route":"/api/v1/notifications","statusCode":200,"latencyMs":39.101,"msg":"request completed"}
{"level":30,"time":1789777033400,"pid":19535,"hostname":"Glebs-MacBook-Pro.local","reqId":"6617242e-7037-4c8f-a706-a6a2c51c2db0","event":"request_completed","requestId":"6617242e-7037-4c8f-a706-a6a2c51c2db0","method":"GET","route":"/api/v1/auth/me","statusCode":200,"latencyMs":7.507,"msg":"request completed"}
{"level":30,"time":1789777033405,"pid":19535,"hostname":"Glebs-MacBook-Pro.local","reqId":"cdba48ee-0e75-4e34-9ada-42eb5f01a4b0","event":"request_completed","requestId":"cdba48ee-0e75-4e34-9ada-42eb5f01a4b0","method":"GET","route":"/api/v1/home","statusCode":200,"latencyMs":82.405,"msg":"request completed"}
{"level":30,"time":1789777033418,"pid":19535,"hostname":"Glebs-MacBook-Pro.local","reqId":"cc209cea-32a3-4b04-8fc6-8c7afefbed1e","event":"request_completed","requestId":"cc209cea-32a3-4b04-8fc6-8c7afefbed1e","method":"GET","route":"/api/v1/notifications","statusCode":200,"latencyMs":11.931,"msg":"request completed"}
{"level":30,"time":1789777033496,"pid":19535,"hostname":"Glebs-MacBook-Pro.local","reqId":"d9872e46-b127-49ed-88ea-f3baf1cc2544","event":"request_completed","requestId":"d9872e46-b127-49ed-88ea-f3baf1cc2544","method":"POST","route":"/api/v1/tournaments","statusCode":200,"latencyMs":13.969,"msg":"request completed"}
{"level":30,"time":1789777033514,"pid":19535,"hostname":"Glebs-MacBook-Pro.local","reqId":"8470c1ca-8ef1-40ec-8a9d-85046c7ebab0","event":"request_completed","requestId":"8470c1ca-8ef1-40ec-8a9d-85046c7ebab0","method":"GET","route":"/api/v1/tournaments/:id","statusCode":200,"latencyMs":13.426,"msg":"request completed"}
{"level":30,"time":1789777033522,"pid":19535,"hostname":"Glebs-MacBook-Pro.local","reqId":"50508acf-d426-487b-8fdb-e279681763f9","event":"request_completed","requestId":"50508acf-d426-487b-8fdb-e279681763f9","method":"GET","route":"/api/v1/users/directory","statusCode":200,"latencyMs":4.904,"msg":"request completed"}
{"level":30,"time":1789777033623,"pid":19535,"hostname":"Glebs-MacBook-Pro.local","reqId":"6c2fecf0-7900-46ba-b25d-fd9b7a25f7f6","event":"request_completed","requestId":"6c2fecf0-7900-46ba-b25d-fd9b7a25f7f6","method":"POST","route":"/api/v1/tournaments/:id/participants","statusCode":200,"latencyMs":56.856,"msg":"request completed"}
{"level":30,"time":1789777033699,"pid":19535,"hostname":"Glebs-MacBook-Pro.local","reqId":"38b90852-a10a-4a8c-93fb-db82a0a67f32","event":"request_completed","requestId":"38b90852-a10a-4a8c-93fb-db82a0a67f32","method":"POST","route":"/api/v1/tournaments/:id/participants","statusCode":200,"latencyMs":48.918,"msg":"request completed"}
{"level":30,"time":1789777033746,"pid":19535,"hostname":"Glebs-MacBook-Pro.local","reqId":"d10cbc04-e179-446e-8d99-2a1d14a48803","event":"request_completed","requestId":"d10cbc04-e179-446e-8d99-2a1d14a48803","method":"PATCH","route":"/api/v1/tournaments/:id","statusCode":200,"latencyMs":42.486,"msg":"request completed"}
{"level":30,"time":1789777033772,"pid":19535,"hostname":"Glebs-MacBook-Pro.local","reqId":"c0df0a22-924d-414a-ae27-8f8b15db5804","event":"request_completed","requestId":"c0df0a22-924d-414a-ae27-8f8b15db5804","method":"GET","route":"/api/v1/auth/me","statusCode":200,"latencyMs":10.118,"msg":"request completed"}
{"level":30,"time":1789777033801,"pid":19535,"hostname":"Glebs-MacBook-Pro.local","reqId":"eeda22a5-f70e-4a3c-8bfc-fbd13818fda9","event":"request_completed","requestId":"eeda22a5-f70e-4a3c-8bfc-fbd13818fda9","method":"GET","route":"/api/v1/notifications","statusCode":200,"latencyMs":23.827,"msg":"request completed"}
{"level":30,"time":1789777033803,"pid":19535,"hostname":"Glebs-MacBook-Pro.local","reqId":"1b74f67f-018d-4a87-854e-aaaa7ac26cfd","event":"request_completed","requestId":"1b74f67f-018d-4a87-854e-aaaa7ac26cfd","method":"GET","route":"/api/v1/tournaments/:id","statusCode":200,"latencyMs":25.894,"msg":"request completed"}
{"level":30,"time":1789777033811,"pid":19535,"hostname":"Glebs-MacBook-Pro.local","reqId":"2bc56e98-f8de-4b56-8623-9b2eae888402","event":"request_completed","requestId":"2bc56e98-f8de-4b56-8623-9b2eae888402","method":"GET","route":"/api/v1/users/directory","statusCode":200,"latencyMs":4.921,"msg":"request completed"}
{"level":30,"time":1789777033934,"pid":19535,"hostname":"Glebs-MacBook-Pro.local","reqId":"74658370-22a4-4f8a-b88f-3807a41cda4d","event":"request_completed","requestId":"74658370-22a4-4f8a-b88f-3807a41cda4d","method":"POST","route":"/api/v1/tournaments/:id/bracket","statusCode":200,"latencyMs":40.191,"msg":"request completed"}
{"level":30,"time":1789777033955,"pid":19535,"hostname":"Glebs-MacBook-Pro.local","reqId":"4b2a3c9b-c550-494a-a9ab-8bc8c688f2a1","event":"request_completed","requestId":"4b2a3c9b-c550-494a-a9ab-8bc8c688f2a1","method":"GET","route":"/api/v1/tournaments/:id","statusCode":200,"latencyMs":18.391,"msg":"request completed"}
{"level":30,"time":1789777034025,"pid":19535,"hostname":"Glebs-MacBook-Pro.local","reqId":"174cc918-0e64-48fe-abae-653789b19f45","event":"request_completed","requestId":"174cc918-0e64-48fe-abae-653789b19f45","method":"GET","route":"/api/v1/tournaments/:id","statusCode":200,"latencyMs":32.522,"msg":"request completed"}
{"level":30,"time":1789777034118,"pid":19535,"hostname":"Glebs-MacBook-Pro.local","reqId":"c72e0a60-82ce-49d3-bcb1-ebc015417f1c","event":"request_completed","requestId":"c72e0a60-82ce-49d3-bcb1-ebc015417f1c","method":"GET","route":"/api/v1/tournaments/:id","statusCode":200,"latencyMs":33.89,"msg":"request completed"}
{"level":30,"time":1789777034120,"pid":19535,"hostname":"Glebs-MacBook-Pro.local","reqId":"a5122b9b-9b5e-4284-8766-3a7035f7d749","event":"request_completed","requestId":"a5122b9b-9b5e-4284-8766-3a7035f7d749","method":"PATCH","route":"/api/v1/tournaments/:id/bracket","statusCode":200,"latencyMs":40.608,"msg":"request completed"}
{"level":30,"time":1789777034138,"pid":19535,"hostname":"Glebs-MacBook-Pro.local","reqId":"fd2aae9d-dc5a-4978-9158-d1d5a16bd7da","event":"request_completed","requestId":"fd2aae9d-dc5a-4978-9158-d1d5a16bd7da","method":"GET","route":"/api/v1/tournaments/:id","statusCode":200,"latencyMs":15.729,"msg":"request completed"}
{"level":30,"time":1789777034264,"pid":19535,"hostname":"Glebs-MacBook-Pro.local","reqId":"56087e3d-a412-4f68-ba6f-380f03a71837","event":"request_completed","requestId":"56087e3d-a412-4f68-ba6f-380f03a71837","method":"GET","route":"/api/v1/tournaments/:id","statusCode":200,"latencyMs":40.397,"msg":"request completed"}
{"level":30,"time":1789777034420,"pid":19535,"hostname":"Glebs-MacBook-Pro.local","reqId":"3bdc4abf-9d5f-4a4d-b908-5431d30f54ee","event":"request_completed","requestId":"3bdc4abf-9d5f-4a4d-b908-5431d30f54ee","method":"GET","route":"/api/v1/tournaments/:id","statusCode":200,"latencyMs":36.778,"msg":"request completed"}
{"level":30,"time":1789777034449,"pid":19535,"hostname":"Glebs-MacBook-Pro.local","reqId":"a93181e1-4ed3-473e-bff9-4fbde6352b70","event":"request_completed","requestId":"a93181e1-4ed3-473e-bff9-4fbde6352b70","method":"GET","route":"/api/v1/tournaments/:id","statusCode":200,"latencyMs":25.321,"msg":"request completed"}
{"level":30,"time":1789777034454,"pid":19535,"hostname":"Glebs-MacBook-Pro.local","reqId":"ed304112-c016-463a-8d32-f8a75d213aa0","event":"request_completed","requestId":"ed304112-c016-463a-8d32-f8a75d213aa0","method":"POST","route":"/api/v1/tournaments/:id/start","statusCode":200,"latencyMs":75.915,"msg":"request completed"}
{"level":30,"time":1789777034572,"pid":19535,"hostname":"Glebs-MacBook-Pro.local","reqId":"063fc468-27af-4882-a6c2-3018ffe70313","event":"request_completed","requestId":"063fc468-27af-4882-a6c2-3018ffe70313","method":"GET","route":"/api/v1/tournaments/:id","statusCode":200,"latencyMs":16.501,"msg":"request completed"}
{"level":30,"time":1789777034590,"pid":19535,"hostname":"Glebs-MacBook-Pro.local","reqId":"fbe7d5e7-b6b3-4370-98b0-40c7ee9a5f8d","event":"request_completed","requestId":"fbe7d5e7-b6b3-4370-98b0-40c7ee9a5f8d","method":"GET","route":"/api/v1/tournaments/:id","statusCode":200,"latencyMs":14.528,"msg":"request completed"}
{"level":30,"time":1789777034604,"pid":19535,"hostname":"Glebs-MacBook-Pro.local","reqId":"917150f8-a4c7-4d21-9d0b-01da03936d77","event":"request_completed","requestId":"917150f8-a4c7-4d21-9d0b-01da03936d77","method":"GET","route":"/api/v1/matches/:matchId","statusCode":200,"latencyMs":10.065,"msg":"request completed"}
{"level":30,"time":1789777034632,"pid":19535,"hostname":"Glebs-MacBook-Pro.local","reqId":"8400cb05-adf2-439c-98c3-ea0718dc390e","event":"request_completed","requestId":"8400cb05-adf2-439c-98c3-ea0718dc390e","method":"POST","route":"/api/v1/matches/:matchId/judge/acquire","statusCode":200,"latencyMs":24.24,"msg":"request completed"}
{"level":30,"time":1789777034664,"pid":19535,"hostname":"Glebs-MacBook-Pro.local","reqId":"c1198051-0118-45b6-a082-47a2c42567ea","event":"request_completed","requestId":"c1198051-0118-45b6-a082-47a2c42567ea","method":"POST","route":"/api/v1/matches/:matchId/start","statusCode":200,"latencyMs":28.759,"msg":"request completed"}
{"level":30,"time":1789777034690,"pid":19535,"hostname":"Glebs-MacBook-Pro.local","reqId":"537a09f4-caa6-4769-a94f-c4084289eaeb","event":"request_completed","requestId":"537a09f4-caa6-4769-a94f-c4084289eaeb","method":"POST","route":"/api/v1/matches/:matchId/points","statusCode":200,"latencyMs":21.993,"msg":"request completed"}
{"level":30,"time":1789777034754,"pid":19535,"hostname":"Glebs-MacBook-Pro.local","reqId":"d98bd67f-7e44-40a5-8e25-3f04394aa881","event":"request_completed","requestId":"d98bd67f-7e44-40a5-8e25-3f04394aa881","method":"POST","route":"/api/v1/matches/:matchId/confirm-finish","statusCode":200,"latencyMs":59.888,"msg":"request completed"}
{"level":30,"time":1789777034773,"pid":19535,"hostname":"Glebs-MacBook-Pro.local","reqId":"542f33b3-519d-40f2-83c3-96049f86a4da","event":"request_completed","requestId":"542f33b3-519d-40f2-83c3-96049f86a4da","method":"GET","route":"/api/v1/tournaments/:id","statusCode":200,"latencyMs":14.751,"msg":"request completed"}
{"level":30,"time":1789777034787,"pid":19535,"hostname":"Glebs-MacBook-Pro.local","reqId":"f2f7fc57-7fa1-4296-9925-82952cd4fcf6","event":"request_completed","requestId":"f2f7fc57-7fa1-4296-9925-82952cd4fcf6","method":"GET","route":"/api/v1/matches/:matchId","statusCode":200,"latencyMs":10.483,"msg":"request completed"}
{"level":30,"time":1789777034819,"pid":19535,"hostname":"Glebs-MacBook-Pro.local","reqId":"96983010-1e83-41e0-af49-2d5a8b235603","event":"request_completed","requestId":"96983010-1e83-41e0-af49-2d5a8b235603","method":"POST","route":"/api/v1/matches/:matchId/judge/acquire","statusCode":200,"latencyMs":28.862,"msg":"request completed"}
{"level":30,"time":1789777034863,"pid":19535,"hostname":"Glebs-MacBook-Pro.local","reqId":"029ab985-9a3e-4eda-abac-23e7d08e5e5a","event":"request_completed","requestId":"029ab985-9a3e-4eda-abac-23e7d08e5e5a","method":"POST","route":"/api/v1/matches/:matchId/start","statusCode":200,"latencyMs":41.053,"msg":"request completed"}
{"level":30,"time":1789777034891,"pid":19535,"hostname":"Glebs-MacBook-Pro.local","reqId":"d5a577cf-7203-41ef-8e83-663d8931c839","event":"request_completed","requestId":"d5a577cf-7203-41ef-8e83-663d8931c839","method":"POST","route":"/api/v1/matches/:matchId/points","statusCode":200,"latencyMs":23.671,"msg":"request completed"}
{"level":30,"time":1789777034951,"pid":19535,"hostname":"Glebs-MacBook-Pro.local","reqId":"7c2dbaf3-73ce-4e04-bbc9-863491ac1207","event":"request_completed","requestId":"7c2dbaf3-73ce-4e04-bbc9-863491ac1207","method":"POST","route":"/api/v1/matches/:matchId/confirm-finish","statusCode":200,"latencyMs":55.499,"msg":"request completed"}
{"level":30,"time":1789777034968,"pid":19535,"hostname":"Glebs-MacBook-Pro.local","reqId":"b445f74d-12ad-4ccf-9206-0e5d46694c02","event":"request_completed","requestId":"b445f74d-12ad-4ccf-9206-0e5d46694c02","method":"GET","route":"/api/v1/tournaments/:id","statusCode":200,"latencyMs":13.502,"msg":"request completed"}
{"level":30,"time":1789777034979,"pid":19535,"hostname":"Glebs-MacBook-Pro.local","reqId":"c40ebfb1-957f-4775-9315-100c42bb5adc","event":"request_completed","requestId":"c40ebfb1-957f-4775-9315-100c42bb5adc","method":"GET","route":"/api/v1/matches/:matchId","statusCode":200,"latencyMs":8.011,"msg":"request completed"}
{"level":30,"time":1789777035002,"pid":19535,"hostname":"Glebs-MacBook-Pro.local","reqId":"c4050525-b72f-486a-84ee-c45d2fe1a546","event":"request_completed","requestId":"c4050525-b72f-486a-84ee-c45d2fe1a546","method":"POST","route":"/api/v1/matches/:matchId/judge/acquire","statusCode":200,"latencyMs":20.29,"msg":"request completed"}
{"level":30,"time":1789777035032,"pid":19535,"hostname":"Glebs-MacBook-Pro.local","reqId":"6fdd051c-6e41-414a-94a6-a36078ff7a9e","event":"request_completed","requestId":"6fdd051c-6e41-414a-94a6-a36078ff7a9e","method":"POST","route":"/api/v1/matches/:matchId/start","statusCode":200,"latencyMs":26.417,"msg":"request completed"}
{"level":30,"time":1789777035056,"pid":19535,"hostname":"Glebs-MacBook-Pro.local","reqId":"516a4b6d-53b0-43ea-bcbb-043acff1a9db","event":"request_completed","requestId":"516a4b6d-53b0-43ea-bcbb-043acff1a9db","method":"POST","route":"/api/v1/matches/:matchId/points","statusCode":200,"latencyMs":20.892,"msg":"request completed"}
{"level":30,"time":1789777035115,"pid":19535,"hostname":"Glebs-MacBook-Pro.local","reqId":"4144290f-cb54-4155-8b5a-3bfbb2c1923b","event":"request_completed","requestId":"4144290f-cb54-4155-8b5a-3bfbb2c1923b","method":"POST","route":"/api/v1/matches/:matchId/confirm-finish","statusCode":200,"latencyMs":54.991,"msg":"request completed"}
{"level":30,"time":1789777035133,"pid":19535,"hostname":"Glebs-MacBook-Pro.local","reqId":"349ab335-f49e-44bd-8062-feb10ddc4e53","event":"request_completed","requestId":"349ab335-f49e-44bd-8062-feb10ddc4e53","method":"GET","route":"/api/v1/tournaments/:id","statusCode":200,"latencyMs":14.101,"msg":"request completed"}
{"level":30,"time":1789777035147,"pid":19535,"hostname":"Glebs-MacBook-Pro.local","reqId":"d3891645-6214-4dbf-8b28-f695556d926a","event":"request_completed","requestId":"d3891645-6214-4dbf-8b28-f695556d926a","method":"GET","route":"/api/v1/matches/:matchId","statusCode":200,"latencyMs":10.139,"msg":"request completed"}
{"level":30,"time":1789777035176,"pid":19535,"hostname":"Glebs-MacBook-Pro.local","reqId":"1082a09f-a208-415e-bec7-239090780390","event":"request_completed","requestId":"1082a09f-a208-415e-bec7-239090780390","method":"POST","route":"/api/v1/matches/:matchId/judge/acquire","statusCode":200,"latencyMs":25.037,"msg":"request completed"}
{"level":30,"time":1789777035215,"pid":19535,"hostname":"Glebs-MacBook-Pro.local","reqId":"d7b034ff-a31a-4226-a0f8-31796ca79351","event":"request_completed","requestId":"d7b034ff-a31a-4226-a0f8-31796ca79351","method":"POST","route":"/api/v1/matches/:matchId/start","statusCode":200,"latencyMs":35.342,"msg":"request completed"}
{"level":30,"time":1789777035243,"pid":19535,"hostname":"Glebs-MacBook-Pro.local","reqId":"a30cda41-30ad-4475-be24-0e9f3b510669","event":"request_completed","requestId":"a30cda41-30ad-4475-be24-0e9f3b510669","method":"POST","route":"/api/v1/matches/:matchId/points","statusCode":200,"latencyMs":24.107,"msg":"request completed"}
{"level":30,"time":1789777035295,"pid":19535,"hostname":"Glebs-MacBook-Pro.local","reqId":"769b7462-864d-426a-8fc1-79241fc4cfa4","event":"request_completed","requestId":"769b7462-864d-426a-8fc1-79241fc4cfa4","method":"POST","route":"/api/v1/matches/:matchId/confirm-finish","statusCode":200,"latencyMs":47.817,"msg":"request completed"}
{"level":30,"time":1789777035310,"pid":19535,"hostname":"Glebs-MacBook-Pro.local","reqId":"49382a26-bbe8-4d5e-b926-071c4f43e8f2","event":"request_completed","requestId":"49382a26-bbe8-4d5e-b926-071c4f43e8f2","method":"GET","route":"/api/v1/tournaments/:id","statusCode":200,"latencyMs":11.427,"msg":"request completed"}
{"level":30,"time":1789777035324,"pid":19535,"hostname":"Glebs-MacBook-Pro.local","reqId":"33e08102-941e-4a5d-ac8c-90fdb0de2b47","event":"request_completed","requestId":"33e08102-941e-4a5d-ac8c-90fdb0de2b47","method":"GET","route":"/api/v1/tournaments/:id","statusCode":200,"latencyMs":11.112,"msg":"request completed"}
{"level":30,"time":1789777035348,"pid":19535,"hostname":"Glebs-MacBook-Pro.local","reqId":"47542f57-5684-4388-9af9-dd20a8403a3e","event":"request_completed","requestId":"47542f57-5684-4388-9af9-dd20a8403a3e","method":"GET","route":"/api/v1/auth/me","statusCode":200,"latencyMs":5.361,"msg":"request completed"}
{"level":30,"time":1789777035364,"pid":19535,"hostname":"Glebs-MacBook-Pro.local","reqId":"108bbb35-42f7-4ca9-a880-6520ce50d7ef","event":"request_completed","requestId":"108bbb35-42f7-4ca9-a880-6520ce50d7ef","method":"GET","route":"/api/v1/notifications","statusCode":200,"latencyMs":13.108,"msg":"request completed"}
{"level":30,"time":1789777035365,"pid":19535,"hostname":"Glebs-MacBook-Pro.local","reqId":"87980db1-bdc3-4ae9-8a88-ffddf5d614a6","event":"request_completed","requestId":"87980db1-bdc3-4ae9-8a88-ffddf5d614a6","method":"GET","route":"/api/v1/tournaments/:id","statusCode":200,"latencyMs":14.047,"msg":"request completed"}
  ✓  19 [chromium-desktop] › tests/e2e/wave-d-tournaments.spec.ts:19:7 › Wave D tournament double_elimination/3 roster, seed edit, complete and results (2.8s)
{"level":30,"time":1789777035594,"pid":19535,"hostname":"Glebs-MacBook-Pro.local","reqId":"5497f4c1-cc33-4ce9-99dc-dfca7c534488","event":"request_completed","requestId":"5497f4c1-cc33-4ce9-99dc-dfca7c534488","method":"GET","route":"/health","statusCode":200,"latencyMs":0.16,"msg":"request completed"}
{"level":30,"time":1789777035626,"pid":19535,"hostname":"Glebs-MacBook-Pro.local","reqId":"43ad72ef-85e2-46bd-8a81-901763848acc","event":"request_completed","requestId":"43ad72ef-85e2-46bd-8a81-901763848acc","method":"POST","route":"/api/v1/auth/login","statusCode":200,"latencyMs":29.305,"msg":"request completed"}
{"level":30,"time":1789777035640,"pid":19535,"hostname":"Glebs-MacBook-Pro.local","reqId":"9326facd-c51c-4bf1-9299-84030927ac53","event":"request_completed","requestId":"9326facd-c51c-4bf1-9299-84030927ac53","method":"PATCH","route":"/api/v1/me/onboarding","statusCode":200,"latencyMs":10.814,"msg":"request completed"}
{"level":30,"time":1789777035906,"pid":19535,"hostname":"Glebs-MacBook-Pro.local","reqId":"4fd55428-4a1b-45ed-88ac-263a13997b4a","event":"request_completed","requestId":"4fd55428-4a1b-45ed-88ac-263a13997b4a","method":"GET","route":"/api/v1/auth/me","statusCode":401,"latencyMs":0.192,"msg":"request completed"}
{"level":30,"time":1789777036081,"pid":19535,"hostname":"Glebs-MacBook-Pro.local","reqId":"603ca7d2-d716-4c59-8145-8534a7ffb467","event":"request_completed","requestId":"603ca7d2-d716-4c59-8145-8534a7ffb467","method":"POST","route":"/api/v1/auth/login","statusCode":200,"latencyMs":26.868,"msg":"request completed"}
{"level":30,"time":1789777036097,"pid":19535,"hostname":"Glebs-MacBook-Pro.local","reqId":"291e413d-93a6-4416-9d8d-48ab2e06bcc3","event":"request_completed","requestId":"291e413d-93a6-4416-9d8d-48ab2e06bcc3","method":"GET","route":"/api/v1/auth/me","statusCode":200,"latencyMs":13.468,"msg":"request completed"}
{"level":30,"time":1789777036114,"pid":19535,"hostname":"Glebs-MacBook-Pro.local","reqId":"b8ed831c-25d9-43c1-a5e8-0fd0fbbe1fa2","event":"request_completed","requestId":"b8ed831c-25d9-43c1-a5e8-0fd0fbbe1fa2","method":"GET","route":"/api/v1/notifications","statusCode":200,"latencyMs":28.008,"msg":"request completed"}
{"level":30,"time":1789777036146,"pid":19535,"hostname":"Glebs-MacBook-Pro.local","reqId":"a609d216-d9e9-4b2c-834c-83aae9caea39","event":"request_completed","requestId":"a609d216-d9e9-4b2c-834c-83aae9caea39","method":"GET","route":"/api/v1/home","statusCode":200,"latencyMs":57.598,"msg":"request completed"}
{"level":30,"time":1789777036162,"pid":19535,"hostname":"Glebs-MacBook-Pro.local","reqId":"7138d541-8b85-46d9-baa5-7114fa744844","event":"request_completed","requestId":"7138d541-8b85-46d9-baa5-7114fa744844","method":"GET","route":"/api/v1/auth/me","statusCode":200,"latencyMs":4.2,"msg":"request completed"}
{"level":30,"time":1789777036183,"pid":19535,"hostname":"Glebs-MacBook-Pro.local","reqId":"9f3906a6-8688-440c-98f6-39199c83ad97","event":"request_completed","requestId":"9f3906a6-8688-440c-98f6-39199c83ad97","method":"GET","route":"/api/v1/notifications","statusCode":200,"latencyMs":13.001,"msg":"request completed"}
{"level":30,"time":1789777036285,"pid":19535,"hostname":"Glebs-MacBook-Pro.local","reqId":"7aec071f-c079-44ea-b66e-67c133eda914","event":"request_completed","requestId":"7aec071f-c079-44ea-b66e-67c133eda914","method":"POST","route":"/api/v1/tournaments","statusCode":200,"latencyMs":36.57,"msg":"request completed"}
{"level":30,"time":1789777036321,"pid":19535,"hostname":"Glebs-MacBook-Pro.local","reqId":"9d967f9c-9e75-4c9c-9cf5-06c7a2953a06","event":"request_completed","requestId":"9d967f9c-9e75-4c9c-9cf5-06c7a2953a06","method":"GET","route":"/api/v1/tournaments/:id","statusCode":200,"latencyMs":31.708,"msg":"request completed"}
{"level":30,"time":1789777036335,"pid":19535,"hostname":"Glebs-MacBook-Pro.local","reqId":"95e28bec-b383-4614-97e7-1eaa6905e228","event":"request_completed","requestId":"95e28bec-b383-4614-97e7-1eaa6905e228","method":"GET","route":"/api/v1/users/directory","statusCode":200,"latencyMs":9.761,"msg":"request completed"}
{"level":30,"time":1789777036425,"pid":19535,"hostname":"Glebs-MacBook-Pro.local","reqId":"755de1b1-8727-4e40-874b-65ec8f2085f5","event":"request_completed","requestId":"755de1b1-8727-4e40-874b-65ec8f2085f5","method":"POST","route":"/api/v1/tournaments/:id/participants","statusCode":200,"latencyMs":59.592,"msg":"request completed"}
{"level":30,"time":1789777036502,"pid":19535,"hostname":"Glebs-MacBook-Pro.local","reqId":"4663614e-7587-4267-83e8-4a285981aab9","event":"request_completed","requestId":"4663614e-7587-4267-83e8-4a285981aab9","method":"POST","route":"/api/v1/tournaments/:id/participants","statusCode":200,"latencyMs":48.051,"msg":"request completed"}
{"level":30,"time":1789777036538,"pid":19535,"hostname":"Glebs-MacBook-Pro.local","reqId":"1538846a-6760-446b-b7e9-31c02dbeeb5b","event":"request_completed","requestId":"1538846a-6760-446b-b7e9-31c02dbeeb5b","method":"POST","route":"/api/v1/tournaments/:id/participants","statusCode":200,"latencyMs":31.383,"msg":"request completed"}
{"level":30,"time":1789777036569,"pid":19535,"hostname":"Glebs-MacBook-Pro.local","reqId":"e068f91f-a280-4dd3-b58c-352e0a16f184","event":"request_completed","requestId":"e068f91f-a280-4dd3-b58c-352e0a16f184","method":"POST","route":"/api/v1/tournaments/:id/participants","statusCode":200,"latencyMs":27.178,"msg":"request completed"}
{"level":30,"time":1789777036593,"pid":19535,"hostname":"Glebs-MacBook-Pro.local","reqId":"953fd8ad-13b9-4f32-b756-a1122f672d96","event":"request_completed","requestId":"953fd8ad-13b9-4f32-b756-a1122f672d96","method":"PATCH","route":"/api/v1/tournaments/:id","statusCode":200,"latencyMs":20.066,"msg":"request completed"}
{"level":30,"time":1789777036614,"pid":19535,"hostname":"Glebs-MacBook-Pro.local","reqId":"fdc1ff44-1bb9-4894-a4c6-428984e39b77","event":"request_completed","requestId":"fdc1ff44-1bb9-4894-a4c6-428984e39b77","method":"GET","route":"/api/v1/auth/me","statusCode":200,"latencyMs":5.183,"msg":"request completed"}
{"level":30,"time":1789777036629,"pid":19535,"hostname":"Glebs-MacBook-Pro.local","reqId":"13fb1cdb-e85e-4a90-b477-86ac3701ef19","event":"request_completed","requestId":"13fb1cdb-e85e-4a90-b477-86ac3701ef19","method":"GET","route":"/api/v1/notifications","statusCode":200,"latencyMs":12.474,"msg":"request completed"}
{"level":30,"time":1789777036632,"pid":19535,"hostname":"Glebs-MacBook-Pro.local","reqId":"ac072257-9e24-4361-ac15-7bc97f764588","event":"request_completed","requestId":"ac072257-9e24-4361-ac15-7bc97f764588","method":"GET","route":"/api/v1/tournaments/:id","statusCode":200,"latencyMs":15.398,"msg":"request completed"}
{"level":30,"time":1789777036640,"pid":19535,"hostname":"Glebs-MacBook-Pro.local","reqId":"a799b23a-3362-44ef-be15-18686a08f28a","event":"request_completed","requestId":"a799b23a-3362-44ef-be15-18686a08f28a","method":"GET","route":"/api/v1/users/directory","statusCode":200,"latencyMs":4.491,"msg":"request completed"}
{"level":30,"time":1789777036728,"pid":19535,"hostname":"Glebs-MacBook-Pro.local","reqId":"f7db5ef7-ccaf-4a78-8bd5-a0ca7e4beffd","event":"request_completed","requestId":"f7db5ef7-ccaf-4a78-8bd5-a0ca7e4beffd","method":"POST","route":"/api/v1/tournaments/:id/bracket","statusCode":200,"latencyMs":20.616,"msg":"request completed"}
{"level":30,"time":1789777036745,"pid":19535,"hostname":"Glebs-MacBook-Pro.local","reqId":"3658bc74-d6c6-4d7e-9c38-5eaeac752905","event":"request_completed","requestId":"3658bc74-d6c6-4d7e-9c38-5eaeac752905","method":"GET","route":"/api/v1/tournaments/:id","statusCode":200,"latencyMs":14.578,"msg":"request completed"}
{"level":30,"time":1789777036832,"pid":19535,"hostname":"Glebs-MacBook-Pro.local","reqId":"affe7673-82b1-43bf-a222-dca321b96585","event":"request_completed","requestId":"affe7673-82b1-43bf-a222-dca321b96585","method":"GET","route":"/api/v1/tournaments/:id","statusCode":200,"latencyMs":29.844,"msg":"request completed"}
{"level":30,"time":1789777036919,"pid":19535,"hostname":"Glebs-MacBook-Pro.local","reqId":"5dea56c1-7c5e-4b7f-9c89-c6cc8986ff33","event":"request_completed","requestId":"5dea56c1-7c5e-4b7f-9c89-c6cc8986ff33","method":"GET","route":"/api/v1/tournaments/:id","statusCode":200,"latencyMs":37.774,"msg":"request completed"}
{"level":30,"time":1789777036924,"pid":19535,"hostname":"Glebs-MacBook-Pro.local","reqId":"d5b7ba2f-02aa-4d34-a9ae-2448e8f310bc","event":"request_completed","requestId":"d5b7ba2f-02aa-4d34-a9ae-2448e8f310bc","method":"PATCH","route":"/api/v1/tournaments/:id/bracket","statusCode":200,"latencyMs":47.611,"msg":"request completed"}
{"level":30,"time":1789777036938,"pid":19535,"hostname":"Glebs-MacBook-Pro.local","reqId":"4625b96a-1a2b-4863-af80-4437583697e9","event":"request_completed","requestId":"4625b96a-1a2b-4863-af80-4437583697e9","method":"GET","route":"/api/v1/tournaments/:id","statusCode":200,"latencyMs":12.075,"msg":"request completed"}
{"level":30,"time":1789777037060,"pid":19535,"hostname":"Glebs-MacBook-Pro.local","reqId":"6b61e54b-0c38-4452-a4ca-11b1ae163d35","event":"request_completed","requestId":"6b61e54b-0c38-4452-a4ca-11b1ae163d35","method":"GET","route":"/api/v1/tournaments/:id","statusCode":200,"latencyMs":35.18,"msg":"request completed"}
{"level":30,"time":1789777037229,"pid":19535,"hostname":"Glebs-MacBook-Pro.local","reqId":"45336b1b-0db9-4de3-a523-8fb8211fee00","event":"request_completed","requestId":"45336b1b-0db9-4de3-a523-8fb8211fee00","method":"GET","route":"/api/v1/tournaments/:id","statusCode":200,"latencyMs":33.394,"msg":"request completed"}
{"level":30,"time":1789777037246,"pid":19535,"hostname":"Glebs-MacBook-Pro.local","reqId":"6914f9f5-3d80-414f-8bbb-163adcdcbae5","event":"request_completed","requestId":"6914f9f5-3d80-414f-8bbb-163adcdcbae5","method":"GET","route":"/api/v1/tournaments/:id","statusCode":200,"latencyMs":13.416,"msg":"request completed"}
{"level":30,"time":1789777037256,"pid":19535,"hostname":"Glebs-MacBook-Pro.local","reqId":"75bfc342-b898-4587-8074-86d939afab1f","event":"request_completed","requestId":"75bfc342-b898-4587-8074-86d939afab1f","method":"POST","route":"/api/v1/tournaments/:id/start","statusCode":200,"latencyMs":65.042,"msg":"request completed"}
{"level":30,"time":1789777037393,"pid":19535,"hostname":"Glebs-MacBook-Pro.local","reqId":"3be3c12b-60c4-49a3-a33d-5eacabaaea2b","event":"request_completed","requestId":"3be3c12b-60c4-49a3-a33d-5eacabaaea2b","method":"GET","route":"/api/v1/tournaments/:id","statusCode":200,"latencyMs":39.692,"msg":"request completed"}
{"level":30,"time":1789777037430,"pid":19535,"hostname":"Glebs-MacBook-Pro.local","reqId":"f930835b-c89a-4d52-852c-efa134b939bc","event":"request_completed","requestId":"f930835b-c89a-4d52-852c-efa134b939bc","method":"GET","route":"/api/v1/tournaments/:id","statusCode":200,"latencyMs":34.012,"msg":"request completed"}
{"level":30,"time":1789777037449,"pid":19535,"hostname":"Glebs-MacBook-Pro.local","reqId":"9ad6d16f-1b35-46e1-bac9-d94e8ced4af4","event":"request_completed","requestId":"9ad6d16f-1b35-46e1-bac9-d94e8ced4af4","method":"GET","route":"/api/v1/matches/:matchId","statusCode":200,"latencyMs":14.818,"msg":"request completed"}
{"level":30,"time":1789777037476,"pid":19535,"hostname":"Glebs-MacBook-Pro.local","reqId":"52806f02-5172-418e-8c33-6a569a3368ca","event":"request_completed","requestId":"52806f02-5172-418e-8c33-6a569a3368ca","method":"POST","route":"/api/v1/matches/:matchId/judge/acquire","statusCode":200,"latencyMs":22.656,"msg":"request completed"}
{"level":30,"time":1789777037515,"pid":19535,"hostname":"Glebs-MacBook-Pro.local","reqId":"ed43e532-7b43-49a1-b240-c061d90271b6","event":"request_completed","requestId":"ed43e532-7b43-49a1-b240-c061d90271b6","method":"POST","route":"/api/v1/matches/:matchId/start","statusCode":200,"latencyMs":34.855,"msg":"request completed"}
{"level":30,"time":1789777037540,"pid":19535,"hostname":"Glebs-MacBook-Pro.local","reqId":"b9dd6329-f270-4fcd-9c75-cdf4af08f919","event":"request_completed","requestId":"b9dd6329-f270-4fcd-9c75-cdf4af08f919","method":"POST","route":"/api/v1/matches/:matchId/points","statusCode":200,"latencyMs":20.696,"msg":"request completed"}
{"level":30,"time":1789777037599,"pid":19535,"hostname":"Glebs-MacBook-Pro.local","reqId":"f96b5803-30d2-4dfb-832a-80a3baf3a683","event":"request_completed","requestId":"f96b5803-30d2-4dfb-832a-80a3baf3a683","method":"POST","route":"/api/v1/matches/:matchId/confirm-finish","statusCode":200,"latencyMs":55.112,"msg":"request completed"}
{"level":30,"time":1789777037618,"pid":19535,"hostname":"Glebs-MacBook-Pro.local","reqId":"36d42bd4-574a-4649-9942-26c45bd7ddaf","event":"request_completed","requestId":"36d42bd4-574a-4649-9942-26c45bd7ddaf","method":"GET","route":"/api/v1/tournaments/:id","statusCode":200,"latencyMs":15.219,"msg":"request completed"}
{"level":30,"time":1789777037631,"pid":19535,"hostname":"Glebs-MacBook-Pro.local","reqId":"e7b5a3c0-2e94-41cc-b09c-4a19b10a806c","event":"request_completed","requestId":"e7b5a3c0-2e94-41cc-b09c-4a19b10a806c","method":"GET","route":"/api/v1/matches/:matchId","statusCode":200,"latencyMs":9.659,"msg":"request completed"}
{"level":30,"time":1789777037662,"pid":19535,"hostname":"Glebs-MacBook-Pro.local","reqId":"82431641-6ad7-4ffc-afcf-3393b9275d3c","event":"request_completed","requestId":"82431641-6ad7-4ffc-afcf-3393b9275d3c","method":"POST","route":"/api/v1/matches/:matchId/judge/acquire","statusCode":200,"latencyMs":27.12,"msg":"request completed"}
{"level":30,"time":1789777037696,"pid":19535,"hostname":"Glebs-MacBook-Pro.local","reqId":"315a2971-aaab-467d-a669-08c24f0ea49a","event":"request_completed","requestId":"315a2971-aaab-467d-a669-08c24f0ea49a","method":"POST","route":"/api/v1/matches/:matchId/start","statusCode":200,"latencyMs":29.219,"msg":"request completed"}
{"level":30,"time":1789777037720,"pid":19535,"hostname":"Glebs-MacBook-Pro.local","reqId":"d6ff8f4d-c639-483e-941e-c2544a528a3c","event":"request_completed","requestId":"d6ff8f4d-c639-483e-941e-c2544a528a3c","method":"POST","route":"/api/v1/matches/:matchId/points","statusCode":200,"latencyMs":20.977,"msg":"request completed"}
{"level":30,"time":1789777037771,"pid":19535,"hostname":"Glebs-MacBook-Pro.local","reqId":"39020c7e-7531-41e7-b2fb-efa85d3b1867","event":"request_completed","requestId":"39020c7e-7531-41e7-b2fb-efa85d3b1867","method":"POST","route":"/api/v1/matches/:matchId/confirm-finish","statusCode":200,"latencyMs":47.771,"msg":"request completed"}
{"level":30,"time":1789777037791,"pid":19535,"hostname":"Glebs-MacBook-Pro.local","reqId":"46483a3b-a9ad-40c4-939f-cc690d80a919","event":"request_completed","requestId":"46483a3b-a9ad-40c4-939f-cc690d80a919","method":"GET","route":"/api/v1/tournaments/:id","statusCode":200,"latencyMs":15.575,"msg":"request completed"}
{"level":30,"time":1789777037806,"pid":19535,"hostname":"Glebs-MacBook-Pro.local","reqId":"bffb6210-82ce-4316-b3a3-d484fbf772fe","event":"request_completed","requestId":"bffb6210-82ce-4316-b3a3-d484fbf772fe","method":"GET","route":"/api/v1/matches/:matchId","statusCode":200,"latencyMs":12.275,"msg":"request completed"}
{"level":30,"time":1789777037831,"pid":19535,"hostname":"Glebs-MacBook-Pro.local","reqId":"6fa35ceb-76af-499d-81a3-2b8fd5fc3469","event":"request_completed","requestId":"6fa35ceb-76af-499d-81a3-2b8fd5fc3469","method":"POST","route":"/api/v1/matches/:matchId/judge/acquire","statusCode":200,"latencyMs":22.49,"msg":"request completed"}
{"level":30,"time":1789777037868,"pid":19535,"hostname":"Glebs-MacBook-Pro.local","reqId":"a74bbf13-cdd8-4fdf-9998-fd439c74f2c5","event":"request_completed","requestId":"a74bbf13-cdd8-4fdf-9998-fd439c74f2c5","method":"POST","route":"/api/v1/matches/:matchId/start","statusCode":200,"latencyMs":33.339,"msg":"request completed"}
{"level":30,"time":1789777037898,"pid":19535,"hostname":"Glebs-MacBook-Pro.local","reqId":"88b2c7b5-5ab7-4ac9-b194-6781f0c11de8","event":"request_completed","requestId":"88b2c7b5-5ab7-4ac9-b194-6781f0c11de8","method":"POST","route":"/api/v1/matches/:matchId/points","statusCode":200,"latencyMs":26.504,"msg":"request completed"}
{"level":30,"time":1789777037959,"pid":19535,"hostname":"Glebs-MacBook-Pro.local","reqId":"e3be05b7-b196-41f8-a1ed-23091bfd472f","event":"request_completed","requestId":"e3be05b7-b196-41f8-a1ed-23091bfd472f","method":"POST","route":"/api/v1/matches/:matchId/confirm-finish","statusCode":200,"latencyMs":56.893,"msg":"request completed"}
{"level":30,"time":1789777037975,"pid":19535,"hostname":"Glebs-MacBook-Pro.local","reqId":"9ea8f723-5648-4753-8d0d-370f00782e06","event":"request_completed","requestId":"9ea8f723-5648-4753-8d0d-370f00782e06","method":"GET","route":"/api/v1/tournaments/:id","statusCode":200,"latencyMs":12.039,"msg":"request completed"}
{"level":30,"time":1789777037988,"pid":19535,"hostname":"Glebs-MacBook-Pro.local","reqId":"8845dc4e-e8f3-4422-b67f-8b85c2068e78","event":"request_completed","requestId":"8845dc4e-e8f3-4422-b67f-8b85c2068e78","method":"GET","route":"/api/v1/matches/:matchId","statusCode":200,"latencyMs":9.47,"msg":"request completed"}
{"level":30,"time":1789777038012,"pid":19535,"hostname":"Glebs-MacBook-Pro.local","reqId":"f1fcbbd5-af78-4623-be2f-0ba0909d43ce","event":"request_completed","requestId":"f1fcbbd5-af78-4623-be2f-0ba0909d43ce","method":"POST","route":"/api/v1/matches/:matchId/judge/acquire","statusCode":200,"latencyMs":20.997,"msg":"request completed"}
{"level":30,"time":1789777038055,"pid":19535,"hostname":"Glebs-MacBook-Pro.local","reqId":"2957df41-d129-455a-92e5-d81558c6064e","event":"request_completed","requestId":"2957df41-d129-455a-92e5-d81558c6064e","method":"POST","route":"/api/v1/matches/:matchId/start","statusCode":200,"latencyMs":38.813,"msg":"request completed"}
{"level":30,"time":1789777038082,"pid":19535,"hostname":"Glebs-MacBook-Pro.local","reqId":"6621e2b2-0982-44a7-845d-37c10ca2b06f","event":"request_completed","requestId":"6621e2b2-0982-44a7-845d-37c10ca2b06f","method":"POST","route":"/api/v1/matches/:matchId/points","statusCode":200,"latencyMs":23.622,"msg":"request completed"}
{"level":30,"time":1789777038129,"pid":19535,"hostname":"Glebs-MacBook-Pro.local","reqId":"d54eb812-67b0-413f-aede-a3eefd3112b8","event":"request_completed","requestId":"d54eb812-67b0-413f-aede-a3eefd3112b8","method":"POST","route":"/api/v1/matches/:matchId/confirm-finish","statusCode":200,"latencyMs":43.838,"msg":"request completed"}
{"level":30,"time":1789777038145,"pid":19535,"hostname":"Glebs-MacBook-Pro.local","reqId":"3f67b7e9-74e4-482a-863b-efedfcf252e1","event":"request_completed","requestId":"3f67b7e9-74e4-482a-863b-efedfcf252e1","method":"GET","route":"/api/v1/tournaments/:id","statusCode":200,"latencyMs":12.397,"msg":"request completed"}
{"level":30,"time":1789777038157,"pid":19535,"hostname":"Glebs-MacBook-Pro.local","reqId":"01aa065f-d46e-44ea-8ce5-8c8f91130698","event":"request_completed","requestId":"01aa065f-d46e-44ea-8ce5-8c8f91130698","method":"GET","route":"/api/v1/matches/:matchId","statusCode":200,"latencyMs":8.44,"msg":"request completed"}
{"level":30,"time":1789777038182,"pid":19535,"hostname":"Glebs-MacBook-Pro.local","reqId":"cb9cb36a-d61a-40bb-a0ac-a98b9c9de4ad","event":"request_completed","requestId":"cb9cb36a-d61a-40bb-a0ac-a98b9c9de4ad","method":"POST","route":"/api/v1/matches/:matchId/judge/acquire","statusCode":200,"latencyMs":23.04,"msg":"request completed"}
{"level":30,"time":1789777038215,"pid":19535,"hostname":"Glebs-MacBook-Pro.local","reqId":"bd77e99e-94a6-49fd-9d29-ccf799fc2da9","event":"request_completed","requestId":"bd77e99e-94a6-49fd-9d29-ccf799fc2da9","method":"POST","route":"/api/v1/matches/:matchId/start","statusCode":200,"latencyMs":28.332,"msg":"request completed"}
{"level":30,"time":1789777038240,"pid":19535,"hostname":"Glebs-MacBook-Pro.local","reqId":"c8d97dd4-d36b-4792-97ad-19f0aa883b4d","event":"request_completed","requestId":"c8d97dd4-d36b-4792-97ad-19f0aa883b4d","method":"POST","route":"/api/v1/matches/:matchId/points","statusCode":200,"latencyMs":21.426,"msg":"request completed"}
{"level":30,"time":1789777038293,"pid":19535,"hostname":"Glebs-MacBook-Pro.local","reqId":"c957a496-8848-4b51-9a1e-872968c88496","event":"request_completed","requestId":"c957a496-8848-4b51-9a1e-872968c88496","method":"POST","route":"/api/v1/matches/:matchId/confirm-finish","statusCode":200,"latencyMs":49.679,"msg":"request completed"}
{"level":30,"time":1789777038310,"pid":19535,"hostname":"Glebs-MacBook-Pro.local","reqId":"16ac9a29-b515-4562-87b9-2936d4f0f84e","event":"request_completed","requestId":"16ac9a29-b515-4562-87b9-2936d4f0f84e","method":"GET","route":"/api/v1/tournaments/:id","statusCode":200,"latencyMs":14.076,"msg":"request completed"}
{"level":30,"time":1789777038322,"pid":19535,"hostname":"Glebs-MacBook-Pro.local","reqId":"8bee848e-b356-4a70-851e-90960907211a","event":"request_completed","requestId":"8bee848e-b356-4a70-851e-90960907211a","method":"GET","route":"/api/v1/matches/:matchId","statusCode":200,"latencyMs":8.184,"msg":"request completed"}
{"level":30,"time":1789777038343,"pid":19535,"hostname":"Glebs-MacBook-Pro.local","reqId":"7b5035ef-d509-4d13-8f10-24fe39873607","event":"request_completed","requestId":"7b5035ef-d509-4d13-8f10-24fe39873607","method":"POST","route":"/api/v1/matches/:matchId/judge/acquire","statusCode":200,"latencyMs":18.985,"msg":"request completed"}
{"level":30,"time":1789777038372,"pid":19535,"hostname":"Glebs-MacBook-Pro.local","reqId":"b06b4f19-1228-4901-91c6-b8a5851b5a4d","event":"request_completed","requestId":"b06b4f19-1228-4901-91c6-b8a5851b5a4d","method":"POST","route":"/api/v1/matches/:matchId/start","statusCode":200,"latencyMs":25.395,"msg":"request completed"}
{"level":30,"time":1789777038396,"pid":19535,"hostname":"Glebs-MacBook-Pro.local","reqId":"ef2b796f-51cf-47f6-bbbf-825ce6f630b5","event":"request_completed","requestId":"ef2b796f-51cf-47f6-bbbf-825ce6f630b5","method":"POST","route":"/api/v1/matches/:matchId/points","statusCode":200,"latencyMs":19.875,"msg":"request completed"}
{"level":30,"time":1789777038457,"pid":19535,"hostname":"Glebs-MacBook-Pro.local","reqId":"79594a15-ed87-4aa1-9c9c-f82776b72c59","event":"request_completed","requestId":"79594a15-ed87-4aa1-9c9c-f82776b72c59","method":"POST","route":"/api/v1/matches/:matchId/confirm-finish","statusCode":200,"latencyMs":57.45,"msg":"request completed"}
{"level":30,"time":1789777038475,"pid":19535,"hostname":"Glebs-MacBook-Pro.local","reqId":"14a705a6-959c-4824-bff9-ecc05a2eb2ed","event":"request_completed","requestId":"14a705a6-959c-4824-bff9-ecc05a2eb2ed","method":"GET","route":"/api/v1/tournaments/:id","statusCode":200,"latencyMs":13.74,"msg":"request completed"}
{"level":30,"time":1789777038492,"pid":19535,"hostname":"Glebs-MacBook-Pro.local","reqId":"f31549be-de59-4b97-8466-6894f7cd5158","event":"request_completed","requestId":"f31549be-de59-4b97-8466-6894f7cd5158","method":"GET","route":"/api/v1/matches/:matchId","statusCode":200,"latencyMs":13.652,"msg":"request completed"}
{"level":30,"time":1789777038537,"pid":19535,"hostname":"Glebs-MacBook-Pro.local","reqId":"90e469bb-d3d0-4ffa-84c2-57b60ebbeb29","event":"request_completed","requestId":"90e469bb-d3d0-4ffa-84c2-57b60ebbeb29","method":"POST","route":"/api/v1/matches/:matchId/judge/acquire","statusCode":200,"latencyMs":41.827,"msg":"request completed"}
{"level":30,"time":1789777038578,"pid":19535,"hostname":"Glebs-MacBook-Pro.local","reqId":"b909853d-8375-4df8-a89b-bc9642b34063","event":"request_completed","requestId":"b909853d-8375-4df8-a89b-bc9642b34063","method":"POST","route":"/api/v1/matches/:matchId/start","statusCode":200,"latencyMs":37.234,"msg":"request completed"}
{"level":30,"time":1789777038606,"pid":19535,"hostname":"Glebs-MacBook-Pro.local","reqId":"502d6bdb-e57c-4666-9504-d6a3f7a2366a","event":"request_completed","requestId":"502d6bdb-e57c-4666-9504-d6a3f7a2366a","method":"POST","route":"/api/v1/matches/:matchId/points","statusCode":200,"latencyMs":24.03,"msg":"request completed"}
{"level":30,"time":1789777038663,"pid":19535,"hostname":"Glebs-MacBook-Pro.local","reqId":"5439de25-f4c5-42f1-a272-95a979c3a325","event":"request_completed","requestId":"5439de25-f4c5-42f1-a272-95a979c3a325","method":"POST","route":"/api/v1/matches/:matchId/confirm-finish","statusCode":200,"latencyMs":53.016,"msg":"request completed"}
{"level":30,"time":1789777038681,"pid":19535,"hostname":"Glebs-MacBook-Pro.local","reqId":"1ba1a038-7e17-47b4-b12c-71e995785379","event":"request_completed","requestId":"1ba1a038-7e17-47b4-b12c-71e995785379","method":"GET","route":"/api/v1/tournaments/:id","statusCode":200,"latencyMs":13.199,"msg":"request completed"}
{"level":30,"time":1789777038693,"pid":19535,"hostname":"Glebs-MacBook-Pro.local","reqId":"e85c632b-022d-4d7d-b1f2-1c30c9c58e18","event":"request_completed","requestId":"e85c632b-022d-4d7d-b1f2-1c30c9c58e18","method":"GET","route":"/api/v1/matches/:matchId","statusCode":200,"latencyMs":8.925,"msg":"request completed"}
{"level":30,"time":1789777038718,"pid":19535,"hostname":"Glebs-MacBook-Pro.local","reqId":"883526d2-bf36-4903-8f2a-b64df4fe0e48","event":"request_completed","requestId":"883526d2-bf36-4903-8f2a-b64df4fe0e48","method":"POST","route":"/api/v1/matches/:matchId/judge/acquire","statusCode":200,"latencyMs":22.808,"msg":"request completed"}
{"level":30,"time":1789777038750,"pid":19535,"hostname":"Glebs-MacBook-Pro.local","reqId":"69d996ef-29ae-484c-8106-12d0d2ba0e5c","event":"request_completed","requestId":"69d996ef-29ae-484c-8106-12d0d2ba0e5c","method":"POST","route":"/api/v1/matches/:matchId/start","statusCode":200,"latencyMs":28.688,"msg":"request completed"}
{"level":30,"time":1789777038775,"pid":19535,"hostname":"Glebs-MacBook-Pro.local","reqId":"a81cb601-d47e-4ed2-978a-4563e7db2f8c","event":"request_completed","requestId":"a81cb601-d47e-4ed2-978a-4563e7db2f8c","method":"POST","route":"/api/v1/matches/:matchId/points","statusCode":200,"latencyMs":21.476,"msg":"request completed"}
{"level":30,"time":1789777038817,"pid":19535,"hostname":"Glebs-MacBook-Pro.local","reqId":"37cb717e-11a6-4077-9e31-45b7c5f939ae","event":"request_completed","requestId":"37cb717e-11a6-4077-9e31-45b7c5f939ae","method":"POST","route":"/api/v1/matches/:matchId/confirm-finish","statusCode":200,"latencyMs":38.541,"msg":"request completed"}
{"level":30,"time":1789777038831,"pid":19535,"hostname":"Glebs-MacBook-Pro.local","reqId":"0d6d80d7-23b7-41d3-aac6-a611f1e538dd","event":"request_completed","requestId":"0d6d80d7-23b7-41d3-aac6-a611f1e538dd","method":"GET","route":"/api/v1/tournaments/:id","statusCode":200,"latencyMs":10.499,"msg":"request completed"}
{"level":30,"time":1789777038844,"pid":19535,"hostname":"Glebs-MacBook-Pro.local","reqId":"09903cd5-84cf-4296-8b6d-4799ad285b82","event":"request_completed","requestId":"09903cd5-84cf-4296-8b6d-4799ad285b82","method":"GET","route":"/api/v1/tournaments/:id","statusCode":200,"latencyMs":9.644,"msg":"request completed"}
{"level":30,"time":1789777038869,"pid":19535,"hostname":"Glebs-MacBook-Pro.local","reqId":"9e778f8f-476d-4207-9cde-57b89dc2ff25","event":"request_completed","requestId":"9e778f8f-476d-4207-9cde-57b89dc2ff25","method":"GET","route":"/api/v1/auth/me","statusCode":200,"latencyMs":6.407,"msg":"request completed"}
{"level":30,"time":1789777038895,"pid":19535,"hostname":"Glebs-MacBook-Pro.local","reqId":"7eb8e40b-97c6-4a90-a58e-cf327bceff25","event":"request_completed","requestId":"7eb8e40b-97c6-4a90-a58e-cf327bceff25","method":"GET","route":"/api/v1/tournaments/:id","statusCode":200,"latencyMs":16.838,"msg":"request completed"}
{"level":30,"time":1789777038895,"pid":19535,"hostname":"Glebs-MacBook-Pro.local","reqId":"decb6f0e-9bc9-4759-a959-f294d1863ac7","event":"request_completed","requestId":"decb6f0e-9bc9-4759-a959-f294d1863ac7","method":"GET","route":"/api/v1/notifications","statusCode":200,"latencyMs":17.449,"msg":"request completed"}
  ✓  20 [chromium-desktop] › tests/e2e/wave-d-tournaments.spec.ts:19:7 › Wave D tournament double_elimination/5 roster, seed edit, complete and results (3.6s)
{"level":30,"time":1789777039168,"pid":19535,"hostname":"Glebs-MacBook-Pro.local","reqId":"fed00b17-8d87-4263-b37d-7e81c5e612dc","event":"request_completed","requestId":"fed00b17-8d87-4263-b37d-7e81c5e612dc","method":"GET","route":"/health","statusCode":200,"latencyMs":0.177,"msg":"request completed"}
{"level":30,"time":1789777039203,"pid":19535,"hostname":"Glebs-MacBook-Pro.local","reqId":"bfed7e90-ff72-4c04-ba07-41ae170d1e4c","event":"request_completed","requestId":"bfed7e90-ff72-4c04-ba07-41ae170d1e4c","method":"POST","route":"/api/v1/auth/login","statusCode":200,"latencyMs":31.427,"msg":"request completed"}
{"level":30,"time":1789777039223,"pid":19535,"hostname":"Glebs-MacBook-Pro.local","reqId":"847cfbd4-f7bb-4025-a66a-94f718b5df26","event":"request_completed","requestId":"847cfbd4-f7bb-4025-a66a-94f718b5df26","method":"PATCH","route":"/api/v1/me/onboarding","statusCode":200,"latencyMs":16.082,"msg":"request completed"}
{"level":30,"time":1789777039492,"pid":19535,"hostname":"Glebs-MacBook-Pro.local","reqId":"605de7d6-5912-4077-9cf1-edba0275b6e4","event":"request_completed","requestId":"605de7d6-5912-4077-9cf1-edba0275b6e4","method":"GET","route":"/api/v1/auth/me","statusCode":401,"latencyMs":0.204,"msg":"request completed"}
{"level":30,"time":1789777039664,"pid":19535,"hostname":"Glebs-MacBook-Pro.local","reqId":"b159b73e-8184-4a55-a5fb-c43eaed1baff","event":"request_completed","requestId":"b159b73e-8184-4a55-a5fb-c43eaed1baff","method":"POST","route":"/api/v1/auth/login","statusCode":200,"latencyMs":25.903,"msg":"request completed"}
{"level":30,"time":1789777039680,"pid":19535,"hostname":"Glebs-MacBook-Pro.local","reqId":"9a15a6b5-e9db-49cd-b280-93fec0d37635","event":"request_completed","requestId":"9a15a6b5-e9db-49cd-b280-93fec0d37635","method":"GET","route":"/api/v1/auth/me","statusCode":200,"latencyMs":13.329,"msg":"request completed"}
{"level":30,"time":1789777039706,"pid":19535,"hostname":"Glebs-MacBook-Pro.local","reqId":"054d29b7-a32b-490c-a0b5-2e06f3989b08","event":"request_completed","requestId":"054d29b7-a32b-490c-a0b5-2e06f3989b08","method":"GET","route":"/api/v1/notifications","statusCode":200,"latencyMs":36.618,"msg":"request completed"}
{"level":30,"time":1789777039729,"pid":19535,"hostname":"Glebs-MacBook-Pro.local","reqId":"ee3e1c1a-dd62-4a76-9507-bf12dbcdc8cd","event":"request_completed","requestId":"ee3e1c1a-dd62-4a76-9507-bf12dbcdc8cd","method":"GET","route":"/api/v1/home","statusCode":200,"latencyMs":57.481,"msg":"request completed"}
{"level":30,"time":1789777039750,"pid":19535,"hostname":"Glebs-MacBook-Pro.local","reqId":"f9d1dfda-22bc-4e08-b031-03aeb582cdb8","event":"request_completed","requestId":"f9d1dfda-22bc-4e08-b031-03aeb582cdb8","method":"GET","route":"/api/v1/auth/me","statusCode":200,"latencyMs":8.469,"msg":"request completed"}
{"level":30,"time":1789777039772,"pid":19535,"hostname":"Glebs-MacBook-Pro.local","reqId":"c7671182-e6bd-4076-a368-ef7eddd61207","event":"request_completed","requestId":"c7671182-e6bd-4076-a368-ef7eddd61207","method":"GET","route":"/api/v1/notifications","statusCode":200,"latencyMs":18.513,"msg":"request completed"}
{"level":30,"time":1789777039885,"pid":19535,"hostname":"Glebs-MacBook-Pro.local","reqId":"d6106e5e-6826-4913-89b2-f5d6498cc5b3","event":"request_completed","requestId":"d6106e5e-6826-4913-89b2-f5d6498cc5b3","method":"POST","route":"/api/v1/tournaments","statusCode":200,"latencyMs":37.076,"msg":"request completed"}
{"level":30,"time":1789777039920,"pid":19535,"hostname":"Glebs-MacBook-Pro.local","reqId":"8d1ba8ae-8818-4fdb-bdfa-9340935026ab","event":"request_completed","requestId":"8d1ba8ae-8818-4fdb-bdfa-9340935026ab","method":"GET","route":"/api/v1/tournaments/:id","statusCode":200,"latencyMs":29.568,"msg":"request completed"}
{"level":30,"time":1789777039934,"pid":19535,"hostname":"Glebs-MacBook-Pro.local","reqId":"66d5564a-a282-4410-88dc-189d7e7bbd70","event":"request_completed","requestId":"66d5564a-a282-4410-88dc-189d7e7bbd70","method":"GET","route":"/api/v1/users/directory","statusCode":200,"latencyMs":10.466,"msg":"request completed"}
{"level":30,"time":1789777040009,"pid":19535,"hostname":"Glebs-MacBook-Pro.local","reqId":"fb0a90b1-1cbb-46d3-9ffc-417010708c44","event":"request_completed","requestId":"fb0a90b1-1cbb-46d3-9ffc-417010708c44","method":"POST","route":"/api/v1/tournaments/:id/participants","statusCode":200,"latencyMs":43.873,"msg":"request completed"}
{"level":30,"time":1789777040106,"pid":19535,"hostname":"Glebs-MacBook-Pro.local","reqId":"36c97bf1-4da8-4ba1-8325-53a10fbb869e","event":"request_completed","requestId":"36c97bf1-4da8-4ba1-8325-53a10fbb869e","method":"POST","route":"/api/v1/tournaments/:id/participants","statusCode":200,"latencyMs":55.264,"msg":"request completed"}
{"level":30,"time":1789777040149,"pid":19535,"hostname":"Glebs-MacBook-Pro.local","reqId":"7f15bfde-17f0-42e8-806d-2f90a1232819","event":"request_completed","requestId":"7f15bfde-17f0-42e8-806d-2f90a1232819","method":"POST","route":"/api/v1/tournaments/:id/participants","statusCode":200,"latencyMs":39.189,"msg":"request completed"}
{"level":30,"time":1789777040178,"pid":19535,"hostname":"Glebs-MacBook-Pro.local","reqId":"59f2f658-4399-4d51-907e-37b77629eec6","event":"request_completed","requestId":"59f2f658-4399-4d51-907e-37b77629eec6","method":"POST","route":"/api/v1/tournaments/:id/participants","statusCode":200,"latencyMs":25.287,"msg":"request completed"}
{"level":30,"time":1789777040206,"pid":19535,"hostname":"Glebs-MacBook-Pro.local","reqId":"528f6e44-d603-43e7-b0aa-85b44d99a0f8","event":"request_completed","requestId":"528f6e44-d603-43e7-b0aa-85b44d99a0f8","method":"POST","route":"/api/v1/tournaments/:id/participants","statusCode":200,"latencyMs":24.609,"msg":"request completed"}
{"level":30,"time":1789777040237,"pid":19535,"hostname":"Glebs-MacBook-Pro.local","reqId":"b9118a1c-a1c5-4ed8-8345-87dd446b8d9f","event":"request_completed","requestId":"b9118a1c-a1c5-4ed8-8345-87dd446b8d9f","method":"POST","route":"/api/v1/tournaments/:id/participants","statusCode":200,"latencyMs":26.685,"msg":"request completed"}
{"level":30,"time":1789777040265,"pid":19535,"hostname":"Glebs-MacBook-Pro.local","reqId":"6445ffd0-5e1c-4155-b269-af1b410a5daf","event":"request_completed","requestId":"6445ffd0-5e1c-4155-b269-af1b410a5daf","method":"POST","route":"/api/v1/tournaments/:id/participants","statusCode":200,"latencyMs":24.068,"msg":"request completed"}
{"level":30,"time":1789777040286,"pid":19535,"hostname":"Glebs-MacBook-Pro.local","reqId":"d3db12fd-019d-473e-b660-5dcbba093a85","event":"request_completed","requestId":"d3db12fd-019d-473e-b660-5dcbba093a85","method":"PATCH","route":"/api/v1/tournaments/:id","statusCode":200,"latencyMs":17.378,"msg":"request completed"}
{"level":30,"time":1789777040307,"pid":19535,"hostname":"Glebs-MacBook-Pro.local","reqId":"0a3ebe25-a2c6-432e-b422-1c8bf11b2e7f","event":"request_completed","requestId":"0a3ebe25-a2c6-432e-b422-1c8bf11b2e7f","method":"GET","route":"/api/v1/auth/me","statusCode":200,"latencyMs":6.208,"msg":"request completed"}
{"level":30,"time":1789777040333,"pid":19535,"hostname":"Glebs-MacBook-Pro.local","reqId":"2a63d1d7-7aeb-4aca-8a6d-f93b776b44c0","event":"request_completed","requestId":"2a63d1d7-7aeb-4aca-8a6d-f93b776b44c0","method":"GET","route":"/api/v1/notifications","statusCode":200,"latencyMs":17.956,"msg":"request completed"}
{"level":30,"time":1789777040336,"pid":19535,"hostname":"Glebs-MacBook-Pro.local","reqId":"a7528550-ed0d-4e10-b5ff-f1edde471c41","event":"request_completed","requestId":"a7528550-ed0d-4e10-b5ff-f1edde471c41","method":"GET","route":"/api/v1/tournaments/:id","statusCode":200,"latencyMs":21.399,"msg":"request completed"}
{"level":30,"time":1789777040343,"pid":19535,"hostname":"Glebs-MacBook-Pro.local","reqId":"35af669a-ad2f-4326-bb64-140bb3ca2f10","event":"request_completed","requestId":"35af669a-ad2f-4326-bb64-140bb3ca2f10","method":"GET","route":"/api/v1/users/directory","statusCode":200,"latencyMs":3.792,"msg":"request completed"}
{"level":30,"time":1789777040517,"pid":19535,"hostname":"Glebs-MacBook-Pro.local","reqId":"182a6217-8038-4e93-8ab3-95443d2227cb","event":"request_completed","requestId":"182a6217-8038-4e93-8ab3-95443d2227cb","method":"POST","route":"/api/v1/tournaments/:id/bracket","statusCode":200,"latencyMs":65.853,"msg":"request completed"}
{"level":30,"time":1789777040548,"pid":19535,"hostname":"Glebs-MacBook-Pro.local","reqId":"6709206c-a940-4b2c-90dd-5da31af72f3e","event":"request_completed","requestId":"6709206c-a940-4b2c-90dd-5da31af72f3e","method":"GET","route":"/api/v1/tournaments/:id","statusCode":200,"latencyMs":28.905,"msg":"request completed"}
{"level":30,"time":1789777040669,"pid":19535,"hostname":"Glebs-MacBook-Pro.local","reqId":"bc6d2222-7844-48a2-bca7-b03038131ff1","event":"request_completed","requestId":"bc6d2222-7844-48a2-bca7-b03038131ff1","method":"GET","route":"/api/v1/tournaments/:id","statusCode":200,"latencyMs":14.143,"msg":"request completed"}
{"level":30,"time":1789777040749,"pid":19535,"hostname":"Glebs-MacBook-Pro.local","reqId":"e62e9647-aef3-4ebb-a34c-72f300b0bba2","event":"request_completed","requestId":"e62e9647-aef3-4ebb-a34c-72f300b0bba2","method":"GET","route":"/api/v1/tournaments/:id","statusCode":200,"latencyMs":24.059,"msg":"request completed"}
{"level":30,"time":1789777040761,"pid":19535,"hostname":"Glebs-MacBook-Pro.local","reqId":"ce67104f-9690-40b0-ab2e-693292370ba7","event":"request_completed","requestId":"ce67104f-9690-40b0-ab2e-693292370ba7","method":"PATCH","route":"/api/v1/tournaments/:id/bracket","statusCode":200,"latencyMs":42.308,"msg":"request completed"}
{"level":30,"time":1789777040777,"pid":19535,"hostname":"Glebs-MacBook-Pro.local","reqId":"ae6cfe24-439a-42f0-8cea-aa2e28c46080","event":"request_completed","requestId":"ae6cfe24-439a-42f0-8cea-aa2e28c46080","method":"GET","route":"/api/v1/tournaments/:id","statusCode":200,"latencyMs":13.446,"msg":"request completed"}
{"level":30,"time":1789777040898,"pid":19535,"hostname":"Glebs-MacBook-Pro.local","reqId":"439693ff-a5a1-4dc4-9935-b6af68648af0","event":"request_completed","requestId":"439693ff-a5a1-4dc4-9935-b6af68648af0","method":"GET","route":"/api/v1/tournaments/:id","statusCode":200,"latencyMs":42.293,"msg":"request completed"}
{"level":30,"time":1789777041091,"pid":19535,"hostname":"Glebs-MacBook-Pro.local","reqId":"e8c70e21-91c0-4a95-b778-cbc451e4e1a3","event":"request_completed","requestId":"e8c70e21-91c0-4a95-b778-cbc451e4e1a3","method":"GET","route":"/api/v1/tournaments/:id","statusCode":200,"latencyMs":36.31,"msg":"request completed"}
{"level":30,"time":1789777041107,"pid":19535,"hostname":"Glebs-MacBook-Pro.local","reqId":"7ccb66f7-ebcc-48ed-89f6-f840c392e3a6","event":"request_completed","requestId":"7ccb66f7-ebcc-48ed-89f6-f840c392e3a6","method":"GET","route":"/api/v1/tournaments/:id","statusCode":200,"latencyMs":12.014,"msg":"request completed"}
{"level":30,"time":1789777041140,"pid":19535,"hostname":"Glebs-MacBook-Pro.local","reqId":"be7aba64-f969-445c-b26d-3b4a4f9a4cee","event":"request_completed","requestId":"be7aba64-f969-445c-b26d-3b4a4f9a4cee","method":"POST","route":"/api/v1/tournaments/:id/start","statusCode":200,"latencyMs":89.787,"msg":"request completed"}
{"level":30,"time":1789777041245,"pid":19535,"hostname":"Glebs-MacBook-Pro.local","reqId":"b4336c3d-9c8d-42a5-a417-85e376ffc721","event":"request_completed","requestId":"b4336c3d-9c8d-42a5-a417-85e376ffc721","method":"GET","route":"/api/v1/tournaments/:id","statusCode":200,"latencyMs":34.268,"msg":"request completed"}
{"level":30,"time":1789777041271,"pid":19535,"hostname":"Glebs-MacBook-Pro.local","reqId":"fabbd1f0-955e-4cef-baa3-d6316148a8a3","event":"request_completed","requestId":"fabbd1f0-955e-4cef-baa3-d6316148a8a3","method":"GET","route":"/api/v1/tournaments/:id","statusCode":200,"latencyMs":22.51,"msg":"request completed"}
{"level":30,"time":1789777041283,"pid":19535,"hostname":"Glebs-MacBook-Pro.local","reqId":"3104a546-4560-4d82-ace4-bf3b2add494e","event":"request_completed","requestId":"3104a546-4560-4d82-ace4-bf3b2add494e","method":"GET","route":"/api/v1/matches/:matchId","statusCode":200,"latencyMs":8.873,"msg":"request completed"}
{"level":30,"time":1789777041310,"pid":19535,"hostname":"Glebs-MacBook-Pro.local","reqId":"4eaa2fd3-1627-4e2d-966e-5b68f0d02453","event":"request_completed","requestId":"4eaa2fd3-1627-4e2d-966e-5b68f0d02453","method":"POST","route":"/api/v1/matches/:matchId/judge/acquire","statusCode":200,"latencyMs":23.48,"msg":"request completed"}
{"level":30,"time":1789777041342,"pid":19535,"hostname":"Glebs-MacBook-Pro.local","reqId":"0833441d-efdd-47ad-aea8-7bd0368dd68d","event":"request_completed","requestId":"0833441d-efdd-47ad-aea8-7bd0368dd68d","method":"POST","route":"/api/v1/matches/:matchId/start","statusCode":200,"latencyMs":29.689,"msg":"request completed"}
{"level":30,"time":1789777041367,"pid":19535,"hostname":"Glebs-MacBook-Pro.local","reqId":"3360524d-9ef3-4c35-aaed-d04f3046ce2e","event":"request_completed","requestId":"3360524d-9ef3-4c35-aaed-d04f3046ce2e","method":"POST","route":"/api/v1/matches/:matchId/points","statusCode":200,"latencyMs":21.285,"msg":"request completed"}
{"level":30,"time":1789777041408,"pid":19535,"hostname":"Glebs-MacBook-Pro.local","reqId":"89a53754-94f5-4e57-b270-99d7087cb225","event":"request_completed","requestId":"89a53754-94f5-4e57-b270-99d7087cb225","method":"POST","route":"/api/v1/matches/:matchId/confirm-finish","statusCode":200,"latencyMs":37.194,"msg":"request completed"}
{"level":30,"time":1789777041425,"pid":19535,"hostname":"Glebs-MacBook-Pro.local","reqId":"2c0d4080-87b3-47ec-9148-8d24081281ac","event":"request_completed","requestId":"2c0d4080-87b3-47ec-9148-8d24081281ac","method":"GET","route":"/api/v1/tournaments/:id","statusCode":200,"latencyMs":13.331,"msg":"request completed"}
{"level":30,"time":1789777041436,"pid":19535,"hostname":"Glebs-MacBook-Pro.local","reqId":"f69f8936-2818-4e46-907f-ca3f028232ce","event":"request_completed","requestId":"f69f8936-2818-4e46-907f-ca3f028232ce","method":"GET","route":"/api/v1/matches/:matchId","statusCode":200,"latencyMs":8.225,"msg":"request completed"}
{"level":30,"time":1789777041466,"pid":19535,"hostname":"Glebs-MacBook-Pro.local","reqId":"7ce34f8f-e0d9-4e38-87df-e59c48c91b0d","event":"request_completed","requestId":"7ce34f8f-e0d9-4e38-87df-e59c48c91b0d","method":"POST","route":"/api/v1/matches/:matchId/judge/acquire","statusCode":200,"latencyMs":24.267,"msg":"request completed"}
{"level":30,"time":1789777041504,"pid":19535,"hostname":"Glebs-MacBook-Pro.local","reqId":"cd8e222a-ebba-4ffc-9d73-e6d1178cb4be","event":"request_completed","requestId":"cd8e222a-ebba-4ffc-9d73-e6d1178cb4be","method":"POST","route":"/api/v1/matches/:matchId/start","statusCode":200,"latencyMs":33.922,"msg":"request completed"}
{"level":30,"time":1789777041530,"pid":19535,"hostname":"Glebs-MacBook-Pro.local","reqId":"9f1265cb-27a3-4d53-acf8-efc0604753b0","event":"request_completed","requestId":"9f1265cb-27a3-4d53-acf8-efc0604753b0","method":"POST","route":"/api/v1/matches/:matchId/points","statusCode":200,"latencyMs":21.884,"msg":"request completed"}
{"level":30,"time":1789777041599,"pid":19535,"hostname":"Glebs-MacBook-Pro.local","reqId":"61915b9c-b718-4f21-9f87-269b51cc56f4","event":"request_completed","requestId":"61915b9c-b718-4f21-9f87-269b51cc56f4","method":"POST","route":"/api/v1/matches/:matchId/confirm-finish","statusCode":200,"latencyMs":64.75,"msg":"request completed"}
{"level":30,"time":1789777041618,"pid":19535,"hostname":"Glebs-MacBook-Pro.local","reqId":"ee1513ea-5873-415f-9ba1-1b2bb8d12a85","event":"request_completed","requestId":"ee1513ea-5873-415f-9ba1-1b2bb8d12a85","method":"GET","route":"/api/v1/tournaments/:id","statusCode":200,"latencyMs":14.81,"msg":"request completed"}
{"level":30,"time":1789777041631,"pid":19535,"hostname":"Glebs-MacBook-Pro.local","reqId":"71ceedf3-ea95-4901-a6ce-5d62768843b9","event":"request_completed","requestId":"71ceedf3-ea95-4901-a6ce-5d62768843b9","method":"GET","route":"/api/v1/matches/:matchId","statusCode":200,"latencyMs":9.739,"msg":"request completed"}
{"level":30,"time":1789777041658,"pid":19535,"hostname":"Glebs-MacBook-Pro.local","reqId":"fe6c59e2-2168-4345-873f-fa515ec57916","event":"request_completed","requestId":"fe6c59e2-2168-4345-873f-fa515ec57916","method":"POST","route":"/api/v1/matches/:matchId/judge/acquire","statusCode":200,"latencyMs":23.618,"msg":"request completed"}
{"level":30,"time":1789777041692,"pid":19535,"hostname":"Glebs-MacBook-Pro.local","reqId":"26c94588-45e8-4750-91d7-c11ba9414340","event":"request_completed","requestId":"26c94588-45e8-4750-91d7-c11ba9414340","method":"POST","route":"/api/v1/matches/:matchId/start","statusCode":200,"latencyMs":29.92,"msg":"request completed"}
{"level":30,"time":1789777041721,"pid":19535,"hostname":"Glebs-MacBook-Pro.local","reqId":"d1bb8d56-2572-416d-9f67-1006734b397b","event":"request_completed","requestId":"d1bb8d56-2572-416d-9f67-1006734b397b","method":"POST","route":"/api/v1/matches/:matchId/points","statusCode":200,"latencyMs":24.5,"msg":"request completed"}
{"level":30,"time":1789777041866,"pid":19535,"hostname":"Glebs-MacBook-Pro.local","reqId":"7c139315-4e81-4313-93dc-9ff8f1759b1e","event":"request_completed","requestId":"7c139315-4e81-4313-93dc-9ff8f1759b1e","method":"POST","route":"/api/v1/matches/:matchId/confirm-finish","statusCode":200,"latencyMs":141.568,"msg":"request completed"}
{"level":30,"time":1789777041896,"pid":19535,"hostname":"Glebs-MacBook-Pro.local","reqId":"d39f6f7c-2168-4143-a3b9-2a0106c0e003","event":"request_completed","requestId":"d39f6f7c-2168-4143-a3b9-2a0106c0e003","method":"GET","route":"/api/v1/tournaments/:id","statusCode":200,"latencyMs":26.692,"msg":"request completed"}
{"level":30,"time":1789777041910,"pid":19535,"hostname":"Glebs-MacBook-Pro.local","reqId":"dd20aec4-6d0d-478a-8329-9a438d6d387e","event":"request_completed","requestId":"dd20aec4-6d0d-478a-8329-9a438d6d387e","method":"GET","route":"/api/v1/matches/:matchId","statusCode":200,"latencyMs":9.16,"msg":"request completed"}
{"level":30,"time":1789777041933,"pid":19535,"hostname":"Glebs-MacBook-Pro.local","reqId":"3e2fa16e-cc93-45a7-ad3a-d1972f2d574d","event":"request_completed","requestId":"3e2fa16e-cc93-45a7-ad3a-d1972f2d574d","method":"POST","route":"/api/v1/matches/:matchId/judge/acquire","statusCode":200,"latencyMs":20.012,"msg":"request completed"}
{"level":30,"time":1789777041968,"pid":19535,"hostname":"Glebs-MacBook-Pro.local","reqId":"7ff308d1-a6c6-492f-85f3-fc484901f73b","event":"request_completed","requestId":"7ff308d1-a6c6-492f-85f3-fc484901f73b","method":"POST","route":"/api/v1/matches/:matchId/start","statusCode":200,"latencyMs":31.07,"msg":"request completed"}
{"level":30,"time":1789777041992,"pid":19535,"hostname":"Glebs-MacBook-Pro.local","reqId":"3d90eb90-4f39-4595-8d9c-1f95314bfb47","event":"request_completed","requestId":"3d90eb90-4f39-4595-8d9c-1f95314bfb47","method":"POST","route":"/api/v1/matches/:matchId/points","statusCode":200,"latencyMs":20.121,"msg":"request completed"}
{"level":30,"time":1789777042034,"pid":19535,"hostname":"Glebs-MacBook-Pro.local","reqId":"bc5aad11-7d5d-470a-8db9-3e1bc0ca4479","event":"request_completed","requestId":"bc5aad11-7d5d-470a-8db9-3e1bc0ca4479","method":"POST","route":"/api/v1/matches/:matchId/confirm-finish","statusCode":200,"latencyMs":38.513,"msg":"request completed"}
{"level":30,"time":1789777042052,"pid":19535,"hostname":"Glebs-MacBook-Pro.local","reqId":"ccd5b3e8-2346-467d-9728-c28a4f61d3ae","event":"request_completed","requestId":"ccd5b3e8-2346-467d-9728-c28a4f61d3ae","method":"GET","route":"/api/v1/tournaments/:id","statusCode":200,"latencyMs":14.971,"msg":"request completed"}
{"level":30,"time":1789777042065,"pid":19535,"hostname":"Glebs-MacBook-Pro.local","reqId":"d7e5040a-df60-40cc-996b-0fa9e3cf9351","event":"request_completed","requestId":"d7e5040a-df60-40cc-996b-0fa9e3cf9351","method":"GET","route":"/api/v1/matches/:matchId","statusCode":200,"latencyMs":9.34,"msg":"request completed"}
{"level":30,"time":1789777042088,"pid":19535,"hostname":"Glebs-MacBook-Pro.local","reqId":"ddc2a176-4bc3-4360-be3f-ba801d4c4a40","event":"request_completed","requestId":"ddc2a176-4bc3-4360-be3f-ba801d4c4a40","method":"POST","route":"/api/v1/matches/:matchId/judge/acquire","statusCode":200,"latencyMs":20.096,"msg":"request completed"}
{"level":30,"time":1789777042119,"pid":19535,"hostname":"Glebs-MacBook-Pro.local","reqId":"e642c3aa-2497-436f-87c2-e72ca2385ac8","event":"request_completed","requestId":"e642c3aa-2497-436f-87c2-e72ca2385ac8","method":"POST","route":"/api/v1/matches/:matchId/start","statusCode":200,"latencyMs":27.927,"msg":"request completed"}
{"level":30,"time":1789777042144,"pid":19535,"hostname":"Glebs-MacBook-Pro.local","reqId":"4352e265-4e03-423f-bee2-6e713d36255b","event":"request_completed","requestId":"4352e265-4e03-423f-bee2-6e713d36255b","method":"POST","route":"/api/v1/matches/:matchId/points","statusCode":200,"latencyMs":20.795,"msg":"request completed"}
{"level":30,"time":1789777042185,"pid":19535,"hostname":"Glebs-MacBook-Pro.local","reqId":"18be70b4-80b3-4c0e-89f8-1e452d3ffc5b","event":"request_completed","requestId":"18be70b4-80b3-4c0e-89f8-1e452d3ffc5b","method":"POST","route":"/api/v1/matches/:matchId/confirm-finish","statusCode":200,"latencyMs":37.764,"msg":"request completed"}
{"level":30,"time":1789777042201,"pid":19535,"hostname":"Glebs-MacBook-Pro.local","reqId":"21251b7c-5191-4427-adaa-a8442524f539","event":"request_completed","requestId":"21251b7c-5191-4427-adaa-a8442524f539","method":"GET","route":"/api/v1/tournaments/:id","statusCode":200,"latencyMs":12.31,"msg":"request completed"}
{"level":30,"time":1789777042213,"pid":19535,"hostname":"Glebs-MacBook-Pro.local","reqId":"053bbc67-2d6e-4a2b-b3f8-fae0be889816","event":"request_completed","requestId":"053bbc67-2d6e-4a2b-b3f8-fae0be889816","method":"GET","route":"/api/v1/matches/:matchId","statusCode":200,"latencyMs":8.994,"msg":"request completed"}
{"level":30,"time":1789777042238,"pid":19535,"hostname":"Glebs-MacBook-Pro.local","reqId":"15822192-79c0-4272-aa92-7caf6a3739bd","event":"request_completed","requestId":"15822192-79c0-4272-aa92-7caf6a3739bd","method":"POST","route":"/api/v1/matches/:matchId/judge/acquire","statusCode":200,"latencyMs":22.213,"msg":"request completed"}
{"level":30,"time":1789777042279,"pid":19535,"hostname":"Glebs-MacBook-Pro.local","reqId":"eb76d6fa-e0d4-4de2-a35a-bc1d600740ce","event":"request_completed","requestId":"eb76d6fa-e0d4-4de2-a35a-bc1d600740ce","method":"POST","route":"/api/v1/matches/:matchId/start","statusCode":200,"latencyMs":37.227,"msg":"request completed"}
{"level":30,"time":1789777042307,"pid":19535,"hostname":"Glebs-MacBook-Pro.local","reqId":"a67fcd2e-6200-4362-a6f2-479e025e73e4","event":"request_completed","requestId":"a67fcd2e-6200-4362-a6f2-479e025e73e4","method":"POST","route":"/api/v1/matches/:matchId/points","statusCode":200,"latencyMs":24.289,"msg":"request completed"}
{"level":30,"time":1789777042382,"pid":19535,"hostname":"Glebs-MacBook-Pro.local","reqId":"66c58a61-926f-44c0-88af-fdfa510e5532","event":"request_completed","requestId":"66c58a61-926f-44c0-88af-fdfa510e5532","method":"POST","route":"/api/v1/matches/:matchId/confirm-finish","statusCode":200,"latencyMs":71.774,"msg":"request completed"}
{"level":30,"time":1789777042399,"pid":19535,"hostname":"Glebs-MacBook-Pro.local","reqId":"78177ad4-2048-47f6-960c-31dad0b15c2a","event":"request_completed","requestId":"78177ad4-2048-47f6-960c-31dad0b15c2a","method":"GET","route":"/api/v1/tournaments/:id","statusCode":200,"latencyMs":13.121,"msg":"request completed"}
{"level":30,"time":1789777042411,"pid":19535,"hostname":"Glebs-MacBook-Pro.local","reqId":"2a5357fd-32c6-4323-8752-05d846e96bcd","event":"request_completed","requestId":"2a5357fd-32c6-4323-8752-05d846e96bcd","method":"GET","route":"/api/v1/matches/:matchId","statusCode":200,"latencyMs":9.181,"msg":"request completed"}
{"level":30,"time":1789777042439,"pid":19535,"hostname":"Glebs-MacBook-Pro.local","reqId":"c6a146e0-d3f3-4e68-af22-c284afb373ca","event":"request_completed","requestId":"c6a146e0-d3f3-4e68-af22-c284afb373ca","method":"POST","route":"/api/v1/matches/:matchId/judge/acquire","statusCode":200,"latencyMs":24.02,"msg":"request completed"}
{"level":30,"time":1789777042477,"pid":19535,"hostname":"Glebs-MacBook-Pro.local","reqId":"70f8fa1f-39e9-445e-ad63-f9e05e1df527","event":"request_completed","requestId":"70f8fa1f-39e9-445e-ad63-f9e05e1df527","method":"POST","route":"/api/v1/matches/:matchId/start","statusCode":200,"latencyMs":34.463,"msg":"request completed"}
{"level":30,"time":1789777042504,"pid":19535,"hostname":"Glebs-MacBook-Pro.local","reqId":"33467b39-d51e-4aac-8c81-d2d8075a6ce1","event":"request_completed","requestId":"33467b39-d51e-4aac-8c81-d2d8075a6ce1","method":"POST","route":"/api/v1/matches/:matchId/points","statusCode":200,"latencyMs":23.506,"msg":"request completed"}
{"level":30,"time":1789777042589,"pid":19535,"hostname":"Glebs-MacBook-Pro.local","reqId":"97e7d2c7-10c8-48f2-b049-8ae2d0503396","event":"request_completed","requestId":"97e7d2c7-10c8-48f2-b049-8ae2d0503396","method":"POST","route":"/api/v1/matches/:matchId/confirm-finish","statusCode":200,"latencyMs":80.953,"msg":"request completed"}
{"level":30,"time":1789777042608,"pid":19535,"hostname":"Glebs-MacBook-Pro.local","reqId":"f5b468e7-81ee-4af2-901a-bb5c8a2bcd18","event":"request_completed","requestId":"f5b468e7-81ee-4af2-901a-bb5c8a2bcd18","method":"GET","route":"/api/v1/tournaments/:id","statusCode":200,"latencyMs":14.579,"msg":"request completed"}
{"level":30,"time":1789777042621,"pid":19535,"hostname":"Glebs-MacBook-Pro.local","reqId":"ec620fd2-09af-49e0-bc25-7c4f69eb2c7b","event":"request_completed","requestId":"ec620fd2-09af-49e0-bc25-7c4f69eb2c7b","method":"GET","route":"/api/v1/matches/:matchId","statusCode":200,"latencyMs":9.618,"msg":"request completed"}
{"level":30,"time":1789777042647,"pid":19535,"hostname":"Glebs-MacBook-Pro.local","reqId":"2b71b01f-bc6d-4c13-a3a8-29fb760e849c","event":"request_completed","requestId":"2b71b01f-bc6d-4c13-a3a8-29fb760e849c","method":"POST","route":"/api/v1/matches/:matchId/judge/acquire","statusCode":200,"latencyMs":23.068,"msg":"request completed"}
{"level":30,"time":1789777042681,"pid":19535,"hostname":"Glebs-MacBook-Pro.local","reqId":"4c6e3940-f5b8-4de9-a080-5c6446bc9f39","event":"request_completed","requestId":"4c6e3940-f5b8-4de9-a080-5c6446bc9f39","method":"POST","route":"/api/v1/matches/:matchId/start","statusCode":200,"latencyMs":30.772,"msg":"request completed"}
{"level":30,"time":1789777042707,"pid":19535,"hostname":"Glebs-MacBook-Pro.local","reqId":"b4551325-a7a6-46df-b4b7-42a217c013d1","event":"request_completed","requestId":"b4551325-a7a6-46df-b4b7-42a217c013d1","method":"POST","route":"/api/v1/matches/:matchId/points","statusCode":200,"latencyMs":22.141,"msg":"request completed"}
{"level":30,"time":1789777042783,"pid":19535,"hostname":"Glebs-MacBook-Pro.local","reqId":"e691c3d5-9e8c-4d14-80dd-868d468a1f8a","event":"request_completed","requestId":"e691c3d5-9e8c-4d14-80dd-868d468a1f8a","method":"POST","route":"/api/v1/matches/:matchId/confirm-finish","statusCode":200,"latencyMs":71.482,"msg":"request completed"}
{"level":30,"time":1789777042802,"pid":19535,"hostname":"Glebs-MacBook-Pro.local","reqId":"a11918f7-cb79-4559-b829-2d9e440c0f47","event":"request_completed","requestId":"a11918f7-cb79-4559-b829-2d9e440c0f47","method":"GET","route":"/api/v1/tournaments/:id","statusCode":200,"latencyMs":16.311,"msg":"request completed"}
{"level":30,"time":1789777042817,"pid":19535,"hostname":"Glebs-MacBook-Pro.local","reqId":"895e8b76-8655-4b36-bf7b-e5af60bc609c","event":"request_completed","requestId":"895e8b76-8655-4b36-bf7b-e5af60bc609c","method":"GET","route":"/api/v1/matches/:matchId","statusCode":200,"latencyMs":11.782,"msg":"request completed"}
{"level":30,"time":1789777042843,"pid":19535,"hostname":"Glebs-MacBook-Pro.local","reqId":"92235d7e-6353-4a10-aa25-edd0dc93b403","event":"request_completed","requestId":"92235d7e-6353-4a10-aa25-edd0dc93b403","method":"POST","route":"/api/v1/matches/:matchId/judge/acquire","statusCode":200,"latencyMs":22.314,"msg":"request completed"}
{"level":30,"time":1789777042876,"pid":19535,"hostname":"Glebs-MacBook-Pro.local","reqId":"6950d6ae-5283-4686-8e39-bfa4718b2740","event":"request_completed","requestId":"6950d6ae-5283-4686-8e39-bfa4718b2740","method":"POST","route":"/api/v1/matches/:matchId/start","statusCode":200,"latencyMs":30.235,"msg":"request completed"}
{"level":30,"time":1789777042900,"pid":19535,"hostname":"Glebs-MacBook-Pro.local","reqId":"7e7e3fd7-5d4d-4c85-bf2e-34f3c94b1e3f","event":"request_completed","requestId":"7e7e3fd7-5d4d-4c85-bf2e-34f3c94b1e3f","method":"POST","route":"/api/v1/matches/:matchId/points","statusCode":200,"latencyMs":19.525,"msg":"request completed"}
{"level":30,"time":1789777042947,"pid":19535,"hostname":"Glebs-MacBook-Pro.local","reqId":"bffe09d4-1b5b-4287-994c-1c022aff51de","event":"request_completed","requestId":"bffe09d4-1b5b-4287-994c-1c022aff51de","method":"POST","route":"/api/v1/matches/:matchId/confirm-finish","statusCode":200,"latencyMs":43.786,"msg":"request completed"}
{"level":30,"time":1789777042966,"pid":19535,"hostname":"Glebs-MacBook-Pro.local","reqId":"5a959264-7f5b-4808-afdb-1fc0dcfad3ad","event":"request_completed","requestId":"5a959264-7f5b-4808-afdb-1fc0dcfad3ad","method":"GET","route":"/api/v1/tournaments/:id","statusCode":200,"latencyMs":13.45,"msg":"request completed"}
{"level":30,"time":1789777042977,"pid":19535,"hostname":"Glebs-MacBook-Pro.local","reqId":"a59a6f11-d1bb-4792-bfc0-4768a2f0ea32","event":"request_completed","requestId":"a59a6f11-d1bb-4792-bfc0-4768a2f0ea32","method":"GET","route":"/api/v1/matches/:matchId","statusCode":200,"latencyMs":8.72,"msg":"request completed"}
{"level":30,"time":1789777043002,"pid":19535,"hostname":"Glebs-MacBook-Pro.local","reqId":"8f2768ac-1483-4541-bf8b-4ed09d8d6c0d","event":"request_completed","requestId":"8f2768ac-1483-4541-bf8b-4ed09d8d6c0d","method":"POST","route":"/api/v1/matches/:matchId/judge/acquire","statusCode":200,"latencyMs":21.417,"msg":"request completed"}
{"level":30,"time":1789777043036,"pid":19535,"hostname":"Glebs-MacBook-Pro.local","reqId":"0168a37e-30ca-47ed-9923-deea05f23527","event":"request_completed","requestId":"0168a37e-30ca-47ed-9923-deea05f23527","method":"POST","route":"/api/v1/matches/:matchId/start","statusCode":200,"latencyMs":30.216,"msg":"request completed"}
{"level":30,"time":1789777043060,"pid":19535,"hostname":"Glebs-MacBook-Pro.local","reqId":"9d5d8bba-1582-41ee-9aa7-a3b8f3dcadaf","event":"request_completed","requestId":"9d5d8bba-1582-41ee-9aa7-a3b8f3dcadaf","method":"POST","route":"/api/v1/matches/:matchId/points","statusCode":200,"latencyMs":21.001,"msg":"request completed"}
{"level":30,"time":1789777043102,"pid":19535,"hostname":"Glebs-MacBook-Pro.local","reqId":"c6065921-a030-48ab-85fc-e6aadc7beaaf","event":"request_completed","requestId":"c6065921-a030-48ab-85fc-e6aadc7beaaf","method":"POST","route":"/api/v1/matches/:matchId/confirm-finish","statusCode":200,"latencyMs":38.066,"msg":"request completed"}
{"level":30,"time":1789777043119,"pid":19535,"hostname":"Glebs-MacBook-Pro.local","reqId":"5cd6fc08-cd45-4868-ba79-dbc29db6aa46","event":"request_completed","requestId":"5cd6fc08-cd45-4868-ba79-dbc29db6aa46","method":"GET","route":"/api/v1/tournaments/:id","statusCode":200,"latencyMs":13.599,"msg":"request completed"}
{"level":30,"time":1789777043131,"pid":19535,"hostname":"Glebs-MacBook-Pro.local","reqId":"e9c37944-8b0d-45af-9384-4b8e66b5fe15","event":"request_completed","requestId":"e9c37944-8b0d-45af-9384-4b8e66b5fe15","method":"GET","route":"/api/v1/matches/:matchId","statusCode":200,"latencyMs":8.146,"msg":"request completed"}
{"level":30,"time":1789777043155,"pid":19535,"hostname":"Glebs-MacBook-Pro.local","reqId":"6e2d121b-4171-4b78-8254-e49e7cd56163","event":"request_completed","requestId":"6e2d121b-4171-4b78-8254-e49e7cd56163","method":"POST","route":"/api/v1/matches/:matchId/judge/acquire","statusCode":200,"latencyMs":21.078,"msg":"request completed"}
{"level":30,"time":1789777043187,"pid":19535,"hostname":"Glebs-MacBook-Pro.local","reqId":"f971df16-cc1b-4e51-a654-c6714f3759ee","event":"request_completed","requestId":"f971df16-cc1b-4e51-a654-c6714f3759ee","method":"POST","route":"/api/v1/matches/:matchId/start","statusCode":200,"latencyMs":27.988,"msg":"request completed"}
{"level":30,"time":1789777043211,"pid":19535,"hostname":"Glebs-MacBook-Pro.local","reqId":"eb962876-f886-48c1-9626-e74b4c6d7645","event":"request_completed","requestId":"eb962876-f886-48c1-9626-e74b4c6d7645","method":"POST","route":"/api/v1/matches/:matchId/points","statusCode":200,"latencyMs":20.649,"msg":"request completed"}
{"level":30,"time":1789777043264,"pid":19535,"hostname":"Glebs-MacBook-Pro.local","reqId":"e237bffe-dedf-46be-ac64-324b13cc2419","event":"request_completed","requestId":"e237bffe-dedf-46be-ac64-324b13cc2419","method":"POST","route":"/api/v1/matches/:matchId/confirm-finish","statusCode":200,"latencyMs":49.884,"msg":"request completed"}
{"level":30,"time":1789777043282,"pid":19535,"hostname":"Glebs-MacBook-Pro.local","reqId":"bd9fcf72-fc67-4b38-b945-27b3ac13245a","event":"request_completed","requestId":"bd9fcf72-fc67-4b38-b945-27b3ac13245a","method":"GET","route":"/api/v1/tournaments/:id","statusCode":200,"latencyMs":14.876,"msg":"request completed"}
{"level":30,"time":1789777043294,"pid":19535,"hostname":"Glebs-MacBook-Pro.local","reqId":"4dedf93f-cedd-4421-8a20-f892bee8ff3d","event":"request_completed","requestId":"4dedf93f-cedd-4421-8a20-f892bee8ff3d","method":"GET","route":"/api/v1/matches/:matchId","statusCode":200,"latencyMs":8.213,"msg":"request completed"}
{"level":30,"time":1789777043318,"pid":19535,"hostname":"Glebs-MacBook-Pro.local","reqId":"946122b1-e615-4193-b461-718255dba6d5","event":"request_completed","requestId":"946122b1-e615-4193-b461-718255dba6d5","method":"POST","route":"/api/v1/matches/:matchId/judge/acquire","statusCode":200,"latencyMs":21.365,"msg":"request completed"}
{"level":30,"time":1789777043347,"pid":19535,"hostname":"Glebs-MacBook-Pro.local","reqId":"ab07afc9-f2bf-43f1-8a46-aef88334e0e7","event":"request_completed","requestId":"ab07afc9-f2bf-43f1-8a46-aef88334e0e7","method":"POST","route":"/api/v1/matches/:matchId/start","statusCode":200,"latencyMs":24.291,"msg":"request completed"}
{"level":30,"time":1789777043371,"pid":19535,"hostname":"Glebs-MacBook-Pro.local","reqId":"3e547dbb-7b52-47cf-8fac-b1cb764b4765","event":"request_completed","requestId":"3e547dbb-7b52-47cf-8fac-b1cb764b4765","method":"POST","route":"/api/v1/matches/:matchId/points","statusCode":200,"latencyMs":20.721,"msg":"request completed"}
{"level":30,"time":1789777043423,"pid":19535,"hostname":"Glebs-MacBook-Pro.local","reqId":"9f274d72-99b5-4961-ba39-1e611e7dbc37","event":"request_completed","requestId":"9f274d72-99b5-4961-ba39-1e611e7dbc37","method":"POST","route":"/api/v1/matches/:matchId/confirm-finish","statusCode":200,"latencyMs":47.196,"msg":"request completed"}
{"level":30,"time":1789777043439,"pid":19535,"hostname":"Glebs-MacBook-Pro.local","reqId":"7f1b37af-211d-45f9-b729-4abd65bc0863","event":"request_completed","requestId":"7f1b37af-211d-45f9-b729-4abd65bc0863","method":"GET","route":"/api/v1/tournaments/:id","statusCode":200,"latencyMs":12.49,"msg":"request completed"}
{"level":30,"time":1789777043452,"pid":19535,"hostname":"Glebs-MacBook-Pro.local","reqId":"3f4a7828-5222-4041-859d-1845a96975a9","event":"request_completed","requestId":"3f4a7828-5222-4041-859d-1845a96975a9","method":"GET","route":"/api/v1/matches/:matchId","statusCode":200,"latencyMs":9.521,"msg":"request completed"}
{"level":30,"time":1789777043480,"pid":19535,"hostname":"Glebs-MacBook-Pro.local","reqId":"db543ea5-743a-408f-a914-30b3b79ad439","event":"request_completed","requestId":"db543ea5-743a-408f-a914-30b3b79ad439","method":"POST","route":"/api/v1/matches/:matchId/judge/acquire","statusCode":200,"latencyMs":25.147,"msg":"request completed"}
{"level":30,"time":1789777043517,"pid":19535,"hostname":"Glebs-MacBook-Pro.local","reqId":"7dd43d1f-7855-4085-80c0-c54fe54d2b49","event":"request_completed","requestId":"7dd43d1f-7855-4085-80c0-c54fe54d2b49","method":"POST","route":"/api/v1/matches/:matchId/start","statusCode":200,"latencyMs":33.868,"msg":"request completed"}
{"level":30,"time":1789777043542,"pid":19535,"hostname":"Glebs-MacBook-Pro.local","reqId":"5e167a40-1843-4f10-b6f9-cc4d1aebe023","event":"request_completed","requestId":"5e167a40-1843-4f10-b6f9-cc4d1aebe023","method":"POST","route":"/api/v1/matches/:matchId/points","statusCode":200,"latencyMs":21.05,"msg":"request completed"}
{"level":30,"time":1789777043594,"pid":19535,"hostname":"Glebs-MacBook-Pro.local","reqId":"bed708d2-4641-4e84-baf4-d97258b35227","event":"request_completed","requestId":"bed708d2-4641-4e84-baf4-d97258b35227","method":"POST","route":"/api/v1/matches/:matchId/confirm-finish","statusCode":200,"latencyMs":48.763,"msg":"request completed"}
{"level":30,"time":1789777043612,"pid":19535,"hostname":"Glebs-MacBook-Pro.local","reqId":"3f407f47-bdaa-4485-98cf-6feaabddbd77","event":"request_completed","requestId":"3f407f47-bdaa-4485-98cf-6feaabddbd77","method":"GET","route":"/api/v1/tournaments/:id","statusCode":200,"latencyMs":14.071,"msg":"request completed"}
{"level":30,"time":1789777043625,"pid":19535,"hostname":"Glebs-MacBook-Pro.local","reqId":"878af50f-4c24-48d6-ae48-5446e5a6ac49","event":"request_completed","requestId":"878af50f-4c24-48d6-ae48-5446e5a6ac49","method":"GET","route":"/api/v1/matches/:matchId","statusCode":200,"latencyMs":10.356,"msg":"request completed"}
{"level":30,"time":1789777043652,"pid":19535,"hostname":"Glebs-MacBook-Pro.local","reqId":"8e2e1b0d-beb7-48cf-b446-6030b09c96d2","event":"request_completed","requestId":"8e2e1b0d-beb7-48cf-b446-6030b09c96d2","method":"POST","route":"/api/v1/matches/:matchId/judge/acquire","statusCode":200,"latencyMs":22.457,"msg":"request completed"}
{"level":30,"time":1789777043684,"pid":19535,"hostname":"Glebs-MacBook-Pro.local","reqId":"0bc412f4-7ec0-42f4-a687-32d1fb5a57f6","event":"request_completed","requestId":"0bc412f4-7ec0-42f4-a687-32d1fb5a57f6","method":"POST","route":"/api/v1/matches/:matchId/start","statusCode":200,"latencyMs":29.019,"msg":"request completed"}
{"level":30,"time":1789777043712,"pid":19535,"hostname":"Glebs-MacBook-Pro.local","reqId":"0a1eadf8-29f7-45c4-8566-4d7e04dd73c3","event":"request_completed","requestId":"0a1eadf8-29f7-45c4-8566-4d7e04dd73c3","method":"POST","route":"/api/v1/matches/:matchId/points","statusCode":200,"latencyMs":23.876,"msg":"request completed"}
{"level":30,"time":1789777043754,"pid":19535,"hostname":"Glebs-MacBook-Pro.local","reqId":"d727fec0-900b-4112-bb42-1f4e6a7505b5","event":"request_completed","requestId":"d727fec0-900b-4112-bb42-1f4e6a7505b5","method":"POST","route":"/api/v1/matches/:matchId/confirm-finish","statusCode":200,"latencyMs":38.848,"msg":"request completed"}
{"level":30,"time":1789777043770,"pid":19535,"hostname":"Glebs-MacBook-Pro.local","reqId":"d361296f-e53b-4abc-92f6-c7611e81ef7e","event":"request_completed","requestId":"d361296f-e53b-4abc-92f6-c7611e81ef7e","method":"GET","route":"/api/v1/tournaments/:id","statusCode":200,"latencyMs":11.744,"msg":"request completed"}
{"level":30,"time":1789777043783,"pid":19535,"hostname":"Glebs-MacBook-Pro.local","reqId":"dc4c831c-5b2b-47c3-99ac-d0d36e0866e4","event":"request_completed","requestId":"dc4c831c-5b2b-47c3-99ac-d0d36e0866e4","method":"GET","route":"/api/v1/tournaments/:id","statusCode":200,"latencyMs":10.344,"msg":"request completed"}
{"level":30,"time":1789777043809,"pid":19535,"hostname":"Glebs-MacBook-Pro.local","reqId":"ecea4038-78c6-404c-8e47-8794737c558d","event":"request_completed","requestId":"ecea4038-78c6-404c-8e47-8794737c558d","method":"GET","route":"/api/v1/auth/me","statusCode":200,"latencyMs":7.832,"msg":"request completed"}
{"level":30,"time":1789777043834,"pid":19535,"hostname":"Glebs-MacBook-Pro.local","reqId":"67cd2663-4ce9-4915-9280-f2ddf3530d1b","event":"request_completed","requestId":"67cd2663-4ce9-4915-9280-f2ddf3530d1b","method":"GET","route":"/api/v1/tournaments/:id","statusCode":200,"latencyMs":14.781,"msg":"request completed"}
{"level":30,"time":1789777043835,"pid":19535,"hostname":"Glebs-MacBook-Pro.local","reqId":"3ed0ab40-78dd-4378-9c7d-279ac7ea4200","event":"request_completed","requestId":"3ed0ab40-78dd-4378-9c7d-279ac7ea4200","method":"GET","route":"/api/v1/notifications","statusCode":200,"latencyMs":15.325,"msg":"request completed"}
  ✓  21 [chromium-desktop] › tests/e2e/wave-d-tournaments.spec.ts:19:7 › Wave D tournament double_elimination/8 roster, seed edit, complete and results (5.0s)
{"level":30,"time":1789777044151,"pid":19535,"hostname":"Glebs-MacBook-Pro.local","reqId":"bced330a-a0a1-4414-ad54-ccaad1c4b1bd","event":"request_completed","requestId":"bced330a-a0a1-4414-ad54-ccaad1c4b1bd","method":"GET","route":"/health","statusCode":200,"latencyMs":0.144,"msg":"request completed"}
{"level":30,"time":1789777044181,"pid":19535,"hostname":"Glebs-MacBook-Pro.local","reqId":"53c2f2e6-ca58-4ddf-9120-7b7d2463b757","event":"request_completed","requestId":"53c2f2e6-ca58-4ddf-9120-7b7d2463b757","method":"POST","route":"/api/v1/auth/login","statusCode":200,"latencyMs":27.476,"msg":"request completed"}
{"level":30,"time":1789777044199,"pid":19535,"hostname":"Glebs-MacBook-Pro.local","reqId":"9015298e-b099-4ff9-bbca-f28004fd3400","event":"request_completed","requestId":"9015298e-b099-4ff9-bbca-f28004fd3400","method":"PATCH","route":"/api/v1/me/onboarding","statusCode":200,"latencyMs":14.177,"msg":"request completed"}
{"level":30,"time":1789777044467,"pid":19535,"hostname":"Glebs-MacBook-Pro.local","reqId":"fef90c0f-c2b1-49bd-bbb1-1de7bc2f5a37","event":"request_completed","requestId":"fef90c0f-c2b1-49bd-bbb1-1de7bc2f5a37","method":"GET","route":"/api/v1/auth/me","statusCode":401,"latencyMs":0.203,"msg":"request completed"}
{"level":30,"time":1789777044637,"pid":19535,"hostname":"Glebs-MacBook-Pro.local","reqId":"db57d1bd-7b60-4d43-afbc-ce4c1710d671","event":"request_completed","requestId":"db57d1bd-7b60-4d43-afbc-ce4c1710d671","method":"POST","route":"/api/v1/auth/login","statusCode":200,"latencyMs":21.552,"msg":"request completed"}
{"level":30,"time":1789777044646,"pid":19535,"hostname":"Glebs-MacBook-Pro.local","reqId":"dfdec8ad-cd3e-49e2-b5ac-134436fda9df","event":"request_completed","requestId":"dfdec8ad-cd3e-49e2-b5ac-134436fda9df","method":"GET","route":"/api/v1/auth/me","statusCode":200,"latencyMs":6.309,"msg":"request completed"}
{"level":30,"time":1789777044661,"pid":19535,"hostname":"Glebs-MacBook-Pro.local","reqId":"3a17fce4-057d-4a6f-8a88-9a6e3b97df53","event":"request_completed","requestId":"3a17fce4-057d-4a6f-8a88-9a6e3b97df53","method":"GET","route":"/api/v1/notifications","statusCode":200,"latencyMs":20.36,"msg":"request completed"}
{"level":30,"time":1789777044672,"pid":19535,"hostname":"Glebs-MacBook-Pro.local","reqId":"57de186b-bfdc-4fe1-bb1c-105ce1b0003a","event":"request_completed","requestId":"57de186b-bfdc-4fe1-bb1c-105ce1b0003a","method":"POST","route":"/api/v1/tournaments","statusCode":200,"latencyMs":23.188,"msg":"request completed"}
{"level":30,"time":1789777044685,"pid":19535,"hostname":"Glebs-MacBook-Pro.local","reqId":"06c8ad68-600c-4e46-93cc-42f2edd84fde","event":"request_completed","requestId":"06c8ad68-600c-4e46-93cc-42f2edd84fde","method":"GET","route":"/api/v1/home","statusCode":200,"latencyMs":39.855,"msg":"request completed"}
{"level":30,"time":1789777044701,"pid":19535,"hostname":"Glebs-MacBook-Pro.local","reqId":"979779e8-c6e1-48ef-a7bf-1e2c590b8571","event":"request_completed","requestId":"979779e8-c6e1-48ef-a7bf-1e2c590b8571","method":"POST","route":"/api/v1/tournaments/:id/participants","statusCode":200,"latencyMs":25.983,"msg":"request completed"}
{"level":30,"time":1789777044728,"pid":19535,"hostname":"Glebs-MacBook-Pro.local","reqId":"e4c24393-6c3d-4f51-8292-2601b8b78382","event":"request_completed","requestId":"e4c24393-6c3d-4f51-8292-2601b8b78382","method":"POST","route":"/api/v1/tournaments/:id/participants","statusCode":200,"latencyMs":23.104,"msg":"request completed"}
{"level":30,"time":1789777044749,"pid":19535,"hostname":"Glebs-MacBook-Pro.local","reqId":"ecf213f9-6269-435f-974d-06a5c1474d06","event":"request_completed","requestId":"ecf213f9-6269-435f-974d-06a5c1474d06","method":"POST","route":"/api/v1/tournaments/:id/bracket","statusCode":200,"latencyMs":17.072,"msg":"request completed"}
{"level":30,"time":1789777044778,"pid":19535,"hostname":"Glebs-MacBook-Pro.local","reqId":"c40cc388-cc1c-44a4-80b6-e6de4d53af1e","event":"request_completed","requestId":"c40cc388-cc1c-44a4-80b6-e6de4d53af1e","method":"GET","route":"/api/v1/auth/me","statusCode":200,"latencyMs":4.522,"msg":"request completed"}
{"level":30,"time":1789777044797,"pid":19535,"hostname":"Glebs-MacBook-Pro.local","reqId":"136081ce-ff3a-4d9e-8ca5-e21c47992ff4","event":"request_completed","requestId":"136081ce-ff3a-4d9e-8ca5-e21c47992ff4","method":"GET","route":"/api/v1/notifications","statusCode":200,"latencyMs":10.427,"msg":"request completed"}
{"level":30,"time":1789777044800,"pid":19535,"hostname":"Glebs-MacBook-Pro.local","reqId":"f6757448-2f62-43db-be3d-26c48a7c1541","event":"request_completed","requestId":"f6757448-2f62-43db-be3d-26c48a7c1541","method":"GET","route":"/api/v1/tournaments/:id","statusCode":200,"latencyMs":13.738,"msg":"request completed"}
{"level":30,"time":1789777044835,"pid":19535,"hostname":"Glebs-MacBook-Pro.local","reqId":"19c83d31-5b99-4de0-a137-bd7f0d78eb19","event":"request_completed","requestId":"19c83d31-5b99-4de0-a137-bd7f0d78eb19","method":"GET","route":"/api/v1/users/directory","statusCode":200,"latencyMs":7.313,"msg":"request completed"}
{"level":30,"time":1789777044892,"pid":19535,"hostname":"Glebs-MacBook-Pro.local","reqId":"3280e413-3fb7-499b-aada-f85eae3eb591","event":"request_completed","requestId":"3280e413-3fb7-499b-aada-f85eae3eb591","method":"GET","route":"/api/v1/tournaments/:id","statusCode":200,"latencyMs":23.706,"msg":"request completed"}
{"level":30,"time":1789777044894,"pid":19535,"hostname":"Glebs-MacBook-Pro.local","reqId":"b29b3cf6-8c67-4c94-abcf-401b780cc495","event":"request_completed","requestId":"b29b3cf6-8c67-4c94-abcf-401b780cc495","method":"POST","route":"/api/v1/tournaments/:id/withdraw","statusCode":200,"latencyMs":29.867,"msg":"request completed"}
{"level":30,"time":1789777044905,"pid":19535,"hostname":"Glebs-MacBook-Pro.local","reqId":"8d55e7a9-58ac-49f4-a7a5-be1bec5895e4","event":"request_completed","requestId":"8d55e7a9-58ac-49f4-a7a5-be1bec5895e4","method":"GET","route":"/api/v1/users/directory","statusCode":200,"latencyMs":6.668,"msg":"request completed"}
{"level":30,"time":1789777045018,"pid":19535,"hostname":"Glebs-MacBook-Pro.local","reqId":"2a28af17-5ea9-404f-9405-1d94cf878b5a","event":"request_completed","requestId":"2a28af17-5ea9-404f-9405-1d94cf878b5a","method":"GET","route":"/api/v1/tournaments/:id","statusCode":200,"latencyMs":21.215,"msg":"request completed"}
{"level":30,"time":1789777045086,"pid":19535,"hostname":"Glebs-MacBook-Pro.local","reqId":"c68ee320-d6a2-4783-a0e9-acdb95b225ae","event":"request_completed","requestId":"c68ee320-d6a2-4783-a0e9-acdb95b225ae","method":"POST","route":"/api/v1/tournaments/:id/dissolve-bracket","statusCode":200,"latencyMs":21.789,"msg":"request completed"}
{"level":30,"time":1789777045093,"pid":19535,"hostname":"Glebs-MacBook-Pro.local","reqId":"f3a9276a-8174-46f6-af9c-b83e1c9dd65e","event":"request_completed","requestId":"f3a9276a-8174-46f6-af9c-b83e1c9dd65e","method":"GET","route":"/api/v1/tournaments/:id","statusCode":200,"latencyMs":25.158,"msg":"request completed"}
{"level":30,"time":1789777045107,"pid":19535,"hostname":"Glebs-MacBook-Pro.local","reqId":"bb711d53-cfaa-4b70-9d9a-3dfd09e83aeb","event":"request_completed","requestId":"bb711d53-cfaa-4b70-9d9a-3dfd09e83aeb","method":"GET","route":"/api/v1/tournaments/:id","statusCode":200,"latencyMs":19.309,"msg":"request completed"}
{"level":30,"time":1789777045118,"pid":19535,"hostname":"Glebs-MacBook-Pro.local","reqId":"99fa7078-a66d-43fc-99bc-daba37ad1cea","event":"request_completed","requestId":"99fa7078-a66d-43fc-99bc-daba37ad1cea","method":"GET","route":"/api/v1/users/directory","statusCode":200,"latencyMs":6.195,"msg":"request completed"}
{"level":30,"time":1789777045236,"pid":19535,"hostname":"Glebs-MacBook-Pro.local","reqId":"4fa12b77-d8ba-4f9b-9c90-b8bdd5912455","event":"request_completed","requestId":"4fa12b77-d8ba-4f9b-9c90-b8bdd5912455","method":"GET","route":"/api/v1/tournaments/:id","statusCode":200,"latencyMs":38,"msg":"request completed"}
{"level":30,"time":1789777045288,"pid":19535,"hostname":"Glebs-MacBook-Pro.local","reqId":"15692424-2be3-4bc2-bb08-3c8f7f906085","event":"request_completed","requestId":"15692424-2be3-4bc2-bb08-3c8f7f906085","method":"POST","route":"/api/v1/tournaments/:id/cancel","statusCode":200,"latencyMs":26.469,"msg":"request completed"}
{"level":30,"time":1789777045288,"pid":19535,"hostname":"Glebs-MacBook-Pro.local","reqId":"b761c77f-38ff-4882-935e-6a87a55d02e9","event":"request_completed","requestId":"b761c77f-38ff-4882-935e-6a87a55d02e9","method":"GET","route":"/api/v1/tournaments/:id","statusCode":200,"latencyMs":23.423,"msg":"request completed"}
{"level":30,"time":1789777045427,"pid":19535,"hostname":"Glebs-MacBook-Pro.local","reqId":"5f469909-6c82-411c-9cb4-bfeca5a1064b","event":"request_completed","requestId":"5f469909-6c82-411c-9cb4-bfeca5a1064b","method":"GET","route":"/api/v1/tournaments/:id","statusCode":200,"latencyMs":32.628,"msg":"request completed"}
{"level":30,"time":1789777045466,"pid":19535,"hostname":"Glebs-MacBook-Pro.local","reqId":"4bb10e0a-0192-4248-966e-fc5923894fef","event":"request_completed","requestId":"4bb10e0a-0192-4248-966e-fc5923894fef","method":"POST","route":"/api/v1/tournaments","statusCode":200,"latencyMs":35.761,"msg":"request completed"}
{"level":30,"time":1789777045510,"pid":19535,"hostname":"Glebs-MacBook-Pro.local","reqId":"c67e6744-0da9-4c71-a7d7-521669ff6856","event":"request_completed","requestId":"c67e6744-0da9-4c71-a7d7-521669ff6856","method":"POST","route":"/api/v1/tournaments/:id/participants","statusCode":200,"latencyMs":40.199,"msg":"request completed"}
{"level":30,"time":1789777045540,"pid":19535,"hostname":"Glebs-MacBook-Pro.local","reqId":"9c0110a8-7962-4b8d-a425-46d22288ea43","event":"request_completed","requestId":"9c0110a8-7962-4b8d-a425-46d22288ea43","method":"POST","route":"/api/v1/tournaments/:id/participants","statusCode":200,"latencyMs":25.691,"msg":"request completed"}
{"level":30,"time":1789777045558,"pid":19535,"hostname":"Glebs-MacBook-Pro.local","reqId":"d9ca02e0-3ba4-44dc-abe0-e69dc77cad6f","event":"request_completed","requestId":"d9ca02e0-3ba4-44dc-abe0-e69dc77cad6f","method":"POST","route":"/api/v1/tournaments/:id/bracket","statusCode":200,"latencyMs":14.568,"msg":"request completed"}
{"level":30,"time":1789777045579,"pid":19535,"hostname":"Glebs-MacBook-Pro.local","reqId":"9c3ed4b8-fd8d-4ab6-818a-76d177dd7cb0","event":"request_completed","requestId":"9c3ed4b8-fd8d-4ab6-818a-76d177dd7cb0","method":"GET","route":"/api/v1/auth/me","statusCode":200,"latencyMs":6.085,"msg":"request completed"}
{"level":30,"time":1789777045601,"pid":19535,"hostname":"Glebs-MacBook-Pro.local","reqId":"850b82b5-1c1b-4039-891a-d8df0882938a","event":"request_completed","requestId":"850b82b5-1c1b-4039-891a-d8df0882938a","method":"GET","route":"/api/v1/notifications","statusCode":200,"latencyMs":13.054,"msg":"request completed"}
{"level":30,"time":1789777045604,"pid":19535,"hostname":"Glebs-MacBook-Pro.local","reqId":"498ae708-f8f1-40e9-b947-4b82e06fed83","event":"request_completed","requestId":"498ae708-f8f1-40e9-b947-4b82e06fed83","method":"GET","route":"/api/v1/tournaments/:id","statusCode":200,"latencyMs":17.112,"msg":"request completed"}
{"level":30,"time":1789777045615,"pid":19535,"hostname":"Glebs-MacBook-Pro.local","reqId":"ee1d6561-af36-40fb-b71d-d31d8a091682","event":"request_completed","requestId":"ee1d6561-af36-40fb-b71d-d31d8a091682","method":"GET","route":"/api/v1/users/directory","statusCode":200,"latencyMs":4.935,"msg":"request completed"}
{"level":30,"time":1789777045679,"pid":19535,"hostname":"Glebs-MacBook-Pro.local","reqId":"e4400856-aded-4be9-bcaa-94029dd82806","event":"request_completed","requestId":"e4400856-aded-4be9-bcaa-94029dd82806","method":"POST","route":"/api/v1/tournaments/:id/start","statusCode":200,"latencyMs":38.028,"msg":"request completed"}
{"level":30,"time":1789777045843,"pid":19535,"hostname":"Glebs-MacBook-Pro.local","reqId":"61cc6f66-4864-4ef1-842f-2b19665f2745","event":"request_completed","requestId":"61cc6f66-4864-4ef1-842f-2b19665f2745","method":"GET","route":"/api/v1/tournaments/:id","statusCode":200,"latencyMs":31.886,"msg":"request completed"}
{"level":30,"time":1789777045852,"pid":19535,"hostname":"Glebs-MacBook-Pro.local","reqId":"52e3da64-abcc-40c0-a374-fcd48a7a9505","event":"request_completed","requestId":"52e3da64-abcc-40c0-a374-fcd48a7a9505","method":"POST","route":"/api/v1/tournaments/:id/stop","statusCode":200,"latencyMs":44.995,"msg":"request completed"}
{"level":30,"time":1789777045991,"pid":19535,"hostname":"Glebs-MacBook-Pro.local","reqId":"f2de3d8b-e309-486e-85b4-44877acdbded","event":"request_completed","requestId":"f2de3d8b-e309-486e-85b4-44877acdbded","method":"GET","route":"/api/v1/tournaments/:id","statusCode":200,"latencyMs":43.123,"msg":"request completed"}
{"level":30,"time":1789777046010,"pid":19535,"hostname":"Glebs-MacBook-Pro.local","reqId":"09387958-85e4-4adb-95b8-bfa1bbdb42a4","event":"request_completed","requestId":"09387958-85e4-4adb-95b8-bfa1bbdb42a4","method":"GET","route":"/api/v1/tournaments/:id","statusCode":200,"latencyMs":15.208,"msg":"request completed"}
{"level":30,"time":1789777046033,"pid":19535,"hostname":"Glebs-MacBook-Pro.local","reqId":"455a68a2-9d8b-44e1-af23-a49e9fc99099","event":"request_completed","requestId":"455a68a2-9d8b-44e1-af23-a49e9fc99099","method":"GET","route":"/api/v1/auth/me","statusCode":200,"latencyMs":8.552,"msg":"request completed"}
{"level":30,"time":1789777046063,"pid":19535,"hostname":"Glebs-MacBook-Pro.local","reqId":"ca7bdd1c-5581-4a76-a740-8a386db61e74","event":"request_completed","requestId":"ca7bdd1c-5581-4a76-a740-8a386db61e74","method":"GET","route":"/api/v1/notifications","statusCode":200,"latencyMs":20.643,"msg":"request completed"}
{"level":30,"time":1789777046063,"pid":19535,"hostname":"Glebs-MacBook-Pro.local","reqId":"97551b87-0e3d-43a9-b2c2-b90d9a64657d","event":"request_completed","requestId":"97551b87-0e3d-43a9-b2c2-b90d9a64657d","method":"GET","route":"/api/v1/tournaments/:id","statusCode":200,"latencyMs":20.566,"msg":"request completed"}
  ✓  22 [chromium-desktop] › tests/e2e/wave-d-tournaments.spec.ts:103:5 › Wave D tournament invalidation, dissolve, cancel and reasoned stop (2.1s)
{"level":30,"time":1789777046299,"pid":19535,"hostname":"Glebs-MacBook-Pro.local","reqId":"07ba2d15-2ee8-4153-949d-c8c36338d00d","event":"request_completed","requestId":"07ba2d15-2ee8-4153-949d-c8c36338d00d","method":"GET","route":"/health","statusCode":200,"latencyMs":0.132,"msg":"request completed"}
{"level":30,"time":1789777046331,"pid":19535,"hostname":"Glebs-MacBook-Pro.local","reqId":"5b026e0c-3b55-4535-bf86-7158dcd201a1","event":"request_completed","requestId":"5b026e0c-3b55-4535-bf86-7158dcd201a1","method":"POST","route":"/api/v1/auth/login","statusCode":200,"latencyMs":29.081,"msg":"request completed"}
{"level":30,"time":1789777046346,"pid":19535,"hostname":"Glebs-MacBook-Pro.local","reqId":"2a99903c-b519-4ce4-ab4a-b58fc2c6df8e","event":"request_completed","requestId":"2a99903c-b519-4ce4-ab4a-b58fc2c6df8e","method":"PATCH","route":"/api/v1/me/onboarding","statusCode":200,"latencyMs":11.164,"msg":"request completed"}
{"level":30,"time":1789777046648,"pid":19535,"hostname":"Glebs-MacBook-Pro.local","reqId":"ee017ed3-2d06-4a2f-be94-f9b28a6425d5","event":"request_completed","requestId":"ee017ed3-2d06-4a2f-be94-f9b28a6425d5","method":"GET","route":"/api/v1/auth/me","statusCode":401,"latencyMs":0.218,"msg":"request completed"}
{"level":30,"time":1789777046825,"pid":19535,"hostname":"Glebs-MacBook-Pro.local","reqId":"61e0e8f6-de2e-4502-b821-7c3912527eeb","event":"request_completed","requestId":"61e0e8f6-de2e-4502-b821-7c3912527eeb","method":"POST","route":"/api/v1/auth/login","statusCode":200,"latencyMs":27.53,"msg":"request completed"}
{"level":30,"time":1789777046841,"pid":19535,"hostname":"Glebs-MacBook-Pro.local","reqId":"daed752d-cb53-4534-aa39-64313d5abd28","event":"request_completed","requestId":"daed752d-cb53-4534-aa39-64313d5abd28","method":"GET","route":"/api/v1/auth/me","statusCode":200,"latencyMs":13.878,"msg":"request completed"}
{"level":30,"time":1789777046862,"pid":19535,"hostname":"Glebs-MacBook-Pro.local","reqId":"61a45e1d-11fb-4d84-a697-9b756e9e84e3","event":"request_completed","requestId":"61a45e1d-11fb-4d84-a697-9b756e9e84e3","method":"GET","route":"/api/v1/notifications","statusCode":200,"latencyMs":33.63,"msg":"request completed"}
{"level":30,"time":1789777046885,"pid":19535,"hostname":"Glebs-MacBook-Pro.local","reqId":"c428df54-e9fd-43f4-be8d-13d22e90efe3","event":"request_completed","requestId":"c428df54-e9fd-43f4-be8d-13d22e90efe3","method":"GET","route":"/api/v1/home","statusCode":200,"latencyMs":54.008,"msg":"request completed"}
{"level":30,"time":1789777046907,"pid":19535,"hostname":"Glebs-MacBook-Pro.local","reqId":"33c4c662-251e-48f9-9f30-082b96dccdc2","event":"request_completed","requestId":"33c4c662-251e-48f9-9f30-082b96dccdc2","method":"GET","route":"/api/v1/auth/me","statusCode":200,"latencyMs":5.132,"msg":"request completed"}
{"level":30,"time":1789777046925,"pid":19535,"hostname":"Glebs-MacBook-Pro.local","reqId":"de9a3d7a-d5f3-47fd-9329-06f629f9f3dc","event":"request_completed","requestId":"de9a3d7a-d5f3-47fd-9329-06f629f9f3dc","method":"GET","route":"/api/v1/admin/users","statusCode":200,"latencyMs":7.274,"msg":"request completed"}
{"level":30,"time":1789777046934,"pid":19535,"hostname":"Glebs-MacBook-Pro.local","reqId":"d0684cfa-89ef-4d69-96c1-3f8574e5fe36","event":"request_completed","requestId":"d0684cfa-89ef-4d69-96c1-3f8574e5fe36","method":"GET","route":"/api/v1/notifications","statusCode":200,"latencyMs":16.547,"msg":"request completed"}
{"level":30,"time":1789777047017,"pid":19535,"hostname":"Glebs-MacBook-Pro.local","reqId":"1b8d52d0-90c5-478e-9df9-f1c7cc0c2de6","event":"request_completed","requestId":"1b8d52d0-90c5-478e-9df9-f1c7cc0c2de6","method":"POST","route":"/api/v1/admin/users","statusCode":200,"latencyMs":40.949,"msg":"request completed"}
{"level":30,"time":1789777047032,"pid":19535,"hostname":"Glebs-MacBook-Pro.local","reqId":"7cbfec5b-051f-4ca6-afe4-a4132ecf113c","event":"request_completed","requestId":"7cbfec5b-051f-4ca6-afe4-a4132ecf113c","method":"GET","route":"/api/v1/admin/users","statusCode":200,"latencyMs":13.184,"msg":"request completed"}
{"level":30,"time":1789777047136,"pid":19535,"hostname":"Glebs-MacBook-Pro.local","reqId":"fc3db321-c5d9-4666-a9c2-fd93ee152398","event":"request_completed","requestId":"fc3db321-c5d9-4666-a9c2-fd93ee152398","method":"GET","route":"/api/v1/admin/users","statusCode":200,"latencyMs":10.553,"msg":"request completed"}
{"level":30,"time":1789777047410,"pid":19535,"hostname":"Glebs-MacBook-Pro.local","reqId":"1a0dbba0-6d62-4879-b01f-858297d6f485","event":"request_completed","requestId":"1a0dbba0-6d62-4879-b01f-858297d6f485","method":"GET","route":"/api/v1/auth/me","statusCode":401,"latencyMs":0.129,"msg":"request completed"}
{"level":30,"time":1789777047575,"pid":19535,"hostname":"Glebs-MacBook-Pro.local","reqId":"61d31460-f820-41bc-ab34-d8385bc85451","event":"request_completed","requestId":"61d31460-f820-41bc-ab34-d8385bc85451","method":"POST","route":"/api/v1/auth/login","statusCode":200,"latencyMs":25.524,"msg":"request completed"}
{"level":30,"time":1789777047653,"pid":19535,"hostname":"Glebs-MacBook-Pro.local","reqId":"f8a7229a-5a1f-41b7-8d7e-4774dfa1fac8","event":"request_completed","requestId":"f8a7229a-5a1f-41b7-8d7e-4774dfa1fac8","method":"POST","route":"/api/v1/auth/password/first-change","statusCode":200,"latencyMs":38.01,"msg":"request completed"}
{"level":30,"time":1789777047669,"pid":19535,"hostname":"Glebs-MacBook-Pro.local","reqId":"b840b818-5d05-447a-8819-b0f3042bf976","event":"request_completed","requestId":"b840b818-5d05-447a-8819-b0f3042bf976","method":"GET","route":"/api/v1/auth/me","statusCode":200,"latencyMs":14.701,"msg":"request completed"}
{"level":30,"time":1789777047741,"pid":19535,"hostname":"Glebs-MacBook-Pro.local","reqId":"95c1b663-b911-443d-af96-5b5f810ca825","event":"request_completed","requestId":"95c1b663-b911-443d-af96-5b5f810ca825","method":"PATCH","route":"/api/v1/me/onboarding","statusCode":200,"latencyMs":10.699,"msg":"request completed"}
{"level":30,"time":1789777047780,"pid":19535,"hostname":"Glebs-MacBook-Pro.local","reqId":"00599c33-3e84-44a7-a6b3-cb8b819988ea","event":"request_completed","requestId":"00599c33-3e84-44a7-a6b3-cb8b819988ea","method":"GET","route":"/api/v1/admin/users","statusCode":403,"latencyMs":22.287,"msg":"request completed"}
{"level":30,"time":1789777047787,"pid":19535,"hostname":"Glebs-MacBook-Pro.local","reqId":"e508f752-10b5-45d1-9f90-f3a1430d036d","event":"request_completed","requestId":"e508f752-10b5-45d1-9f90-f3a1430d036d","method":"GET","route":"/api/v1/notifications","statusCode":200,"latencyMs":36.998,"msg":"request completed"}
{"level":30,"time":1789777047799,"pid":19535,"hostname":"Glebs-MacBook-Pro.local","reqId":"6933127e-3566-4a53-b9bb-c5861705ffc5","event":"request_completed","requestId":"6933127e-3566-4a53-b9bb-c5861705ffc5","method":"GET","route":"/api/v1/home","statusCode":200,"latencyMs":48.903,"msg":"request completed"}
{"level":30,"time":1789777047905,"pid":19535,"hostname":"Glebs-MacBook-Pro.local","reqId":"dadcf224-4474-417f-a876-3593c84f86b9","event":"request_completed","requestId":"dadcf224-4474-417f-a876-3593c84f86b9","method":"PATCH","route":"/api/v1/admin/users/:userId","statusCode":200,"latencyMs":30.053,"msg":"request completed"}
{"level":30,"time":1789777047921,"pid":19535,"hostname":"Glebs-MacBook-Pro.local","reqId":"45158f11-f74d-4e3c-a825-ebbb5e5d5df4","event":"request_completed","requestId":"45158f11-f74d-4e3c-a825-ebbb5e5d5df4","method":"GET","route":"/api/v1/admin/users","statusCode":200,"latencyMs":14.368,"msg":"request completed"}
{"level":30,"time":1789777047968,"pid":19535,"hostname":"Glebs-MacBook-Pro.local","reqId":"a9f98a57-4195-48b6-8c80-37b838617ccc","event":"request_completed","requestId":"a9f98a57-4195-48b6-8c80-37b838617ccc","method":"GET","route":"/api/v1/admin/users","statusCode":200,"latencyMs":13.499,"msg":"request completed"}
{"level":30,"time":1789777047986,"pid":19535,"hostname":"Glebs-MacBook-Pro.local","reqId":"0478bc71-9980-48fc-af30-b89f85bba7d0","event":"request_completed","requestId":"0478bc71-9980-48fc-af30-b89f85bba7d0","method":"GET","route":"/api/v1/auth/me","statusCode":200,"latencyMs":14.214,"msg":"request completed"}
{"level":30,"time":1789777048067,"pid":19535,"hostname":"Glebs-MacBook-Pro.local","reqId":"b43dff85-cbcf-4a53-a9e1-f05c8f4c3d58","event":"request_completed","requestId":"b43dff85-cbcf-4a53-a9e1-f05c8f4c3d58","method":"PATCH","route":"/api/v1/admin/users/:userId","statusCode":200,"latencyMs":26.013,"msg":"request completed"}
{"level":30,"time":1789777048078,"pid":19535,"hostname":"Glebs-MacBook-Pro.local","reqId":"d8e726de-299c-4fbf-9e06-aa025d634602","event":"request_completed","requestId":"d8e726de-299c-4fbf-9e06-aa025d634602","method":"GET","route":"/api/v1/admin/users","statusCode":200,"latencyMs":9.07,"msg":"request completed"}
{"level":30,"time":1789777048130,"pid":19535,"hostname":"Glebs-MacBook-Pro.local","reqId":"11ff398b-6005-422a-9304-56fa91d5f5ca","event":"request_completed","requestId":"11ff398b-6005-422a-9304-56fa91d5f5ca","method":"GET","route":"/api/v1/auth/me","statusCode":401,"latencyMs":3.221,"msg":"request completed"}
{"level":30,"time":1789777048215,"pid":19535,"hostname":"Glebs-MacBook-Pro.local","reqId":"0af8c795-9e8d-45ea-bec4-592c5400e65a","event":"request_completed","requestId":"0af8c795-9e8d-45ea-bec4-592c5400e65a","method":"PATCH","route":"/api/v1/admin/users/:userId","statusCode":200,"latencyMs":24.221,"msg":"request completed"}
{"level":30,"time":1789777048230,"pid":19535,"hostname":"Glebs-MacBook-Pro.local","reqId":"48c49a82-d105-4ad3-a110-6e2507235856","event":"request_completed","requestId":"48c49a82-d105-4ad3-a110-6e2507235856","method":"GET","route":"/api/v1/admin/users","statusCode":200,"latencyMs":13.183,"msg":"request completed"}
{"level":30,"time":1789777048321,"pid":19535,"hostname":"Glebs-MacBook-Pro.local","reqId":"bdcf67b0-a82f-4098-8ba6-809a547c1923","event":"request_completed","requestId":"bdcf67b0-a82f-4098-8ba6-809a547c1923","method":"POST","route":"/api/v1/admin/users/:userId/block","statusCode":200,"latencyMs":29.781,"msg":"request completed"}
{"level":30,"time":1789777048336,"pid":19535,"hostname":"Glebs-MacBook-Pro.local","reqId":"3c4bcfdd-dc4d-4ad3-866c-63e1c921d877","event":"request_completed","requestId":"3c4bcfdd-dc4d-4ad3-866c-63e1c921d877","method":"GET","route":"/api/v1/admin/users","statusCode":200,"latencyMs":13.756,"msg":"request completed"}
{"level":30,"time":1789777048395,"pid":19535,"hostname":"Glebs-MacBook-Pro.local","reqId":"1ad683a5-daff-48b4-b608-5254d120ebde","event":"request_completed","requestId":"1ad683a5-daff-48b4-b608-5254d120ebde","method":"GET","route":"/api/v1/admin/users","statusCode":200,"latencyMs":17.22,"msg":"request completed"}
{"level":30,"time":1789777048467,"pid":19535,"hostname":"Glebs-MacBook-Pro.local","reqId":"09112b48-b60d-4ece-96d6-c85ca3c87178","event":"request_completed","requestId":"09112b48-b60d-4ece-96d6-c85ca3c87178","method":"POST","route":"/api/v1/admin/users/:userId/unblock","statusCode":200,"latencyMs":26.334,"msg":"request completed"}
{"level":30,"time":1789777048481,"pid":19535,"hostname":"Glebs-MacBook-Pro.local","reqId":"911b68a9-ab32-429e-80e0-ae7963455acc","event":"request_completed","requestId":"911b68a9-ab32-429e-80e0-ae7963455acc","method":"GET","route":"/api/v1/admin/users","statusCode":200,"latencyMs":11.35,"msg":"request completed"}
{"level":30,"time":1789777048540,"pid":19535,"hostname":"Glebs-MacBook-Pro.local","reqId":"80b6f93c-d2c7-47bb-96f5-7bbd62eb9550","event":"request_completed","requestId":"80b6f93c-d2c7-47bb-96f5-7bbd62eb9550","method":"GET","route":"/api/v1/admin/users","statusCode":200,"latencyMs":10.843,"msg":"request completed"}
{"level":30,"time":1789777048561,"pid":19535,"hostname":"Glebs-MacBook-Pro.local","reqId":"5ec09477-f747-4c15-b45f-c97ab13f98e9","event":"request_completed","requestId":"5ec09477-f747-4c15-b45f-c97ab13f98e9","method":"GET","route":"/api/v1/auth/me","statusCode":401,"latencyMs":3.024,"msg":"request completed"}
  ✓  23 [chromium-desktop] › tests/e2e/wave-e-admin.spec.ts:10:5 › Wave E ADM catalog, first login, profile, role and block lifecycle (2.5s)
{"level":30,"time":1789777048773,"pid":19535,"hostname":"Glebs-MacBook-Pro.local","reqId":"0ab6221c-c702-45ab-a611-51aaf441e2dd","event":"request_completed","requestId":"0ab6221c-c702-45ab-a611-51aaf441e2dd","method":"GET","route":"/health","statusCode":200,"latencyMs":0.132,"msg":"request completed"}
{"level":30,"time":1789777048802,"pid":19535,"hostname":"Glebs-MacBook-Pro.local","reqId":"f2cbb838-60b4-4887-928d-9598a26bf553","event":"request_completed","requestId":"f2cbb838-60b4-4887-928d-9598a26bf553","method":"POST","route":"/api/v1/auth/login","statusCode":200,"latencyMs":25.61,"msg":"request completed"}
{"level":30,"time":1789777048816,"pid":19535,"hostname":"Glebs-MacBook-Pro.local","reqId":"fe545665-09f1-428d-a878-4e34f0581b9a","event":"request_completed","requestId":"fe545665-09f1-428d-a878-4e34f0581b9a","method":"PATCH","route":"/api/v1/me/onboarding","statusCode":200,"latencyMs":11.068,"msg":"request completed"}
{"level":30,"time":1789777048857,"pid":19535,"hostname":"Glebs-MacBook-Pro.local","reqId":"599cf3d9-b674-470d-9814-6869fdf0595b","event":"request_completed","requestId":"599cf3d9-b674-470d-9814-6869fdf0595b","method":"POST","route":"/api/v1/admin/users","statusCode":200,"latencyMs":37.482,"msg":"request completed"}
{"level":30,"time":1789777048895,"pid":19535,"hostname":"Glebs-MacBook-Pro.local","reqId":"9bdf8b82-7e7f-4272-b429-f77b7c6ccc4e","event":"request_completed","requestId":"9bdf8b82-7e7f-4272-b429-f77b7c6ccc4e","method":"POST","route":"/api/v1/auth/login","statusCode":200,"latencyMs":34.151,"msg":"request completed"}
{"level":30,"time":1789777048934,"pid":19535,"hostname":"Glebs-MacBook-Pro.local","reqId":"bd937df1-6de5-48e7-a14e-2b0bab8458cc","event":"request_completed","requestId":"bd937df1-6de5-48e7-a14e-2b0bab8458cc","method":"POST","route":"/api/v1/auth/password/first-change","statusCode":200,"latencyMs":35.842,"msg":"request completed"}
{"level":30,"time":1789777048957,"pid":19535,"hostname":"Glebs-MacBook-Pro.local","reqId":"b0016a72-b10f-4fcf-b0c8-42ad2d4859fe","event":"request_completed","requestId":"b0016a72-b10f-4fcf-b0c8-42ad2d4859fe","method":"PATCH","route":"/api/v1/me/onboarding","statusCode":200,"latencyMs":19.544,"msg":"request completed"}
{"level":30,"time":1789777049001,"pid":19535,"hostname":"Glebs-MacBook-Pro.local","reqId":"e977465f-7c68-49ef-938e-790fe4c032a5","event":"request_completed","requestId":"e977465f-7c68-49ef-938e-790fe4c032a5","method":"POST","route":"/api/v1/admin/users","statusCode":200,"latencyMs":41.297,"msg":"request completed"}
{"level":30,"time":1789777049042,"pid":19535,"hostname":"Glebs-MacBook-Pro.local","reqId":"818124ba-001f-4110-ac1d-2e80e3ce9f98","event":"request_completed","requestId":"818124ba-001f-4110-ac1d-2e80e3ce9f98","method":"POST","route":"/api/v1/auth/login","statusCode":200,"latencyMs":36.561,"msg":"request completed"}
{"level":30,"time":1789777049091,"pid":19535,"hostname":"Glebs-MacBook-Pro.local","reqId":"db3ef11b-32d4-45b4-9c07-5637cc8cf0a1","event":"request_completed","requestId":"db3ef11b-32d4-45b4-9c07-5637cc8cf0a1","method":"POST","route":"/api/v1/auth/password/first-change","statusCode":200,"latencyMs":46.221,"msg":"request completed"}
{"level":30,"time":1789777049100,"pid":19535,"hostname":"Glebs-MacBook-Pro.local","reqId":"dad741b1-d203-47d7-adff-f836d38102a6","event":"request_completed","requestId":"dad741b1-d203-47d7-adff-f836d38102a6","method":"PATCH","route":"/api/v1/me/onboarding","statusCode":200,"latencyMs":4.942,"msg":"request completed"}
{"level":30,"time":1789777049135,"pid":19535,"hostname":"Glebs-MacBook-Pro.local","reqId":"b70d2832-2784-40ef-8d59-7f496307ff30","event":"request_completed","requestId":"b70d2832-2784-40ef-8d59-7f496307ff30","method":"POST","route":"/api/v1/admin/users","statusCode":200,"latencyMs":32.305,"msg":"request completed"}
{"level":30,"time":1789777049171,"pid":19535,"hostname":"Glebs-MacBook-Pro.local","reqId":"17dab761-1ba4-4e74-98e4-2c4760777fbb","event":"request_completed","requestId":"17dab761-1ba4-4e74-98e4-2c4760777fbb","method":"POST","route":"/api/v1/auth/login","statusCode":200,"latencyMs":31.787,"msg":"request completed"}
{"level":30,"time":1789777049215,"pid":19535,"hostname":"Glebs-MacBook-Pro.local","reqId":"91f144bc-095f-43a6-bd85-76f9cf834b83","event":"request_completed","requestId":"91f144bc-095f-43a6-bd85-76f9cf834b83","method":"POST","route":"/api/v1/auth/password/first-change","statusCode":200,"latencyMs":41.106,"msg":"request completed"}
{"level":30,"time":1789777049233,"pid":19535,"hostname":"Glebs-MacBook-Pro.local","reqId":"f1c69efb-d559-41d8-8f78-a79897b0def0","event":"request_completed","requestId":"f1c69efb-d559-41d8-8f78-a79897b0def0","method":"PATCH","route":"/api/v1/me/onboarding","statusCode":200,"latencyMs":14.463,"msg":"request completed"}
{"level":30,"time":1789777049498,"pid":19535,"hostname":"Glebs-MacBook-Pro.local","reqId":"86c3cf3a-6ce6-4d2d-a99a-2832bc9f0b90","event":"request_completed","requestId":"86c3cf3a-6ce6-4d2d-a99a-2832bc9f0b90","method":"GET","route":"/api/v1/auth/me","statusCode":401,"latencyMs":0.208,"msg":"request completed"}
{"level":30,"time":1789777049659,"pid":19535,"hostname":"Glebs-MacBook-Pro.local","reqId":"227f1b82-9f8f-4aab-9832-8de64ef6f02a","event":"request_completed","requestId":"227f1b82-9f8f-4aab-9832-8de64ef6f02a","method":"POST","route":"/api/v1/auth/login","statusCode":200,"latencyMs":26.611,"msg":"request completed"}
{"level":30,"time":1789777049682,"pid":19535,"hostname":"Glebs-MacBook-Pro.local","reqId":"bb5789d8-8fd3-44fa-80b8-7022584711aa","event":"request_completed","requestId":"bb5789d8-8fd3-44fa-80b8-7022584711aa","method":"GET","route":"/api/v1/auth/me","statusCode":200,"latencyMs":19.877,"msg":"request completed"}
{"level":30,"time":1789777049701,"pid":19535,"hostname":"Glebs-MacBook-Pro.local","reqId":"e6f1fe99-b199-4731-8e8f-bc22ecb76f8e","event":"request_completed","requestId":"e6f1fe99-b199-4731-8e8f-bc22ecb76f8e","method":"GET","route":"/api/v1/notifications","statusCode":200,"latencyMs":37.058,"msg":"request completed"}
{"level":30,"time":1789777049719,"pid":19535,"hostname":"Glebs-MacBook-Pro.local","reqId":"cca3c80b-1ded-495b-9f5b-5fc814338263","event":"request_completed","requestId":"cca3c80b-1ded-495b-9f5b-5fc814338263","method":"GET","route":"/api/v1/home","statusCode":200,"latencyMs":53.156,"msg":"request completed"}
{"level":30,"time":1789777049741,"pid":19535,"hostname":"Glebs-MacBook-Pro.local","reqId":"6487b1a2-d179-4470-82ef-50706f26daab","event":"request_completed","requestId":"6487b1a2-d179-4470-82ef-50706f26daab","method":"GET","route":"/api/v1/auth/me","statusCode":200,"latencyMs":4.795,"msg":"request completed"}
{"level":30,"time":1789777049766,"pid":19535,"hostname":"Glebs-MacBook-Pro.local","reqId":"09b26467-cd74-4621-b8bf-8b6939b26590","event":"request_completed","requestId":"09b26467-cd74-4621-b8bf-8b6939b26590","method":"GET","route":"/api/v1/matches/create-options","statusCode":200,"latencyMs":15.552,"msg":"request completed"}
{"level":30,"time":1789777049768,"pid":19535,"hostname":"Glebs-MacBook-Pro.local","reqId":"517a7177-a798-4830-8cbb-5a03cc448220","event":"request_completed","requestId":"517a7177-a798-4830-8cbb-5a03cc448220","method":"GET","route":"/api/v1/notifications","statusCode":200,"latencyMs":18.121,"msg":"request completed"}
{"level":30,"time":1789777079769,"pid":19535,"hostname":"Glebs-MacBook-Pro.local","reqId":"c0a6aab6-8010-4610-b893-3a2a683b9e8b","event":"request_completed","requestId":"c0a6aab6-8010-4610-b893-3a2a683b9e8b","method":"GET","route":"/api/v1/notifications","statusCode":200,"latencyMs":15.085,"msg":"request completed"}
{"level":30,"time":1789777109807,"pid":19535,"hostname":"Glebs-MacBook-Pro.local","reqId":"bb9288fe-aca7-4a3a-b50f-49561f18cadd","event":"request_completed","requestId":"bb9288fe-aca7-4a3a-b50f-49561f18cadd","method":"GET","route":"/api/v1/notifications","statusCode":200,"latencyMs":50.81,"msg":"request completed"}
  ✘  24 [chromium-desktop] › tests/e2e/wave-e-user.spec.ts:95:5 › GAP-012 operator creates A-vs-B, edits it and starts without player consent (1.5m)
(node:19975) Warning: The 'NO_COLOR' env is ignored due to the 'FORCE_COLOR' env being set.
(Use `node --trace-warnings ...` to show where the warning was created)
{"level":30,"time":1789777139854,"pid":19535,"hostname":"Glebs-MacBook-Pro.local","reqId":"ed03d776-20f8-4166-9c5d-1fe7405bd19e","event":"request_completed","requestId":"ed03d776-20f8-4166-9c5d-1fe7405bd19e","method":"GET","route":"/health","statusCode":200,"latencyMs":0.13,"msg":"request completed"}
{"level":30,"time":1789777139886,"pid":19535,"hostname":"Glebs-MacBook-Pro.local","reqId":"d82f46c7-315b-4ff1-a0d3-6f73220d4b7a","event":"request_completed","requestId":"d82f46c7-315b-4ff1-a0d3-6f73220d4b7a","method":"POST","route":"/api/v1/auth/login","statusCode":200,"latencyMs":23.621,"msg":"request completed"}
{"level":30,"time":1789777139897,"pid":19535,"hostname":"Glebs-MacBook-Pro.local","reqId":"28f61176-3bb8-4061-ba6a-8d482b86fc1f","event":"request_completed","requestId":"28f61176-3bb8-4061-ba6a-8d482b86fc1f","method":"PATCH","route":"/api/v1/me/onboarding","statusCode":200,"latencyMs":6.711,"msg":"request completed"}
{"level":30,"time":1789777139927,"pid":19535,"hostname":"Glebs-MacBook-Pro.local","reqId":"c4918712-6f41-47ed-802f-08bd2187fb3d","event":"request_completed","requestId":"c4918712-6f41-47ed-802f-08bd2187fb3d","method":"POST","route":"/api/v1/admin/users","statusCode":200,"latencyMs":25.974,"msg":"request completed"}
{"level":30,"time":1789777140200,"pid":19535,"hostname":"Glebs-MacBook-Pro.local","reqId":"c524e6eb-be6a-4222-b26a-895707387e16","event":"request_completed","requestId":"c524e6eb-be6a-4222-b26a-895707387e16","method":"GET","route":"/api/v1/auth/me","statusCode":401,"latencyMs":0.143,"msg":"request completed"}
{"level":30,"time":1789777140390,"pid":19535,"hostname":"Glebs-MacBook-Pro.local","reqId":"82335a6f-22c5-4a60-a423-146b888f510c","event":"request_completed","requestId":"82335a6f-22c5-4a60-a423-146b888f510c","method":"POST","route":"/api/v1/auth/login","statusCode":200,"latencyMs":27.869,"msg":"request completed"}
{"level":30,"time":1789777140503,"pid":19535,"hostname":"Glebs-MacBook-Pro.local","reqId":"1717b70e-668e-4dab-af3a-f45ff3bc38e3","event":"request_completed","requestId":"1717b70e-668e-4dab-af3a-f45ff3bc38e3","method":"POST","route":"/api/v1/auth/password/first-change","statusCode":200,"latencyMs":58.855,"msg":"request completed"}
{"level":30,"time":1789777140515,"pid":19535,"hostname":"Glebs-MacBook-Pro.local","reqId":"03bcd99f-74fc-4619-b33e-bce4198f3a86","event":"request_completed","requestId":"03bcd99f-74fc-4619-b33e-bce4198f3a86","method":"GET","route":"/api/v1/auth/me","statusCode":200,"latencyMs":10.328,"msg":"request completed"}
{"level":30,"time":1789777140574,"pid":19535,"hostname":"Glebs-MacBook-Pro.local","reqId":"1b2efb5d-be65-475a-bafa-b14c1428c9e4","event":"request_completed","requestId":"1b2efb5d-be65-475a-bafa-b14c1428c9e4","method":"PATCH","route":"/api/v1/me/onboarding","statusCode":200,"latencyMs":13.495,"msg":"request completed"}
{"level":30,"time":1789777140646,"pid":19535,"hostname":"Glebs-MacBook-Pro.local","reqId":"64519759-6fb1-45da-a16c-024333142e6f","event":"request_completed","requestId":"64519759-6fb1-45da-a16c-024333142e6f","method":"PATCH","route":"/api/v1/me/onboarding","statusCode":200,"latencyMs":19.352,"msg":"request completed"}
{"level":30,"time":1789777140694,"pid":19535,"hostname":"Glebs-MacBook-Pro.local","reqId":"c8e7a640-c394-4d5f-b714-b263409bbfd9","event":"request_completed","requestId":"c8e7a640-c394-4d5f-b714-b263409bbfd9","method":"PATCH","route":"/api/v1/me/onboarding","statusCode":200,"latencyMs":17.762,"msg":"request completed"}
{"level":30,"time":1789777140772,"pid":19535,"hostname":"Glebs-MacBook-Pro.local","reqId":"f613519b-a0f6-4d27-8807-aebc0676bc35","event":"request_completed","requestId":"f613519b-a0f6-4d27-8807-aebc0676bc35","method":"PATCH","route":"/api/v1/me/onboarding","statusCode":200,"latencyMs":29.102,"msg":"request completed"}
{"level":30,"time":1789777140862,"pid":19535,"hostname":"Glebs-MacBook-Pro.local","reqId":"65521414-65bf-4b80-b90b-8939e9fa7196","event":"request_completed","requestId":"65521414-65bf-4b80-b90b-8939e9fa7196","method":"GET","route":"/api/v1/auth/me","statusCode":200,"latencyMs":11.902,"msg":"request completed"}
{"level":30,"time":1789777140921,"pid":19535,"hostname":"Glebs-MacBook-Pro.local","reqId":"4f3e7d35-42c2-4ffe-8544-7e9b94bbfd2e","event":"request_completed","requestId":"4f3e7d35-42c2-4ffe-8544-7e9b94bbfd2e","method":"PATCH","route":"/api/v1/me/onboarding","statusCode":200,"latencyMs":15.746,"msg":"request completed"}
{"level":30,"time":1789777140987,"pid":19535,"hostname":"Glebs-MacBook-Pro.local","reqId":"cd5fa819-b561-409c-99c7-159dbb0007ae","event":"request_completed","requestId":"cd5fa819-b561-409c-99c7-159dbb0007ae","method":"PATCH","route":"/api/v1/me/onboarding","statusCode":200,"latencyMs":14.639,"msg":"request completed"}
{"level":30,"time":1789777141055,"pid":19535,"hostname":"Glebs-MacBook-Pro.local","reqId":"91f63655-0899-4cdf-8722-bc5534f13967","event":"request_completed","requestId":"91f63655-0899-4cdf-8722-bc5534f13967","method":"PATCH","route":"/api/v1/me/onboarding","statusCode":200,"latencyMs":15.56,"msg":"request completed"}
{"level":30,"time":1789777141106,"pid":19535,"hostname":"Glebs-MacBook-Pro.local","reqId":"d1d5f8bb-4998-44f9-a84d-71dbd5ae341a","event":"request_completed","requestId":"d1d5f8bb-4998-44f9-a84d-71dbd5ae341a","method":"POST","route":"/api/v1/matches/tutorial","statusCode":200,"latencyMs":48.015,"msg":"request completed"}
{"level":30,"time":1789777141129,"pid":19535,"hostname":"Glebs-MacBook-Pro.local","reqId":"8c3ab0d7-8eb2-40dd-b306-90b3220a2429","event":"request_completed","requestId":"8c3ab0d7-8eb2-40dd-b306-90b3220a2429","method":"GET","route":"/api/v1/matches/:matchId","statusCode":200,"latencyMs":18.876,"msg":"request completed"}
{"level":30,"time":1789777141158,"pid":19535,"hostname":"Glebs-MacBook-Pro.local","reqId":"9cea70f4-85d7-4e99-9ed8-49d9e5a65151","event":"request_completed","requestId":"9cea70f4-85d7-4e99-9ed8-49d9e5a65151","method":"POST","route":"/api/v1/matches/:matchId/judge/acquire","statusCode":200,"latencyMs":26.789,"msg":"request completed"}
{"level":30,"time":1789777141180,"pid":19535,"hostname":"Glebs-MacBook-Pro.local","reqId":"6eedda4e-27b7-4d9d-b2c7-d47d061b0148","event":"request_completed","requestId":"6eedda4e-27b7-4d9d-b2c7-d47d061b0148","method":"GET","route":"/api/v1/matches/:matchId","statusCode":200,"latencyMs":20.267,"msg":"request completed"}
{"level":30,"time":1789777141202,"pid":19535,"hostname":"Glebs-MacBook-Pro.local","reqId":"69e10880-3444-4e06-99b3-9facc9d04899","event":"request_completed","requestId":"69e10880-3444-4e06-99b3-9facc9d04899","method":"POST","route":"/api/v1/matches/:matchId/judge/heartbeat","statusCode":200,"latencyMs":12.21,"msg":"request completed"}
{"level":30,"time":1789777141217,"pid":19535,"hostname":"Glebs-MacBook-Pro.local","reqId":"8f31038f-3da1-4bd1-ac4a-e09d4acbabc1","event":"request_completed","requestId":"8f31038f-3da1-4bd1-ac4a-e09d4acbabc1","method":"GET","route":"/api/v1/matches/:matchId","statusCode":200,"latencyMs":12.462,"msg":"request completed"}
{"level":30,"time":1789777141230,"pid":19535,"hostname":"Glebs-MacBook-Pro.local","reqId":"9ca1e232-14bf-4493-928d-d020b3f3c8cf","event":"request_completed","requestId":"9ca1e232-14bf-4493-928d-d020b3f3c8cf","method":"POST","route":"/api/v1/matches/:matchId/judge/release","statusCode":200,"latencyMs":8.416,"msg":"request completed"}
{"level":30,"time":1789777141267,"pid":19535,"hostname":"Glebs-MacBook-Pro.local","reqId":"8b58aea1-6adc-464e-bf9f-845523dc372d","event":"request_completed","requestId":"8b58aea1-6adc-464e-bf9f-845523dc372d","method":"GET","route":"/api/v1/auth/me","statusCode":200,"latencyMs":9.27,"msg":"request completed"}
{"level":30,"time":1789777141303,"pid":19535,"hostname":"Glebs-MacBook-Pro.local","reqId":"818565fb-58f7-4e38-9200-70f595907f2a","event":"request_completed","requestId":"818565fb-58f7-4e38-9200-70f595907f2a","method":"PATCH","route":"/api/v1/me/onboarding","statusCode":200,"latencyMs":14.31,"msg":"request completed"}
{"level":30,"time":1789777141343,"pid":19535,"hostname":"Glebs-MacBook-Pro.local","reqId":"cb6c0799-b259-41ee-accc-9e7c87203da5","event":"request_completed","requestId":"cb6c0799-b259-41ee-accc-9e7c87203da5","method":"GET","route":"/api/v1/auth/me","statusCode":200,"latencyMs":16.615,"msg":"request completed"}
{"level":30,"time":1789777141353,"pid":19535,"hostname":"Glebs-MacBook-Pro.local","reqId":"105d88a5-1aab-4c86-b725-4dbbe5890376","event":"request_completed","requestId":"105d88a5-1aab-4c86-b725-4dbbe5890376","method":"GET","route":"/api/v1/notifications","statusCode":200,"latencyMs":44.915,"msg":"request completed"}
{"level":30,"time":1789777141357,"pid":19535,"hostname":"Glebs-MacBook-Pro.local","reqId":"eac89dc9-080c-4809-b995-5c5c32e22ee8","event":"request_completed","requestId":"eac89dc9-080c-4809-b995-5c5c32e22ee8","method":"GET","route":"/api/v1/auth/sessions","statusCode":200,"latencyMs":8.768,"msg":"request completed"}
{"level":30,"time":1789777141371,"pid":19535,"hostname":"Glebs-MacBook-Pro.local","reqId":"575f9d10-31a8-408d-a7d1-698333d551e0","event":"request_completed","requestId":"575f9d10-31a8-408d-a7d1-698333d551e0","method":"GET","route":"/api/v1/notifications","statusCode":200,"latencyMs":23.525,"msg":"request completed"}
{"level":30,"time":1789777141373,"pid":19535,"hostname":"Glebs-MacBook-Pro.local","reqId":"d492d714-d5d8-428d-a39c-0051364b5bc5","event":"request_completed","requestId":"d492d714-d5d8-428d-a39c-0051364b5bc5","method":"GET","route":"/api/v1/home","statusCode":200,"latencyMs":64.684,"msg":"request completed"}
{"level":30,"time":1789777141375,"pid":19535,"hostname":"Glebs-MacBook-Pro.local","reqId":"69e354a2-a94f-4bf9-9dbb-4850e2e3e73c","event":"request_completed","requestId":"69e354a2-a94f-4bf9-9dbb-4850e2e3e73c","method":"GET","route":"/api/v1/profile/me","statusCode":200,"latencyMs":26.88,"msg":"request completed"}
{"level":30,"time":1789777141386,"pid":19535,"hostname":"Glebs-MacBook-Pro.local","reqId":"76f812b9-b96f-4518-b0b1-beeed6fa54f1","event":"request_completed","requestId":"76f812b9-b96f-4518-b0b1-beeed6fa54f1","method":"GET","route":"/api/v1/home","statusCode":200,"latencyMs":36.692,"msg":"request completed"}
{"level":30,"time":1789777141435,"pid":19535,"hostname":"Glebs-MacBook-Pro.local","reqId":"efbfb864-daf9-4d68-ab25-e975317ff0f3","event":"request_completed","requestId":"efbfb864-daf9-4d68-ab25-e975317ff0f3","method":"PATCH","route":"/api/v1/me/onboarding","statusCode":200,"latencyMs":6.119,"msg":"request completed"}
{"level":30,"time":1789777141509,"pid":19535,"hostname":"Glebs-MacBook-Pro.local","reqId":"73482849-8492-45f1-89c6-106cc233427b","event":"request_completed","requestId":"73482849-8492-45f1-89c6-106cc233427b","method":"PATCH","route":"/api/v1/me/onboarding","statusCode":200,"latencyMs":16.044,"msg":"request completed"}
{"level":30,"time":1789777141542,"pid":19535,"hostname":"Glebs-MacBook-Pro.local","reqId":"0cf19735-7808-445d-be78-8c144a1d075b","event":"request_completed","requestId":"0cf19735-7808-445d-be78-8c144a1d075b","method":"GET","route":"/api/v1/auth/me","statusCode":200,"latencyMs":9.85,"msg":"request completed"}
{"level":30,"time":1789777141549,"pid":19535,"hostname":"Glebs-MacBook-Pro.local","reqId":"a9307248-29a9-42ac-aaa2-80e99cf859bf","event":"request_completed","requestId":"a9307248-29a9-42ac-aaa2-80e99cf859bf","method":"GET","route":"/api/v1/notifications","statusCode":200,"latencyMs":36.122,"msg":"request completed"}
{"level":30,"time":1789777141559,"pid":19535,"hostname":"Glebs-MacBook-Pro.local","reqId":"01c98773-0c5c-414f-a129-cc117b5e0097","event":"request_completed","requestId":"01c98773-0c5c-414f-a129-cc117b5e0097","method":"GET","route":"/api/v1/home","statusCode":200,"latencyMs":46.251,"msg":"request completed"}
{"level":30,"time":1789777141565,"pid":19535,"hostname":"Glebs-MacBook-Pro.local","reqId":"1b651f00-ad31-4649-9d2b-96af6fffa892","event":"request_completed","requestId":"1b651f00-ad31-4649-9d2b-96af6fffa892","method":"GET","route":"/api/v1/notifications","statusCode":200,"latencyMs":11.042,"msg":"request completed"}
{"level":30,"time":1789777141569,"pid":19535,"hostname":"Glebs-MacBook-Pro.local","reqId":"3171a7ab-486b-4663-947a-0e12cef805c7","event":"request_completed","requestId":"3171a7ab-486b-4663-947a-0e12cef805c7","method":"GET","route":"/api/v1/faq","statusCode":200,"latencyMs":14.014,"msg":"request completed"}
{"level":30,"time":1789777141652,"pid":19535,"hostname":"Glebs-MacBook-Pro.local","reqId":"8f008c90-2e50-47c4-b446-d14002d6784e","event":"request_completed","requestId":"8f008c90-2e50-47c4-b446-d14002d6784e","method":"POST","route":"/api/v1/feedback","statusCode":200,"latencyMs":20.09,"msg":"request completed"}
  ✓  25 [chromium-desktop] › tests/e2e/wave-e-user.spec.ts:182:5 › Wave E onboarding resume, tutorial return, restart and Help feedback (2.0s)
{"level":30,"time":1789777142259,"pid":19535,"hostname":"Glebs-MacBook-Pro.local","reqId":"87aca97f-e97e-42b8-9ff1-e840fc22ac02","event":"request_completed","requestId":"87aca97f-e97e-42b8-9ff1-e840fc22ac02","method":"GET","route":"/api/v1/auth/me","statusCode":401,"latencyMs":0.165,"msg":"request completed"}
{"level":30,"time":1789777142324,"pid":19535,"hostname":"Glebs-MacBook-Pro.local","reqId":"0190c2e5-3e3b-4492-9c89-bb186358d57a","event":"request_completed","requestId":"0190c2e5-3e3b-4492-9c89-bb186358d57a","method":"GET","route":"/api/v1/auth/me","statusCode":401,"latencyMs":0.118,"msg":"request completed"}
{"level":30,"time":1789777142714,"pid":19535,"hostname":"Glebs-MacBook-Pro.local","reqId":"416ee6e7-a355-45b5-b152-29103329de2f","event":"request_completed","requestId":"416ee6e7-a355-45b5-b152-29103329de2f","method":"GET","route":"/api/v1/auth/me","statusCode":401,"latencyMs":0.115,"msg":"request completed"}
{"level":30,"time":1789777143078,"pid":19535,"hostname":"Glebs-MacBook-Pro.local","reqId":"19d307ed-34e8-496c-8f4d-ae41fcfdaaf9","event":"request_completed","requestId":"19d307ed-34e8-496c-8f4d-ae41fcfdaaf9","method":"GET","route":"/api/v1/auth/me","statusCode":401,"latencyMs":0.14,"msg":"request completed"}
{"level":30,"time":1789777143531,"pid":19535,"hostname":"Glebs-MacBook-Pro.local","reqId":"69fbd8ad-35a0-495f-a92d-6ae6fb7b9987","event":"request_completed","requestId":"69fbd8ad-35a0-495f-a92d-6ae6fb7b9987","method":"GET","route":"/api/v1/auth/me","statusCode":401,"latencyMs":0.153,"msg":"request completed"}
{"level":30,"time":1789777143973,"pid":19535,"hostname":"Glebs-MacBook-Pro.local","reqId":"9a1b9bea-bcad-467c-a53c-d16866b78aa3","event":"request_completed","requestId":"9a1b9bea-bcad-467c-a53c-d16866b78aa3","method":"GET","route":"/api/v1/auth/me","statusCode":401,"latencyMs":0.116,"msg":"request completed"}
{"level":30,"time":1789777144315,"pid":19535,"hostname":"Glebs-MacBook-Pro.local","reqId":"41f8dc7a-7b28-4058-9928-48f4b8422287","event":"request_completed","requestId":"41f8dc7a-7b28-4058-9928-48f4b8422287","method":"GET","route":"/api/v1/auth/me","statusCode":401,"latencyMs":0.135,"msg":"request completed"}
{"level":30,"time":1789777144356,"pid":19535,"hostname":"Glebs-MacBook-Pro.local","reqId":"759efe63-0b18-4ea5-8365-a19d1e1dac95","event":"request_completed","requestId":"759efe63-0b18-4ea5-8365-a19d1e1dac95","method":"GET","route":"/health","statusCode":200,"latencyMs":0.118,"msg":"request completed"}
{"level":30,"time":1789777144387,"pid":19535,"hostname":"Glebs-MacBook-Pro.local","reqId":"80c66d6f-f5d6-4844-bb4f-1405b13599bb","event":"request_completed","requestId":"80c66d6f-f5d6-4844-bb4f-1405b13599bb","method":"POST","route":"/api/v1/auth/login","statusCode":200,"latencyMs":28.242,"msg":"request completed"}
{"level":30,"time":1789777144407,"pid":19535,"hostname":"Glebs-MacBook-Pro.local","reqId":"08b18be1-a71f-4681-a29d-ab4b12571fe0","event":"request_completed","requestId":"08b18be1-a71f-4681-a29d-ab4b12571fe0","method":"PATCH","route":"/api/v1/me/onboarding","statusCode":200,"latencyMs":15.402,"msg":"request completed"}
{"level":30,"time":1789777144454,"pid":19535,"hostname":"Glebs-MacBook-Pro.local","reqId":"66eee092-9488-4f3f-a959-4b6f93b63944","event":"request_completed","requestId":"66eee092-9488-4f3f-a959-4b6f93b63944","method":"POST","route":"/api/v1/admin/users","statusCode":200,"latencyMs":43.3,"msg":"request completed"}
{"level":30,"time":1789777144503,"pid":19535,"hostname":"Glebs-MacBook-Pro.local","reqId":"acf2e978-adec-465e-9e6f-0e43b1fad5c8","event":"request_completed","requestId":"acf2e978-adec-465e-9e6f-0e43b1fad5c8","method":"POST","route":"/api/v1/admin/users","statusCode":200,"latencyMs":45.671,"msg":"request completed"}
{"level":30,"time":1789777144546,"pid":19535,"hostname":"Glebs-MacBook-Pro.local","reqId":"74547177-43ec-4bdc-a9ba-065a30b02778","event":"request_completed","requestId":"74547177-43ec-4bdc-a9ba-065a30b02778","method":"POST","route":"/api/v1/admin/users","statusCode":200,"latencyMs":39.112,"msg":"request completed"}
{"level":30,"time":1789777144562,"pid":19535,"hostname":"Glebs-MacBook-Pro.local","reqId":"131176c6-432b-4c42-91a5-bf31c2f59c98","event":"request_completed","requestId":"131176c6-432b-4c42-91a5-bf31c2f59c98","method":"GET","route":"/api/v1/auth/me","statusCode":401,"latencyMs":0.119,"msg":"request completed"}
{"level":30,"time":1789777144682,"pid":19535,"hostname":"Glebs-MacBook-Pro.local","reqId":"3f3a75ec-3b8b-4ccb-a559-54a851e7a5c8","event":"request_completed","requestId":"3f3a75ec-3b8b-4ccb-a559-54a851e7a5c8","method":"POST","route":"/api/v1/auth/login","statusCode":200,"latencyMs":37.364,"msg":"request completed"}
{"level":30,"time":1789777144698,"pid":19535,"hostname":"Glebs-MacBook-Pro.local","reqId":"7ee8ee17-8195-438e-ac6a-a7ee6c970da6","event":"request_completed","requestId":"7ee8ee17-8195-438e-ac6a-a7ee6c970da6","method":"GET","route":"/api/v1/auth/me","statusCode":200,"latencyMs":13.754,"msg":"request completed"}
{"level":30,"time":1789777144710,"pid":19535,"hostname":"Glebs-MacBook-Pro.local","reqId":"e1e7018e-8bfc-4018-8731-83b24b4d4558","event":"request_completed","requestId":"e1e7018e-8bfc-4018-8731-83b24b4d4558","method":"GET","route":"/api/v1/notifications","statusCode":200,"latencyMs":24.309,"msg":"request completed"}
{"level":30,"time":1789777144732,"pid":19535,"hostname":"Glebs-MacBook-Pro.local","reqId":"1b076885-655f-4aaf-984f-4c845610a46c","event":"request_completed","requestId":"1b076885-655f-4aaf-984f-4c845610a46c","method":"GET","route":"/api/v1/home","statusCode":200,"latencyMs":44.622,"msg":"request completed"}
{"level":30,"time":1789777144743,"pid":19535,"hostname":"Glebs-MacBook-Pro.local","reqId":"0d0914a4-01cb-4c52-9549-beecb67cfea3","event":"request_completed","requestId":"0d0914a4-01cb-4c52-9549-beecb67cfea3","method":"GET","route":"/api/v1/auth/me","statusCode":200,"latencyMs":4.769,"msg":"request completed"}
{"level":30,"time":1789777144763,"pid":19535,"hostname":"Glebs-MacBook-Pro.local","reqId":"e1c40ee9-0b08-4275-9d77-7d9aa4c993bc","event":"request_completed","requestId":"e1c40ee9-0b08-4275-9d77-7d9aa4c993bc","method":"GET","route":"/api/v1/admin/users","statusCode":200,"latencyMs":10.933,"msg":"request completed"}
{"level":30,"time":1789777144769,"pid":19535,"hostname":"Glebs-MacBook-Pro.local","reqId":"66e81e9f-2f88-4bf3-b40d-3f260e4b80b4","event":"request_completed","requestId":"66e81e9f-2f88-4bf3-b40d-3f260e4b80b4","method":"GET","route":"/api/v1/notifications","statusCode":200,"latencyMs":17.483,"msg":"request completed"}
{"level":30,"time":1789777144908,"pid":19535,"hostname":"Glebs-MacBook-Pro.local","reqId":"154516b7-62d2-4dbe-bbe7-c0b9aa9190ab","event":"request_completed","requestId":"154516b7-62d2-4dbe-bbe7-c0b9aa9190ab","method":"POST","route":"/api/v1/auth/login","statusCode":200,"latencyMs":28.789,"msg":"request completed"}
{"level":30,"time":1789777144952,"pid":19535,"hostname":"Glebs-MacBook-Pro.local","reqId":"1ede5d0c-7fce-4075-beef-a87b848779dd","event":"request_completed","requestId":"1ede5d0c-7fce-4075-beef-a87b848779dd","method":"POST","route":"/api/v1/auth/password/first-change","statusCode":200,"latencyMs":40.271,"msg":"request completed"}
{"level":30,"time":1789777144971,"pid":19535,"hostname":"Glebs-MacBook-Pro.local","reqId":"dd75066a-692a-4c8e-8bcd-39c007116d9b","event":"request_completed","requestId":"dd75066a-692a-4c8e-8bcd-39c007116d9b","method":"PATCH","route":"/api/v1/me/onboarding","statusCode":200,"latencyMs":14.764,"msg":"request completed"}
{"level":30,"time":1789777145004,"pid":19535,"hostname":"Glebs-MacBook-Pro.local","reqId":"7bc8480d-68d8-4255-a74a-50d6302d20a2","event":"request_completed","requestId":"7bc8480d-68d8-4255-a74a-50d6302d20a2","method":"GET","route":"/api/v1/auth/me","statusCode":200,"latencyMs":9.802,"msg":"request completed"}
{"level":30,"time":1789777145026,"pid":19535,"hostname":"Glebs-MacBook-Pro.local","reqId":"08f3c77d-9165-4d3f-ac70-0db4423dd274","event":"request_completed","requestId":"08f3c77d-9165-4d3f-ac70-0db4423dd274","method":"GET","route":"/api/v1/rankings","statusCode":200,"latencyMs":19.03,"msg":"request completed"}
{"level":30,"time":1789777145038,"pid":19535,"hostname":"Glebs-MacBook-Pro.local","reqId":"0c223849-9070-43d4-aee0-669ab7484b16","event":"request_completed","requestId":"0c223849-9070-43d4-aee0-669ab7484b16","method":"GET","route":"/api/v1/notifications","statusCode":200,"latencyMs":30.985,"msg":"request completed"}
{"level":30,"time":1789777145594,"pid":19535,"hostname":"Glebs-MacBook-Pro.local","reqId":"fbe75bc0-864f-4585-88d9-0adb512ce884","event":"request_completed","requestId":"fbe75bc0-864f-4585-88d9-0adb512ce884","method":"GET","route":"/api/v1/auth/me","statusCode":200,"latencyMs":9.789,"msg":"request completed"}
{"level":30,"time":1789777145658,"pid":19535,"hostname":"Glebs-MacBook-Pro.local","reqId":"c9331b40-8ad9-46d6-b0df-e595f829eb63","event":"request_completed","requestId":"c9331b40-8ad9-46d6-b0df-e595f829eb63","method":"GET","route":"/api/v1/rankings","statusCode":200,"latencyMs":20.334,"msg":"request completed"}
{"level":30,"time":1789777145672,"pid":19535,"hostname":"Glebs-MacBook-Pro.local","reqId":"5fb208bc-cad1-449a-92b6-c6512a2640cd","event":"request_completed","requestId":"5fb208bc-cad1-449a-92b6-c6512a2640cd","method":"GET","route":"/api/v1/notifications","statusCode":200,"latencyMs":34.128,"msg":"request completed"}
  ✓  26 [chromium-desktop] › tests/e2e/wave-f-a11y.spec.ts:55:5 › Wave F auth geometry contrast and admin readable rows (4.4s)
{"level":30,"time":1789777146276,"pid":19535,"hostname":"Glebs-MacBook-Pro.local","reqId":"f5f4da49-8984-4bd6-95e6-4d2e5197a2bb","event":"request_completed","requestId":"f5f4da49-8984-4bd6-95e6-4d2e5197a2bb","method":"GET","route":"/health","statusCode":200,"latencyMs":0.144,"msg":"request completed"}
{"level":30,"time":1789777146310,"pid":19535,"hostname":"Glebs-MacBook-Pro.local","reqId":"6484dfef-7471-4b77-bd7f-201296a56339","event":"request_completed","requestId":"6484dfef-7471-4b77-bd7f-201296a56339","method":"POST","route":"/api/v1/auth/login","statusCode":200,"latencyMs":31.103,"msg":"request completed"}
{"level":30,"time":1789777146327,"pid":19535,"hostname":"Glebs-MacBook-Pro.local","reqId":"a9fe3c21-c4d2-48d6-b93d-12132be421d3","event":"request_completed","requestId":"a9fe3c21-c4d2-48d6-b93d-12132be421d3","method":"PATCH","route":"/api/v1/me/onboarding","statusCode":200,"latencyMs":11.685,"msg":"request completed"}
{"level":30,"time":1789777146354,"pid":19535,"hostname":"Glebs-MacBook-Pro.local","reqId":"fa7b1617-90d4-40c6-934c-7a41c35e965b","event":"request_completed","requestId":"fa7b1617-90d4-40c6-934c-7a41c35e965b","method":"POST","route":"/api/v1/tournaments","statusCode":200,"latencyMs":23.078,"msg":"request completed"}
{"level":30,"time":1789777146413,"pid":19535,"hostname":"Glebs-MacBook-Pro.local","reqId":"22cdd152-fbe1-4dc1-b8e3-9a6fb262466b","event":"request_completed","requestId":"22cdd152-fbe1-4dc1-b8e3-9a6fb262466b","method":"POST","route":"/api/v1/tournaments/:id/participants","statusCode":200,"latencyMs":55.311,"msg":"request completed"}
{"level":30,"time":1789777146447,"pid":19535,"hostname":"Glebs-MacBook-Pro.local","reqId":"ae78bc7f-1306-4b2a-9203-c5bb59f9b309","event":"request_completed","requestId":"ae78bc7f-1306-4b2a-9203-c5bb59f9b309","method":"POST","route":"/api/v1/tournaments/:id/participants","statusCode":200,"latencyMs":29.842,"msg":"request completed"}
{"level":30,"time":1789777146479,"pid":19535,"hostname":"Glebs-MacBook-Pro.local","reqId":"68a57104-120f-4998-b74a-f0549926415a","event":"request_completed","requestId":"68a57104-120f-4998-b74a-f0549926415a","method":"POST","route":"/api/v1/tournaments/:id/participants","statusCode":200,"latencyMs":27.018,"msg":"request completed"}
{"level":30,"time":1789777146516,"pid":19535,"hostname":"Glebs-MacBook-Pro.local","reqId":"c2dac2f8-51d4-411f-8de3-d74002c633d6","event":"request_completed","requestId":"c2dac2f8-51d4-411f-8de3-d74002c633d6","method":"POST","route":"/api/v1/tournaments/:id/participants","statusCode":200,"latencyMs":32.409,"msg":"request completed"}
{"level":30,"time":1789777146568,"pid":19535,"hostname":"Glebs-MacBook-Pro.local","reqId":"64353d70-8967-4f42-a37d-03b2f534490e","event":"request_completed","requestId":"64353d70-8967-4f42-a37d-03b2f534490e","method":"POST","route":"/api/v1/tournaments/:id/participants","statusCode":200,"latencyMs":48.69,"msg":"request completed"}
{"level":30,"time":1789777146610,"pid":19535,"hostname":"Glebs-MacBook-Pro.local","reqId":"48fe6bba-a92f-43a0-be00-ed12542b775d","event":"request_completed","requestId":"48fe6bba-a92f-43a0-be00-ed12542b775d","method":"POST","route":"/api/v1/tournaments/:id/participants","statusCode":200,"latencyMs":36.503,"msg":"request completed"}
{"level":30,"time":1789777146638,"pid":19535,"hostname":"Glebs-MacBook-Pro.local","reqId":"4198dc91-f24c-4d9a-a7b7-3f0f383658af","event":"request_completed","requestId":"4198dc91-f24c-4d9a-a7b7-3f0f383658af","method":"POST","route":"/api/v1/tournaments/:id/participants","statusCode":200,"latencyMs":23.88,"msg":"request completed"}
{"level":30,"time":1789777146665,"pid":19535,"hostname":"Glebs-MacBook-Pro.local","reqId":"b7af43bd-090c-475e-9ec5-9518b9444c2a","event":"request_completed","requestId":"b7af43bd-090c-475e-9ec5-9518b9444c2a","method":"POST","route":"/api/v1/tournaments/:id/participants","statusCode":200,"latencyMs":23.698,"msg":"request completed"}
{"level":30,"time":1789777146933,"pid":19535,"hostname":"Glebs-MacBook-Pro.local","reqId":"4bfe5311-d766-4117-8809-19ce0c1cee83","event":"request_completed","requestId":"4bfe5311-d766-4117-8809-19ce0c1cee83","method":"GET","route":"/api/v1/auth/me","statusCode":401,"latencyMs":0.138,"msg":"request completed"}
{"level":30,"time":1789777147114,"pid":19535,"hostname":"Glebs-MacBook-Pro.local","reqId":"13db3516-4fe7-4e35-8e59-96799ca05e16","event":"request_completed","requestId":"13db3516-4fe7-4e35-8e59-96799ca05e16","method":"POST","route":"/api/v1/auth/login","statusCode":200,"latencyMs":32.858,"msg":"request completed"}
{"level":30,"time":1789777147130,"pid":19535,"hostname":"Glebs-MacBook-Pro.local","reqId":"13fd5144-c004-49e1-aa94-48b7e7122b3c","event":"request_completed","requestId":"13fd5144-c004-49e1-aa94-48b7e7122b3c","method":"GET","route":"/api/v1/auth/me","statusCode":200,"latencyMs":13.643,"msg":"request completed"}
{"level":30,"time":1789777147151,"pid":19535,"hostname":"Glebs-MacBook-Pro.local","reqId":"672169e8-cd0c-4432-b494-99650de3b8ac","event":"request_completed","requestId":"672169e8-cd0c-4432-b494-99650de3b8ac","method":"GET","route":"/api/v1/notifications","statusCode":200,"latencyMs":33.223,"msg":"request completed"}
{"level":30,"time":1789777147173,"pid":19535,"hostname":"Glebs-MacBook-Pro.local","reqId":"90f7a6d5-7980-41d9-bfa5-8a44460bc5e5","event":"request_completed","requestId":"90f7a6d5-7980-41d9-bfa5-8a44460bc5e5","method":"GET","route":"/api/v1/home","statusCode":200,"latencyMs":53.07,"msg":"request completed"}
{"level":30,"time":1789777147192,"pid":19535,"hostname":"Glebs-MacBook-Pro.local","reqId":"30799d75-9b70-45e6-bb23-e163fc616ea3","event":"request_completed","requestId":"30799d75-9b70-45e6-bb23-e163fc616ea3","method":"GET","route":"/api/v1/auth/me","statusCode":200,"latencyMs":4.918,"msg":"request completed"}
{"level":30,"time":1789777147209,"pid":19535,"hostname":"Glebs-MacBook-Pro.local","reqId":"b1c5bc94-e7a0-4523-8f9f-adee359f1004","event":"request_completed","requestId":"b1c5bc94-e7a0-4523-8f9f-adee359f1004","method":"GET","route":"/api/v1/notifications","statusCode":200,"latencyMs":11.666,"msg":"request completed"}
{"level":30,"time":1789777147212,"pid":19535,"hostname":"Glebs-MacBook-Pro.local","reqId":"f3fc0906-b968-4a83-b466-48613eee0d2e","event":"request_completed","requestId":"f3fc0906-b968-4a83-b466-48613eee0d2e","method":"GET","route":"/api/v1/tournaments/:id","statusCode":200,"latencyMs":14.065,"msg":"request completed"}
{"level":30,"time":1789777147232,"pid":19535,"hostname":"Glebs-MacBook-Pro.local","reqId":"2f995d4c-24d4-4ff5-90e7-5c8251f11d55","event":"request_completed","requestId":"2f995d4c-24d4-4ff5-90e7-5c8251f11d55","method":"GET","route":"/api/v1/users/directory","statusCode":200,"latencyMs":15.672,"msg":"request completed"}
{"level":30,"time":1789777148012,"pid":19535,"hostname":"Glebs-MacBook-Pro.local","reqId":"11a6086c-7399-4dc9-bdb4-5b3ecd3f96b1","event":"request_completed","requestId":"11a6086c-7399-4dc9-bdb4-5b3ecd3f96b1","method":"POST","route":"/api/v1/tournaments/:id/bracket","statusCode":200,"latencyMs":42.769,"msg":"request completed"}
{"level":30,"time":1789777148042,"pid":19535,"hostname":"Glebs-MacBook-Pro.local","reqId":"b7460b4a-debe-42b9-b100-5b00786b85fc","event":"request_completed","requestId":"b7460b4a-debe-42b9-b100-5b00786b85fc","method":"GET","route":"/api/v1/auth/me","statusCode":200,"latencyMs":15.363,"msg":"request completed"}
{"level":30,"time":1789777148064,"pid":19535,"hostname":"Glebs-MacBook-Pro.local","reqId":"f2f4302e-56e2-44c7-831d-5815a178d425","event":"request_completed","requestId":"f2f4302e-56e2-44c7-831d-5815a178d425","method":"GET","route":"/api/v1/notifications","statusCode":200,"latencyMs":18.259,"msg":"request completed"}
{"level":30,"time":1789777148067,"pid":19535,"hostname":"Glebs-MacBook-Pro.local","reqId":"a64e5662-9811-46b5-9d0c-3a749148db1c","event":"request_completed","requestId":"a64e5662-9811-46b5-9d0c-3a749148db1c","method":"GET","route":"/api/v1/tournaments/:id","statusCode":200,"latencyMs":21.446,"msg":"request completed"}
{"level":30,"time":1789777148086,"pid":19535,"hostname":"Glebs-MacBook-Pro.local","reqId":"780620ec-11e1-409b-b146-757feeb80232","event":"request_completed","requestId":"780620ec-11e1-409b-b146-757feeb80232","method":"GET","route":"/api/v1/users/directory","statusCode":200,"latencyMs":8.948,"msg":"request completed"}
  ✓  27 [chromium-desktop] › tests/e2e/wave-f-a11y.spec.ts:113:5 › Wave F algorithm focus and bracket keyboard geometry (2.8s)
{"level":30,"time":1789777149118,"pid":19535,"hostname":"Glebs-MacBook-Pro.local","reqId":"ccf3f881-a995-44c5-8839-b64427c65590","event":"request_completed","requestId":"ccf3f881-a995-44c5-8839-b64427c65590","method":"GET","route":"/health","statusCode":200,"latencyMs":0.194,"msg":"request completed"}
{"level":30,"time":1789777149146,"pid":19535,"hostname":"Glebs-MacBook-Pro.local","reqId":"1f69535c-da51-412b-8343-2dc8984c7636","event":"request_completed","requestId":"1f69535c-da51-412b-8343-2dc8984c7636","method":"POST","route":"/api/v1/auth/login","statusCode":200,"latencyMs":25.164,"msg":"request completed"}
{"level":30,"time":1789777149162,"pid":19535,"hostname":"Glebs-MacBook-Pro.local","reqId":"2761af83-2443-4a33-aeba-1e2d9f473340","event":"request_completed","requestId":"2761af83-2443-4a33-aeba-1e2d9f473340","method":"PATCH","route":"/api/v1/me/onboarding","statusCode":200,"latencyMs":11.569,"msg":"request completed"}
{"level":30,"time":1789777149424,"pid":19535,"hostname":"Glebs-MacBook-Pro.local","reqId":"13f73eb8-96f7-4a6b-9d3d-cba071440f4f","event":"request_completed","requestId":"13f73eb8-96f7-4a6b-9d3d-cba071440f4f","method":"GET","route":"/api/v1/auth/me","statusCode":401,"latencyMs":0.115,"msg":"request completed"}
{"level":30,"time":1789777149587,"pid":19535,"hostname":"Glebs-MacBook-Pro.local","reqId":"bb3daff5-6616-4a77-be8a-d123e72ae78b","event":"request_completed","requestId":"bb3daff5-6616-4a77-be8a-d123e72ae78b","method":"POST","route":"/api/v1/auth/login","statusCode":200,"latencyMs":27.417,"msg":"request completed"}
{"level":30,"time":1789777149602,"pid":19535,"hostname":"Glebs-MacBook-Pro.local","reqId":"16e07b62-b236-48db-9d39-b735592800e1","event":"request_completed","requestId":"16e07b62-b236-48db-9d39-b735592800e1","method":"GET","route":"/api/v1/auth/me","statusCode":200,"latencyMs":12.096,"msg":"request completed"}
{"level":30,"time":1789777149627,"pid":19535,"hostname":"Glebs-MacBook-Pro.local","reqId":"20237518-e68e-4668-afce-f0da3e4fb2a7","event":"request_completed","requestId":"20237518-e68e-4668-afce-f0da3e4fb2a7","method":"GET","route":"/api/v1/notifications","statusCode":200,"latencyMs":35.408,"msg":"request completed"}
{"level":30,"time":1789777149646,"pid":19535,"hostname":"Glebs-MacBook-Pro.local","reqId":"2f3651bb-d474-442a-a938-8aaad495cd57","event":"request_completed","requestId":"2f3651bb-d474-442a-a938-8aaad495cd57","method":"GET","route":"/api/v1/home","statusCode":200,"latencyMs":51.522,"msg":"request completed"}
{"level":30,"time":1789777149668,"pid":19535,"hostname":"Glebs-MacBook-Pro.local","reqId":"aa3cfbdb-66c9-49ff-9025-f737526da532","event":"request_completed","requestId":"aa3cfbdb-66c9-49ff-9025-f737526da532","method":"GET","route":"/api/v1/auth/me","statusCode":200,"latencyMs":4.566,"msg":"request completed"}
{"level":30,"time":1789777149695,"pid":19535,"hostname":"Glebs-MacBook-Pro.local","reqId":"79b54082-0098-4b88-9fb5-76e462baa214","event":"request_completed","requestId":"79b54082-0098-4b88-9fb5-76e462baa214","method":"GET","route":"/api/v1/matches/create-options","statusCode":200,"latencyMs":16.616,"msg":"request completed"}
{"level":30,"time":1789777149695,"pid":19535,"hostname":"Glebs-MacBook-Pro.local","reqId":"7b3d7e5c-49de-4b6b-a6dc-e5a906331981","event":"request_completed","requestId":"7b3d7e5c-49de-4b6b-a6dc-e5a906331981","method":"GET","route":"/api/v1/notifications","statusCode":200,"latencyMs":17.52,"msg":"request completed"}
{"level":30,"time":1789777149838,"pid":19535,"hostname":"Glebs-MacBook-Pro.local","reqId":"24dfcd77-53cb-4645-9948-11d9400e46d2","event":"request_completed","requestId":"24dfcd77-53cb-4645-9948-11d9400e46d2","method":"POST","route":"/api/v1/matches","statusCode":200,"latencyMs":50.608,"msg":"request completed"}
{"level":30,"time":1789777149865,"pid":19535,"hostname":"Glebs-MacBook-Pro.local","reqId":"e53bcd44-4852-41e4-a2bc-35e9b4e2172d","event":"request_completed","requestId":"e53bcd44-4852-41e4-a2bc-35e9b4e2172d","method":"GET","route":"/api/v1/matches/:matchId","statusCode":200,"latencyMs":23.081,"msg":"request completed"}
{"level":30,"time":1789777149933,"pid":19535,"hostname":"Glebs-MacBook-Pro.local","reqId":"3872b19a-4893-4396-9b7d-721a8a0912a4","event":"request_completed","requestId":"3872b19a-4893-4396-9b7d-721a8a0912a4","method":"GET","route":"/api/v1/matches/:matchId","statusCode":200,"latencyMs":29.145,"msg":"request completed"}
{"level":30,"time":1789777149980,"pid":19535,"hostname":"Glebs-MacBook-Pro.local","reqId":"09e37ca8-3863-4c7f-ba87-f9159f466f19","event":"request_completed","requestId":"09e37ca8-3863-4c7f-ba87-f9159f466f19","method":"POST","route":"/api/v1/matches/:matchId/judge/acquire","statusCode":200,"latencyMs":45.583,"msg":"request completed"}
{"level":30,"time":1789777149995,"pid":19535,"hostname":"Glebs-MacBook-Pro.local","reqId":"3725d0f7-c443-42d7-a635-8e8c488c99a2","event":"request_completed","requestId":"3725d0f7-c443-42d7-a635-8e8c488c99a2","method":"GET","route":"/api/v1/matches/:matchId","statusCode":200,"latencyMs":12.81,"msg":"request completed"}
{"level":30,"time":1789777150006,"pid":19535,"hostname":"Glebs-MacBook-Pro.local","reqId":"3e6b914c-87cb-42e2-9322-6032a5d3e86f","event":"request_completed","requestId":"3e6b914c-87cb-42e2-9322-6032a5d3e86f","method":"POST","route":"/api/v1/matches/:matchId/judge/heartbeat","statusCode":200,"latencyMs":7.375,"msg":"request completed"}
{"level":30,"time":1789777150025,"pid":19535,"hostname":"Glebs-MacBook-Pro.local","reqId":"53af25c5-39fd-484a-b977-ce924999ef74","event":"request_completed","requestId":"53af25c5-39fd-484a-b977-ce924999ef74","method":"GET","route":"/api/v1/matches/:matchId","statusCode":200,"latencyMs":17.338,"msg":"request completed"}
{"level":30,"time":1789777150172,"pid":19535,"hostname":"Glebs-MacBook-Pro.local","reqId":"93680025-7a6d-47a5-bcd0-0d8b26cb7ecb","event":"request_completed","requestId":"93680025-7a6d-47a5-bcd0-0d8b26cb7ecb","method":"POST","route":"/api/v1/matches/:matchId/start","statusCode":200,"latencyMs":35.528,"msg":"request completed"}
{"level":30,"time":1789777150197,"pid":19535,"hostname":"Glebs-MacBook-Pro.local","reqId":"926b7f3f-a103-47b1-b087-92bee1d1398a","event":"request_completed","requestId":"926b7f3f-a103-47b1-b087-92bee1d1398a","method":"POST","route":"/api/v1/matches/:matchId/judge/setup","statusCode":200,"latencyMs":22.342,"msg":"request completed"}
{"level":30,"time":1789777150208,"pid":19535,"hostname":"Glebs-MacBook-Pro.local","reqId":"3c2c666d-7ae5-4bfc-a55a-56379037f566","event":"request_completed","requestId":"3c2c666d-7ae5-4bfc-a55a-56379037f566","method":"POST","route":"/api/v1/matches/:matchId/judge/heartbeat","statusCode":200,"latencyMs":7.217,"msg":"request completed"}
{"level":30,"time":1789777150223,"pid":19535,"hostname":"Glebs-MacBook-Pro.local","reqId":"f45412b3-a571-4f11-a8ab-95d9f13c276a","event":"request_completed","requestId":"f45412b3-a571-4f11-a8ab-95d9f13c276a","method":"GET","route":"/api/v1/matches/:matchId","statusCode":200,"latencyMs":12.793,"msg":"request completed"}
{"level":30,"time":1789777150529,"pid":19535,"hostname":"Glebs-MacBook-Pro.local","reqId":"f85123ae-58da-4eec-aaa5-da9b8d1fc25e","event":"request_completed","requestId":"f85123ae-58da-4eec-aaa5-da9b8d1fc25e","method":"GET","route":"/api/v1/users/directory","statusCode":200,"latencyMs":9.819,"msg":"request completed"}
{"level":30,"time":1789777150992,"pid":19535,"hostname":"Glebs-MacBook-Pro.local","reqId":"d5ec7eff-9f8b-4636-be8c-9398b8869b12","event":"request_completed","requestId":"d5ec7eff-9f8b-4636-be8c-9398b8869b12","method":"POST","route":"/api/v1/matches/:matchId/points","statusCode":200,"latencyMs":55.097,"msg":"request completed"}
{"level":30,"time":1789777151047,"pid":19535,"hostname":"Glebs-MacBook-Pro.local","reqId":"d8c0b35d-6607-4d12-a5eb-35ffaa86ecc7","event":"request_completed","requestId":"d8c0b35d-6607-4d12-a5eb-35ffaa86ecc7","method":"GET","route":"/api/v1/matches/:matchId","statusCode":200,"latencyMs":27.201,"msg":"request completed"}
{"level":30,"time":1789777151156,"pid":19535,"hostname":"Glebs-MacBook-Pro.local","reqId":"bd201d5a-4a3d-4698-831b-f3530a112078","event":"request_completed","requestId":"bd201d5a-4a3d-4698-831b-f3530a112078","method":"GET","route":"/api/v1/matches/:matchId","statusCode":200,"latencyMs":30.162,"msg":"request completed"}
{"level":30,"time":1789777151194,"pid":19535,"hostname":"Glebs-MacBook-Pro.local","reqId":"c1b5bbdb-4fe0-4d74-b3ea-4cebcb2d79aa","event":"request_completed","requestId":"c1b5bbdb-4fe0-4d74-b3ea-4cebcb2d79aa","method":"POST","route":"/api/v1/matches/:matchId/cancel","statusCode":200,"latencyMs":34.289,"msg":"request completed"}
{"level":30,"time":1789777151212,"pid":19535,"hostname":"Glebs-MacBook-Pro.local","reqId":"7bc4916a-f98d-4881-9528-871c5a40800d","event":"request_completed","requestId":"7bc4916a-f98d-4881-9528-871c5a40800d","method":"GET","route":"/api/v1/matches/:matchId","statusCode":200,"latencyMs":15.377,"msg":"request completed"}
  ✓  28 [chromium-desktop] › tests/e2e/wave-f-a11y.spec.ts:149:5 › Wave F judge disclosure score and landscape (2.2s)
{"level":30,"time":1789777151320,"pid":19535,"hostname":"Glebs-MacBook-Pro.local","reqId":"35c31376-ad91-4a88-bd40-a6f8f3f1c17f","event":"request_completed","requestId":"35c31376-ad91-4a88-bd40-a6f8f3f1c17f","method":"GET","route":"/health","statusCode":200,"latencyMs":0.136,"msg":"request completed"}
{"level":30,"time":1789777151348,"pid":19535,"hostname":"Glebs-MacBook-Pro.local","reqId":"3fac6747-9854-4438-9f50-1d37bd961e32","event":"request_completed","requestId":"3fac6747-9854-4438-9f50-1d37bd961e32","method":"POST","route":"/api/v1/auth/login","statusCode":200,"latencyMs":25.062,"msg":"request completed"}
{"level":30,"time":1789777151362,"pid":19535,"hostname":"Glebs-MacBook-Pro.local","reqId":"f66fda44-81ef-4f28-a20c-70b82cfea707","event":"request_completed","requestId":"f66fda44-81ef-4f28-a20c-70b82cfea707","method":"PATCH","route":"/api/v1/me/onboarding","statusCode":200,"latencyMs":11.164,"msg":"request completed"}
{"level":30,"time":1789777151381,"pid":19535,"hostname":"Glebs-MacBook-Pro.local","reqId":"fbd39e34-1715-4bad-9cbf-77a6ec571a9c","event":"request_completed","requestId":"fbd39e34-1715-4bad-9cbf-77a6ec571a9c","method":"PATCH","route":"/api/v1/me/onboarding","statusCode":200,"latencyMs":15.702,"msg":"request completed"}
{"level":30,"time":1789777151733,"pid":19535,"hostname":"Glebs-MacBook-Pro.local","reqId":"c0c72c83-2ce3-4df6-bbc0-923dac9e06c6","event":"request_completed","requestId":"c0c72c83-2ce3-4df6-bbc0-923dac9e06c6","method":"GET","route":"/api/v1/auth/me","statusCode":401,"latencyMs":0.115,"msg":"request completed"}
{"level":30,"time":1789777151908,"pid":19535,"hostname":"Glebs-MacBook-Pro.local","reqId":"9bbb8338-0a2c-4699-95d5-b4f37da45e64","event":"request_completed","requestId":"9bbb8338-0a2c-4699-95d5-b4f37da45e64","method":"POST","route":"/api/v1/auth/login","statusCode":200,"latencyMs":28.035,"msg":"request completed"}
{"level":30,"time":1789777151924,"pid":19535,"hostname":"Glebs-MacBook-Pro.local","reqId":"9f6118c2-a942-447d-bd2e-1cab09048c2c","event":"request_completed","requestId":"9f6118c2-a942-447d-bd2e-1cab09048c2c","method":"GET","route":"/api/v1/auth/me","statusCode":200,"latencyMs":12.155,"msg":"request completed"}
{"level":30,"time":1789777152006,"pid":19535,"hostname":"Glebs-MacBook-Pro.local","reqId":"f4a4a5ba-8c1f-4722-98c5-a01253bab738","event":"request_completed","requestId":"f4a4a5ba-8c1f-4722-98c5-a01253bab738","method":"PATCH","route":"/api/v1/me/onboarding","statusCode":200,"latencyMs":11.833,"msg":"request completed"}
{"level":30,"time":1789777152049,"pid":19535,"hostname":"Glebs-MacBook-Pro.local","reqId":"ad1ea243-28c3-4b3e-b1fd-7f4530667b1c","event":"request_completed","requestId":"ad1ea243-28c3-4b3e-b1fd-7f4530667b1c","method":"PATCH","route":"/api/v1/me/onboarding","statusCode":200,"latencyMs":8.719,"msg":"request completed"}
{"level":30,"time":1789777152081,"pid":19535,"hostname":"Glebs-MacBook-Pro.local","reqId":"ec5878f6-8f9e-43f8-84b7-746fd14118d6","event":"request_completed","requestId":"ec5878f6-8f9e-43f8-84b7-746fd14118d6","method":"GET","route":"/api/v1/auth/me","statusCode":200,"latencyMs":9.359,"msg":"request completed"}
{"level":30,"time":1789777152121,"pid":19535,"hostname":"Glebs-MacBook-Pro.local","reqId":"05b4f204-bea0-4764-b92f-bb8822414c94","event":"request_completed","requestId":"05b4f204-bea0-4764-b92f-bb8822414c94","method":"GET","route":"/api/v1/notifications","statusCode":200,"latencyMs":31.95,"msg":"request completed"}
{"level":30,"time":1789777152122,"pid":19535,"hostname":"Glebs-MacBook-Pro.local","reqId":"91888127-0266-4ed0-83e3-9488191af844","event":"request_completed","requestId":"91888127-0266-4ed0-83e3-9488191af844","method":"GET","route":"/api/v1/auth/me","statusCode":200,"latencyMs":4.946,"msg":"request completed"}
{"level":30,"time":1789777152141,"pid":19535,"hostname":"Glebs-MacBook-Pro.local","reqId":"36c4a968-a246-4280-b5a5-4b412cba06d5","event":"request_completed","requestId":"36c4a968-a246-4280-b5a5-4b412cba06d5","method":"GET","route":"/api/v1/notifications","statusCode":200,"latencyMs":15.729,"msg":"request completed"}
{"level":30,"time":1789777152150,"pid":19535,"hostname":"Glebs-MacBook-Pro.local","reqId":"23032767-7d29-4982-838f-af810c894064","event":"request_completed","requestId":"23032767-7d29-4982-838f-af810c894064","method":"GET","route":"/api/v1/home","statusCode":200,"latencyMs":61.24,"msg":"request completed"}
{"level":30,"time":1789777152211,"pid":19535,"hostname":"Glebs-MacBook-Pro.local","reqId":"6bd759ed-4c90-407e-af62-ff08d2639965","event":"request_completed","requestId":"6bd759ed-4c90-407e-af62-ff08d2639965","method":"POST","route":"/api/v1/notifications/read-visible","statusCode":200,"latencyMs":6.171,"msg":"request completed"}
{"level":30,"time":1789777152891,"pid":19535,"hostname":"Glebs-MacBook-Pro.local","reqId":"b709dd15-43a0-4630-8f21-ed7529ae3415","event":"request_completed","requestId":"b709dd15-43a0-4630-8f21-ed7529ae3415","method":"GET","route":"/api/v1/auth/me","statusCode":200,"latencyMs":11.103,"msg":"request completed"}
  ✓  29 [chromium-desktop] › tests/e2e/wave-f-a11y.spec.ts:165:5 › Wave F onboarding heading and recovery states keep keyboard context (1.7s)
{"level":30,"time":1789777153046,"pid":19535,"hostname":"Glebs-MacBook-Pro.local","reqId":"7cf02a0f-4832-43d5-b41b-73bf7a391ba2","event":"request_completed","requestId":"7cf02a0f-4832-43d5-b41b-73bf7a391ba2","method":"GET","route":"/health","statusCode":200,"latencyMs":0.131,"msg":"request completed"}
{"level":30,"time":1789777153074,"pid":19535,"hostname":"Glebs-MacBook-Pro.local","reqId":"8caa9052-ad53-4bc0-b0c1-4d9246823575","event":"request_completed","requestId":"8caa9052-ad53-4bc0-b0c1-4d9246823575","method":"POST","route":"/api/v1/auth/login","statusCode":200,"latencyMs":25.31,"msg":"request completed"}
{"level":30,"time":1789777153088,"pid":19535,"hostname":"Glebs-MacBook-Pro.local","reqId":"4ac8d8e3-004c-44a9-bff6-d0b3df5a67a2","event":"request_completed","requestId":"4ac8d8e3-004c-44a9-bff6-d0b3df5a67a2","method":"PATCH","route":"/api/v1/me/onboarding","statusCode":200,"latencyMs":10.717,"msg":"request completed"}
{"level":30,"time":1789777153116,"pid":19535,"hostname":"Glebs-MacBook-Pro.local","reqId":"7af12753-7be7-413e-bf50-f5427e96a65f","event":"request_completed","requestId":"7af12753-7be7-413e-bf50-f5427e96a65f","method":"POST","route":"/api/v1/tournaments","statusCode":200,"latencyMs":23.955,"msg":"request completed"}
{"level":30,"time":1789777153158,"pid":19535,"hostname":"Glebs-MacBook-Pro.local","reqId":"3ee226b6-c7c3-42f3-acff-23fb089a8564","event":"request_completed","requestId":"3ee226b6-c7c3-42f3-acff-23fb089a8564","method":"POST","route":"/api/v1/tournaments/:id/participants","statusCode":200,"latencyMs":38.691,"msg":"request completed"}
{"level":30,"time":1789777153189,"pid":19535,"hostname":"Glebs-MacBook-Pro.local","reqId":"8afe0852-fe55-4bb4-9bd1-41a51ea905c9","event":"request_completed","requestId":"8afe0852-fe55-4bb4-9bd1-41a51ea905c9","method":"POST","route":"/api/v1/tournaments/:id/participants","statusCode":200,"latencyMs":28.129,"msg":"request completed"}
{"level":30,"time":1789777153217,"pid":19535,"hostname":"Glebs-MacBook-Pro.local","reqId":"7d898290-42d0-476d-a66a-7be8a41b2f0d","event":"request_completed","requestId":"7d898290-42d0-476d-a66a-7be8a41b2f0d","method":"POST","route":"/api/v1/tournaments/:id/participants","statusCode":200,"latencyMs":24.169,"msg":"request completed"}
{"level":30,"time":1789777153482,"pid":19535,"hostname":"Glebs-MacBook-Pro.local","reqId":"e945ac31-7f5b-4356-affd-18a5c924abb5","event":"request_completed","requestId":"e945ac31-7f5b-4356-affd-18a5c924abb5","method":"GET","route":"/api/v1/auth/me","statusCode":401,"latencyMs":0.12,"msg":"request completed"}
{"level":30,"time":1789777153662,"pid":19535,"hostname":"Glebs-MacBook-Pro.local","reqId":"f2e7651e-f7da-425a-a947-9c840236c5b7","event":"request_completed","requestId":"f2e7651e-f7da-425a-a947-9c840236c5b7","method":"POST","route":"/api/v1/auth/login","statusCode":200,"latencyMs":28.505,"msg":"request completed"}
{"level":30,"time":1789777153676,"pid":19535,"hostname":"Glebs-MacBook-Pro.local","reqId":"9cc85808-c5f8-45d0-8218-318024e6f7a7","event":"request_completed","requestId":"9cc85808-c5f8-45d0-8218-318024e6f7a7","method":"GET","route":"/api/v1/auth/me","statusCode":200,"latencyMs":10.794,"msg":"request completed"}
{"level":30,"time":1789777153701,"pid":19535,"hostname":"Glebs-MacBook-Pro.local","reqId":"35532a0f-5c9e-4d7b-9fb3-24480fb7a306","event":"request_completed","requestId":"35532a0f-5c9e-4d7b-9fb3-24480fb7a306","method":"GET","route":"/api/v1/notifications","statusCode":200,"latencyMs":34.317,"msg":"request completed"}
{"level":30,"time":1789777153731,"pid":19535,"hostname":"Glebs-MacBook-Pro.local","reqId":"519aade2-546f-4ff6-9723-602dc09793a5","event":"request_completed","requestId":"519aade2-546f-4ff6-9723-602dc09793a5","method":"GET","route":"/api/v1/home","statusCode":200,"latencyMs":62.882,"msg":"request completed"}
{"level":30,"time":1789777153744,"pid":19535,"hostname":"Glebs-MacBook-Pro.local","reqId":"6de659d1-e158-4b33-9c8e-23389312cf8f","event":"request_completed","requestId":"6de659d1-e158-4b33-9c8e-23389312cf8f","method":"GET","route":"/api/v1/auth/me","statusCode":200,"latencyMs":4.795,"msg":"request completed"}
{"level":30,"time":1789777153761,"pid":19535,"hostname":"Glebs-MacBook-Pro.local","reqId":"71066db6-fb65-4717-9696-936a7e12ea80","event":"request_completed","requestId":"71066db6-fb65-4717-9696-936a7e12ea80","method":"GET","route":"/api/v1/notifications","statusCode":200,"latencyMs":10.755,"msg":"request completed"}
{"level":30,"time":1789777153764,"pid":19535,"hostname":"Glebs-MacBook-Pro.local","reqId":"8b940358-a828-45c6-a410-a31123566d8f","event":"request_completed","requestId":"8b940358-a828-45c6-a410-a31123566d8f","method":"GET","route":"/api/v1/tournaments/:id","statusCode":200,"latencyMs":12.8,"msg":"request completed"}
{"level":30,"time":1789777153772,"pid":19535,"hostname":"Glebs-MacBook-Pro.local","reqId":"df70bb5f-9732-4906-bdf5-dfa8c60c539e","event":"request_completed","requestId":"df70bb5f-9732-4906-bdf5-dfa8c60c539e","method":"GET","route":"/api/v1/users/directory","statusCode":200,"latencyMs":4.929,"msg":"request completed"}
  ✘  30 [chromium-desktop] › tests/e2e/wave-f-a11y.spec.ts:187:5 › Wave F dialog review recovers hidden removed and busy focus (11.4s)
(node:20022) Warning: The 'NO_COLOR' env is ignored due to the 'FORCE_COLOR' env being set.
(Use `node --trace-warnings ...` to show where the warning was created)
{"level":30,"time":1789777164994,"pid":19535,"hostname":"Glebs-MacBook-Pro.local","reqId":"dc6a8dab-8348-4235-9e77-fa2ac0101b8f","event":"request_completed","requestId":"dc6a8dab-8348-4235-9e77-fa2ac0101b8f","method":"GET","route":"/health","statusCode":200,"latencyMs":0.133,"msg":"request completed"}
{"level":30,"time":1789777165045,"pid":19535,"hostname":"Glebs-MacBook-Pro.local","reqId":"3381237c-6918-458e-a4b1-8f2acb34281a","event":"request_completed","requestId":"3381237c-6918-458e-a4b1-8f2acb34281a","method":"POST","route":"/api/v1/auth/login","statusCode":200,"latencyMs":44.032,"msg":"request completed"}
{"level":30,"time":1789777165066,"pid":19535,"hostname":"Glebs-MacBook-Pro.local","reqId":"d69a3af2-439a-406d-9cba-aeb8d02b0c48","event":"request_completed","requestId":"d69a3af2-439a-406d-9cba-aeb8d02b0c48","method":"PATCH","route":"/api/v1/me/onboarding","statusCode":200,"latencyMs":16.484,"msg":"request completed"}
{"level":30,"time":1789777165082,"pid":19535,"hostname":"Glebs-MacBook-Pro.local","reqId":"2568a6aa-6e9a-434f-a747-3d49cf469c74","event":"request_completed","requestId":"2568a6aa-6e9a-434f-a747-3d49cf469c74","method":"POST","route":"/api/v1/auth/logout","statusCode":200,"latencyMs":11.722,"msg":"request completed"}
{"level":30,"time":1789777165362,"pid":19535,"hostname":"Glebs-MacBook-Pro.local","reqId":"e91fa4b2-c1f0-4813-8861-99bb224f8134","event":"request_completed","requestId":"e91fa4b2-c1f0-4813-8861-99bb224f8134","method":"GET","route":"/api/v1/auth/me","statusCode":401,"latencyMs":0.2,"msg":"request completed"}
{"level":30,"time":1789777165909,"pid":19535,"hostname":"Glebs-MacBook-Pro.local","reqId":"d54b5486-b78d-49bb-baeb-f5ec60c93e2d","event":"request_completed","requestId":"d54b5486-b78d-49bb-baeb-f5ec60c93e2d","method":"POST","route":"/api/v1/auth/login","statusCode":200,"latencyMs":49.393,"msg":"request completed"}
{"level":30,"time":1789777165919,"pid":19535,"hostname":"Glebs-MacBook-Pro.local","reqId":"36479836-8f24-4f26-ac6c-9809e1bd71d5","event":"request_completed","requestId":"36479836-8f24-4f26-ac6c-9809e1bd71d5","method":"GET","route":"/api/v1/auth/me","statusCode":200,"latencyMs":8.486,"msg":"request completed"}
{"level":30,"time":1789777165931,"pid":19535,"hostname":"Glebs-MacBook-Pro.local","reqId":"216847a0-9894-4f16-9f43-5caa75d85755","event":"request_completed","requestId":"216847a0-9894-4f16-9f43-5caa75d85755","method":"GET","route":"/api/v1/notifications","statusCode":200,"latencyMs":18.854,"msg":"request completed"}
{"level":30,"time":1789777165958,"pid":19535,"hostname":"Glebs-MacBook-Pro.local","reqId":"bc745b57-d452-48d6-b493-9f819346b0d9","event":"request_completed","requestId":"bc745b57-d452-48d6-b493-9f819346b0d9","method":"GET","route":"/api/v1/home","statusCode":200,"latencyMs":43.33,"msg":"request completed"}
{"level":30,"time":1789777166303,"pid":19535,"hostname":"Glebs-MacBook-Pro.local","reqId":"704de089-7e64-4198-9620-cb1c5f7392a9","event":"request_completed","requestId":"704de089-7e64-4198-9620-cb1c5f7392a9","method":"GET","route":"/api/v1/auth/me","statusCode":200,"latencyMs":8.402,"msg":"request completed"}
{"level":30,"time":1789777166341,"pid":19535,"hostname":"Glebs-MacBook-Pro.local","reqId":"0d05e8ad-d636-46ce-800c-e14c5b0be2a8","event":"request_completed","requestId":"0d05e8ad-d636-46ce-800c-e14c5b0be2a8","method":"GET","route":"/api/v1/matches/create-options","statusCode":200,"latencyMs":28,"msg":"request completed"}
{"level":30,"time":1789777166345,"pid":19535,"hostname":"Glebs-MacBook-Pro.local","reqId":"467697c7-0324-4fc9-b968-e7f429e9b512","event":"request_completed","requestId":"467697c7-0324-4fc9-b968-e7f429e9b512","method":"GET","route":"/api/v1/notifications","statusCode":200,"latencyMs":31.611,"msg":"request completed"}
{"level":30,"time":1789777166468,"pid":19535,"hostname":"Glebs-MacBook-Pro.local","reqId":"57fd58e1-fdb5-447c-9e2e-f5204c9ba8e8","event":"request_completed","requestId":"57fd58e1-fdb5-447c-9e2e-f5204c9ba8e8","method":"POST","route":"/api/v1/matches","statusCode":200,"latencyMs":49.698,"msg":"request completed"}
{"level":30,"time":1789777166498,"pid":19535,"hostname":"Glebs-MacBook-Pro.local","reqId":"b65fd02e-809a-45e2-ac72-e32fd55776fe","event":"request_completed","requestId":"b65fd02e-809a-45e2-ac72-e32fd55776fe","method":"GET","route":"/api/v1/matches/:matchId","statusCode":200,"latencyMs":26.112,"msg":"request completed"}
{"level":30,"time":1789777166564,"pid":19535,"hostname":"Glebs-MacBook-Pro.local","reqId":"032200d4-64ac-4513-a148-0ba3bcc8003c","event":"request_completed","requestId":"032200d4-64ac-4513-a148-0ba3bcc8003c","method":"GET","route":"/api/v1/matches/:matchId","statusCode":200,"latencyMs":30.067,"msg":"request completed"}
{"level":30,"time":1789777166609,"pid":19535,"hostname":"Glebs-MacBook-Pro.local","reqId":"d342c1e1-5228-49ba-b7dc-e8a766d95cce","event":"request_completed","requestId":"d342c1e1-5228-49ba-b7dc-e8a766d95cce","method":"POST","route":"/api/v1/matches/:matchId/judge/acquire","statusCode":200,"latencyMs":42.722,"msg":"request completed"}
{"level":30,"time":1789777166636,"pid":19535,"hostname":"Glebs-MacBook-Pro.local","reqId":"7b19d138-fc13-4506-87ad-8e60542586b5","event":"request_completed","requestId":"7b19d138-fc13-4506-87ad-8e60542586b5","method":"GET","route":"/api/v1/matches/:matchId","statusCode":200,"latencyMs":24.804,"msg":"request completed"}
{"level":30,"time":1789777166647,"pid":19535,"hostname":"Glebs-MacBook-Pro.local","reqId":"59e12b27-7b05-4abf-b5af-254fb9460ec6","event":"request_completed","requestId":"59e12b27-7b05-4abf-b5af-254fb9460ec6","method":"POST","route":"/api/v1/matches/:matchId/judge/heartbeat","statusCode":200,"latencyMs":7.624,"msg":"request completed"}
{"level":30,"time":1789777166659,"pid":19535,"hostname":"Glebs-MacBook-Pro.local","reqId":"40498829-7474-4ef9-aa0f-9ae662bd65eb","event":"request_completed","requestId":"40498829-7474-4ef9-aa0f-9ae662bd65eb","method":"GET","route":"/api/v1/matches/:matchId","statusCode":200,"latencyMs":9.942,"msg":"request completed"}
{"level":30,"time":1789777166808,"pid":19535,"hostname":"Glebs-MacBook-Pro.local","reqId":"40c56973-bf4b-48f5-b25b-3b5e82c194bf","event":"request_completed","requestId":"40c56973-bf4b-48f5-b25b-3b5e82c194bf","method":"POST","route":"/api/v1/matches/:matchId/start","statusCode":200,"latencyMs":39.861,"msg":"request completed"}
{"level":30,"time":1789777166834,"pid":19535,"hostname":"Glebs-MacBook-Pro.local","reqId":"e9e6a3f3-01fd-4906-9360-9c2422490d74","event":"request_completed","requestId":"e9e6a3f3-01fd-4906-9360-9c2422490d74","method":"POST","route":"/api/v1/matches/:matchId/judge/setup","statusCode":200,"latencyMs":23.181,"msg":"request completed"}
{"level":30,"time":1789777166844,"pid":19535,"hostname":"Glebs-MacBook-Pro.local","reqId":"433bed67-1d92-459b-89fb-b66465230bad","event":"request_completed","requestId":"433bed67-1d92-459b-89fb-b66465230bad","method":"POST","route":"/api/v1/matches/:matchId/judge/heartbeat","statusCode":200,"latencyMs":6.638,"msg":"request completed"}
{"level":30,"time":1789777166859,"pid":19535,"hostname":"Glebs-MacBook-Pro.local","reqId":"54a0fd41-d357-4071-87a2-4b4816391096","event":"request_completed","requestId":"54a0fd41-d357-4071-87a2-4b4816391096","method":"GET","route":"/api/v1/matches/:matchId","statusCode":200,"latencyMs":12.989,"msg":"request completed"}
{"level":30,"time":1789777166907,"pid":19535,"hostname":"Glebs-MacBook-Pro.local","reqId":"a66d873d-4308-4a5a-be78-8e297f79024c","event":"request_completed","requestId":"a66d873d-4308-4a5a-be78-8e297f79024c","method":"POST","route":"/api/v1/matches/:matchId/points","statusCode":200,"latencyMs":23.453,"msg":"request completed"}
{"level":30,"time":1789777166940,"pid":19535,"hostname":"Glebs-MacBook-Pro.local","reqId":"071633fe-49a3-4afb-ba52-f5d1442c30e7","event":"request_completed","requestId":"071633fe-49a3-4afb-ba52-f5d1442c30e7","method":"POST","route":"/api/v1/matches/:matchId/points","statusCode":200,"latencyMs":23.355,"msg":"request completed"}
{"level":30,"time":1789777166973,"pid":19535,"hostname":"Glebs-MacBook-Pro.local","reqId":"559dcbcd-29a9-4d06-b0eb-79b0f43543c9","event":"request_completed","requestId":"559dcbcd-29a9-4d06-b0eb-79b0f43543c9","method":"POST","route":"/api/v1/matches/:matchId/points","statusCode":200,"latencyMs":23.262,"msg":"request completed"}
{"level":30,"time":1789777167008,"pid":19535,"hostname":"Glebs-MacBook-Pro.local","reqId":"ebc7a1e7-88f4-4239-9c86-e9fff18a5182","event":"request_completed","requestId":"ebc7a1e7-88f4-4239-9c86-e9fff18a5182","method":"POST","route":"/api/v1/matches/:matchId/points","statusCode":200,"latencyMs":23.972,"msg":"request completed"}
{"level":30,"time":1789777167048,"pid":19535,"hostname":"Glebs-MacBook-Pro.local","reqId":"c6af9afc-6d28-4809-bea1-d455ba6c3b90","event":"request_completed","requestId":"c6af9afc-6d28-4809-bea1-d455ba6c3b90","method":"POST","route":"/api/v1/matches/:matchId/points","statusCode":200,"latencyMs":31.429,"msg":"request completed"}
{"level":30,"time":1789777167464,"pid":19535,"hostname":"Glebs-MacBook-Pro.local","reqId":"11e472c5-1974-48f8-8abf-0405bed657f3","event":"request_completed","requestId":"11e472c5-1974-48f8-8abf-0405bed657f3","method":"POST","route":"/api/v1/matches/:matchId/confirm-finish","statusCode":200,"latencyMs":46.496,"msg":"request completed"}
{"level":30,"time":1789777167479,"pid":19535,"hostname":"Glebs-MacBook-Pro.local","reqId":"36dd2e35-c987-4b11-b09a-394aeffba5d8","event":"request_completed","requestId":"36dd2e35-c987-4b11-b09a-394aeffba5d8","method":"GET","route":"/api/v1/notifications","statusCode":200,"latencyMs":10.493,"msg":"request completed"}
{"level":30,"time":1789777167481,"pid":19535,"hostname":"Glebs-MacBook-Pro.local","reqId":"3ff5fa53-3648-4227-861d-1ea73e235434","event":"request_completed","requestId":"3ff5fa53-3648-4227-861d-1ea73e235434","method":"GET","route":"/api/v1/matches/:matchId","statusCode":200,"latencyMs":11.585,"msg":"request completed"}
{"level":30,"time":1789777167632,"pid":19535,"hostname":"Glebs-MacBook-Pro.local","reqId":"1e7421f8-954f-49be-a1fd-7693d3ec834d","event":"request_completed","requestId":"1e7421f8-954f-49be-a1fd-7693d3ec834d","method":"GET","route":"/api/v1/auth/me","statusCode":200,"latencyMs":9.895,"msg":"request completed"}
{"level":30,"time":1789777167704,"pid":19535,"hostname":"Glebs-MacBook-Pro.local","reqId":"79bb62ba-63cb-425a-b2ec-883880944d06","event":"request_completed","requestId":"79bb62ba-63cb-425a-b2ec-883880944d06","method":"GET","route":"/api/v1/notifications","statusCode":200,"latencyMs":29.9,"msg":"request completed"}
{"level":30,"time":1789777167705,"pid":19535,"hostname":"Glebs-MacBook-Pro.local","reqId":"c2b0bcc0-faa7-4b1c-b771-c5520b29e44c","event":"request_completed","requestId":"c2b0bcc0-faa7-4b1c-b771-c5520b29e44c","method":"GET","route":"/api/v1/matches/:matchId","statusCode":200,"latencyMs":30.018,"msg":"request completed"}
  ✓  31 [chromium-mobile-390] › tests/e2e/critical.spec.ts:109:5 › E2E_auth_match_judge__AT-MATCH-001_005_008_AT-JUDGE-001_003_006_007__finishes_disposable_match (2.9s)
{"level":30,"time":1789777167832,"pid":19535,"hostname":"Glebs-MacBook-Pro.local","reqId":"db7556aa-35ac-425f-9cf5-06710d3f5525","event":"request_completed","requestId":"db7556aa-35ac-425f-9cf5-06710d3f5525","method":"GET","route":"/health","statusCode":200,"latencyMs":0.129,"msg":"request completed"}
{"level":30,"time":1789777167861,"pid":19535,"hostname":"Glebs-MacBook-Pro.local","reqId":"258e75a1-7fcb-4e02-95b5-546c3279d263","event":"request_completed","requestId":"258e75a1-7fcb-4e02-95b5-546c3279d263","method":"POST","route":"/api/v1/auth/login","statusCode":200,"latencyMs":26.327,"msg":"request completed"}
{"level":30,"time":1789777167876,"pid":19535,"hostname":"Glebs-MacBook-Pro.local","reqId":"1e8a5eb8-5654-4ae5-8d75-97821fe8e2b5","event":"request_completed","requestId":"1e8a5eb8-5654-4ae5-8d75-97821fe8e2b5","method":"PATCH","route":"/api/v1/me/onboarding","statusCode":200,"latencyMs":11.531,"msg":"request completed"}
{"level":30,"time":1789777167893,"pid":19535,"hostname":"Glebs-MacBook-Pro.local","reqId":"ef82a43e-2ec8-4114-9591-8e9aa683798e","event":"request_completed","requestId":"ef82a43e-2ec8-4114-9591-8e9aa683798e","method":"POST","route":"/api/v1/auth/logout","statusCode":200,"latencyMs":14.054,"msg":"request completed"}
{"level":30,"time":1789777168163,"pid":19535,"hostname":"Glebs-MacBook-Pro.local","reqId":"7d3fe177-3e1d-4bde-a76e-482cd84357ba","event":"request_completed","requestId":"7d3fe177-3e1d-4bde-a76e-482cd84357ba","method":"GET","route":"/api/v1/auth/me","statusCode":401,"latencyMs":0.344,"msg":"request completed"}
{"level":30,"time":1789777168655,"pid":19535,"hostname":"Glebs-MacBook-Pro.local","reqId":"c7e96b8e-7b4d-4ba8-8555-edfc89455ec1","event":"request_completed","requestId":"c7e96b8e-7b4d-4ba8-8555-edfc89455ec1","method":"POST","route":"/api/v1/auth/login","statusCode":200,"latencyMs":41.879,"msg":"request completed"}
{"level":30,"time":1789777168663,"pid":19535,"hostname":"Glebs-MacBook-Pro.local","reqId":"d050ae2c-80a3-4057-9a42-5d2ec605b9cf","event":"request_completed","requestId":"d050ae2c-80a3-4057-9a42-5d2ec605b9cf","method":"GET","route":"/api/v1/auth/me","statusCode":200,"latencyMs":6.161,"msg":"request completed"}
{"level":30,"time":1789777168683,"pid":19535,"hostname":"Glebs-MacBook-Pro.local","reqId":"7d1d20ff-9c95-4405-8ede-412cb45aa00c","event":"request_completed","requestId":"7d1d20ff-9c95-4405-8ede-412cb45aa00c","method":"GET","route":"/api/v1/notifications","statusCode":200,"latencyMs":23.953,"msg":"request completed"}
{"level":30,"time":1789777168727,"pid":19535,"hostname":"Glebs-MacBook-Pro.local","reqId":"3cd6686a-02d5-48c4-9c4b-5f6760907888","event":"request_completed","requestId":"3cd6686a-02d5-48c4-9c4b-5f6760907888","method":"GET","route":"/api/v1/auth/me","statusCode":200,"latencyMs":4.455,"msg":"request completed"}
{"level":30,"time":1789777168739,"pid":19535,"hostname":"Glebs-MacBook-Pro.local","reqId":"b24ac111-039d-4399-b1f5-c4e0758ea0ab","event":"request_completed","requestId":"b24ac111-039d-4399-b1f5-c4e0758ea0ab","method":"GET","route":"/api/v1/home","statusCode":200,"latencyMs":77.63,"msg":"request completed"}
{"level":30,"time":1789777168749,"pid":19535,"hostname":"Glebs-MacBook-Pro.local","reqId":"3b62b56e-3538-4baa-99f7-ce005028cd21","event":"request_completed","requestId":"3b62b56e-3538-4baa-99f7-ce005028cd21","method":"GET","route":"/api/v1/matches/create-options","statusCode":200,"latencyMs":11.565,"msg":"request completed"}
{"level":30,"time":1789777168751,"pid":19535,"hostname":"Glebs-MacBook-Pro.local","reqId":"553feeea-7129-4ac2-b3fd-c8498a22141c","event":"request_completed","requestId":"553feeea-7129-4ac2-b3fd-c8498a22141c","method":"GET","route":"/api/v1/notifications","statusCode":200,"latencyMs":13.803,"msg":"request completed"}
{"level":30,"time":1789777168824,"pid":19535,"hostname":"Glebs-MacBook-Pro.local","reqId":"3dfb6a79-bbff-43cf-a91d-63039e5d2dfe","event":"request_completed","requestId":"3dfb6a79-bbff-43cf-a91d-63039e5d2dfe","method":"GET","route":"/health","statusCode":200,"latencyMs":0.157,"msg":"request completed"}
{"level":30,"time":1789777168849,"pid":19535,"hostname":"Glebs-MacBook-Pro.local","reqId":"ce3f7320-a054-46f3-988b-72b00c840ee5","event":"request_completed","requestId":"ce3f7320-a054-46f3-988b-72b00c840ee5","method":"POST","route":"/api/v1/auth/login","statusCode":200,"latencyMs":21.086,"msg":"request completed"}
{"level":30,"time":1789777168857,"pid":19535,"hostname":"Glebs-MacBook-Pro.local","reqId":"664b83cd-1382-426d-a3bb-db5dcf3f1b06","event":"request_completed","requestId":"664b83cd-1382-426d-a3bb-db5dcf3f1b06","method":"GET","route":"/api/v1/auth/sessions","statusCode":200,"latencyMs":4.868,"msg":"request completed"}
{"level":30,"time":1789777168874,"pid":19535,"hostname":"Glebs-MacBook-Pro.local","reqId":"92a8aae0-148b-4551-b14d-ad0b1777f732","event":"request_completed","requestId":"92a8aae0-148b-4551-b14d-ad0b1777f732","method":"DELETE","route":"/api/v1/auth/sessions/:sessionId","statusCode":200,"latencyMs":4.941,"msg":"request completed"}
{"level":30,"time":1789777168913,"pid":19535,"hostname":"Glebs-MacBook-Pro.local","reqId":"c02eb882-34d4-4967-8846-febb76521c54","event":"request_completed","requestId":"c02eb882-34d4-4967-8846-febb76521c54","method":"POST","route":"/api/v1/matches","statusCode":401,"latencyMs":2.077,"msg":"request completed"}
{"level":30,"time":1789777168971,"pid":19535,"hostname":"Glebs-MacBook-Pro.local","reqId":"50130dc3-9bbb-4434-b62b-80a87fd6d1ea","event":"request_completed","requestId":"50130dc3-9bbb-4434-b62b-80a87fd6d1ea","method":"GET","route":"/api/v1/matches","statusCode":200,"latencyMs":18.719,"msg":"request completed"}
{"level":30,"time":1789777169042,"pid":19535,"hostname":"Glebs-MacBook-Pro.local","reqId":"bd437c92-27ae-408d-8e0a-81b3b08be981","event":"request_completed","requestId":"bd437c92-27ae-408d-8e0a-81b3b08be981","method":"POST","route":"/api/v1/auth/login","statusCode":200,"latencyMs":30.103,"msg":"request completed"}
{"level":30,"time":1789777169070,"pid":19535,"hostname":"Glebs-MacBook-Pro.local","reqId":"65ad43f9-7054-47ec-bb9d-c9d7c9157eaf","event":"request_completed","requestId":"65ad43f9-7054-47ec-bb9d-c9d7c9157eaf","method":"GET","route":"/api/v1/auth/me","statusCode":200,"latencyMs":13.887,"msg":"request completed"}
{"level":30,"time":1789777169086,"pid":19535,"hostname":"Glebs-MacBook-Pro.local","reqId":"4fede8f4-dbf1-493e-ade7-3c2906cb59ab","event":"request_completed","requestId":"4fede8f4-dbf1-493e-ade7-3c2906cb59ab","method":"GET","route":"/api/v1/matches/create-options","statusCode":200,"latencyMs":25.998,"msg":"request completed"}
{"level":30,"time":1789777169090,"pid":19535,"hostname":"Glebs-MacBook-Pro.local","reqId":"dd48c96a-e27a-492a-8049-d2029d1634df","event":"request_completed","requestId":"dd48c96a-e27a-492a-8049-d2029d1634df","method":"GET","route":"/api/v1/notifications","statusCode":200,"latencyMs":31.231,"msg":"request completed"}
  ✓  32 [chromium-mobile-390] › tests/e2e/critical.spec.ts:157:5 › E2E_runtime_session_recovery__AT-AUTH-009__preserves_route_and_draft_without_replaying_mutation (1.7s)
{"level":30,"time":1789777169562,"pid":19535,"hostname":"Glebs-MacBook-Pro.local","reqId":"32d4a79f-6482-4d94-9615-92df1b532d29","event":"request_completed","requestId":"32d4a79f-6482-4d94-9615-92df1b532d29","method":"POST","route":"/api/v1/auth/login","statusCode":200,"latencyMs":25.972,"msg":"request completed"}
{"level":30,"time":1789777169577,"pid":19535,"hostname":"Glebs-MacBook-Pro.local","reqId":"0e32c577-1562-406c-a252-4898a949c5b5","event":"request_completed","requestId":"0e32c577-1562-406c-a252-4898a949c5b5","method":"PATCH","route":"/api/v1/me/onboarding","statusCode":200,"latencyMs":10.581,"msg":"request completed"}
{"level":30,"time":1789777169617,"pid":19535,"hostname":"Glebs-MacBook-Pro.local","reqId":"58c443af-a8cd-4f1f-a1b5-df8847b7727c","event":"request_completed","requestId":"58c443af-a8cd-4f1f-a1b5-df8847b7727c","method":"POST","route":"/api/v1/admin/users","statusCode":200,"latencyMs":36.84,"msg":"request completed"}
{"level":30,"time":1789777169645,"pid":19535,"hostname":"Glebs-MacBook-Pro.local","reqId":"479c5c7f-e704-4fdd-afd7-ea6e890f0365","event":"request_completed","requestId":"479c5c7f-e704-4fdd-afd7-ea6e890f0365","method":"POST","route":"/api/v1/auth/login","statusCode":200,"latencyMs":23.874,"msg":"request completed"}
{"level":30,"time":1789777169684,"pid":19535,"hostname":"Glebs-MacBook-Pro.local","reqId":"904b7e2d-a8e7-485a-a461-d39a54e7ba2d","event":"request_completed","requestId":"904b7e2d-a8e7-485a-a461-d39a54e7ba2d","method":"POST","route":"/api/v1/auth/password/first-change","statusCode":200,"latencyMs":35.09,"msg":"request completed"}
{"level":30,"time":1789777169699,"pid":19535,"hostname":"Glebs-MacBook-Pro.local","reqId":"56e3ab97-a0b0-4cf9-8fee-6fe312f13997","event":"request_completed","requestId":"56e3ab97-a0b0-4cf9-8fee-6fe312f13997","method":"PATCH","route":"/api/v1/me/onboarding","statusCode":200,"latencyMs":10.992,"msg":"request completed"}
{"level":30,"time":1789777169740,"pid":19535,"hostname":"Glebs-MacBook-Pro.local","reqId":"79e8bcfc-5604-4967-a29c-6813560eaf3b","event":"request_completed","requestId":"79e8bcfc-5604-4967-a29c-6813560eaf3b","method":"POST","route":"/api/v1/admin/users","statusCode":200,"latencyMs":37.06,"msg":"request completed"}
{"level":30,"time":1789777170041,"pid":19535,"hostname":"Glebs-MacBook-Pro.local","reqId":"a9b586be-1e7d-44c0-8caf-e08d283aeddc","event":"request_completed","requestId":"a9b586be-1e7d-44c0-8caf-e08d283aeddc","method":"GET","route":"/api/v1/auth/me","statusCode":401,"latencyMs":0.135,"msg":"request completed"}
{"level":30,"time":1789777170205,"pid":19535,"hostname":"Glebs-MacBook-Pro.local","reqId":"f4cdb54b-d799-495c-bc92-ad539c17687e","event":"request_completed","requestId":"f4cdb54b-d799-495c-bc92-ad539c17687e","method":"POST","route":"/api/v1/auth/login","statusCode":200,"latencyMs":30.554,"msg":"request completed"}
{"level":30,"time":1789777170219,"pid":19535,"hostname":"Glebs-MacBook-Pro.local","reqId":"c1a9dbe5-4513-4e24-bffa-4a22e17b0e4d","event":"request_completed","requestId":"c1a9dbe5-4513-4e24-bffa-4a22e17b0e4d","method":"GET","route":"/api/v1/auth/me","statusCode":200,"latencyMs":11.669,"msg":"request completed"}
{"level":30,"time":1789777170237,"pid":19535,"hostname":"Glebs-MacBook-Pro.local","reqId":"c74c54a2-59a3-4bd4-9163-8761be95bf17","event":"request_completed","requestId":"c74c54a2-59a3-4bd4-9163-8761be95bf17","method":"GET","route":"/api/v1/notifications","statusCode":200,"latencyMs":27.795,"msg":"request completed"}
{"level":30,"time":1789777170256,"pid":19535,"hostname":"Glebs-MacBook-Pro.local","reqId":"358bda3c-5c26-4927-ab46-dfbd542e0518","event":"request_completed","requestId":"358bda3c-5c26-4927-ab46-dfbd542e0518","method":"GET","route":"/api/v1/home","statusCode":200,"latencyMs":45.229,"msg":"request completed"}
{"level":30,"time":1789777170298,"pid":19535,"hostname":"Glebs-MacBook-Pro.local","reqId":"7e89ae7b-2c68-4642-b73f-f11f276b2275","event":"request_completed","requestId":"7e89ae7b-2c68-4642-b73f-f11f276b2275","method":"GET","route":"/api/v1/auth/me","statusCode":200,"latencyMs":7.959,"msg":"request completed"}
{"level":30,"time":1789777170313,"pid":19535,"hostname":"Glebs-MacBook-Pro.local","reqId":"7682bfb8-ec05-4f57-ba4f-274e64c13d5f","event":"request_completed","requestId":"7682bfb8-ec05-4f57-ba4f-274e64c13d5f","method":"GET","route":"/api/v1/tournaments","statusCode":200,"latencyMs":10.916,"msg":"request completed"}
{"level":30,"time":1789777170317,"pid":19535,"hostname":"Glebs-MacBook-Pro.local","reqId":"1f2d0298-2263-4302-bc67-4d2abbe023f4","event":"request_completed","requestId":"1f2d0298-2263-4302-bc67-4d2abbe023f4","method":"POST","route":"/api/v1/tournaments","statusCode":200,"latencyMs":15.43,"msg":"request completed"}
{"level":30,"time":1789777170318,"pid":19535,"hostname":"Glebs-MacBook-Pro.local","reqId":"bf8d61a8-f5c7-42bd-b604-07efcc91c2b1","event":"request_completed","requestId":"bf8d61a8-f5c7-42bd-b604-07efcc91c2b1","method":"GET","route":"/api/v1/notifications","statusCode":200,"latencyMs":16.54,"msg":"request completed"}
{"level":30,"time":1789777170347,"pid":19535,"hostname":"Glebs-MacBook-Pro.local","reqId":"8cccf49b-c032-4a26-8a92-d96dd9a4205c","event":"request_completed","requestId":"8cccf49b-c032-4a26-8a92-d96dd9a4205c","method":"GET","route":"/api/v1/auth/me","statusCode":200,"latencyMs":12.918,"msg":"request completed"}
{"level":30,"time":1789777170375,"pid":19535,"hostname":"Glebs-MacBook-Pro.local","reqId":"390dc87c-c1d6-419c-84a8-6b535751e292","event":"request_completed","requestId":"390dc87c-c1d6-419c-84a8-6b535751e292","method":"GET","route":"/api/v1/notifications","statusCode":200,"latencyMs":23.281,"msg":"request completed"}
{"level":30,"time":1789777170377,"pid":19535,"hostname":"Glebs-MacBook-Pro.local","reqId":"5e725971-22b1-42ee-83d9-a0a64383ab05","event":"request_completed","requestId":"5e725971-22b1-42ee-83d9-a0a64383ab05","method":"GET","route":"/api/v1/tournaments/:id","statusCode":200,"latencyMs":24.415,"msg":"request completed"}
{"level":30,"time":1789777170385,"pid":19535,"hostname":"Glebs-MacBook-Pro.local","reqId":"877f50e9-29d3-4b9c-be62-a915d716fe54","event":"request_completed","requestId":"877f50e9-29d3-4b9c-be62-a915d716fe54","method":"GET","route":"/api/v1/users/directory","statusCode":200,"latencyMs":5.28,"msg":"request completed"}
{"level":30,"time":1789777170390,"pid":19535,"hostname":"Glebs-MacBook-Pro.local","reqId":"032c3695-b64c-462f-8bb0-8141863184f7","event":"request_completed","requestId":"032c3695-b64c-462f-8bb0-8141863184f7","method":"POST","route":"/api/v1/tournaments/:id/participants","statusCode":200,"latencyMs":35.156,"msg":"request completed"}
{"level":30,"time":1789777170416,"pid":19535,"hostname":"Glebs-MacBook-Pro.local","reqId":"697ffb1f-31c9-41d7-baba-99502d6094b0","event":"request_completed","requestId":"697ffb1f-31c9-41d7-baba-99502d6094b0","method":"POST","route":"/api/v1/tournaments/:id/participants","statusCode":200,"latencyMs":21.993,"msg":"request completed"}
{"level":30,"time":1789777170443,"pid":19535,"hostname":"Glebs-MacBook-Pro.local","reqId":"41f6ba24-0e46-4d0a-8001-9c0e11780d0a","event":"request_completed","requestId":"41f6ba24-0e46-4d0a-8001-9c0e11780d0a","method":"POST","route":"/api/v1/tournaments/:id/participants","statusCode":200,"latencyMs":23.304,"msg":"request completed"}
{"level":30,"time":1789777170463,"pid":19535,"hostname":"Glebs-MacBook-Pro.local","reqId":"a1545afd-bba9-4071-be38-af6946f053d3","event":"request_completed","requestId":"a1545afd-bba9-4071-be38-af6946f053d3","method":"POST","route":"/api/v1/tournaments/:id/bracket","statusCode":200,"latencyMs":15.614,"msg":"request completed"}
{"level":30,"time":1789777170478,"pid":19535,"hostname":"Glebs-MacBook-Pro.local","reqId":"75d55341-e4fb-46ad-a114-d455d278d13b","event":"request_completed","requestId":"75d55341-e4fb-46ad-a114-d455d278d13b","method":"GET","route":"/api/v1/tournaments/:id","statusCode":200,"latencyMs":10.622,"msg":"request completed"}
{"level":30,"time":1789777170756,"pid":19535,"hostname":"Glebs-MacBook-Pro.local","reqId":"d126fa00-90b2-46f4-95ff-8c491a969dd4","event":"request_completed","requestId":"d126fa00-90b2-46f4-95ff-8c491a969dd4","method":"GET","route":"/api/v1/auth/me","statusCode":200,"latencyMs":11.405,"msg":"request completed"}
{"level":30,"time":1789777170803,"pid":19535,"hostname":"Glebs-MacBook-Pro.local","reqId":"820ee935-2ef3-4662-92c6-b986f55ee89d","event":"request_completed","requestId":"820ee935-2ef3-4662-92c6-b986f55ee89d","method":"GET","route":"/api/v1/notifications","statusCode":200,"latencyMs":11.124,"msg":"request completed"}
{"level":30,"time":1789777170805,"pid":19535,"hostname":"Glebs-MacBook-Pro.local","reqId":"7ddb3966-7ca7-4e12-a84f-6188b8508b2e","event":"request_completed","requestId":"7ddb3966-7ca7-4e12-a84f-6188b8508b2e","method":"GET","route":"/api/v1/tournaments/:id","statusCode":200,"latencyMs":13.255,"msg":"request completed"}
{"level":30,"time":1789777170815,"pid":19535,"hostname":"Glebs-MacBook-Pro.local","reqId":"cb4b51b1-8f38-4fd1-9503-f3f78ad245e0","event":"request_completed","requestId":"cb4b51b1-8f38-4fd1-9503-f3f78ad245e0","method":"GET","route":"/api/v1/users/directory","statusCode":200,"latencyMs":4.884,"msg":"request completed"}
{"level":30,"time":1789777170834,"pid":19535,"hostname":"Glebs-MacBook-Pro.local","reqId":"e9514339-33aa-4091-8574-098b53b31409","event":"request_completed","requestId":"e9514339-33aa-4091-8574-098b53b31409","method":"GET","route":"/api/v1/users/directory","statusCode":200,"latencyMs":4.431,"msg":"request completed"}
{"level":30,"time":1789777170960,"pid":19535,"hostname":"Glebs-MacBook-Pro.local","reqId":"fdc469b9-c5e0-4570-a1ca-5c470d31bf22","event":"request_completed","requestId":"fdc469b9-c5e0-4570-a1ca-5c470d31bf22","method":"POST","route":"/api/v1/tournaments/:id/participants","statusCode":200,"latencyMs":39.85,"msg":"request completed"}
{"level":30,"time":1789777170967,"pid":19535,"hostname":"Glebs-MacBook-Pro.local","reqId":"f53eee01-6803-43b9-be17-767f56ef4559","event":"request_completed","requestId":"f53eee01-6803-43b9-be17-767f56ef4559","method":"GET","route":"/api/v1/users/directory","statusCode":200,"latencyMs":3.718,"msg":"request completed"}
{"level":30,"time":1789777171032,"pid":19535,"hostname":"Glebs-MacBook-Pro.local","reqId":"6b149f64-98a6-4e1b-a7dc-9ae73b358d9f","event":"request_completed","requestId":"6b149f64-98a6-4e1b-a7dc-9ae73b358d9f","method":"GET","route":"/api/v1/tournaments/:id","statusCode":200,"latencyMs":28.197,"msg":"request completed"}
  ✓  33 [chromium-mobile-390] › tests/e2e/gap-012.spec.ts:53:5 › GAP-012 immutable consent policy and scoped admin post-bracket add (1.7s)
{"level":30,"time":1789777171258,"pid":19535,"hostname":"Glebs-MacBook-Pro.local","reqId":"42c29bfe-3120-4f95-b25d-cd8664846d90","event":"request_completed","requestId":"42c29bfe-3120-4f95-b25d-cd8664846d90","method":"GET","route":"/health","statusCode":200,"latencyMs":0.115,"msg":"request completed"}
{"level":30,"time":1789777171264,"pid":19535,"hostname":"Glebs-MacBook-Pro.local","reqId":"5c338840-2a38-4942-831b-182327edb780","event":"request_completed","requestId":"5c338840-2a38-4942-831b-182327edb780","method":"GET","route":"/ready","statusCode":200,"latencyMs":2.167,"msg":"request completed"}
{"level":30,"time":1789777171271,"pid":19535,"hostname":"Glebs-MacBook-Pro.local","reqId":"18b09b80-701d-46b1-a705-33dd1620e53b","event":"request_completed","requestId":"18b09b80-701d-46b1-a705-33dd1620e53b","method":"GET","route":"/api/v1/openapi.json","statusCode":200,"latencyMs":2.082,"msg":"request completed"}
{"level":30,"time":1789777171542,"pid":19535,"hostname":"Glebs-MacBook-Pro.local","reqId":"df0be1a0-e5f7-41e6-a3f2-42dd1cf4c8fb","event":"request_completed","requestId":"df0be1a0-e5f7-41e6-a3f2-42dd1cf4c8fb","method":"GET","route":"/api/v1/auth/me","statusCode":401,"latencyMs":0.161,"msg":"request completed"}
{"level":30,"time":1789777171718,"pid":19535,"hostname":"Glebs-MacBook-Pro.local","reqId":"f829c179-4f7b-490b-b7b3-c1b4f7c43907","event":"request_completed","requestId":"f829c179-4f7b-490b-b7b3-c1b4f7c43907","method":"POST","route":"/api/v1/auth/login","statusCode":200,"latencyMs":30.788,"msg":"request completed"}
{"level":30,"time":1789777171731,"pid":19535,"hostname":"Glebs-MacBook-Pro.local","reqId":"442bc68f-a969-4270-ab30-8f3fd1e3f074","event":"request_completed","requestId":"442bc68f-a969-4270-ab30-8f3fd1e3f074","method":"GET","route":"/api/v1/auth/me","statusCode":200,"latencyMs":11.356,"msg":"request completed"}
{"level":30,"time":1789777171754,"pid":19535,"hostname":"Glebs-MacBook-Pro.local","reqId":"635f3b63-5fb6-400a-abd6-801722fc0352","event":"request_completed","requestId":"635f3b63-5fb6-400a-abd6-801722fc0352","method":"GET","route":"/api/v1/notifications","statusCode":200,"latencyMs":32.185,"msg":"request completed"}
{"level":30,"time":1789777171777,"pid":19535,"hostname":"Glebs-MacBook-Pro.local","reqId":"3773f7d9-bbbd-456c-bb8d-6d87e0abe10b","event":"request_completed","requestId":"3773f7d9-bbbd-456c-bb8d-6d87e0abe10b","method":"GET","route":"/api/v1/auth/me","statusCode":200,"latencyMs":3.128,"msg":"request completed"}
{"level":30,"time":1789777171784,"pid":19535,"hostname":"Glebs-MacBook-Pro.local","reqId":"b079d594-c016-4b90-8cc5-298c97901a65","event":"request_completed","requestId":"b079d594-c016-4b90-8cc5-298c97901a65","method":"PATCH","route":"/api/v1/me/profile","statusCode":403,"latencyMs":3.633,"msg":"request completed"}
{"level":30,"time":1789777171790,"pid":19535,"hostname":"Glebs-MacBook-Pro.local","reqId":"97c1ebd1-45f9-4529-b12f-e8b951c1a810","event":"request_completed","requestId":"97c1ebd1-45f9-4529-b12f-e8b951c1a810","method":"GET","route":"/api/v1/home","statusCode":200,"latencyMs":66.204,"msg":"request completed"}
{"level":30,"time":1789777171791,"pid":19535,"hostname":"Glebs-MacBook-Pro.local","reqId":"9de9ac1c-fa55-4ff2-81c2-999324bdab66","event":"request_completed","requestId":"9de9ac1c-fa55-4ff2-81c2-999324bdab66","method":"PATCH","route":"/api/v1/me/profile","statusCode":200,"latencyMs":5.214,"msg":"request completed"}
  ✓  34 [chromium-mobile-390] › tests/e2e/production-smoke.spec.ts:13:5 › compiled web and API work through the same-origin production-like proxy (651ms)
{"level":30,"time":1789777172168,"pid":19535,"hostname":"Glebs-MacBook-Pro.local","reqId":"b7556f3f-0984-4270-9949-8d318185e070","event":"request_completed","requestId":"b7556f3f-0984-4270-9949-8d318185e070","method":"GET","route":"/api/v1/auth/me","statusCode":401,"latencyMs":0.145,"msg":"request completed"}
{"level":30,"time":1789777172343,"pid":19535,"hostname":"Glebs-MacBook-Pro.local","reqId":"040d2325-762f-443a-99e2-69fbf1baf6d9","event":"request_completed","requestId":"040d2325-762f-443a-99e2-69fbf1baf6d9","method":"POST","route":"/api/v1/auth/login","statusCode":200,"latencyMs":27.163,"msg":"request completed"}
{"level":30,"time":1789777172360,"pid":19535,"hostname":"Glebs-MacBook-Pro.local","reqId":"83db3334-4f0a-45bf-8ec0-1fae0b47709b","event":"request_completed","requestId":"83db3334-4f0a-45bf-8ec0-1fae0b47709b","method":"GET","route":"/api/v1/auth/me","statusCode":200,"latencyMs":13.412,"msg":"request completed"}
{"level":30,"time":1789777172388,"pid":19535,"hostname":"Glebs-MacBook-Pro.local","reqId":"8e8d1004-4deb-4a96-982c-67ed3a2431c2","event":"request_completed","requestId":"8e8d1004-4deb-4a96-982c-67ed3a2431c2","method":"GET","route":"/api/v1/notifications","statusCode":200,"latencyMs":39.723,"msg":"request completed"}
{"level":30,"time":1789777172392,"pid":19535,"hostname":"Glebs-MacBook-Pro.local","reqId":"1c45078b-9695-420a-84fa-9da0dc01e56e","event":"request_completed","requestId":"1c45078b-9695-420a-84fa-9da0dc01e56e","method":"GET","route":"/api/v1/history","statusCode":200,"latencyMs":26.046,"msg":"request completed"}
{"level":30,"time":1789777172427,"pid":19535,"hostname":"Glebs-MacBook-Pro.local","reqId":"62f94e53-6661-4b3f-b0ad-e7b87f8f8c49","event":"request_completed","requestId":"62f94e53-6661-4b3f-b0ad-e7b87f8f8c49","method":"GET","route":"/api/v1/home","statusCode":200,"latencyMs":76.581,"msg":"request completed"}
{"level":30,"time":1789777172428,"pid":19535,"hostname":"Glebs-MacBook-Pro.local","reqId":"3fbc9f75-d9db-4933-926b-ee132da200ab","event":"request_completed","requestId":"3fbc9f75-d9db-4933-926b-ee132da200ab","method":"GET","route":"/api/v1/auth/me","statusCode":200,"latencyMs":3.992,"msg":"request completed"}
{"level":30,"time":1789777172455,"pid":19535,"hostname":"Glebs-MacBook-Pro.local","reqId":"c10655b6-447a-435b-b083-18e3cc827ecd","event":"request_completed","requestId":"c10655b6-447a-435b-b083-18e3cc827ecd","method":"GET","route":"/api/v1/notifications","statusCode":200,"latencyMs":17.687,"msg":"request completed"}
{"level":30,"time":1789777172486,"pid":19535,"hostname":"Glebs-MacBook-Pro.local","reqId":"a8024390-25af-461e-a167-13e723b2a836","event":"request_completed","requestId":"a8024390-25af-461e-a167-13e723b2a836","method":"GET","route":"/api/v1/home","statusCode":200,"latencyMs":48.607,"msg":"request completed"}
{"level":30,"time":1789777172614,"pid":19535,"hostname":"Glebs-MacBook-Pro.local","reqId":"c2513b20-6add-49ca-b72c-31af8f310db4","event":"request_completed","requestId":"c2513b20-6add-49ca-b72c-31af8f310db4","method":"GET","route":"/api/v1/auth/me","statusCode":200,"latencyMs":9.013,"msg":"request completed"}
{"level":30,"time":1789777172654,"pid":19535,"hostname":"Glebs-MacBook-Pro.local","reqId":"d069c51e-e7f5-4264-b644-1024285aec5f","event":"request_completed","requestId":"d069c51e-e7f5-4264-b644-1024285aec5f","method":"GET","route":"/api/v1/notifications","statusCode":200,"latencyMs":31.476,"msg":"request completed"}
{"level":30,"time":1789777172684,"pid":19535,"hostname":"Glebs-MacBook-Pro.local","reqId":"043e71bc-719a-46e9-9c87-75eb9be21a2d","event":"request_completed","requestId":"043e71bc-719a-46e9-9c87-75eb9be21a2d","method":"GET","route":"/api/v1/home","statusCode":200,"latencyMs":60.236,"msg":"request completed"}
{"level":30,"time":1789777172773,"pid":19535,"hostname":"Glebs-MacBook-Pro.local","reqId":"ebff7bec-5454-42a2-baca-4842df294250","event":"request_completed","requestId":"ebff7bec-5454-42a2-baca-4842df294250","method":"GET","route":"/api/v1/matches/create-options","statusCode":200,"latencyMs":17.732,"msg":"request completed"}
{"level":30,"time":1789777172784,"pid":19535,"hostname":"Glebs-MacBook-Pro.local","reqId":"dbd91666-95f0-4804-b7d7-9484634e5bef","event":"request_completed","requestId":"dbd91666-95f0-4804-b7d7-9484634e5bef","method":"GET","route":"/api/v1/auth/me","statusCode":200,"latencyMs":6.882,"msg":"request completed"}
{"level":30,"time":1789777172813,"pid":19535,"hostname":"Glebs-MacBook-Pro.local","reqId":"663912fb-1088-42ca-aeb3-7142f101d587","event":"request_completed","requestId":"663912fb-1088-42ca-aeb3-7142f101d587","method":"GET","route":"/api/v1/home","statusCode":200,"latencyMs":92.587,"msg":"request completed"}
{"level":30,"time":1789777172823,"pid":19535,"hostname":"Glebs-MacBook-Pro.local","reqId":"f3fd9c8e-138d-4147-aeaf-60070baaaa0a","event":"request_completed","requestId":"f3fd9c8e-138d-4147-aeaf-60070baaaa0a","method":"GET","route":"/api/v1/history","statusCode":200,"latencyMs":27.923,"msg":"request completed"}
{"level":30,"time":1789777172824,"pid":19535,"hostname":"Glebs-MacBook-Pro.local","reqId":"43c4ee07-10fb-401a-9beb-91d42af1a531","event":"request_completed","requestId":"43c4ee07-10fb-401a-9beb-91d42af1a531","method":"GET","route":"/api/v1/notifications","statusCode":200,"latencyMs":29.245,"msg":"request completed"}
{"level":30,"time":1789777172833,"pid":19535,"hostname":"Glebs-MacBook-Pro.local","reqId":"9b3b2615-e12b-4ccc-8ec6-9c8cab2150a6","event":"request_completed","requestId":"9b3b2615-e12b-4ccc-8ec6-9c8cab2150a6","method":"GET","route":"/api/v1/auth/me","statusCode":200,"latencyMs":19.89,"msg":"request completed"}
{"level":30,"time":1789777172850,"pid":19535,"hostname":"Glebs-MacBook-Pro.local","reqId":"11e86e91-af3d-438b-9df4-dca70a03789f","event":"request_completed","requestId":"11e86e91-af3d-438b-9df4-dca70a03789f","method":"GET","route":"/api/v1/rankings","statusCode":200,"latencyMs":13.053,"msg":"request completed"}
{"level":30,"time":1789777172856,"pid":19535,"hostname":"Glebs-MacBook-Pro.local","reqId":"a239ea4e-7f55-4f0a-8dd7-2797e6511273","event":"request_completed","requestId":"a239ea4e-7f55-4f0a-8dd7-2797e6511273","method":"GET","route":"/api/v1/notifications","statusCode":200,"latencyMs":19.043,"msg":"request completed"}
{"level":30,"time":1789777172880,"pid":19535,"hostname":"Glebs-MacBook-Pro.local","reqId":"b50abfda-60cd-4898-b350-b00cc2e66724","event":"request_completed","requestId":"b50abfda-60cd-4898-b350-b00cc2e66724","method":"GET","route":"/api/v1/auth/me","statusCode":200,"latencyMs":5.033,"msg":"request completed"}
{"level":30,"time":1789777172906,"pid":19535,"hostname":"Glebs-MacBook-Pro.local","reqId":"3a94ba28-84c9-4519-967d-2bba08ad1ad7","event":"request_completed","requestId":"3a94ba28-84c9-4519-967d-2bba08ad1ad7","method":"GET","route":"/api/v1/notifications","statusCode":200,"latencyMs":15.772,"msg":"request completed"}
{"level":30,"time":1789777172906,"pid":19535,"hostname":"Glebs-MacBook-Pro.local","reqId":"15423264-59ff-44c2-93b4-1fae759c506d","event":"request_completed","requestId":"15423264-59ff-44c2-93b4-1fae759c506d","method":"GET","route":"/api/v1/teams","statusCode":200,"latencyMs":16.2,"msg":"request completed"}
{"level":30,"time":1789777172913,"pid":19535,"hostname":"Glebs-MacBook-Pro.local","reqId":"55c41fb6-98b4-474d-9989-d596cf290fba","event":"request_completed","requestId":"55c41fb6-98b4-474d-9989-d596cf290fba","method":"GET","route":"/api/v1/auth/me","statusCode":200,"latencyMs":4.304,"msg":"request completed"}
{"level":30,"time":1789777172935,"pid":19535,"hostname":"Glebs-MacBook-Pro.local","reqId":"810cf88f-109a-4f2d-ba3a-1f4ee12535b2","event":"request_completed","requestId":"810cf88f-109a-4f2d-ba3a-1f4ee12535b2","method":"GET","route":"/api/v1/notifications","statusCode":200,"latencyMs":13.668,"msg":"request completed"}
{"level":30,"time":1789777172939,"pid":19535,"hostname":"Glebs-MacBook-Pro.local","reqId":"1bf2b2cc-2181-4fe1-a7fb-e1c8a00b715f","event":"request_completed","requestId":"1bf2b2cc-2181-4fe1-a7fb-e1c8a00b715f","method":"GET","route":"/api/v1/faq","statusCode":200,"latencyMs":18.333,"msg":"request completed"}
{"level":30,"time":1789777173238,"pid":19535,"hostname":"Glebs-MacBook-Pro.local","reqId":"6d8d0b20-a50f-47f9-a99d-996149ff25d4","event":"request_completed","requestId":"6d8d0b20-a50f-47f9-a99d-996149ff25d4","method":"GET","route":"/api/v1/auth/me","statusCode":200,"latencyMs":8.625,"msg":"request completed"}
{"level":30,"time":1789777173288,"pid":19535,"hostname":"Glebs-MacBook-Pro.local","reqId":"62ec7749-6f56-44dc-abcf-1c2b836119b0","event":"request_completed","requestId":"62ec7749-6f56-44dc-abcf-1c2b836119b0","method":"GET","route":"/api/v1/auth/me","statusCode":200,"latencyMs":10.212,"msg":"request completed"}
{"level":30,"time":1789777173323,"pid":19535,"hostname":"Glebs-MacBook-Pro.local","reqId":"579624d6-194b-40f6-85e6-e423cb7b6141","event":"request_completed","requestId":"579624d6-194b-40f6-85e6-e423cb7b6141","method":"GET","route":"/api/v1/auth/sessions","statusCode":200,"latencyMs":29.074,"msg":"request completed"}
{"level":30,"time":1789777173325,"pid":19535,"hostname":"Glebs-MacBook-Pro.local","reqId":"b0358c2e-4679-43fb-9845-96c8907b464c","event":"request_completed","requestId":"b0358c2e-4679-43fb-9845-96c8907b464c","method":"GET","route":"/api/v1/auth/me","statusCode":200,"latencyMs":16.57,"msg":"request completed"}
{"level":30,"time":1789777173334,"pid":19535,"hostname":"Glebs-MacBook-Pro.local","reqId":"5db3d32a-50b8-4b50-8eaf-404e7230163e","event":"request_completed","requestId":"5db3d32a-50b8-4b50-8eaf-404e7230163e","method":"GET","route":"/api/v1/notifications","statusCode":200,"latencyMs":39.97,"msg":"request completed"}
{"level":30,"time":1789777173337,"pid":19535,"hostname":"Glebs-MacBook-Pro.local","reqId":"79f4949d-47f8-433c-bcb1-b2be0c927880","event":"request_completed","requestId":"79f4949d-47f8-433c-bcb1-b2be0c927880","method":"GET","route":"/api/v1/profile/me","statusCode":200,"latencyMs":43.006,"msg":"request completed"}
{"level":30,"time":1789777173341,"pid":19535,"hostname":"Glebs-MacBook-Pro.local","reqId":"c7b17388-5b19-40d3-b930-e91009c1e5c9","event":"request_completed","requestId":"c7b17388-5b19-40d3-b930-e91009c1e5c9","method":"GET","route":"/api/v1/admin/users","statusCode":200,"latencyMs":8.67,"msg":"request completed"}
{"level":30,"time":1789777173348,"pid":19535,"hostname":"Glebs-MacBook-Pro.local","reqId":"91e547f2-b705-468a-bfba-c263fc08fb72","event":"request_completed","requestId":"91e547f2-b705-468a-bfba-c263fc08fb72","method":"GET","route":"/api/v1/notifications","statusCode":200,"latencyMs":15.7,"msg":"request completed"}
{"level":30,"time":1789777173367,"pid":19535,"hostname":"Glebs-MacBook-Pro.local","reqId":"30ed456d-cdcc-46db-be1d-8015297eeead","event":"request_completed","requestId":"30ed456d-cdcc-46db-be1d-8015297eeead","method":"GET","route":"/api/v1/home","statusCode":200,"latencyMs":72.749,"msg":"request completed"}
{"level":30,"time":1789777173382,"pid":19535,"hostname":"Glebs-MacBook-Pro.local","reqId":"54ad2b34-70f7-419b-80ce-17c8a83ae394","event":"request_completed","requestId":"54ad2b34-70f7-419b-80ce-17c8a83ae394","method":"GET","route":"/api/v1/auth/me","statusCode":200,"latencyMs":5.112,"msg":"request completed"}
{"level":30,"time":1789777173398,"pid":19535,"hostname":"Glebs-MacBook-Pro.local","reqId":"9ad9a17a-31f9-4556-acc1-0ca80340861b","event":"request_completed","requestId":"9ad9a17a-31f9-4556-acc1-0ca80340861b","method":"GET","route":"/api/v1/notifications","statusCode":200,"latencyMs":12.961,"msg":"request completed"}
  ✓  35 [chromium-mobile-390] › tests/e2e/stage2-home.spec.ts:7:5 › AT-HOME-003 Home keeps direct actions and all secondary routes at mobile and desktop (1.6s)
{"level":30,"time":1789777173475,"pid":19535,"hostname":"Glebs-MacBook-Pro.local","reqId":"07961b44-de09-486f-b5e5-2634804b858f","event":"request_completed","requestId":"07961b44-de09-486f-b5e5-2634804b858f","method":"GET","route":"/api/v1/home","statusCode":200,"latencyMs":48.299,"msg":"request completed"}
{"level":30,"time":1789777173775,"pid":19535,"hostname":"Glebs-MacBook-Pro.local","reqId":"c2914608-f12d-4fe8-816f-53e9d12aeeb3","event":"request_completed","requestId":"c2914608-f12d-4fe8-816f-53e9d12aeeb3","method":"GET","route":"/api/v1/auth/me","statusCode":401,"latencyMs":0.129,"msg":"request completed"}
{"level":30,"time":1789777173938,"pid":19535,"hostname":"Glebs-MacBook-Pro.local","reqId":"b95f287e-66a1-4a4d-8e15-817814fc4a97","event":"request_completed","requestId":"b95f287e-66a1-4a4d-8e15-817814fc4a97","method":"POST","route":"/api/v1/auth/login","statusCode":200,"latencyMs":29.49,"msg":"request completed"}
{"level":30,"time":1789777173959,"pid":19535,"hostname":"Glebs-MacBook-Pro.local","reqId":"3fae153c-d8bc-4101-b11a-4e419ab27591","event":"request_completed","requestId":"3fae153c-d8bc-4101-b11a-4e419ab27591","method":"GET","route":"/api/v1/auth/me","statusCode":200,"latencyMs":19.108,"msg":"request completed"}
{"level":30,"time":1789777173979,"pid":19535,"hostname":"Glebs-MacBook-Pro.local","reqId":"fc034945-d221-478f-96b3-904851749b50","event":"request_completed","requestId":"fc034945-d221-478f-96b3-904851749b50","method":"GET","route":"/api/v1/notifications","statusCode":200,"latencyMs":37.814,"msg":"request completed"}
{"level":30,"time":1789777174019,"pid":19535,"hostname":"Glebs-MacBook-Pro.local","reqId":"9598c792-410c-4879-bba7-24b2522ca97b","event":"request_completed","requestId":"9598c792-410c-4879-bba7-24b2522ca97b","method":"GET","route":"/api/v1/home","statusCode":200,"latencyMs":76.375,"msg":"request completed"}
{"level":30,"time":1789777174292,"pid":19535,"hostname":"Glebs-MacBook-Pro.local","reqId":"8896e573-5997-4b54-ae71-df73eee87bf9","event":"request_completed","requestId":"8896e573-5997-4b54-ae71-df73eee87bf9","method":"GET","route":"/api/v1/auth/me","statusCode":200,"latencyMs":9.045,"msg":"request completed"}
{"level":30,"time":1789777174326,"pid":19535,"hostname":"Glebs-MacBook-Pro.local","reqId":"26e2dffc-bfdc-438f-ab50-8b454450c92d","event":"request_completed","requestId":"26e2dffc-bfdc-438f-ab50-8b454450c92d","method":"GET","route":"/api/v1/notifications","statusCode":200,"latencyMs":27.212,"msg":"request completed"}
  ✓  36 [chromium-mobile-390] › tests/e2e/stage2-home.spec.ts:63:5 › AT-HOME-003 Home keeps navigation after a fetch error (940ms)
{"level":30,"time":1789777174722,"pid":19535,"hostname":"Glebs-MacBook-Pro.local","reqId":"6be28ed4-5e30-4232-998c-869f44cf1f9a","event":"request_completed","requestId":"6be28ed4-5e30-4232-998c-869f44cf1f9a","method":"GET","route":"/api/v1/auth/me","statusCode":401,"latencyMs":0.134,"msg":"request completed"}
{"level":30,"time":1789777174894,"pid":19535,"hostname":"Glebs-MacBook-Pro.local","reqId":"8e9eff54-728e-4a28-b459-a2885f39f458","event":"request_completed","requestId":"8e9eff54-728e-4a28-b459-a2885f39f458","method":"POST","route":"/api/v1/auth/login","statusCode":200,"latencyMs":24.37,"msg":"request completed"}
{"level":30,"time":1789777174903,"pid":19535,"hostname":"Glebs-MacBook-Pro.local","reqId":"06a97326-dab9-43ed-9ed9-ee4a84b290d2","event":"request_completed","requestId":"06a97326-dab9-43ed-9ed9-ee4a84b290d2","method":"GET","route":"/api/v1/auth/me","statusCode":200,"latencyMs":6.222,"msg":"request completed"}
{"level":30,"time":1789777174913,"pid":19535,"hostname":"Glebs-MacBook-Pro.local","reqId":"09e5a257-8d3a-4535-940c-2a0cdd4735e5","event":"request_completed","requestId":"09e5a257-8d3a-4535-940c-2a0cdd4735e5","method":"PATCH","route":"/api/v1/me/onboarding","statusCode":200,"latencyMs":8.514,"msg":"request completed"}
{"level":30,"time":1789777174916,"pid":19535,"hostname":"Glebs-MacBook-Pro.local","reqId":"71ee2b2e-a609-4e10-beb0-0e107a85d5b6","event":"request_completed","requestId":"71ee2b2e-a609-4e10-beb0-0e107a85d5b6","method":"GET","route":"/api/v1/notifications","statusCode":200,"latencyMs":17.179,"msg":"request completed"}
{"level":30,"time":1789777174944,"pid":19535,"hostname":"Glebs-MacBook-Pro.local","reqId":"89db5680-1dc0-4569-b993-117e4c1c5756","event":"request_completed","requestId":"89db5680-1dc0-4569-b993-117e4c1c5756","method":"GET","route":"/api/v1/auth/me","statusCode":200,"latencyMs":4.003,"msg":"request completed"}
{"level":30,"time":1789777174962,"pid":19535,"hostname":"Glebs-MacBook-Pro.local","reqId":"0abb1ae2-e7f1-4cbd-b3b0-c5f11ce608a2","event":"request_completed","requestId":"0abb1ae2-e7f1-4cbd-b3b0-c5f11ce608a2","method":"GET","route":"/api/v1/home","statusCode":200,"latencyMs":59.425,"msg":"request completed"}
{"level":30,"time":1789777174971,"pid":19535,"hostname":"Glebs-MacBook-Pro.local","reqId":"54310c79-81e3-48f3-8278-f2aa3d97cf58","event":"request_completed","requestId":"54310c79-81e3-48f3-8278-f2aa3d97cf58","method":"GET","route":"/api/v1/notifications","statusCode":200,"latencyMs":17.767,"msg":"request completed"}
{"level":30,"time":1789777175007,"pid":19535,"hostname":"Glebs-MacBook-Pro.local","reqId":"4353a937-2455-46fa-8e37-1d16d76732e4","event":"request_completed","requestId":"4353a937-2455-46fa-8e37-1d16d76732e4","method":"GET","route":"/api/v1/home","statusCode":200,"latencyMs":53.631,"msg":"request completed"}
{"level":30,"time":1789777175007,"pid":19535,"hostname":"Glebs-MacBook-Pro.local","reqId":"f69e21d0-49c6-46bf-89a2-0b1be77a5cec","event":"request_completed","requestId":"f69e21d0-49c6-46bf-89a2-0b1be77a5cec","method":"GET","route":"/api/v1/home","statusCode":200,"latencyMs":51.93,"msg":"request completed"}
{"level":30,"time":1789777175315,"pid":19535,"hostname":"Glebs-MacBook-Pro.local","reqId":"3715a021-9b3a-47ae-97f4-61117c82ba70","event":"request_completed","requestId":"3715a021-9b3a-47ae-97f4-61117c82ba70","method":"GET","route":"/api/v1/auth/me","statusCode":200,"latencyMs":9.918,"msg":"request completed"}
{"level":30,"time":1789777175344,"pid":19535,"hostname":"Glebs-MacBook-Pro.local","reqId":"2ef474d5-eb21-4afe-8a94-1e69dd0099da","event":"request_completed","requestId":"2ef474d5-eb21-4afe-8a94-1e69dd0099da","method":"GET","route":"/api/v1/notifications","statusCode":200,"latencyMs":23.628,"msg":"request completed"}
  ✓  37 [chromium-mobile-390] › tests/e2e/stage2-home.spec.ts:83:5 › HOME-007 finished match keeps sides and score first with a side-specific winner mark (1.1s)
{"level":30,"time":1789777175797,"pid":19535,"hostname":"Glebs-MacBook-Pro.local","reqId":"3c734a73-eadd-4d95-8492-f9be9c201764","event":"request_completed","requestId":"3c734a73-eadd-4d95-8492-f9be9c201764","method":"GET","route":"/api/v1/auth/me","statusCode":401,"latencyMs":0.155,"msg":"request completed"}
{"level":30,"time":1789777175974,"pid":19535,"hostname":"Glebs-MacBook-Pro.local","reqId":"e829e327-d60e-452e-857d-c6a6479754c9","event":"request_completed","requestId":"e829e327-d60e-452e-857d-c6a6479754c9","method":"POST","route":"/api/v1/auth/login","statusCode":200,"latencyMs":33.363,"msg":"request completed"}
{"level":30,"time":1789777175990,"pid":19535,"hostname":"Glebs-MacBook-Pro.local","reqId":"e0942a03-9684-4eb5-a687-adccc96f0f13","event":"request_completed","requestId":"e0942a03-9684-4eb5-a687-adccc96f0f13","method":"GET","route":"/api/v1/auth/me","statusCode":200,"latencyMs":14.199,"msg":"request completed"}
{"level":30,"time":1789777176011,"pid":19535,"hostname":"Glebs-MacBook-Pro.local","reqId":"76d6e951-3c6f-4b19-ba4e-d107df6c8690","event":"request_completed","requestId":"76d6e951-3c6f-4b19-ba4e-d107df6c8690","method":"GET","route":"/api/v1/notifications","statusCode":200,"latencyMs":33.811,"msg":"request completed"}
{"level":30,"time":1789777176049,"pid":19535,"hostname":"Glebs-MacBook-Pro.local","reqId":"ff197ae8-8359-4cc3-8f71-7968047a5224","event":"request_completed","requestId":"ff197ae8-8359-4cc3-8f71-7968047a5224","method":"GET","route":"/api/v1/home","statusCode":200,"latencyMs":69.355,"msg":"request completed"}
{"level":30,"time":1789777176071,"pid":19535,"hostname":"Glebs-MacBook-Pro.local","reqId":"e1f7edb6-e4bb-4a4d-b4f1-7cc0f19e2786","event":"request_completed","requestId":"e1f7edb6-e4bb-4a4d-b4f1-7cc0f19e2786","method":"GET","route":"/api/v1/home","statusCode":200,"latencyMs":46.489,"msg":"request completed"}
{"level":30,"time":1789777176386,"pid":19535,"hostname":"Glebs-MacBook-Pro.local","reqId":"f4c863c0-e187-479b-a286-1f417823af04","event":"request_completed","requestId":"f4c863c0-e187-479b-a286-1f417823af04","method":"GET","route":"/api/v1/auth/me","statusCode":200,"latencyMs":20.167,"msg":"request completed"}
{"level":30,"time":1789777176418,"pid":19535,"hostname":"Glebs-MacBook-Pro.local","reqId":"0a836a12-4840-4e85-8c5a-67a8118b12a0","event":"request_completed","requestId":"0a836a12-4840-4e85-8c5a-67a8118b12a0","method":"GET","route":"/api/v1/notifications","statusCode":200,"latencyMs":26.861,"msg":"request completed"}
  ✓  38 [chromium-mobile-390] › tests/e2e/stage2-home.spec.ts:139:5 › GAP-031 keeps overflow tasks collapsed until requested (1.0s)
{"level":30,"time":1789777176817,"pid":19535,"hostname":"Glebs-MacBook-Pro.local","reqId":"65936528-6863-4199-be46-d4deaecb0287","event":"request_completed","requestId":"65936528-6863-4199-be46-d4deaecb0287","method":"GET","route":"/api/v1/auth/me","statusCode":401,"latencyMs":0.146,"msg":"request completed"}
{"level":30,"time":1789777176985,"pid":19535,"hostname":"Glebs-MacBook-Pro.local","reqId":"f4056849-d1bf-49d2-98b6-814ad3b9dc45","event":"request_completed","requestId":"f4056849-d1bf-49d2-98b6-814ad3b9dc45","method":"POST","route":"/api/v1/auth/login","statusCode":200,"latencyMs":22.691,"msg":"request completed"}
{"level":30,"time":1789777176993,"pid":19535,"hostname":"Glebs-MacBook-Pro.local","reqId":"1d84f835-5006-492e-83b0-71440e1dc036","event":"request_completed","requestId":"1d84f835-5006-492e-83b0-71440e1dc036","method":"GET","route":"/api/v1/auth/me","statusCode":200,"latencyMs":5.682,"msg":"request completed"}
{"level":30,"time":1789777177008,"pid":19535,"hostname":"Glebs-MacBook-Pro.local","reqId":"136fd010-957a-438e-ba2a-0205a22b1901","event":"request_completed","requestId":"136fd010-957a-438e-ba2a-0205a22b1901","method":"GET","route":"/api/v1/notifications","statusCode":200,"latencyMs":18.883,"msg":"request completed"}
{"level":30,"time":1789777177023,"pid":19535,"hostname":"Glebs-MacBook-Pro.local","reqId":"a2a18ca9-08bb-4267-8dde-35d67608b0ca","event":"request_completed","requestId":"a2a18ca9-08bb-4267-8dde-35d67608b0ca","method":"GET","route":"/api/v1/auth/me","statusCode":200,"latencyMs":4.946,"msg":"request completed"}
{"level":30,"time":1789777177045,"pid":19535,"hostname":"Glebs-MacBook-Pro.local","reqId":"f9316c63-0224-47c7-96f6-2bc55580cf1e","event":"request_completed","requestId":"f9316c63-0224-47c7-96f6-2bc55580cf1e","method":"GET","route":"/api/v1/matches/create-options","statusCode":200,"latencyMs":11.632,"msg":"request completed"}
{"level":30,"time":1789777177047,"pid":19535,"hostname":"Glebs-MacBook-Pro.local","reqId":"364d1bde-a63f-4730-9798-4fed940a5dc1","event":"request_completed","requestId":"364d1bde-a63f-4730-9798-4fed940a5dc1","method":"GET","route":"/api/v1/notifications","statusCode":200,"latencyMs":13.995,"msg":"request completed"}
{"level":30,"time":1789777177050,"pid":19535,"hostname":"Glebs-MacBook-Pro.local","reqId":"8e400e67-be2b-45f1-ae56-9763cd7802e3","event":"request_completed","requestId":"8e400e67-be2b-45f1-ae56-9763cd7802e3","method":"GET","route":"/api/v1/home","statusCode":200,"latencyMs":58.458,"msg":"request completed"}
{"level":30,"time":1789777177156,"pid":19535,"hostname":"Glebs-MacBook-Pro.local","reqId":"7496dc77-4470-44c6-bc1d-afc358790ff7","event":"request_completed","requestId":"7496dc77-4470-44c6-bc1d-afc358790ff7","method":"POST","route":"/api/v1/matches","statusCode":200,"latencyMs":15.728,"msg":"request completed"}
{"level":30,"time":1789777177169,"pid":19535,"hostname":"Glebs-MacBook-Pro.local","reqId":"d4e184a2-a350-4a51-8b0b-3db49f3945ff","event":"request_completed","requestId":"d4e184a2-a350-4a51-8b0b-3db49f3945ff","method":"GET","route":"/api/v1/matches/:matchId","statusCode":200,"latencyMs":8.564,"msg":"request completed"}
{"level":30,"time":1789777177229,"pid":19535,"hostname":"Glebs-MacBook-Pro.local","reqId":"8ac4a8a7-9c92-479a-905d-4d6c66753879","event":"request_completed","requestId":"8ac4a8a7-9c92-479a-905d-4d6c66753879","method":"GET","route":"/api/v1/matches/:matchId","statusCode":200,"latencyMs":21.684,"msg":"request completed"}
{"level":30,"time":1789777177260,"pid":19535,"hostname":"Glebs-MacBook-Pro.local","reqId":"2f931474-7435-413b-ba9b-b9f54bfa6af4","event":"request_completed","requestId":"2f931474-7435-413b-ba9b-b9f54bfa6af4","method":"POST","route":"/api/v1/matches/:matchId/judge/acquire","statusCode":200,"latencyMs":29.424,"msg":"request completed"}
{"level":30,"time":1789777177272,"pid":19535,"hostname":"Glebs-MacBook-Pro.local","reqId":"3a2dfc15-751a-4005-9dbc-6f72ddf1021d","event":"request_completed","requestId":"3a2dfc15-751a-4005-9dbc-6f72ddf1021d","method":"GET","route":"/api/v1/matches/:matchId","statusCode":200,"latencyMs":10.176,"msg":"request completed"}
{"level":30,"time":1789777177283,"pid":19535,"hostname":"Glebs-MacBook-Pro.local","reqId":"023f6ae7-ae98-4ae4-8757-ef1a7bc46745","event":"request_completed","requestId":"023f6ae7-ae98-4ae4-8757-ef1a7bc46745","method":"POST","route":"/api/v1/matches/:matchId/judge/heartbeat","statusCode":200,"latencyMs":7.408,"msg":"request completed"}
{"level":30,"time":1789777177297,"pid":19535,"hostname":"Glebs-MacBook-Pro.local","reqId":"cd23b18f-d131-4aed-8dcd-a763102978a8","event":"request_completed","requestId":"cd23b18f-d131-4aed-8dcd-a763102978a8","method":"GET","route":"/api/v1/matches/:matchId","statusCode":200,"latencyMs":12.5,"msg":"request completed"}
{"level":30,"time":1789777177299,"pid":19535,"hostname":"Glebs-MacBook-Pro.local","reqId":"19867768-f65a-4f54-b305-00e61ddbafd5","event":"request_completed","requestId":"19867768-f65a-4f54-b305-00e61ddbafd5","method":"GET","route":"/api/v1/notifications","statusCode":200,"latencyMs":11.675,"msg":"request completed"}
{"level":30,"time":1789777177303,"pid":19535,"hostname":"Glebs-MacBook-Pro.local","reqId":"72fd42e3-7b81-46bf-8599-7a46fb5e68f1","event":"request_completed","requestId":"72fd42e3-7b81-46bf-8599-7a46fb5e68f1","method":"GET","route":"/api/v1/matches/:matchId","statusCode":200,"latencyMs":10.744,"msg":"request completed"}
{"level":30,"time":1789777177312,"pid":19535,"hostname":"Glebs-MacBook-Pro.local","reqId":"21660938-f02f-4c6b-a1af-63aeb0d43377","event":"request_completed","requestId":"21660938-f02f-4c6b-a1af-63aeb0d43377","method":"GET","route":"/api/v1/matches/:matchId","statusCode":200,"latencyMs":13.14,"msg":"request completed"}
{"level":30,"time":1789777177322,"pid":19535,"hostname":"Glebs-MacBook-Pro.local","reqId":"9329212d-d5b2-4e05-9bdb-405670c90d00","event":"request_completed","requestId":"9329212d-d5b2-4e05-9bdb-405670c90d00","method":"GET","route":"/api/v1/auth/me","statusCode":200,"latencyMs":4.549,"msg":"request completed"}
{"level":30,"time":1789777177336,"pid":19535,"hostname":"Glebs-MacBook-Pro.local","reqId":"f7851c7f-e1e0-479b-a4b8-56dbccc30450","event":"request_completed","requestId":"f7851c7f-e1e0-479b-a4b8-56dbccc30450","method":"GET","route":"/api/v1/matches/:matchId","statusCode":200,"latencyMs":11.529,"msg":"request completed"}
{"level":30,"time":1789777177357,"pid":19535,"hostname":"Glebs-MacBook-Pro.local","reqId":"75f66ce5-7b61-4227-a896-e76baef21213","event":"request_completed","requestId":"75f66ce5-7b61-4227-a896-e76baef21213","method":"POST","route":"/api/v1/matches/:matchId/judge/acquire","statusCode":200,"latencyMs":18.363,"msg":"request completed"}
{"level":30,"time":1789777177368,"pid":19535,"hostname":"Glebs-MacBook-Pro.local","reqId":"10c03f7d-5085-425d-b0a7-926b9c9d6d07","event":"request_completed","requestId":"10c03f7d-5085-425d-b0a7-926b9c9d6d07","method":"GET","route":"/api/v1/matches/:matchId","statusCode":200,"latencyMs":9.658,"msg":"request completed"}
{"level":30,"time":1789777177378,"pid":19535,"hostname":"Glebs-MacBook-Pro.local","reqId":"f3e1a889-146d-4c52-a317-4e6b6bd43dd0","event":"request_completed","requestId":"f3e1a889-146d-4c52-a317-4e6b6bd43dd0","method":"POST","route":"/api/v1/matches/:matchId/judge/heartbeat","statusCode":200,"latencyMs":6.753,"msg":"request completed"}
{"level":30,"time":1789777177391,"pid":19535,"hostname":"Glebs-MacBook-Pro.local","reqId":"dc633a8f-d242-494a-815b-4c03748080b7","event":"request_completed","requestId":"dc633a8f-d242-494a-815b-4c03748080b7","method":"GET","route":"/api/v1/matches/:matchId","statusCode":200,"latencyMs":11.308,"msg":"request completed"}
{"level":30,"time":1789777177470,"pid":19535,"hostname":"Glebs-MacBook-Pro.local","reqId":"21054c3c-ac21-4c40-880f-242956771849","event":"request_completed","requestId":"21054c3c-ac21-4c40-880f-242956771849","method":"POST","route":"/api/v1/matches/:matchId/judge/release","statusCode":200,"latencyMs":19.98,"msg":"request completed"}
{"level":30,"time":1789777177495,"pid":19535,"hostname":"Glebs-MacBook-Pro.local","reqId":"d53e9b0b-fde5-4de1-853b-6fb5613c3a70","event":"request_completed","requestId":"d53e9b0b-fde5-4de1-853b-6fb5613c3a70","method":"GET","route":"/api/v1/notifications","statusCode":200,"latencyMs":20.077,"msg":"request completed"}
{"level":30,"time":1789777177500,"pid":19535,"hostname":"Glebs-MacBook-Pro.local","reqId":"7e3e5ac1-95be-4711-a9b4-63f83dcd6c32","event":"request_completed","requestId":"7e3e5ac1-95be-4711-a9b4-63f83dcd6c32","method":"GET","route":"/api/v1/matches/:matchId","statusCode":200,"latencyMs":16.312,"msg":"request completed"}
{"level":30,"time":1789777177514,"pid":19535,"hostname":"Glebs-MacBook-Pro.local","reqId":"33fa00bf-1269-469f-951a-8ce96ffc3782","event":"request_completed","requestId":"33fa00bf-1269-469f-951a-8ce96ffc3782","method":"GET","route":"/api/v1/matches/:matchId","statusCode":200,"latencyMs":9.827,"msg":"request completed"}
{"level":30,"time":1789777177528,"pid":19535,"hostname":"Glebs-MacBook-Pro.local","reqId":"baef10d6-02f6-4139-b96e-d9f451a36f29","event":"request_completed","requestId":"baef10d6-02f6-4139-b96e-d9f451a36f29","method":"GET","route":"/api/v1/home","statusCode":200,"latencyMs":53.45,"msg":"request completed"}
{"level":30,"time":1789777177537,"pid":19535,"hostname":"Glebs-MacBook-Pro.local","reqId":"37929963-ca82-48f6-bc31-4562ca3f83fc","event":"request_completed","requestId":"37929963-ca82-48f6-bc31-4562ca3f83fc","method":"POST","route":"/api/v1/matches/:matchId/cancel","statusCode":200,"latencyMs":19.097,"msg":"request completed"}
  ✓  39 [chromium-mobile-390] › tests/e2e/stage2-home.spec.ts:161:5 › GAP-030 explicit Home releases judge slot; Browser Back is measured separately (1.1s)
{"level":30,"time":1789777177662,"pid":19535,"hostname":"Glebs-MacBook-Pro.local","reqId":"68919e01-9aa4-4b93-a0d9-f924c26dd633","event":"request_completed","requestId":"68919e01-9aa4-4b93-a0d9-f924c26dd633","method":"GET","route":"/health","statusCode":200,"latencyMs":0.123,"msg":"request completed"}
{"level":30,"time":1789777177692,"pid":19535,"hostname":"Glebs-MacBook-Pro.local","reqId":"d83939a9-8263-4229-92bf-9cb9de51c4f7","event":"request_completed","requestId":"d83939a9-8263-4229-92bf-9cb9de51c4f7","method":"POST","route":"/api/v1/auth/login","statusCode":200,"latencyMs":27.221,"msg":"request completed"}
{"level":30,"time":1789777177706,"pid":19535,"hostname":"Glebs-MacBook-Pro.local","reqId":"3d2a4bfd-77ca-4b6e-bbf4-68538c762ef1","event":"request_completed","requestId":"3d2a4bfd-77ca-4b6e-bbf4-68538c762ef1","method":"PATCH","route":"/api/v1/me/onboarding","statusCode":200,"latencyMs":11.277,"msg":"request completed"}
{"level":30,"time":1789777177710,"pid":19535,"hostname":"Glebs-MacBook-Pro.local","reqId":"5a41ef52-d486-4f7f-88c4-40c34328b621","event":"request_completed","requestId":"5a41ef52-d486-4f7f-88c4-40c34328b621","method":"GET","route":"/health","statusCode":200,"latencyMs":0.09,"msg":"request completed"}
{"level":30,"time":1789777177737,"pid":19535,"hostname":"Glebs-MacBook-Pro.local","reqId":"dd3334cd-d00d-4d61-855b-c1ec021b70c9","event":"request_completed","requestId":"dd3334cd-d00d-4d61-855b-c1ec021b70c9","method":"POST","route":"/api/v1/auth/login","statusCode":200,"latencyMs":24.199,"msg":"request completed"}
{"level":30,"time":1789777182783,"pid":19535,"hostname":"Glebs-MacBook-Pro.local","reqId":"048654aa-61f2-481c-8bae-e746357540a3","event":"request_completed","requestId":"048654aa-61f2-481c-8bae-e746357540a3","method":"PATCH","route":"/api/v1/me/onboarding","statusCode":200,"latencyMs":38.632,"msg":"request completed"}
{"level":30,"time":1789777182859,"pid":19535,"hostname":"Glebs-MacBook-Pro.local","reqId":"6122da46-e36b-4500-8f0e-72d097bd2e70","event":"request_completed","requestId":"6122da46-e36b-4500-8f0e-72d097bd2e70","method":"POST","route":"/api/v1/admin/users","statusCode":200,"latencyMs":68.32,"msg":"request completed"}
{"level":30,"time":1789777182894,"pid":19535,"hostname":"Glebs-MacBook-Pro.local","reqId":"370907ce-68dc-4c9f-a90e-94811ee8fa8e","event":"request_completed","requestId":"370907ce-68dc-4c9f-a90e-94811ee8fa8e","method":"POST","route":"/api/v1/auth/login","statusCode":200,"latencyMs":29.877,"msg":"request completed"}
{"level":30,"time":1789777182938,"pid":19535,"hostname":"Glebs-MacBook-Pro.local","reqId":"518a0644-348e-40c1-9c9e-791ad24584c9","event":"request_completed","requestId":"518a0644-348e-40c1-9c9e-791ad24584c9","method":"POST","route":"/api/v1/auth/password/first-change","statusCode":200,"latencyMs":38.942,"msg":"request completed"}
{"level":30,"time":1789777182983,"pid":19535,"hostname":"Glebs-MacBook-Pro.local","reqId":"659813fb-6012-47de-94fb-a2986adab755","event":"request_completed","requestId":"659813fb-6012-47de-94fb-a2986adab755","method":"POST","route":"/api/v1/teams","statusCode":200,"latencyMs":40.283,"msg":"request completed"}
{"level":30,"time":1789777183252,"pid":19535,"hostname":"Glebs-MacBook-Pro.local","reqId":"562639f3-e6f2-49df-817d-fecc8fd57a06","event":"request_completed","requestId":"562639f3-e6f2-49df-817d-fecc8fd57a06","method":"GET","route":"/api/v1/auth/me","statusCode":401,"latencyMs":0.158,"msg":"request completed"}
{"level":30,"time":1789777183428,"pid":19535,"hostname":"Glebs-MacBook-Pro.local","reqId":"60bb8e07-8110-4b99-9166-fbc5ca9567c3","event":"request_completed","requestId":"60bb8e07-8110-4b99-9166-fbc5ca9567c3","method":"POST","route":"/api/v1/auth/login","statusCode":200,"latencyMs":27.576,"msg":"request completed"}
{"level":30,"time":1789777183451,"pid":19535,"hostname":"Glebs-MacBook-Pro.local","reqId":"b2349a2b-3f66-4010-998c-4073dc319946","event":"request_completed","requestId":"b2349a2b-3f66-4010-998c-4073dc319946","method":"GET","route":"/api/v1/auth/me","statusCode":200,"latencyMs":20.394,"msg":"request completed"}
{"level":30,"time":1789777183467,"pid":19535,"hostname":"Glebs-MacBook-Pro.local","reqId":"86a30497-6ca8-44a5-8e71-b1d60d30ad6c","event":"request_completed","requestId":"86a30497-6ca8-44a5-8e71-b1d60d30ad6c","method":"GET","route":"/api/v1/notifications","statusCode":200,"latencyMs":35.447,"msg":"request completed"}
{"level":30,"time":1789777183499,"pid":19535,"hostname":"Glebs-MacBook-Pro.local","reqId":"c44929ab-d4d9-4e33-9803-8d9e2f6431eb","event":"request_completed","requestId":"c44929ab-d4d9-4e33-9803-8d9e2f6431eb","method":"GET","route":"/api/v1/home","statusCode":200,"latencyMs":65.58,"msg":"request completed"}
{"level":30,"time":1789777183508,"pid":19535,"hostname":"Glebs-MacBook-Pro.local","reqId":"ca340430-6003-4d11-b3d2-e721b280878a","event":"request_completed","requestId":"ca340430-6003-4d11-b3d2-e721b280878a","method":"GET","route":"/api/v1/auth/me","statusCode":200,"latencyMs":4.14,"msg":"request completed"}
{"level":30,"time":1789777183526,"pid":19535,"hostname":"Glebs-MacBook-Pro.local","reqId":"83dc8f7b-bd35-48b2-a50c-8ee99f0f14ef","event":"request_completed","requestId":"83dc8f7b-bd35-48b2-a50c-8ee99f0f14ef","method":"GET","route":"/api/v1/auth/sessions","statusCode":200,"latencyMs":9.95,"msg":"request completed"}
{"level":30,"time":1789777183534,"pid":19535,"hostname":"Glebs-MacBook-Pro.local","reqId":"9f8c25b3-687a-45eb-b955-746ccbef6f03","event":"request_completed","requestId":"9f8c25b3-687a-45eb-b955-746ccbef6f03","method":"GET","route":"/api/v1/notifications","statusCode":200,"latencyMs":18.641,"msg":"request completed"}
{"level":30,"time":1789777183540,"pid":19535,"hostname":"Glebs-MacBook-Pro.local","reqId":"21e897c0-f3d2-42e9-bb09-b16a5a812a42","event":"request_completed","requestId":"21e897c0-f3d2-42e9-bb09-b16a5a812a42","method":"GET","route":"/api/v1/profile/me","statusCode":200,"latencyMs":23.562,"msg":"request completed"}
{"level":30,"time":1789777183569,"pid":19535,"hostname":"Glebs-MacBook-Pro.local","reqId":"a001b248-2f55-4925-972d-0d044156fc09","event":"request_completed","requestId":"a001b248-2f55-4925-972d-0d044156fc09","method":"GET","route":"/api/v1/home","statusCode":200,"latencyMs":52.03,"msg":"request completed"}
{"level":30,"time":1789777183688,"pid":19535,"hostname":"Glebs-MacBook-Pro.local","reqId":"96aca5a6-2495-4ff7-91be-1df2c8a9b9bd","event":"request_completed","requestId":"96aca5a6-2495-4ff7-91be-1df2c8a9b9bd","method":"PATCH","route":"/api/v1/profile/me","statusCode":200,"latencyMs":11.621,"msg":"request completed"}
{"level":30,"time":1789777183731,"pid":19535,"hostname":"Glebs-MacBook-Pro.local","reqId":"0d1de72c-022e-4e6e-ad1b-e6ab5a2c0a3d","event":"request_completed","requestId":"0d1de72c-022e-4e6e-ad1b-e6ab5a2c0a3d","method":"GET","route":"/api/v1/profile/me","statusCode":200,"latencyMs":40.552,"msg":"request completed"}
{"level":30,"time":1789777183801,"pid":19535,"hostname":"Glebs-MacBook-Pro.local","reqId":"861c4a2a-eeea-409d-a907-543603178159","event":"request_completed","requestId":"861c4a2a-eeea-409d-a907-543603178159","method":"GET","route":"/api/v1/profile/me","statusCode":200,"latencyMs":34.442,"msg":"request completed"}
{"level":30,"time":1789777183815,"pid":19535,"hostname":"Glebs-MacBook-Pro.local","reqId":"150cb817-d90e-4481-991c-1394c3d5c0fc","event":"request_completed","requestId":"150cb817-d90e-4481-991c-1394c3d5c0fc","method":"GET","route":"/api/v1/auth/sessions","statusCode":200,"latencyMs":10.921,"msg":"request completed"}
{"level":30,"time":1789777183905,"pid":19535,"hostname":"Glebs-MacBook-Pro.local","reqId":"6b48f4cb-04b5-46f9-b418-99a8c72ec353","event":"request_completed","requestId":"6b48f4cb-04b5-46f9-b418-99a8c72ec353","method":"DELETE","route":"/api/v1/auth/sessions/:sessionId","statusCode":200,"latencyMs":12.969,"msg":"request completed"}
{"level":30,"time":1789777183922,"pid":19535,"hostname":"Glebs-MacBook-Pro.local","reqId":"d66c5e81-0d9f-4806-8cf9-900ffb2a7764","event":"request_completed","requestId":"d66c5e81-0d9f-4806-8cf9-900ffb2a7764","method":"GET","route":"/api/v1/auth/sessions","statusCode":200,"latencyMs":15.794,"msg":"request completed"}
{"level":30,"time":1789777183985,"pid":19535,"hostname":"Glebs-MacBook-Pro.local","reqId":"30948ffc-a95e-4141-ba8e-2a290499c4ba","event":"request_completed","requestId":"30948ffc-a95e-4141-ba8e-2a290499c4ba","method":"GET","route":"/api/v1/auth/me","statusCode":401,"latencyMs":4.593,"msg":"request completed"}
{"level":30,"time":1789777184249,"pid":19535,"hostname":"Glebs-MacBook-Pro.local","reqId":"b845fad5-de36-4991-af11-786a8d5ea417","event":"request_completed","requestId":"b845fad5-de36-4991-af11-786a8d5ea417","method":"GET","route":"/api/v1/auth/me","statusCode":200,"latencyMs":9.431,"msg":"request completed"}
{"level":30,"time":1789777184273,"pid":19535,"hostname":"Glebs-MacBook-Pro.local","reqId":"45b2788c-e2fc-4b0e-93ef-4654639c1b35","event":"request_completed","requestId":"45b2788c-e2fc-4b0e-93ef-4654639c1b35","method":"GET","route":"/api/v1/rankings","statusCode":200,"latencyMs":18.569,"msg":"request completed"}
{"level":30,"time":1789777184283,"pid":19535,"hostname":"Glebs-MacBook-Pro.local","reqId":"94d78138-89f1-499a-87c4-0cbf6c83b275","event":"request_completed","requestId":"94d78138-89f1-499a-87c4-0cbf6c83b275","method":"GET","route":"/api/v1/notifications","statusCode":200,"latencyMs":28.599,"msg":"request completed"}
{"level":30,"time":1789777184366,"pid":19535,"hostname":"Glebs-MacBook-Pro.local","reqId":"14846837-17ab-4815-8c37-a4db05741957","event":"request_completed","requestId":"14846837-17ab-4815-8c37-a4db05741957","method":"GET","route":"/api/v1/rankings","statusCode":200,"latencyMs":24.045,"msg":"request completed"}
{"level":30,"time":1789777184440,"pid":19535,"hostname":"Glebs-MacBook-Pro.local","reqId":"1550ea14-98d8-4feb-9438-df9bf5e32033","event":"request_completed","requestId":"1550ea14-98d8-4feb-9438-df9bf5e32033","method":"GET","route":"/api/v1/rankings","statusCode":200,"latencyMs":34.895,"msg":"request completed"}
{"level":30,"time":1789777184476,"pid":19535,"hostname":"Glebs-MacBook-Pro.local","reqId":"61eec67a-69b9-460e-940d-d47ff295ee6f","event":"request_completed","requestId":"61eec67a-69b9-460e-940d-d47ff295ee6f","method":"GET","route":"/api/v1/rankings","statusCode":200,"latencyMs":38.433,"msg":"request completed"}
{"level":30,"time":1789777184546,"pid":19535,"hostname":"Glebs-MacBook-Pro.local","reqId":"5e2e6d72-fb13-4ac7-b6d7-b11130b6fa08","event":"request_completed","requestId":"5e2e6d72-fb13-4ac7-b6d7-b11130b6fa08","method":"GET","route":"/api/v1/rankings","statusCode":200,"latencyMs":24.191,"msg":"request completed"}
{"level":30,"time":1789777184578,"pid":19535,"hostname":"Glebs-MacBook-Pro.local","reqId":"632b6852-2be7-4986-bc68-5f1884ac03e9","event":"request_completed","requestId":"632b6852-2be7-4986-bc68-5f1884ac03e9","method":"GET","route":"/api/v1/rankings","statusCode":200,"latencyMs":23.083,"msg":"request completed"}
{"level":30,"time":1789777184701,"pid":19535,"hostname":"Glebs-MacBook-Pro.local","reqId":"17c5a27b-8fc4-4fbe-9137-cbf86ee84527","event":"request_completed","requestId":"17c5a27b-8fc4-4fbe-9137-cbf86ee84527","method":"GET","route":"/api/v1/players/:userId","statusCode":200,"latencyMs":27.95,"msg":"request completed"}
{"level":30,"time":1789777184835,"pid":19535,"hostname":"Glebs-MacBook-Pro.local","reqId":"aee4c700-824a-45a0-b36c-97fbf68b5d86","event":"request_completed","requestId":"aee4c700-824a-45a0-b36c-97fbf68b5d86","method":"GET","route":"/api/v1/auth/me","statusCode":200,"latencyMs":8.129,"msg":"request completed"}
{"level":30,"time":1789777184878,"pid":19535,"hostname":"Glebs-MacBook-Pro.local","reqId":"e565d9e4-454f-4a58-a20b-d92567b743dd","event":"request_completed","requestId":"e565d9e4-454f-4a58-a20b-d92567b743dd","method":"GET","route":"/api/v1/matches/create-options","statusCode":200,"latencyMs":28.732,"msg":"request completed"}
{"level":30,"time":1789777184880,"pid":19535,"hostname":"Glebs-MacBook-Pro.local","reqId":"b7234223-b961-4a19-9079-9d0c76401917","event":"request_completed","requestId":"b7234223-b961-4a19-9079-9d0c76401917","method":"GET","route":"/api/v1/notifications","statusCode":200,"latencyMs":31.51,"msg":"request completed"}
  ✓  40 [chromium-mobile-390] › tests/e2e/wave-b.spec.ts:44:5 › Wave B AT-PROFILE-001..005 AT-RANK-005..006 own edit, revoke, team and private public card (7.4s)
{"level":30,"time":1789777185052,"pid":19535,"hostname":"Glebs-MacBook-Pro.local","reqId":"c13116bc-0ef1-4597-9e2c-17188da0a19a","event":"request_completed","requestId":"c13116bc-0ef1-4597-9e2c-17188da0a19a","method":"GET","route":"/health","statusCode":200,"latencyMs":0.14,"msg":"request completed"}
{"level":30,"time":1789777185099,"pid":19535,"hostname":"Glebs-MacBook-Pro.local","reqId":"35cd8f57-6244-4e35-8a5f-1b22533bc2ab","event":"request_completed","requestId":"35cd8f57-6244-4e35-8a5f-1b22533bc2ab","method":"POST","route":"/api/v1/auth/login","statusCode":200,"latencyMs":43.531,"msg":"request completed"}
{"level":30,"time":1789777185109,"pid":19535,"hostname":"Glebs-MacBook-Pro.local","reqId":"0d61341c-6a51-455d-aca9-8bae69c8afc7","event":"request_completed","requestId":"0d61341c-6a51-455d-aca9-8bae69c8afc7","method":"PATCH","route":"/api/v1/me/onboarding","statusCode":200,"latencyMs":6.431,"msg":"request completed"}
{"level":30,"time":1789777185157,"pid":19535,"hostname":"Glebs-MacBook-Pro.local","reqId":"6407c10e-98a8-4d56-9c40-85582b097992","event":"request_completed","requestId":"6407c10e-98a8-4d56-9c40-85582b097992","method":"POST","route":"/api/v1/matches","statusCode":200,"latencyMs":44.786,"msg":"request completed"}
{"level":30,"time":1789777185186,"pid":19535,"hostname":"Glebs-MacBook-Pro.local","reqId":"55fecce1-12a4-4c86-a069-cf63975b48f2","event":"request_completed","requestId":"55fecce1-12a4-4c86-a069-cf63975b48f2","method":"POST","route":"/api/v1/matches/:matchId/cancel","statusCode":200,"latencyMs":25.578,"msg":"request completed"}
{"level":30,"time":1789777185207,"pid":19535,"hostname":"Glebs-MacBook-Pro.local","reqId":"10725a4b-9311-41fd-afe8-896f17fb0d6d","event":"request_completed","requestId":"10725a4b-9311-41fd-afe8-896f17fb0d6d","method":"POST","route":"/api/v1/matches","statusCode":200,"latencyMs":16.686,"msg":"request completed"}
{"level":30,"time":1789777185232,"pid":19535,"hostname":"Glebs-MacBook-Pro.local","reqId":"bba7cdf3-159d-45e5-9823-0e254f97c688","event":"request_completed","requestId":"bba7cdf3-159d-45e5-9823-0e254f97c688","method":"POST","route":"/api/v1/matches/:matchId/cancel","statusCode":200,"latencyMs":21.229,"msg":"request completed"}
{"level":30,"time":1789777185251,"pid":19535,"hostname":"Glebs-MacBook-Pro.local","reqId":"2a166ec1-06e2-4dec-95b4-4307a516fb65","event":"request_completed","requestId":"2a166ec1-06e2-4dec-95b4-4307a516fb65","method":"POST","route":"/api/v1/matches","statusCode":200,"latencyMs":15.941,"msg":"request completed"}
{"level":30,"time":1789777185275,"pid":19535,"hostname":"Glebs-MacBook-Pro.local","reqId":"581564da-7c39-4aba-902a-5af2c342b5e6","event":"request_completed","requestId":"581564da-7c39-4aba-902a-5af2c342b5e6","method":"POST","route":"/api/v1/matches/:matchId/cancel","statusCode":200,"latencyMs":20.354,"msg":"request completed"}
{"level":30,"time":1789777185293,"pid":19535,"hostname":"Glebs-MacBook-Pro.local","reqId":"c9e16a97-1a26-4eed-8108-5dd3fe71ef75","event":"request_completed","requestId":"c9e16a97-1a26-4eed-8108-5dd3fe71ef75","method":"POST","route":"/api/v1/matches","statusCode":200,"latencyMs":15.186,"msg":"request completed"}
{"level":30,"time":1789777185317,"pid":19535,"hostname":"Glebs-MacBook-Pro.local","reqId":"aee5380b-dd0e-4224-9b7f-a7db6648eb43","event":"request_completed","requestId":"aee5380b-dd0e-4224-9b7f-a7db6648eb43","method":"POST","route":"/api/v1/matches/:matchId/cancel","statusCode":200,"latencyMs":20.547,"msg":"request completed"}
{"level":30,"time":1789777185335,"pid":19535,"hostname":"Glebs-MacBook-Pro.local","reqId":"4ce5dddf-5c4e-47e4-b968-fa1cecbaca9f","event":"request_completed","requestId":"4ce5dddf-5c4e-47e4-b968-fa1cecbaca9f","method":"POST","route":"/api/v1/matches","statusCode":200,"latencyMs":15.378,"msg":"request completed"}
{"level":30,"time":1789777185358,"pid":19535,"hostname":"Glebs-MacBook-Pro.local","reqId":"42a9c958-6809-4726-a32c-4a838c0b2efb","event":"request_completed","requestId":"42a9c958-6809-4726-a32c-4a838c0b2efb","method":"POST","route":"/api/v1/matches/:matchId/cancel","statusCode":200,"latencyMs":18.832,"msg":"request completed"}
{"level":30,"time":1789777185377,"pid":19535,"hostname":"Glebs-MacBook-Pro.local","reqId":"6b996578-5a28-41d4-b292-0ecaa3219b21","event":"request_completed","requestId":"6b996578-5a28-41d4-b292-0ecaa3219b21","method":"POST","route":"/api/v1/matches","statusCode":200,"latencyMs":15.737,"msg":"request completed"}
{"level":30,"time":1789777185399,"pid":19535,"hostname":"Glebs-MacBook-Pro.local","reqId":"9304d460-7a8c-4794-9a6f-0567c31f618f","event":"request_completed","requestId":"9304d460-7a8c-4794-9a6f-0567c31f618f","method":"POST","route":"/api/v1/matches/:matchId/cancel","statusCode":200,"latencyMs":19.266,"msg":"request completed"}
{"level":30,"time":1789777185418,"pid":19535,"hostname":"Glebs-MacBook-Pro.local","reqId":"c990e956-e5d0-424d-bbcc-97ec9e9378b9","event":"request_completed","requestId":"c990e956-e5d0-424d-bbcc-97ec9e9378b9","method":"POST","route":"/api/v1/matches","statusCode":200,"latencyMs":15.173,"msg":"request completed"}
{"level":30,"time":1789777185442,"pid":19535,"hostname":"Glebs-MacBook-Pro.local","reqId":"0fa5822e-098b-4e43-8d6d-3ef53ab15393","event":"request_completed","requestId":"0fa5822e-098b-4e43-8d6d-3ef53ab15393","method":"POST","route":"/api/v1/matches/:matchId/cancel","statusCode":200,"latencyMs":20.618,"msg":"request completed"}
{"level":30,"time":1789777185461,"pid":19535,"hostname":"Glebs-MacBook-Pro.local","reqId":"116c7a30-a045-4ad3-9bd2-643bcdf070ab","event":"request_completed","requestId":"116c7a30-a045-4ad3-9bd2-643bcdf070ab","method":"POST","route":"/api/v1/matches","statusCode":200,"latencyMs":16.032,"msg":"request completed"}
{"level":30,"time":1789777185485,"pid":19535,"hostname":"Glebs-MacBook-Pro.local","reqId":"1210abba-1636-4d32-85a3-30f87a277ca6","event":"request_completed","requestId":"1210abba-1636-4d32-85a3-30f87a277ca6","method":"POST","route":"/api/v1/matches/:matchId/cancel","statusCode":200,"latencyMs":20.518,"msg":"request completed"}
{"level":30,"time":1789777185504,"pid":19535,"hostname":"Glebs-MacBook-Pro.local","reqId":"2f2c829e-3b10-4a97-93ff-a6d3f36b266a","event":"request_completed","requestId":"2f2c829e-3b10-4a97-93ff-a6d3f36b266a","method":"POST","route":"/api/v1/matches","statusCode":200,"latencyMs":15.57,"msg":"request completed"}
{"level":30,"time":1789777185525,"pid":19535,"hostname":"Glebs-MacBook-Pro.local","reqId":"bdeb7904-d675-487d-944f-103625942e83","event":"request_completed","requestId":"bdeb7904-d675-487d-944f-103625942e83","method":"POST","route":"/api/v1/matches/:matchId/cancel","statusCode":200,"latencyMs":17.9,"msg":"request completed"}
{"level":30,"time":1789777185545,"pid":19535,"hostname":"Glebs-MacBook-Pro.local","reqId":"354cede2-9e38-4929-9f87-6e65d65ef99e","event":"request_completed","requestId":"354cede2-9e38-4929-9f87-6e65d65ef99e","method":"POST","route":"/api/v1/matches","statusCode":200,"latencyMs":16.453,"msg":"request completed"}
{"level":30,"time":1789777185569,"pid":19535,"hostname":"Glebs-MacBook-Pro.local","reqId":"f1ea882f-6646-41d1-99e1-08fc51269582","event":"request_completed","requestId":"f1ea882f-6646-41d1-99e1-08fc51269582","method":"POST","route":"/api/v1/matches/:matchId/cancel","statusCode":200,"latencyMs":20.864,"msg":"request completed"}
{"level":30,"time":1789777185589,"pid":19535,"hostname":"Glebs-MacBook-Pro.local","reqId":"ea67c751-ac81-479f-8891-df8e4b2e1c7e","event":"request_completed","requestId":"ea67c751-ac81-479f-8891-df8e4b2e1c7e","method":"POST","route":"/api/v1/matches","statusCode":200,"latencyMs":16.922,"msg":"request completed"}
{"level":30,"time":1789777185612,"pid":19535,"hostname":"Glebs-MacBook-Pro.local","reqId":"4a401c77-d74d-48aa-9952-dcd883b0b359","event":"request_completed","requestId":"4a401c77-d74d-48aa-9952-dcd883b0b359","method":"POST","route":"/api/v1/matches/:matchId/cancel","statusCode":200,"latencyMs":19.724,"msg":"request completed"}
{"level":30,"time":1789777185629,"pid":19535,"hostname":"Glebs-MacBook-Pro.local","reqId":"6dc77b43-9832-43d8-9732-e5e25b15dcfe","event":"request_completed","requestId":"6dc77b43-9832-43d8-9732-e5e25b15dcfe","method":"POST","route":"/api/v1/matches","statusCode":200,"latencyMs":13.567,"msg":"request completed"}
{"level":30,"time":1789777185652,"pid":19535,"hostname":"Glebs-MacBook-Pro.local","reqId":"da1fd41b-75e6-4d7d-b29d-5e47b721152c","event":"request_completed","requestId":"da1fd41b-75e6-4d7d-b29d-5e47b721152c","method":"POST","route":"/api/v1/matches/:matchId/cancel","statusCode":200,"latencyMs":19.422,"msg":"request completed"}
{"level":30,"time":1789777185670,"pid":19535,"hostname":"Glebs-MacBook-Pro.local","reqId":"ff4c8904-9396-47b3-8792-e8a6386b4cdb","event":"request_completed","requestId":"ff4c8904-9396-47b3-8792-e8a6386b4cdb","method":"POST","route":"/api/v1/matches","statusCode":200,"latencyMs":14.484,"msg":"request completed"}
{"level":30,"time":1789777185692,"pid":19535,"hostname":"Glebs-MacBook-Pro.local","reqId":"1f035735-e6fe-41b0-ba92-0a21c0b83f4b","event":"request_completed","requestId":"1f035735-e6fe-41b0-ba92-0a21c0b83f4b","method":"POST","route":"/api/v1/matches/:matchId/cancel","statusCode":200,"latencyMs":19.773,"msg":"request completed"}
{"level":30,"time":1789777185711,"pid":19535,"hostname":"Glebs-MacBook-Pro.local","reqId":"d48c56c0-9675-4906-8342-48a2a134b148","event":"request_completed","requestId":"d48c56c0-9675-4906-8342-48a2a134b148","method":"POST","route":"/api/v1/matches","statusCode":200,"latencyMs":15.181,"msg":"request completed"}
{"level":30,"time":1789777185734,"pid":19535,"hostname":"Glebs-MacBook-Pro.local","reqId":"a43d9d88-7670-4bfa-b332-e0a7323586aa","event":"request_completed","requestId":"a43d9d88-7670-4bfa-b332-e0a7323586aa","method":"POST","route":"/api/v1/matches/:matchId/cancel","statusCode":200,"latencyMs":20.637,"msg":"request completed"}
{"level":30,"time":1789777185753,"pid":19535,"hostname":"Glebs-MacBook-Pro.local","reqId":"f19828ec-2f56-4ce2-8feb-f8984bac92f6","event":"request_completed","requestId":"f19828ec-2f56-4ce2-8feb-f8984bac92f6","method":"POST","route":"/api/v1/matches","statusCode":200,"latencyMs":14.898,"msg":"request completed"}
{"level":30,"time":1789777185776,"pid":19535,"hostname":"Glebs-MacBook-Pro.local","reqId":"b4c37255-29fc-4e8e-ac92-e330c2482879","event":"request_completed","requestId":"b4c37255-29fc-4e8e-ac92-e330c2482879","method":"POST","route":"/api/v1/matches/:matchId/cancel","statusCode":200,"latencyMs":20.983,"msg":"request completed"}
{"level":30,"time":1789777185796,"pid":19535,"hostname":"Glebs-MacBook-Pro.local","reqId":"bd70b30f-b6b8-4892-b38f-f2b6f496a081","event":"request_completed","requestId":"bd70b30f-b6b8-4892-b38f-f2b6f496a081","method":"POST","route":"/api/v1/matches","statusCode":200,"latencyMs":16.178,"msg":"request completed"}
{"level":30,"time":1789777185818,"pid":19535,"hostname":"Glebs-MacBook-Pro.local","reqId":"249ead95-1b8d-44e7-abee-388a8b70eea7","event":"request_completed","requestId":"249ead95-1b8d-44e7-abee-388a8b70eea7","method":"POST","route":"/api/v1/matches/:matchId/cancel","statusCode":200,"latencyMs":18.157,"msg":"request completed"}
{"level":30,"time":1789777185837,"pid":19535,"hostname":"Glebs-MacBook-Pro.local","reqId":"209b1ed5-adfc-4eb0-a284-80411d2f74d7","event":"request_completed","requestId":"209b1ed5-adfc-4eb0-a284-80411d2f74d7","method":"POST","route":"/api/v1/matches","statusCode":200,"latencyMs":16.128,"msg":"request completed"}
{"level":30,"time":1789777185859,"pid":19535,"hostname":"Glebs-MacBook-Pro.local","reqId":"31860a20-3e96-472a-a8c8-ed884ea639a0","event":"request_completed","requestId":"31860a20-3e96-472a-a8c8-ed884ea639a0","method":"POST","route":"/api/v1/matches/:matchId/cancel","statusCode":200,"latencyMs":17.791,"msg":"request completed"}
{"level":30,"time":1789777185878,"pid":19535,"hostname":"Glebs-MacBook-Pro.local","reqId":"80aadce6-8349-41cb-bd10-0c8a60913401","event":"request_completed","requestId":"80aadce6-8349-41cb-bd10-0c8a60913401","method":"POST","route":"/api/v1/matches","statusCode":200,"latencyMs":16.146,"msg":"request completed"}
{"level":30,"time":1789777185903,"pid":19535,"hostname":"Glebs-MacBook-Pro.local","reqId":"9a5922bf-3526-4fbb-838e-ce89c5afd2a5","event":"request_completed","requestId":"9a5922bf-3526-4fbb-838e-ce89c5afd2a5","method":"POST","route":"/api/v1/matches/:matchId/cancel","statusCode":200,"latencyMs":21.729,"msg":"request completed"}
{"level":30,"time":1789777185923,"pid":19535,"hostname":"Glebs-MacBook-Pro.local","reqId":"54bcc072-3bf0-4fe6-afd7-294734ea4355","event":"request_completed","requestId":"54bcc072-3bf0-4fe6-afd7-294734ea4355","method":"POST","route":"/api/v1/matches","statusCode":200,"latencyMs":15.599,"msg":"request completed"}
{"level":30,"time":1789777185947,"pid":19535,"hostname":"Glebs-MacBook-Pro.local","reqId":"dda6dd42-c3b1-4e6a-a0df-a211ad32389a","event":"request_completed","requestId":"dda6dd42-c3b1-4e6a-a0df-a211ad32389a","method":"POST","route":"/api/v1/matches/:matchId/cancel","statusCode":200,"latencyMs":21.071,"msg":"request completed"}
{"level":30,"time":1789777185966,"pid":19535,"hostname":"Glebs-MacBook-Pro.local","reqId":"8348bb9c-859a-4260-85fb-7ee436329805","event":"request_completed","requestId":"8348bb9c-859a-4260-85fb-7ee436329805","method":"POST","route":"/api/v1/matches","statusCode":200,"latencyMs":15.116,"msg":"request completed"}
{"level":30,"time":1789777185989,"pid":19535,"hostname":"Glebs-MacBook-Pro.local","reqId":"444222a6-d328-44b4-840a-8ab3f1011d0f","event":"request_completed","requestId":"444222a6-d328-44b4-840a-8ab3f1011d0f","method":"POST","route":"/api/v1/matches/:matchId/cancel","statusCode":200,"latencyMs":19.465,"msg":"request completed"}
{"level":30,"time":1789777186010,"pid":19535,"hostname":"Glebs-MacBook-Pro.local","reqId":"3ce12736-5d9f-41ac-8fe5-d1eccd7be7f5","event":"request_completed","requestId":"3ce12736-5d9f-41ac-8fe5-d1eccd7be7f5","method":"POST","route":"/api/v1/matches","statusCode":200,"latencyMs":17.781,"msg":"request completed"}
{"level":30,"time":1789777186034,"pid":19535,"hostname":"Glebs-MacBook-Pro.local","reqId":"eb230e65-2a78-4744-92cd-28566c0acf92","event":"request_completed","requestId":"eb230e65-2a78-4744-92cd-28566c0acf92","method":"POST","route":"/api/v1/matches/:matchId/cancel","statusCode":200,"latencyMs":20.721,"msg":"request completed"}
{"level":30,"time":1789777186302,"pid":19535,"hostname":"Glebs-MacBook-Pro.local","reqId":"1dfaab7a-3d75-4082-b1b1-8c535bfa25d2","event":"request_completed","requestId":"1dfaab7a-3d75-4082-b1b1-8c535bfa25d2","method":"GET","route":"/api/v1/auth/me","statusCode":401,"latencyMs":0.137,"msg":"request completed"}
{"level":30,"time":1789777186485,"pid":19535,"hostname":"Glebs-MacBook-Pro.local","reqId":"0d3b9401-959c-4ac3-80e7-9a94833d39e0","event":"request_completed","requestId":"0d3b9401-959c-4ac3-80e7-9a94833d39e0","method":"POST","route":"/api/v1/auth/login","statusCode":200,"latencyMs":35.158,"msg":"request completed"}
{"level":30,"time":1789777186499,"pid":19535,"hostname":"Glebs-MacBook-Pro.local","reqId":"d5314caf-f40f-4d3d-b746-1d9338a10dd8","event":"request_completed","requestId":"d5314caf-f40f-4d3d-b746-1d9338a10dd8","method":"GET","route":"/api/v1/auth/me","statusCode":200,"latencyMs":11.684,"msg":"request completed"}
{"level":30,"time":1789777186513,"pid":19535,"hostname":"Glebs-MacBook-Pro.local","reqId":"abff178a-02c7-467e-be76-1c779bcf0386","event":"request_completed","requestId":"abff178a-02c7-467e-be76-1c779bcf0386","method":"GET","route":"/api/v1/notifications","statusCode":200,"latencyMs":24.433,"msg":"request completed"}
{"level":30,"time":1789777186537,"pid":19535,"hostname":"Glebs-MacBook-Pro.local","reqId":"dfdeca96-dbce-4c3f-8c4f-ff1d1a5ed2d6","event":"request_completed","requestId":"dfdeca96-dbce-4c3f-8c4f-ff1d1a5ed2d6","method":"GET","route":"/api/v1/home","statusCode":200,"latencyMs":45.549,"msg":"request completed"}
{"level":30,"time":1789777186559,"pid":19535,"hostname":"Glebs-MacBook-Pro.local","reqId":"77c942fd-287b-471f-af6c-5b89f7aa852c","event":"request_completed","requestId":"77c942fd-287b-471f-af6c-5b89f7aa852c","method":"GET","route":"/api/v1/auth/me","statusCode":200,"latencyMs":4.457,"msg":"request completed"}
{"level":30,"time":1789777186583,"pid":19535,"hostname":"Glebs-MacBook-Pro.local","reqId":"f247b6d4-6002-4b6c-96b1-596d2e57c5b9","event":"request_completed","requestId":"f247b6d4-6002-4b6c-96b1-596d2e57c5b9","method":"GET","route":"/api/v1/history","statusCode":200,"latencyMs":14.96,"msg":"request completed"}
{"level":30,"time":1789777186586,"pid":19535,"hostname":"Glebs-MacBook-Pro.local","reqId":"fe0a1bbe-8c52-4577-abe7-7ace6b8a60cd","event":"request_completed","requestId":"fe0a1bbe-8c52-4577-abe7-7ace6b8a60cd","method":"GET","route":"/api/v1/notifications","statusCode":200,"latencyMs":18.708,"msg":"request completed"}
{"level":30,"time":1789777186636,"pid":19535,"hostname":"Glebs-MacBook-Pro.local","reqId":"acc05c35-b657-40dc-b74c-d576779c6951","event":"request_completed","requestId":"acc05c35-b657-40dc-b74c-d576779c6951","method":"GET","route":"/api/v1/history","statusCode":200,"latencyMs":22.3,"msg":"request completed"}
{"level":30,"time":1789777186718,"pid":19535,"hostname":"Glebs-MacBook-Pro.local","reqId":"3aa98439-cb13-4292-a63d-b8ace577387f","event":"request_completed","requestId":"3aa98439-cb13-4292-a63d-b8ace577387f","method":"GET","route":"/api/v1/history","statusCode":200,"latencyMs":22.742,"msg":"request completed"}
{"level":30,"time":1789777186820,"pid":19535,"hostname":"Glebs-MacBook-Pro.local","reqId":"e8b33378-2091-44c9-a793-c529cc59f20a","event":"request_completed","requestId":"e8b33378-2091-44c9-a793-c529cc59f20a","method":"GET","route":"/api/v1/history","statusCode":200,"latencyMs":25.171,"msg":"request completed"}
{"level":30,"time":1789777186896,"pid":19535,"hostname":"Glebs-MacBook-Pro.local","reqId":"edaaa725-f891-4fe8-941b-baa6e9431ae5","event":"request_completed","requestId":"edaaa725-f891-4fe8-941b-baa6e9431ae5","method":"GET","route":"/api/v1/history","statusCode":200,"latencyMs":26.87,"msg":"request completed"}
{"level":30,"time":1789777186896,"pid":19535,"hostname":"Glebs-MacBook-Pro.local","reqId":"637e2afd-a6e2-45ba-b010-f9648e3f0561","event":"request_completed","requestId":"637e2afd-a6e2-45ba-b010-f9648e3f0561","method":"GET","route":"/api/v1/matches/:matchId","statusCode":200,"latencyMs":32.861,"msg":"request completed"}
{"level":30,"time":1789777186905,"pid":19535,"hostname":"Glebs-MacBook-Pro.local","reqId":"0c0a3493-8160-4681-b68f-25060a941fd3","event":"request_completed","requestId":"0c0a3493-8160-4681-b68f-25060a941fd3","method":"GET","route":"/api/v1/history","statusCode":200,"latencyMs":7.345,"msg":"request completed"}
  ✓  41 [chromium-mobile-390] › tests/e2e/wave-b.spec.ts:124:5 › Wave B AT-VIS-003 history pagination and detail return keep context (2.1s)
{"level":30,"time":1789777187133,"pid":19535,"hostname":"Glebs-MacBook-Pro.local","reqId":"a22d93f9-069b-4a8c-b6de-03807c303d37","event":"request_completed","requestId":"a22d93f9-069b-4a8c-b6de-03807c303d37","method":"GET","route":"/health","statusCode":200,"latencyMs":0.136,"msg":"request completed"}
{"level":30,"time":1789777187167,"pid":19535,"hostname":"Glebs-MacBook-Pro.local","reqId":"5f897238-33c0-44d9-9b4e-d3818dae733f","event":"request_completed","requestId":"5f897238-33c0-44d9-9b4e-d3818dae733f","method":"POST","route":"/api/v1/auth/login","statusCode":200,"latencyMs":30.596,"msg":"request completed"}
{"level":30,"time":1789777187182,"pid":19535,"hostname":"Glebs-MacBook-Pro.local","reqId":"23f02daf-c64c-4b37-94ac-23d2f07e0121","event":"request_completed","requestId":"23f02daf-c64c-4b37-94ac-23d2f07e0121","method":"PATCH","route":"/api/v1/me/onboarding","statusCode":200,"latencyMs":11.226,"msg":"request completed"}
{"level":30,"time":1789777187220,"pid":19535,"hostname":"Glebs-MacBook-Pro.local","reqId":"6950d175-1702-43e8-b1cb-9831f97aa01d","event":"request_completed","requestId":"6950d175-1702-43e8-b1cb-9831f97aa01d","method":"POST","route":"/api/v1/admin/users","statusCode":200,"latencyMs":34.841,"msg":"request completed"}
{"level":30,"time":1789777187245,"pid":19535,"hostname":"Glebs-MacBook-Pro.local","reqId":"a4128c41-5298-4746-811f-462735840554","event":"request_completed","requestId":"a4128c41-5298-4746-811f-462735840554","method":"POST","route":"/api/v1/auth/login","statusCode":200,"latencyMs":19.797,"msg":"request completed"}
{"level":30,"time":1789777187274,"pid":19535,"hostname":"Glebs-MacBook-Pro.local","reqId":"0ce6cfda-ca7c-4c65-ad74-d7449d2f8488","event":"request_completed","requestId":"0ce6cfda-ca7c-4c65-ad74-d7449d2f8488","method":"POST","route":"/api/v1/auth/password/first-change","statusCode":200,"latencyMs":25.376,"msg":"request completed"}
{"level":30,"time":1789777187283,"pid":19535,"hostname":"Glebs-MacBook-Pro.local","reqId":"c962d39f-c77d-46d2-9dae-0827bbbe0cb2","event":"request_completed","requestId":"c962d39f-c77d-46d2-9dae-0827bbbe0cb2","method":"PATCH","route":"/api/v1/me/onboarding","statusCode":200,"latencyMs":4.979,"msg":"request completed"}
{"level":30,"time":1789777187299,"pid":19535,"hostname":"Glebs-MacBook-Pro.local","reqId":"86ef7099-475f-4b1e-b846-610487a23db5","event":"request_completed","requestId":"86ef7099-475f-4b1e-b846-610487a23db5","method":"POST","route":"/api/v1/teams","statusCode":200,"latencyMs":13.131,"msg":"request completed"}
{"level":30,"time":1789777187313,"pid":19535,"hostname":"Glebs-MacBook-Pro.local","reqId":"06dda809-d57c-4939-96c6-69f158b6d5b6","event":"request_completed","requestId":"06dda809-d57c-4939-96c6-69f158b6d5b6","method":"POST","route":"/api/v1/teams/:id/invite","statusCode":200,"latencyMs":11.124,"msg":"request completed"}
{"level":30,"time":1789777187330,"pid":19535,"hostname":"Glebs-MacBook-Pro.local","reqId":"ef668f59-8a9d-45b0-ba83-e2c131816e71","event":"request_completed","requestId":"ef668f59-8a9d-45b0-ba83-e2c131816e71","method":"POST","route":"/api/v1/team-invitations/:id/respond","statusCode":200,"latencyMs":13.781,"msg":"request completed"}
{"level":30,"time":1789777187593,"pid":19535,"hostname":"Glebs-MacBook-Pro.local","reqId":"2f10575b-b013-4ed6-aeef-adb7df4eed64","event":"request_completed","requestId":"2f10575b-b013-4ed6-aeef-adb7df4eed64","method":"GET","route":"/api/v1/auth/me","statusCode":401,"latencyMs":0.122,"msg":"request completed"}
{"level":30,"time":1789777187753,"pid":19535,"hostname":"Glebs-MacBook-Pro.local","reqId":"8b99a20e-8633-494b-83ee-533d7df20de9","event":"request_completed","requestId":"8b99a20e-8633-494b-83ee-533d7df20de9","method":"POST","route":"/api/v1/auth/login","statusCode":200,"latencyMs":25.935,"msg":"request completed"}
{"level":30,"time":1789777187767,"pid":19535,"hostname":"Glebs-MacBook-Pro.local","reqId":"a9773d3f-c529-41fc-bdca-bb5ca34972c2","event":"request_completed","requestId":"a9773d3f-c529-41fc-bdca-bb5ca34972c2","method":"GET","route":"/api/v1/auth/me","statusCode":200,"latencyMs":11.848,"msg":"request completed"}
{"level":30,"time":1789777187791,"pid":19535,"hostname":"Glebs-MacBook-Pro.local","reqId":"5389d63c-ed29-4490-84e2-7f328074d2dd","event":"request_completed","requestId":"5389d63c-ed29-4490-84e2-7f328074d2dd","method":"GET","route":"/api/v1/notifications","statusCode":200,"latencyMs":33.174,"msg":"request completed"}
{"level":30,"time":1789777187820,"pid":19535,"hostname":"Glebs-MacBook-Pro.local","reqId":"1d27604e-5ee2-4ed0-be2f-22251db2f050","event":"request_completed","requestId":"1d27604e-5ee2-4ed0-be2f-22251db2f050","method":"GET","route":"/api/v1/home","statusCode":200,"latencyMs":59.516,"msg":"request completed"}
{"level":30,"time":1789777187836,"pid":19535,"hostname":"Glebs-MacBook-Pro.local","reqId":"0cf79460-f5b4-45cf-9ddb-074f1e71c6fa","event":"request_completed","requestId":"0cf79460-f5b4-45cf-9ddb-074f1e71c6fa","method":"GET","route":"/api/v1/auth/me","statusCode":200,"latencyMs":5.083,"msg":"request completed"}
{"level":30,"time":1789777187858,"pid":19535,"hostname":"Glebs-MacBook-Pro.local","reqId":"c5a9b6be-5d55-401b-942c-837a9306de59","event":"request_completed","requestId":"c5a9b6be-5d55-401b-942c-837a9306de59","method":"GET","route":"/api/v1/matches/create-options","statusCode":200,"latencyMs":11.936,"msg":"request completed"}
{"level":30,"time":1789777187860,"pid":19535,"hostname":"Glebs-MacBook-Pro.local","reqId":"6c3cd7ea-f069-46e5-9e9e-43117bec6306","event":"request_completed","requestId":"6c3cd7ea-f069-46e5-9e9e-43117bec6306","method":"GET","route":"/api/v1/notifications","statusCode":200,"latencyMs":14.056,"msg":"request completed"}
{"level":30,"time":1789777188203,"pid":19535,"hostname":"Glebs-MacBook-Pro.local","reqId":"4de1033b-9fce-493b-a984-3d760cc7d425","event":"request_completed","requestId":"4de1033b-9fce-493b-a984-3d760cc7d425","method":"POST","route":"/api/v1/matches","statusCode":200,"latencyMs":49.676,"msg":"request completed"}
{"level":30,"time":1789777188232,"pid":19535,"hostname":"Glebs-MacBook-Pro.local","reqId":"cbc9ab69-af77-4deb-b082-75c429f21c73","event":"request_completed","requestId":"cbc9ab69-af77-4deb-b082-75c429f21c73","method":"GET","route":"/api/v1/matches/:matchId","statusCode":200,"latencyMs":24.775,"msg":"request completed"}
{"level":30,"time":1789777188258,"pid":19535,"hostname":"Glebs-MacBook-Pro.local","reqId":"7c49de5c-70e7-44ac-84e7-3b3d0b6c4949","event":"request_completed","requestId":"7c49de5c-70e7-44ac-84e7-3b3d0b6c4949","method":"GET","route":"/api/v1/matches/:matchId","statusCode":200,"latencyMs":16.737,"msg":"request completed"}
{"level":30,"time":1789777188398,"pid":19535,"hostname":"Glebs-MacBook-Pro.local","reqId":"762d94e3-5068-4fe4-8024-1dfe638681c2","event":"request_completed","requestId":"762d94e3-5068-4fe4-8024-1dfe638681c2","method":"POST","route":"/api/v1/matches/:matchId/no-show","statusCode":200,"latencyMs":77.714,"msg":"request completed"}
{"level":30,"time":1789777188423,"pid":19535,"hostname":"Glebs-MacBook-Pro.local","reqId":"682003f2-067d-4e91-8e2b-d83613a6e99e","event":"request_completed","requestId":"682003f2-067d-4e91-8e2b-d83613a6e99e","method":"GET","route":"/api/v1/matches/:matchId","statusCode":200,"latencyMs":17.447,"msg":"request completed"}
{"level":30,"time":1789777188449,"pid":19535,"hostname":"Glebs-MacBook-Pro.local","reqId":"3789fd73-36eb-47bc-b396-d0140cae9d7c","event":"request_completed","requestId":"3789fd73-36eb-47bc-b396-d0140cae9d7c","method":"GET","route":"/api/v1/auth/me","statusCode":200,"latencyMs":9.956,"msg":"request completed"}
{"level":30,"time":1789777188471,"pid":19535,"hostname":"Glebs-MacBook-Pro.local","reqId":"ace8a7c4-cd3c-45ce-8232-bba5d4a297cb","event":"request_completed","requestId":"ace8a7c4-cd3c-45ce-8232-bba5d4a297cb","method":"GET","route":"/api/v1/matches/create-options","statusCode":200,"latencyMs":14.872,"msg":"request completed"}
{"level":30,"time":1789777188473,"pid":19535,"hostname":"Glebs-MacBook-Pro.local","reqId":"99139e00-d78d-4204-9bef-6c1ef5e32c74","event":"request_completed","requestId":"99139e00-d78d-4204-9bef-6c1ef5e32c74","method":"GET","route":"/api/v1/notifications","statusCode":200,"latencyMs":17.623,"msg":"request completed"}
  ✓  42 [chromium-mobile-390] › tests/e2e/wave-c.spec.ts:38:5 › Wave C AT-MATCH-013_016 2v2 team selection, rules, no-show and hidden revenge (1.5s)
{"level":30,"time":1789777188639,"pid":19535,"hostname":"Glebs-MacBook-Pro.local","reqId":"1c86bbcd-5891-4040-85d8-c6c769a0ec65","event":"request_completed","requestId":"1c86bbcd-5891-4040-85d8-c6c769a0ec65","method":"GET","route":"/health","statusCode":200,"latencyMs":0.124,"msg":"request completed"}
{"level":30,"time":1789777188669,"pid":19535,"hostname":"Glebs-MacBook-Pro.local","reqId":"889f086c-2fa3-48e6-8026-ba598b55db52","event":"request_completed","requestId":"889f086c-2fa3-48e6-8026-ba598b55db52","method":"POST","route":"/api/v1/auth/login","statusCode":200,"latencyMs":26.815,"msg":"request completed"}
{"level":30,"time":1789777188683,"pid":19535,"hostname":"Glebs-MacBook-Pro.local","reqId":"9a65b0b1-1792-43b5-af15-94243417f58c","event":"request_completed","requestId":"9a65b0b1-1792-43b5-af15-94243417f58c","method":"PATCH","route":"/api/v1/me/onboarding","statusCode":200,"latencyMs":10.802,"msg":"request completed"}
{"level":30,"time":1789777188724,"pid":19535,"hostname":"Glebs-MacBook-Pro.local","reqId":"694f3166-61ef-4dea-b784-e328a636825c","event":"request_completed","requestId":"694f3166-61ef-4dea-b784-e328a636825c","method":"POST","route":"/api/v1/admin/users","statusCode":200,"latencyMs":37.403,"msg":"request completed"}
{"level":30,"time":1789777188753,"pid":19535,"hostname":"Glebs-MacBook-Pro.local","reqId":"a2138b32-5c5a-4654-8ff4-e97bb65c4e0e","event":"request_completed","requestId":"a2138b32-5c5a-4654-8ff4-e97bb65c4e0e","method":"POST","route":"/api/v1/auth/login","statusCode":200,"latencyMs":24.869,"msg":"request completed"}
{"level":30,"time":1789777188793,"pid":19535,"hostname":"Glebs-MacBook-Pro.local","reqId":"92f93205-8045-48d6-9359-cee7a2196dda","event":"request_completed","requestId":"92f93205-8045-48d6-9359-cee7a2196dda","method":"POST","route":"/api/v1/auth/password/first-change","statusCode":200,"latencyMs":36.767,"msg":"request completed"}
{"level":30,"time":1789777188809,"pid":19535,"hostname":"Glebs-MacBook-Pro.local","reqId":"e514718a-91ef-423b-afca-729639f55bf9","event":"request_completed","requestId":"e514718a-91ef-423b-afca-729639f55bf9","method":"PATCH","route":"/api/v1/me/onboarding","statusCode":200,"latencyMs":11.594,"msg":"request completed"}
{"level":30,"time":1789777188891,"pid":19535,"hostname":"Glebs-MacBook-Pro.local","reqId":"28b984df-02d1-450f-9402-9ade01286f70","event":"request_completed","requestId":"28b984df-02d1-450f-9402-9ade01286f70","method":"GET","route":"/api/v1/profile/me","statusCode":200,"latencyMs":43.483,"msg":"request completed"}
{"level":30,"time":1789777188930,"pid":19535,"hostname":"Glebs-MacBook-Pro.local","reqId":"646872b7-58a0-4829-bbc6-1495983db4fb","event":"request_completed","requestId":"646872b7-58a0-4829-bbc6-1495983db4fb","method":"POST","route":"/api/v1/matches","statusCode":200,"latencyMs":35.257,"msg":"request completed"}
{"level":30,"time":1789777189194,"pid":19535,"hostname":"Glebs-MacBook-Pro.local","reqId":"4545da29-5440-4f3e-b142-1ff4614dcb96","event":"request_completed","requestId":"4545da29-5440-4f3e-b142-1ff4614dcb96","method":"GET","route":"/api/v1/auth/me","statusCode":401,"latencyMs":0.161,"msg":"request completed"}
{"level":30,"time":1789777189349,"pid":19535,"hostname":"Glebs-MacBook-Pro.local","reqId":"76d5040a-a127-4d6a-8c98-9e1dd8ea139b","event":"request_completed","requestId":"76d5040a-a127-4d6a-8c98-9e1dd8ea139b","method":"POST","route":"/api/v1/auth/login","statusCode":200,"latencyMs":20.984,"msg":"request completed"}
{"level":30,"time":1789777189356,"pid":19535,"hostname":"Glebs-MacBook-Pro.local","reqId":"5d428f25-b906-4bda-bcfe-d8d8e6374377","event":"request_completed","requestId":"5d428f25-b906-4bda-bcfe-d8d8e6374377","method":"GET","route":"/api/v1/auth/me","statusCode":200,"latencyMs":5.515,"msg":"request completed"}
{"level":30,"time":1789777189374,"pid":19535,"hostname":"Glebs-MacBook-Pro.local","reqId":"964a77b1-28e1-4e45-b829-b548f1f5d538","event":"request_completed","requestId":"964a77b1-28e1-4e45-b829-b548f1f5d538","method":"GET","route":"/api/v1/notifications","statusCode":200,"latencyMs":20.572,"msg":"request completed"}
{"level":30,"time":1789777189387,"pid":19535,"hostname":"Glebs-MacBook-Pro.local","reqId":"6f177e3d-40ff-4f41-8b54-a0566031052e","event":"request_completed","requestId":"6f177e3d-40ff-4f41-8b54-a0566031052e","method":"GET","route":"/api/v1/auth/me","statusCode":200,"latencyMs":5.439,"msg":"request completed"}
{"level":30,"time":1789777189403,"pid":19535,"hostname":"Glebs-MacBook-Pro.local","reqId":"632b69b0-f134-4ae2-9bce-4c15b14128db","event":"request_completed","requestId":"632b69b0-f134-4ae2-9bce-4c15b14128db","method":"GET","route":"/api/v1/home","statusCode":200,"latencyMs":48.167,"msg":"request completed"}
{"level":30,"time":1789777189404,"pid":19535,"hostname":"Glebs-MacBook-Pro.local","reqId":"ef08d331-b25e-4b78-833c-d5ac2bd38a21","event":"request_completed","requestId":"ef08d331-b25e-4b78-833c-d5ac2bd38a21","method":"GET","route":"/api/v1/matches/:matchId","statusCode":200,"latencyMs":10.908,"msg":"request completed"}
{"level":30,"time":1789777189429,"pid":19535,"hostname":"Glebs-MacBook-Pro.local","reqId":"7251c669-2713-4cb5-a071-a58b39fc7c8b","event":"request_completed","requestId":"7251c669-2713-4cb5-a071-a58b39fc7c8b","method":"POST","route":"/api/v1/matches/:matchId/judge/acquire","statusCode":200,"latencyMs":23.412,"msg":"request completed"}
{"level":30,"time":1789777189441,"pid":19535,"hostname":"Glebs-MacBook-Pro.local","reqId":"bd0d2d88-1df6-4b6a-bbc1-b20803be1ac0","event":"request_completed","requestId":"bd0d2d88-1df6-4b6a-bbc1-b20803be1ac0","method":"GET","route":"/api/v1/matches/:matchId","statusCode":200,"latencyMs":10.258,"msg":"request completed"}
{"level":30,"time":1789777189452,"pid":19535,"hostname":"Glebs-MacBook-Pro.local","reqId":"b459e93f-7798-454f-9236-f54e37ca1c7e","event":"request_completed","requestId":"b459e93f-7798-454f-9236-f54e37ca1c7e","method":"POST","route":"/api/v1/matches/:matchId/judge/heartbeat","statusCode":200,"latencyMs":6.532,"msg":"request completed"}
{"level":30,"time":1789777189465,"pid":19535,"hostname":"Glebs-MacBook-Pro.local","reqId":"24eb9871-5288-4450-bf06-0d86660dfa15","event":"request_completed","requestId":"24eb9871-5288-4450-bf06-0d86660dfa15","method":"GET","route":"/api/v1/matches/:matchId","statusCode":200,"latencyMs":11.052,"msg":"request completed"}
{"level":30,"time":1789777189555,"pid":19535,"hostname":"Glebs-MacBook-Pro.local","reqId":"63e7fad0-f831-4a5e-96da-ddf7b9caed50","event":"request_completed","requestId":"63e7fad0-f831-4a5e-96da-ddf7b9caed50","method":"POST","route":"/api/v1/matches/:matchId/start","statusCode":200,"latencyMs":35.706,"msg":"request completed"}
{"level":30,"time":1789777189578,"pid":19535,"hostname":"Glebs-MacBook-Pro.local","reqId":"4f5d13f2-3cb8-4f0f-981f-c29d520e26cf","event":"request_completed","requestId":"4f5d13f2-3cb8-4f0f-981f-c29d520e26cf","method":"POST","route":"/api/v1/matches/:matchId/judge/setup","statusCode":200,"latencyMs":20.93,"msg":"request completed"}
{"level":30,"time":1789777189589,"pid":19535,"hostname":"Glebs-MacBook-Pro.local","reqId":"71c45b06-f1fd-4601-81c2-1d20e179e7a9","event":"request_completed","requestId":"71c45b06-f1fd-4601-81c2-1d20e179e7a9","method":"POST","route":"/api/v1/matches/:matchId/judge/heartbeat","statusCode":200,"latencyMs":7.112,"msg":"request completed"}
{"level":30,"time":1789777189603,"pid":19535,"hostname":"Glebs-MacBook-Pro.local","reqId":"b16bd37e-2362-4e19-8547-ab80a55a353f","event":"request_completed","requestId":"b16bd37e-2362-4e19-8547-ab80a55a353f","method":"GET","route":"/api/v1/matches/:matchId","statusCode":200,"latencyMs":11.678,"msg":"request completed"}
{"level":30,"time":1789777189625,"pid":19535,"hostname":"Glebs-MacBook-Pro.local","reqId":"22c63911-6284-41bc-9f4d-a29aac9aa1f9","event":"request_completed","requestId":"22c63911-6284-41bc-9f4d-a29aac9aa1f9","method":"GET","route":"/api/v1/users/directory","statusCode":200,"latencyMs":6.09,"msg":"request completed"}
{"level":30,"time":1789777189732,"pid":19535,"hostname":"Glebs-MacBook-Pro.local","reqId":"387b7620-5198-4be8-b61e-98910c1be727","event":"request_completed","requestId":"387b7620-5198-4be8-b61e-98910c1be727","method":"POST","route":"/api/v1/matches/:matchId/manual-correction","statusCode":200,"latencyMs":28.38,"msg":"request completed"}
{"level":30,"time":1789777189891,"pid":19535,"hostname":"Glebs-MacBook-Pro.local","reqId":"924b64c4-ebda-4d3a-9059-d86c0e27b66b","event":"request_completed","requestId":"924b64c4-ebda-4d3a-9059-d86c0e27b66b","method":"POST","route":"/api/v1/matches/:matchId/points","statusCode":200,"latencyMs":70.033,"msg":"request completed"}
{"level":30,"time":1789777189918,"pid":19535,"hostname":"Glebs-MacBook-Pro.local","reqId":"7c7f1997-3c16-4632-9dd9-bc43a25a6cb4","event":"request_completed","requestId":"7c7f1997-3c16-4632-9dd9-bc43a25a6cb4","method":"GET","route":"/api/v1/matches/:matchId","statusCode":200,"latencyMs":17.366,"msg":"request completed"}
{"level":30,"time":1789777190017,"pid":19535,"hostname":"Glebs-MacBook-Pro.local","reqId":"d3a45ff2-a81d-4d0d-ba98-898db6cf86f7","event":"request_completed","requestId":"d3a45ff2-a81d-4d0d-ba98-898db6cf86f7","method":"POST","route":"/api/v1/matches/:matchId/undo","statusCode":200,"latencyMs":64.261,"msg":"request completed"}
{"level":30,"time":1789777190208,"pid":19535,"hostname":"Glebs-MacBook-Pro.local","reqId":"fc43e582-488a-48c9-b99e-6eccae16170d","event":"request_completed","requestId":"fc43e582-488a-48c9-b99e-6eccae16170d","method":"POST","route":"/api/v1/matches/:matchId/manual-correction","statusCode":200,"latencyMs":53.807,"msg":"request completed"}
{"level":30,"time":1789777190337,"pid":19535,"hostname":"Glebs-MacBook-Pro.local","reqId":"80460626-7113-4252-aac2-0cc389fb5276","event":"request_completed","requestId":"80460626-7113-4252-aac2-0cc389fb5276","method":"POST","route":"/api/v1/matches/:matchId/judge/handover","statusCode":200,"latencyMs":34.311,"msg":"request completed"}
{"level":30,"time":1789777190363,"pid":19535,"hostname":"Glebs-MacBook-Pro.local","reqId":"2c4be6a1-ace5-4664-a9c5-e9952522afc9","event":"request_completed","requestId":"2c4be6a1-ace5-4664-a9c5-e9952522afc9","method":"GET","route":"/api/v1/notifications","statusCode":200,"latencyMs":21.321,"msg":"request completed"}
{"level":30,"time":1789777190365,"pid":19535,"hostname":"Glebs-MacBook-Pro.local","reqId":"891a4b46-98a1-45f5-8134-57c04520d73f","event":"request_completed","requestId":"891a4b46-98a1-45f5-8134-57c04520d73f","method":"GET","route":"/api/v1/matches/:matchId","statusCode":200,"latencyMs":22.882,"msg":"request completed"}
{"level":30,"time":1789777190412,"pid":19535,"hostname":"Glebs-MacBook-Pro.local","reqId":"b6a74286-642b-4ec8-a94d-0d2c9f7504cb","event":"request_completed","requestId":"b6a74286-642b-4ec8-a94d-0d2c9f7504cb","method":"GET","route":"/api/v1/matches/:matchId","statusCode":200,"latencyMs":24.81,"msg":"request completed"}
{"level":30,"time":1789777190429,"pid":19535,"hostname":"Glebs-MacBook-Pro.local","reqId":"e08d63fe-a5ac-4b5e-a6d4-23b1a697a9e6","event":"request_completed","requestId":"e08d63fe-a5ac-4b5e-a6d4-23b1a697a9e6","method":"POST","route":"/api/v1/matches/:matchId/points","statusCode":400,"latencyMs":10.125,"msg":"request completed"}
{"level":30,"time":1789777190709,"pid":19535,"hostname":"Glebs-MacBook-Pro.local","reqId":"868ec671-50ec-4c7c-838f-4e8c92ac7e10","event":"request_completed","requestId":"868ec671-50ec-4c7c-838f-4e8c92ac7e10","method":"GET","route":"/api/v1/auth/me","statusCode":200,"latencyMs":8.913,"msg":"request completed"}
{"level":30,"time":1789777190773,"pid":19535,"hostname":"Glebs-MacBook-Pro.local","reqId":"b6b40d69-3ca0-4524-99d9-5d0bfd725128","event":"request_completed","requestId":"b6b40d69-3ca0-4524-99d9-5d0bfd725128","method":"GET","route":"/api/v1/matches/:matchId","statusCode":200,"latencyMs":33.563,"msg":"request completed"}
{"level":30,"time":1789777190809,"pid":19535,"hostname":"Glebs-MacBook-Pro.local","reqId":"ddc39ef9-caf1-40ef-9207-1976ad3003e7","event":"request_completed","requestId":"ddc39ef9-caf1-40ef-9207-1976ad3003e7","method":"POST","route":"/api/v1/matches/:matchId/judge/acquire","statusCode":200,"latencyMs":34.238,"msg":"request completed"}
{"level":30,"time":1789777190822,"pid":19535,"hostname":"Glebs-MacBook-Pro.local","reqId":"1c0a02a9-ed41-44f5-89db-d66c13a31083","event":"request_completed","requestId":"1c0a02a9-ed41-44f5-89db-d66c13a31083","method":"GET","route":"/api/v1/matches/:matchId","statusCode":200,"latencyMs":10.347,"msg":"request completed"}
{"level":30,"time":1789777190843,"pid":19535,"hostname":"Glebs-MacBook-Pro.local","reqId":"8333dbcf-d0b8-49f6-9de2-eaf280d3fae7","event":"request_completed","requestId":"8333dbcf-d0b8-49f6-9de2-eaf280d3fae7","method":"POST","route":"/api/v1/matches/:matchId/judge/heartbeat","statusCode":200,"latencyMs":12.945,"msg":"request completed"}
{"level":30,"time":1789777190860,"pid":19535,"hostname":"Glebs-MacBook-Pro.local","reqId":"12d249b9-5d55-4b10-a0a9-f1053594185f","event":"request_completed","requestId":"12d249b9-5d55-4b10-a0a9-f1053594185f","method":"GET","route":"/api/v1/matches/:matchId","statusCode":200,"latencyMs":14.6,"msg":"request completed"}
{"level":30,"time":1789777190938,"pid":19535,"hostname":"Glebs-MacBook-Pro.local","reqId":"80c918ff-abf6-4a97-ae0d-24a7f6cdf950","event":"request_completed","requestId":"80c918ff-abf6-4a97-ae0d-24a7f6cdf950","method":"POST","route":"/api/v1/matches/:matchId/points","statusCode":200,"latencyMs":44.345,"msg":"request completed"}
{"level":30,"time":1789777191067,"pid":19535,"hostname":"Glebs-MacBook-Pro.local","reqId":"fdd89ed2-d280-4f74-85e1-4d4b948622d3","event":"request_completed","requestId":"fdd89ed2-d280-4f74-85e1-4d4b948622d3","method":"POST","route":"/api/v1/matches/:matchId/confirm-finish","statusCode":200,"latencyMs":58.664,"msg":"request completed"}
{"level":30,"time":1789777191087,"pid":19535,"hostname":"Glebs-MacBook-Pro.local","reqId":"b3f9e745-9272-48b2-8e39-d46a47eecb96","event":"request_completed","requestId":"b3f9e745-9272-48b2-8e39-d46a47eecb96","method":"GET","route":"/api/v1/notifications","statusCode":200,"latencyMs":14.297,"msg":"request completed"}
{"level":30,"time":1789777191087,"pid":19535,"hostname":"Glebs-MacBook-Pro.local","reqId":"6954c430-21de-4003-b948-c563d6083da9","event":"request_completed","requestId":"6954c430-21de-4003-b948-c563d6083da9","method":"GET","route":"/api/v1/matches/:matchId","statusCode":200,"latencyMs":14.218,"msg":"request completed"}
{"level":30,"time":1789777196170,"pid":19535,"hostname":"Glebs-MacBook-Pro.local","reqId":"0b9e0000-ce3a-4c99-8617-9d6920e9cd28","event":"request_completed","requestId":"0b9e0000-ce3a-4c99-8617-9d6920e9cd28","method":"GET","route":"/api/v1/matches/:matchId","statusCode":200,"latencyMs":71.033,"msg":"request completed"}
{"level":30,"time":1789777196220,"pid":19535,"hostname":"Glebs-MacBook-Pro.local","reqId":"54b04825-1898-4c7b-a849-65f19e7cfeaf","event":"request_completed","requestId":"54b04825-1898-4c7b-a849-65f19e7cfeaf","method":"GET","route":"/api/v1/profile/me","statusCode":200,"latencyMs":42.037,"msg":"request completed"}
{"level":30,"time":1789777196249,"pid":19535,"hostname":"Glebs-MacBook-Pro.local","reqId":"22f9c026-959d-4c17-b1ea-0d7d0ff67474","event":"request_completed","requestId":"22f9c026-959d-4c17-b1ea-0d7d0ff67474","method":"GET","route":"/api/v1/profile/me","statusCode":200,"latencyMs":25.214,"msg":"request completed"}
{"level":30,"time":1789777196274,"pid":19535,"hostname":"Glebs-MacBook-Pro.local","reqId":"edb742a7-6c35-4d44-b35d-cb3ccd19c480","event":"request_completed","requestId":"edb742a7-6c35-4d44-b35d-cb3ccd19c480","method":"GET","route":"/api/v1/auth/me","statusCode":200,"latencyMs":7.937,"msg":"request completed"}
{"level":30,"time":1789777196310,"pid":19535,"hostname":"Glebs-MacBook-Pro.local","reqId":"fa399e79-f865-4180-82c0-56eac32ebbb8","event":"request_completed","requestId":"fa399e79-f865-4180-82c0-56eac32ebbb8","method":"GET","route":"/api/v1/notifications","statusCode":200,"latencyMs":25.792,"msg":"request completed"}
{"level":30,"time":1789777196311,"pid":19535,"hostname":"Glebs-MacBook-Pro.local","reqId":"63557864-9d16-4256-b288-2221d2b0232f","event":"request_completed","requestId":"63557864-9d16-4256-b288-2221d2b0232f","method":"GET","route":"/api/v1/matches/:matchId","statusCode":200,"latencyMs":25.684,"msg":"request completed"}
  ✓  43 [chromium-mobile-390] › tests/e2e/wave-c.spec.ts:79:5 › Wave C AT-JUDGE-004_010 correction, undo and two-client handover preserve authority (7.9s)
{"level":30,"time":1789777196597,"pid":19535,"hostname":"Glebs-MacBook-Pro.local","reqId":"36877529-5d9e-439e-9e37-caf7e91d7845","event":"request_completed","requestId":"36877529-5d9e-439e-9e37-caf7e91d7845","method":"GET","route":"/health","statusCode":200,"latencyMs":0.124,"msg":"request completed"}
{"level":30,"time":1789777196628,"pid":19535,"hostname":"Glebs-MacBook-Pro.local","reqId":"acfffa50-592c-4d8e-993a-e8ae8eb4d01d","event":"request_completed","requestId":"acfffa50-592c-4d8e-993a-e8ae8eb4d01d","method":"POST","route":"/api/v1/auth/login","statusCode":200,"latencyMs":27.804,"msg":"request completed"}
{"level":30,"time":1789777196643,"pid":19535,"hostname":"Glebs-MacBook-Pro.local","reqId":"405ed3cd-f55e-44c8-a364-4749ab5cba8b","event":"request_completed","requestId":"405ed3cd-f55e-44c8-a364-4749ab5cba8b","method":"PATCH","route":"/api/v1/me/onboarding","statusCode":200,"latencyMs":12.313,"msg":"request completed"}
{"level":30,"time":1789777196681,"pid":19535,"hostname":"Glebs-MacBook-Pro.local","reqId":"d7db1a63-0683-44a0-b4b1-8effadafc368","event":"request_completed","requestId":"d7db1a63-0683-44a0-b4b1-8effadafc368","method":"POST","route":"/api/v1/admin/users","statusCode":200,"latencyMs":34.299,"msg":"request completed"}
{"level":30,"time":1789777196710,"pid":19535,"hostname":"Glebs-MacBook-Pro.local","reqId":"d3798974-62ad-4a34-938f-2487edecf6e0","event":"request_completed","requestId":"d3798974-62ad-4a34-938f-2487edecf6e0","method":"POST","route":"/api/v1/auth/login","statusCode":200,"latencyMs":24.885,"msg":"request completed"}
{"level":30,"time":1789777196751,"pid":19535,"hostname":"Glebs-MacBook-Pro.local","reqId":"07cc01fd-9e37-47d2-b992-b6771672cc21","event":"request_completed","requestId":"07cc01fd-9e37-47d2-b992-b6771672cc21","method":"POST","route":"/api/v1/auth/password/first-change","statusCode":200,"latencyMs":37.76,"msg":"request completed"}
{"level":30,"time":1789777196765,"pid":19535,"hostname":"Glebs-MacBook-Pro.local","reqId":"180ad9f1-86cb-41a4-a421-1b5314c0608f","event":"request_completed","requestId":"180ad9f1-86cb-41a4-a421-1b5314c0608f","method":"PATCH","route":"/api/v1/me/onboarding","statusCode":200,"latencyMs":10.455,"msg":"request completed"}
{"level":30,"time":1789777196849,"pid":19535,"hostname":"Glebs-MacBook-Pro.local","reqId":"cd6f9ea7-3dd2-4930-bf0a-b096c48dca61","event":"request_completed","requestId":"cd6f9ea7-3dd2-4930-bf0a-b096c48dca61","method":"POST","route":"/api/v1/matches","statusCode":200,"latencyMs":42.222,"msg":"request completed"}
{"level":30,"time":1789777197130,"pid":19535,"hostname":"Glebs-MacBook-Pro.local","reqId":"0387831d-5a17-4c73-94cc-3dd32d35831d","event":"request_completed","requestId":"0387831d-5a17-4c73-94cc-3dd32d35831d","method":"GET","route":"/api/v1/auth/me","statusCode":200,"latencyMs":10.613,"msg":"request completed"}
{"level":30,"time":1789777197197,"pid":19535,"hostname":"Glebs-MacBook-Pro.local","reqId":"15015517-67bf-4d09-aa18-ed582e555af4","event":"request_completed","requestId":"15015517-67bf-4d09-aa18-ed582e555af4","method":"GET","route":"/api/v1/matches/:matchId","statusCode":403,"latencyMs":31.667,"msg":"request completed"}
{"level":30,"time":1789777197234,"pid":19535,"hostname":"Glebs-MacBook-Pro.local","reqId":"c4e56215-f107-4016-8bd7-bdbd9606624b","event":"request_completed","requestId":"c4e56215-f107-4016-8bd7-bdbd9606624b","method":"POST","route":"/api/v1/matches/:matchId/judge/acquire","statusCode":200,"latencyMs":35.478,"msg":"request completed"}
{"level":30,"time":1789777197247,"pid":19535,"hostname":"Glebs-MacBook-Pro.local","reqId":"df9beff2-606f-4e00-98b6-db2f80bc29e3","event":"request_completed","requestId":"df9beff2-606f-4e00-98b6-db2f80bc29e3","method":"GET","route":"/api/v1/matches/:matchId","statusCode":200,"latencyMs":10.997,"msg":"request completed"}
{"level":30,"time":1789777197263,"pid":19535,"hostname":"Glebs-MacBook-Pro.local","reqId":"22fac415-28fd-4d88-a37f-aceb7e9f54f4","event":"request_completed","requestId":"22fac415-28fd-4d88-a37f-aceb7e9f54f4","method":"POST","route":"/api/v1/matches/:matchId/judge/heartbeat","statusCode":200,"latencyMs":7.681,"msg":"request completed"}
{"level":30,"time":1789777197275,"pid":19535,"hostname":"Glebs-MacBook-Pro.local","reqId":"7beb2e76-8f82-43c8-970e-840955792c54","event":"request_completed","requestId":"7beb2e76-8f82-43c8-970e-840955792c54","method":"GET","route":"/api/v1/matches/:matchId","statusCode":200,"latencyMs":11.089,"msg":"request completed"}
{"level":30,"time":1789777197392,"pid":19535,"hostname":"Glebs-MacBook-Pro.local","reqId":"96de917b-7d38-4f49-8dfc-e3024925d1e7","event":"request_completed","requestId":"96de917b-7d38-4f49-8dfc-e3024925d1e7","method":"POST","route":"/api/v1/matches/:matchId/judge/setup","statusCode":200,"latencyMs":53.926,"msg":"request completed"}
{"level":30,"time":1789777197402,"pid":19535,"hostname":"Glebs-MacBook-Pro.local","reqId":"7ce830e4-de14-4b08-9cf4-b30e21efb66a","event":"request_completed","requestId":"7ce830e4-de14-4b08-9cf4-b30e21efb66a","method":"POST","route":"/api/v1/matches/:matchId/judge/heartbeat","statusCode":200,"latencyMs":6.664,"msg":"request completed"}
{"level":30,"time":1789777197415,"pid":19535,"hostname":"Glebs-MacBook-Pro.local","reqId":"14a33be6-b15a-49fc-9644-ff90cf761cac","event":"request_completed","requestId":"14a33be6-b15a-49fc-9644-ff90cf761cac","method":"GET","route":"/api/v1/matches/:matchId","statusCode":200,"latencyMs":11.61,"msg":"request completed"}
{"level":30,"time":1789777197444,"pid":19535,"hostname":"Glebs-MacBook-Pro.local","reqId":"98a72867-a335-4528-b09c-4c91d76b85bc","event":"request_completed","requestId":"98a72867-a335-4528-b09c-4c91d76b85bc","method":"GET","route":"/api/v1/matches/:matchId","statusCode":200,"latencyMs":20.941,"msg":"request completed"}
{"level":30,"time":1789777197723,"pid":19535,"hostname":"Glebs-MacBook-Pro.local","reqId":"210c2e3b-6ef4-4c36-85ea-c806f7b80cf0","event":"request_completed","requestId":"210c2e3b-6ef4-4c36-85ea-c806f7b80cf0","method":"GET","route":"/api/v1/auth/me","statusCode":401,"latencyMs":0.118,"msg":"request completed"}
{"level":30,"time":1789777197893,"pid":19535,"hostname":"Glebs-MacBook-Pro.local","reqId":"4807e275-acc9-4930-be07-999674795dce","event":"request_completed","requestId":"4807e275-acc9-4930-be07-999674795dce","method":"POST","route":"/api/v1/auth/login","statusCode":200,"latencyMs":31.462,"msg":"request completed"}
{"level":30,"time":1789777197907,"pid":19535,"hostname":"Glebs-MacBook-Pro.local","reqId":"a423c72e-4cc2-41d7-9bf1-cfaaa2ca93eb","event":"request_completed","requestId":"a423c72e-4cc2-41d7-9bf1-cfaaa2ca93eb","method":"GET","route":"/api/v1/auth/me","statusCode":200,"latencyMs":12.059,"msg":"request completed"}
{"level":30,"time":1789777197922,"pid":19535,"hostname":"Glebs-MacBook-Pro.local","reqId":"12c8f797-8b79-4046-b111-a76207d8b367","event":"request_completed","requestId":"12c8f797-8b79-4046-b111-a76207d8b367","method":"GET","route":"/api/v1/notifications","statusCode":200,"latencyMs":25.332,"msg":"request completed"}
{"level":30,"time":1789777197952,"pid":19535,"hostname":"Glebs-MacBook-Pro.local","reqId":"7caa65a2-f905-4d82-afb6-aaad7768b195","event":"request_completed","requestId":"7caa65a2-f905-4d82-afb6-aaad7768b195","method":"GET","route":"/api/v1/home","statusCode":200,"latencyMs":53.12,"msg":"request completed"}
{"level":30,"time":1789777197974,"pid":19535,"hostname":"Glebs-MacBook-Pro.local","reqId":"3da5110f-d0d4-4e86-9256-77114a563e73","event":"request_completed","requestId":"3da5110f-d0d4-4e86-9256-77114a563e73","method":"GET","route":"/api/v1/auth/me","statusCode":200,"latencyMs":5.635,"msg":"request completed"}
{"level":30,"time":1789777197992,"pid":19535,"hostname":"Glebs-MacBook-Pro.local","reqId":"8f407797-320f-4482-9aac-02e07dade50c","event":"request_completed","requestId":"8f407797-320f-4482-9aac-02e07dade50c","method":"GET","route":"/api/v1/notifications","statusCode":200,"latencyMs":11.075,"msg":"request completed"}
{"level":30,"time":1789777197994,"pid":19535,"hostname":"Glebs-MacBook-Pro.local","reqId":"0bdf659b-53fe-4080-950a-1fcccb5be22b","event":"request_completed","requestId":"0bdf659b-53fe-4080-950a-1fcccb5be22b","method":"GET","route":"/api/v1/matches/:matchId","statusCode":200,"latencyMs":12.774,"msg":"request completed"}
{"level":30,"time":1789777198168,"pid":19535,"hostname":"Glebs-MacBook-Pro.local","reqId":"7e5e5218-906e-430c-88a0-081c1b3408e7","event":"request_completed","requestId":"7e5e5218-906e-430c-88a0-081c1b3408e7","method":"POST","route":"/api/v1/matches/:matchId/start","statusCode":200,"latencyMs":63.938,"msg":"request completed"}
{"level":30,"time":1789777227453,"pid":19535,"hostname":"Glebs-MacBook-Pro.local","reqId":"5cafd972-9b19-489f-96c8-633a7a75c173","event":"request_completed","requestId":"5cafd972-9b19-489f-96c8-633a7a75c173","method":"POST","route":"/api/v1/matches/:matchId/judge/heartbeat","statusCode":200,"latencyMs":52.174,"msg":"request completed"}
{"level":30,"time":1789777227507,"pid":19535,"hostname":"Glebs-MacBook-Pro.local","reqId":"af6957b9-d8bf-403c-b744-26c752107ebb","event":"request_completed","requestId":"af6957b9-d8bf-403c-b744-26c752107ebb","method":"GET","route":"/api/v1/matches/:matchId","statusCode":200,"latencyMs":48.222,"msg":"request completed"}
{"level":30,"time":1789777227526,"pid":19535,"hostname":"Glebs-MacBook-Pro.local","reqId":"a95bb6c0-dc09-412a-a4b6-d7a962470390","event":"request_completed","requestId":"a95bb6c0-dc09-412a-a4b6-d7a962470390","method":"POST","route":"/api/v1/matches/:matchId/judge/heartbeat","statusCode":200,"latencyMs":9.877,"msg":"request completed"}
{"level":30,"time":1789777227545,"pid":19535,"hostname":"Glebs-MacBook-Pro.local","reqId":"3a290850-ed0a-4638-ba9e-8ef15744fd85","event":"request_completed","requestId":"3a290850-ed0a-4638-ba9e-8ef15744fd85","method":"GET","route":"/api/v1/matches/:matchId","statusCode":200,"latencyMs":16.192,"msg":"request completed"}
{"level":30,"time":1789777227845,"pid":19535,"hostname":"Glebs-MacBook-Pro.local","reqId":"bf46852c-9f56-477b-b395-a19b820c93a9","event":"request_completed","requestId":"bf46852c-9f56-477b-b395-a19b820c93a9","method":"GET","route":"/api/v1/matches/:matchId","statusCode":200,"latencyMs":38.492,"msg":"request completed"}
{"level":30,"time":1789777227898,"pid":19535,"hostname":"Glebs-MacBook-Pro.local","reqId":"2b96879f-34ae-438e-85c0-6fb3ec87fcd4","event":"request_completed","requestId":"2b96879f-34ae-438e-85c0-6fb3ec87fcd4","method":"POST","route":"/api/v1/matches/:matchId/points","statusCode":200,"latencyMs":36.226,"msg":"request completed"}
{"level":30,"time":1789777228006,"pid":19535,"hostname":"Glebs-MacBook-Pro.local","reqId":"3ccc7621-6d11-4efc-9fae-e67d2cdea2ff","event":"request_completed","requestId":"3ccc7621-6d11-4efc-9fae-e67d2cdea2ff","method":"GET","route":"/api/v1/notifications","statusCode":200,"latencyMs":21.778,"msg":"request completed"}
{"level":30,"time":1789777228008,"pid":19535,"hostname":"Glebs-MacBook-Pro.local","reqId":"a8fe68a1-c0a8-45fd-9278-a582c57af902","event":"request_completed","requestId":"a8fe68a1-c0a8-45fd-9278-a582c57af902","method":"GET","route":"/api/v1/matches/:matchId","statusCode":200,"latencyMs":23.538,"msg":"request completed"}
{"level":30,"time":1789777228024,"pid":19535,"hostname":"Glebs-MacBook-Pro.local","reqId":"8a0b4944-9c5e-48cb-baa1-e97dac79ee9e","event":"request_completed","requestId":"8a0b4944-9c5e-48cb-baa1-e97dac79ee9e","method":"POST","route":"/api/v1/matches/:matchId/stop","statusCode":200,"latencyMs":57.304,"msg":"request completed"}
{"level":30,"time":1789777228168,"pid":19535,"hostname":"Glebs-MacBook-Pro.local","reqId":"07d73251-a196-481d-8819-243a283bb31f","event":"request_completed","requestId":"07d73251-a196-481d-8819-243a283bb31f","method":"GET","route":"/api/v1/auth/me","statusCode":200,"latencyMs":14.231,"msg":"request completed"}
{"level":30,"time":1789777228235,"pid":19535,"hostname":"Glebs-MacBook-Pro.local","reqId":"319b61a2-2a2d-4402-a786-8373f8150375","event":"request_completed","requestId":"319b61a2-2a2d-4402-a786-8373f8150375","method":"GET","route":"/api/v1/notifications","statusCode":200,"latencyMs":26.825,"msg":"request completed"}
{"level":30,"time":1789777228235,"pid":19535,"hostname":"Glebs-MacBook-Pro.local","reqId":"db914b14-2180-4a4f-adc9-69884bf4fc34","event":"request_completed","requestId":"db914b14-2180-4a4f-adc9-69884bf4fc34","method":"GET","route":"/api/v1/matches/:matchId","statusCode":200,"latencyMs":26.724,"msg":"request completed"}
  ✓  44 [chromium-mobile-390] › tests/e2e/wave-c.spec.ts:135:5 › Wave C AT-JUDGE-001 creator starts while another club judge retains the slot (31.8s)
{"level":30,"time":1789777228445,"pid":19535,"hostname":"Glebs-MacBook-Pro.local","reqId":"9cb16afd-2c51-422e-8fd1-80f82ce2c168","event":"request_completed","requestId":"9cb16afd-2c51-422e-8fd1-80f82ce2c168","method":"GET","route":"/health","statusCode":200,"latencyMs":0.113,"msg":"request completed"}
{"level":30,"time":1789777228484,"pid":19535,"hostname":"Glebs-MacBook-Pro.local","reqId":"9416f413-35dc-4ae9-a68a-e05146890b49","event":"request_completed","requestId":"9416f413-35dc-4ae9-a68a-e05146890b49","method":"POST","route":"/api/v1/auth/login","statusCode":200,"latencyMs":36.429,"msg":"request completed"}
{"level":30,"time":1789777228500,"pid":19535,"hostname":"Glebs-MacBook-Pro.local","reqId":"b98183cf-0a4a-4774-b9a9-a082e272a3ca","event":"request_completed","requestId":"b98183cf-0a4a-4774-b9a9-a082e272a3ca","method":"PATCH","route":"/api/v1/me/onboarding","statusCode":200,"latencyMs":12.348,"msg":"request completed"}
{"level":30,"time":1789777228542,"pid":19535,"hostname":"Glebs-MacBook-Pro.local","reqId":"8d9bfd79-2203-460f-a8a6-26d36f0a895b","event":"request_completed","requestId":"8d9bfd79-2203-460f-a8a6-26d36f0a895b","method":"POST","route":"/api/v1/admin/users","statusCode":200,"latencyMs":38.13,"msg":"request completed"}
{"level":30,"time":1789777228572,"pid":19535,"hostname":"Glebs-MacBook-Pro.local","reqId":"9127ab20-0e86-4864-b86e-2ece49cb2473","event":"request_completed","requestId":"9127ab20-0e86-4864-b86e-2ece49cb2473","method":"POST","route":"/api/v1/auth/login","statusCode":200,"latencyMs":26.116,"msg":"request completed"}
{"level":30,"time":1789777228617,"pid":19535,"hostname":"Glebs-MacBook-Pro.local","reqId":"fd7ae9b3-d6a1-4b82-a273-8be7e40278b7","event":"request_completed","requestId":"fd7ae9b3-d6a1-4b82-a273-8be7e40278b7","method":"POST","route":"/api/v1/auth/password/first-change","statusCode":200,"latencyMs":41.704,"msg":"request completed"}
{"level":30,"time":1789777228636,"pid":19535,"hostname":"Glebs-MacBook-Pro.local","reqId":"e61aa88f-2cd0-4e50-a5fa-0931ed25e093","event":"request_completed","requestId":"e61aa88f-2cd0-4e50-a5fa-0931ed25e093","method":"PATCH","route":"/api/v1/me/onboarding","statusCode":200,"latencyMs":14.819,"msg":"request completed"}
{"level":30,"time":1789777228679,"pid":19535,"hostname":"Glebs-MacBook-Pro.local","reqId":"0ebae20f-a2fd-4127-8645-013f19e5e64e","event":"request_completed","requestId":"0ebae20f-a2fd-4127-8645-013f19e5e64e","method":"POST","route":"/api/v1/admin/users","statusCode":200,"latencyMs":40.119,"msg":"request completed"}
{"level":30,"time":1789777228709,"pid":19535,"hostname":"Glebs-MacBook-Pro.local","reqId":"92f004fd-04e3-4eef-a777-2bbc0de2f48d","event":"request_completed","requestId":"92f004fd-04e3-4eef-a777-2bbc0de2f48d","method":"POST","route":"/api/v1/auth/login","statusCode":200,"latencyMs":24.841,"msg":"request completed"}
{"level":30,"time":1789777228744,"pid":19535,"hostname":"Glebs-MacBook-Pro.local","reqId":"af283543-c177-4d8e-aafb-173b14a80b1c","event":"request_completed","requestId":"af283543-c177-4d8e-aafb-173b14a80b1c","method":"POST","route":"/api/v1/auth/password/first-change","statusCode":200,"latencyMs":32.394,"msg":"request completed"}
{"level":30,"time":1789777228756,"pid":19535,"hostname":"Glebs-MacBook-Pro.local","reqId":"92006fbb-c3ce-46d4-9d24-b8d6a0cacbcd","event":"request_completed","requestId":"92006fbb-c3ce-46d4-9d24-b8d6a0cacbcd","method":"PATCH","route":"/api/v1/me/onboarding","statusCode":200,"latencyMs":7.504,"msg":"request completed"}
{"level":30,"time":1789777229059,"pid":19535,"hostname":"Glebs-MacBook-Pro.local","reqId":"9940ea54-ccf4-47e7-a44a-e1af19d3759f","event":"request_completed","requestId":"9940ea54-ccf4-47e7-a44a-e1af19d3759f","method":"GET","route":"/api/v1/auth/me","statusCode":401,"latencyMs":0.136,"msg":"request completed"}
{"level":30,"time":1789777229223,"pid":19535,"hostname":"Glebs-MacBook-Pro.local","reqId":"e121ea66-d114-4d46-8ea4-b53634fb1504","event":"request_completed","requestId":"e121ea66-d114-4d46-8ea4-b53634fb1504","method":"POST","route":"/api/v1/auth/login","statusCode":200,"latencyMs":31.191,"msg":"request completed"}
{"level":30,"time":1789777229243,"pid":19535,"hostname":"Glebs-MacBook-Pro.local","reqId":"11b03f73-ce98-4317-bd53-a89d831f06ae","event":"request_completed","requestId":"11b03f73-ce98-4317-bd53-a89d831f06ae","method":"GET","route":"/api/v1/auth/me","statusCode":200,"latencyMs":18.463,"msg":"request completed"}
{"level":30,"time":1789777229279,"pid":19535,"hostname":"Glebs-MacBook-Pro.local","reqId":"9940fb75-e406-4353-897a-34a7c5a366a7","event":"request_completed","requestId":"9940fb75-e406-4353-897a-34a7c5a366a7","method":"GET","route":"/api/v1/notifications","statusCode":200,"latencyMs":52.479,"msg":"request completed"}
{"level":30,"time":1789777229309,"pid":19535,"hostname":"Glebs-MacBook-Pro.local","reqId":"a5dce8d2-f9b9-4389-be8e-158832dd1852","event":"request_completed","requestId":"a5dce8d2-f9b9-4389-be8e-158832dd1852","method":"GET","route":"/api/v1/auth/me","statusCode":200,"latencyMs":5.008,"msg":"request completed"}
{"level":30,"time":1789777229327,"pid":19535,"hostname":"Glebs-MacBook-Pro.local","reqId":"d102e1d8-2842-44a8-b7bf-1fa249b9fb88","event":"request_completed","requestId":"d102e1d8-2842-44a8-b7bf-1fa249b9fb88","method":"GET","route":"/api/v1/home","statusCode":200,"latencyMs":98.585,"msg":"request completed"}
{"level":30,"time":1789777229340,"pid":19535,"hostname":"Glebs-MacBook-Pro.local","reqId":"e3494257-5aae-4469-b97a-f7f77fc67210","event":"request_completed","requestId":"e3494257-5aae-4469-b97a-f7f77fc67210","method":"GET","route":"/api/v1/notifications","statusCode":200,"latencyMs":23.054,"msg":"request completed"}
{"level":30,"time":1789777229345,"pid":19535,"hostname":"Glebs-MacBook-Pro.local","reqId":"a3649e12-9fa5-4758-bcc3-0f49a8033436","event":"request_completed","requestId":"a3649e12-9fa5-4758-bcc3-0f49a8033436","method":"GET","route":"/api/v1/teams","statusCode":200,"latencyMs":26.613,"msg":"request completed"}
{"level":30,"time":1789777229390,"pid":19535,"hostname":"Glebs-MacBook-Pro.local","reqId":"55671acc-22dd-40d4-832e-53801295ae3a","event":"request_completed","requestId":"55671acc-22dd-40d4-832e-53801295ae3a","method":"POST","route":"/api/v1/teams","statusCode":200,"latencyMs":15.541,"msg":"request completed"}
{"level":30,"time":1789777229452,"pid":19535,"hostname":"Glebs-MacBook-Pro.local","reqId":"750879c1-6cc9-4157-8c59-f920a0ac0a0a","event":"request_completed","requestId":"750879c1-6cc9-4157-8c59-f920a0ac0a0a","method":"GET","route":"/api/v1/teams/:id","statusCode":200,"latencyMs":11.985,"msg":"request completed"}
{"level":30,"time":1789777229455,"pid":19535,"hostname":"Glebs-MacBook-Pro.local","reqId":"6f641c5b-ecd2-40a0-845c-4b2b918d1663","event":"request_completed","requestId":"6f641c5b-ecd2-40a0-845c-4b2b918d1663","method":"GET","route":"/api/v1/teams/:id","statusCode":403,"latencyMs":9.137,"msg":"request completed"}
{"level":30,"time":1789777229472,"pid":19535,"hostname":"Glebs-MacBook-Pro.local","reqId":"4045deae-fde6-4f71-9854-abdca825b530","event":"request_completed","requestId":"4045deae-fde6-4f71-9854-abdca825b530","method":"GET","route":"/api/v1/users/directory","statusCode":200,"latencyMs":13.459,"msg":"request completed"}
{"level":30,"time":1789777229598,"pid":19535,"hostname":"Glebs-MacBook-Pro.local","reqId":"a3a14f4f-9422-4669-aba5-1bf42d9f86b3","event":"request_completed","requestId":"a3a14f4f-9422-4669-aba5-1bf42d9f86b3","method":"POST","route":"/api/v1/teams/:id/invitations","statusCode":200,"latencyMs":42.574,"msg":"request completed"}
{"level":30,"time":1789777229610,"pid":19535,"hostname":"Glebs-MacBook-Pro.local","reqId":"b4033c03-fae8-4a50-ae9c-78c0dafce528","event":"request_completed","requestId":"b4033c03-fae8-4a50-ae9c-78c0dafce528","method":"GET","route":"/api/v1/teams/:id","statusCode":200,"latencyMs":10.398,"msg":"request completed"}
{"level":30,"time":1789777229618,"pid":19535,"hostname":"Glebs-MacBook-Pro.local","reqId":"9391e045-c7c6-48a8-9788-75264e0a30dc","event":"request_completed","requestId":"9391e045-c7c6-48a8-9788-75264e0a30dc","method":"GET","route":"/api/v1/users/directory","statusCode":200,"latencyMs":4.748,"msg":"request completed"}
{"level":30,"time":1789777229926,"pid":19535,"hostname":"Glebs-MacBook-Pro.local","reqId":"1b6e0633-a777-4743-80de-afc9a518ecfe","event":"request_completed","requestId":"1b6e0633-a777-4743-80de-afc9a518ecfe","method":"GET","route":"/api/v1/auth/me","statusCode":200,"latencyMs":18.468,"msg":"request completed"}
{"level":30,"time":1789777229988,"pid":19535,"hostname":"Glebs-MacBook-Pro.local","reqId":"912b430d-0daf-4941-b0e2-c9b6b661fb7b","event":"request_completed","requestId":"912b430d-0daf-4941-b0e2-c9b6b661fb7b","method":"GET","route":"/api/v1/notifications","statusCode":200,"latencyMs":35.065,"msg":"request completed"}
{"level":30,"time":1789777230009,"pid":19535,"hostname":"Glebs-MacBook-Pro.local","reqId":"ff84b501-36ee-4d11-8a58-2ca0f262ba9f","event":"request_completed","requestId":"ff84b501-36ee-4d11-8a58-2ca0f262ba9f","method":"POST","route":"/api/v1/notifications/read-visible","statusCode":200,"latencyMs":16.789,"msg":"request completed"}
{"level":30,"time":1789777230075,"pid":19535,"hostname":"Glebs-MacBook-Pro.local","reqId":"38000cf1-4e5e-41c7-b1e6-518591654006","event":"request_completed","requestId":"38000cf1-4e5e-41c7-b1e6-518591654006","method":"POST","route":"/api/v1/team-invitations/:id/respond","statusCode":200,"latencyMs":39.031,"msg":"request completed"}
{"level":30,"time":1789777230089,"pid":19535,"hostname":"Glebs-MacBook-Pro.local","reqId":"1c324296-2c7e-42fc-a30a-7afa2f1950ed","event":"request_completed","requestId":"1c324296-2c7e-42fc-a30a-7afa2f1950ed","method":"GET","route":"/api/v1/teams/:id","statusCode":200,"latencyMs":9.141,"msg":"request completed"}
{"level":30,"time":1789777230093,"pid":19535,"hostname":"Glebs-MacBook-Pro.local","reqId":"bda8635e-0cb3-496b-8d4e-6136ebf1d6fd","event":"request_completed","requestId":"bda8635e-0cb3-496b-8d4e-6136ebf1d6fd","method":"GET","route":"/api/v1/notifications","statusCode":200,"latencyMs":13.474,"msg":"request completed"}
{"level":30,"time":1789777230199,"pid":19535,"hostname":"Glebs-MacBook-Pro.local","reqId":"fbaced71-6653-49de-9914-f5287c539a82","event":"request_completed","requestId":"fbaced71-6653-49de-9914-f5287c539a82","method":"GET","route":"/api/v1/auth/me","statusCode":200,"latencyMs":9.643,"msg":"request completed"}
{"level":30,"time":1789777230232,"pid":19535,"hostname":"Glebs-MacBook-Pro.local","reqId":"c131200a-661d-4707-abe3-a39ba5716d7b","event":"request_completed","requestId":"c131200a-661d-4707-abe3-a39ba5716d7b","method":"GET","route":"/api/v1/teams/:id","statusCode":200,"latencyMs":27.262,"msg":"request completed"}
{"level":30,"time":1789777230233,"pid":19535,"hostname":"Glebs-MacBook-Pro.local","reqId":"0c2ef3be-80fc-4aaf-8e22-5b00a8bfe2ae","event":"request_completed","requestId":"0c2ef3be-80fc-4aaf-8e22-5b00a8bfe2ae","method":"GET","route":"/api/v1/notifications","statusCode":200,"latencyMs":28.85,"msg":"request completed"}
{"level":30,"time":1789777230242,"pid":19535,"hostname":"Glebs-MacBook-Pro.local","reqId":"8a82e494-e195-469b-b3a1-2c43f27e9699","event":"request_completed","requestId":"8a82e494-e195-469b-b3a1-2c43f27e9699","method":"GET","route":"/api/v1/users/directory","statusCode":200,"latencyMs":6.625,"msg":"request completed"}
{"level":30,"time":1789777230355,"pid":19535,"hostname":"Glebs-MacBook-Pro.local","reqId":"aaf09722-8223-493d-865d-e4aace3452ea","event":"request_completed","requestId":"aaf09722-8223-493d-865d-e4aace3452ea","method":"PATCH","route":"/api/v1/teams/:id","statusCode":200,"latencyMs":30.586,"msg":"request completed"}
{"level":30,"time":1789777230437,"pid":19535,"hostname":"Glebs-MacBook-Pro.local","reqId":"1cc3998a-7215-4e85-ae0c-9c7fbf7ecfa7","event":"request_completed","requestId":"1cc3998a-7215-4e85-ae0c-9c7fbf7ecfa7","method":"GET","route":"/api/v1/teams/:id","statusCode":200,"latencyMs":25.421,"msg":"request completed"}
{"level":30,"time":1789777230499,"pid":19535,"hostname":"Glebs-MacBook-Pro.local","reqId":"c7320fb8-c031-48a9-a1b0-6d1a17df8b94","event":"request_completed","requestId":"c7320fb8-c031-48a9-a1b0-6d1a17df8b94","method":"POST","route":"/api/v1/teams/:id/captain-transfer","statusCode":200,"latencyMs":25.174,"msg":"request completed"}
{"level":30,"time":1789777230520,"pid":19535,"hostname":"Glebs-MacBook-Pro.local","reqId":"011f348a-716a-4bd5-84ea-6592870a9c23","event":"request_completed","requestId":"011f348a-716a-4bd5-84ea-6592870a9c23","method":"GET","route":"/api/v1/teams/:id","statusCode":200,"latencyMs":15.958,"msg":"request completed"}
{"level":30,"time":1789777230604,"pid":19535,"hostname":"Glebs-MacBook-Pro.local","reqId":"bf4de027-8bf0-41c0-a36a-eefd23583ce9","event":"request_completed","requestId":"bf4de027-8bf0-41c0-a36a-eefd23583ce9","method":"POST","route":"/api/v1/teams/:id/leave","statusCode":200,"latencyMs":30.574,"msg":"request completed"}
{"level":30,"time":1789777230682,"pid":19535,"hostname":"Glebs-MacBook-Pro.local","reqId":"aca3b43d-7f8b-4859-befe-6f6b92d720c3","event":"request_completed","requestId":"aca3b43d-7f8b-4859-befe-6f6b92d720c3","method":"GET","route":"/api/v1/matches/create-options","statusCode":200,"latencyMs":27.966,"msg":"request completed"}
{"level":30,"time":1789777230712,"pid":19535,"hostname":"Glebs-MacBook-Pro.local","reqId":"ba7c9293-637c-470d-9839-5d7e7744d8c5","event":"request_completed","requestId":"ba7c9293-637c-470d-9839-5d7e7744d8c5","method":"POST","route":"/api/v1/teams/:id/invitations","statusCode":200,"latencyMs":25.551,"msg":"request completed"}
{"level":30,"time":1789777230748,"pid":19535,"hostname":"Glebs-MacBook-Pro.local","reqId":"9d5714c0-f826-4a18-b603-b61692fbcb68","event":"request_completed","requestId":"9d5714c0-f826-4a18-b603-b61692fbcb68","method":"POST","route":"/api/v1/admin/users/:userId/block","statusCode":200,"latencyMs":31.803,"msg":"request completed"}
{"level":30,"time":1789777230761,"pid":19535,"hostname":"Glebs-MacBook-Pro.local","reqId":"75ff4033-c03f-4a96-b338-22aa2dafa6bf","event":"request_completed","requestId":"75ff4033-c03f-4a96-b338-22aa2dafa6bf","method":"GET","route":"/api/v1/teams/:id","statusCode":200,"latencyMs":9.927,"msg":"request completed"}
{"level":30,"time":1789777230782,"pid":19535,"hostname":"Glebs-MacBook-Pro.local","reqId":"c95a6589-8843-4c04-bb07-372abcc7f6ae","event":"request_completed","requestId":"c95a6589-8843-4c04-bb07-372abcc7f6ae","method":"POST","route":"/api/v1/team-invitations/:id/accept","statusCode":400,"latencyMs":16.071,"msg":"request completed"}
{"level":30,"time":1789777230809,"pid":19535,"hostname":"Glebs-MacBook-Pro.local","reqId":"9665d1a7-0ac1-45da-9c49-546ec4116ae2","event":"request_completed","requestId":"9665d1a7-0ac1-45da-9c49-546ec4116ae2","method":"GET","route":"/api/v1/auth/me","statusCode":200,"latencyMs":10.637,"msg":"request completed"}
{"level":30,"time":1789777230826,"pid":19535,"hostname":"Glebs-MacBook-Pro.local","reqId":"55701c82-c825-4dcf-9517-874d1ce06959","event":"request_completed","requestId":"55701c82-c825-4dcf-9517-874d1ce06959","method":"GET","route":"/api/v1/teams/:id","statusCode":200,"latencyMs":9.181,"msg":"request completed"}
{"level":30,"time":1789777230829,"pid":19535,"hostname":"Glebs-MacBook-Pro.local","reqId":"b447773a-b106-44ea-9dab-a60e90e563cd","event":"request_completed","requestId":"b447773a-b106-44ea-9dab-a60e90e563cd","method":"GET","route":"/api/v1/notifications","statusCode":200,"latencyMs":11.033,"msg":"request completed"}
  ✓  45 [chromium-mobile-390] › tests/e2e/wave-d-teams.spec.ts:23:5 › Wave D AT-TEAM-001..007 create, accept welcome, transfer, leave and automatic archive (2.6s)
{"level":30,"time":1789777231006,"pid":19535,"hostname":"Glebs-MacBook-Pro.local","reqId":"1e5e9c44-38d4-4928-80fb-375c62a9ae8e","event":"request_completed","requestId":"1e5e9c44-38d4-4928-80fb-375c62a9ae8e","method":"GET","route":"/health","statusCode":200,"latencyMs":0.152,"msg":"request completed"}
{"level":30,"time":1789777231035,"pid":19535,"hostname":"Glebs-MacBook-Pro.local","reqId":"66b90594-64af-4b30-9df0-94ae9247e7d1","event":"request_completed","requestId":"66b90594-64af-4b30-9df0-94ae9247e7d1","method":"POST","route":"/api/v1/auth/login","statusCode":200,"latencyMs":26.231,"msg":"request completed"}
{"level":30,"time":1789777231052,"pid":19535,"hostname":"Glebs-MacBook-Pro.local","reqId":"4b8fa051-edb7-4f57-bae7-294852b4c8c7","event":"request_completed","requestId":"4b8fa051-edb7-4f57-bae7-294852b4c8c7","method":"PATCH","route":"/api/v1/me/onboarding","statusCode":200,"latencyMs":12.974,"msg":"request completed"}
{"level":30,"time":1789777231317,"pid":19535,"hostname":"Glebs-MacBook-Pro.local","reqId":"5bb60c75-6fce-4493-b858-c6682db2be07","event":"request_completed","requestId":"5bb60c75-6fce-4493-b858-c6682db2be07","method":"GET","route":"/api/v1/auth/me","statusCode":401,"latencyMs":0.141,"msg":"request completed"}
{"level":30,"time":1789777231480,"pid":19535,"hostname":"Glebs-MacBook-Pro.local","reqId":"f956b214-b79a-4d91-9293-904253d41264","event":"request_completed","requestId":"f956b214-b79a-4d91-9293-904253d41264","method":"POST","route":"/api/v1/auth/login","statusCode":200,"latencyMs":30.5,"msg":"request completed"}
{"level":30,"time":1789777231496,"pid":19535,"hostname":"Glebs-MacBook-Pro.local","reqId":"8569b43f-4b23-4225-ba35-abf0e6761169","event":"request_completed","requestId":"8569b43f-4b23-4225-ba35-abf0e6761169","method":"GET","route":"/api/v1/auth/me","statusCode":200,"latencyMs":12.964,"msg":"request completed"}
{"level":30,"time":1789777231516,"pid":19535,"hostname":"Glebs-MacBook-Pro.local","reqId":"94297a19-2674-412f-883c-cf8fc72ad48a","event":"request_completed","requestId":"94297a19-2674-412f-883c-cf8fc72ad48a","method":"GET","route":"/api/v1/notifications","statusCode":200,"latencyMs":32.026,"msg":"request completed"}
{"level":30,"time":1789777231545,"pid":19535,"hostname":"Glebs-MacBook-Pro.local","reqId":"e54d7d81-5c5d-4590-9446-7a368a65110b","event":"request_completed","requestId":"e54d7d81-5c5d-4590-9446-7a368a65110b","method":"GET","route":"/api/v1/home","statusCode":200,"latencyMs":58.063,"msg":"request completed"}
{"level":30,"time":1789777231562,"pid":19535,"hostname":"Glebs-MacBook-Pro.local","reqId":"a5a44f0c-5d44-453b-bd76-e49a4bd415b9","event":"request_completed","requestId":"a5a44f0c-5d44-453b-bd76-e49a4bd415b9","method":"GET","route":"/api/v1/auth/me","statusCode":200,"latencyMs":4.989,"msg":"request completed"}
{"level":30,"time":1789777231580,"pid":19535,"hostname":"Glebs-MacBook-Pro.local","reqId":"b0d5c02b-54ef-4183-91be-48f7a6751dec","event":"request_completed","requestId":"b0d5c02b-54ef-4183-91be-48f7a6751dec","method":"GET","route":"/api/v1/notifications","statusCode":200,"latencyMs":11.79,"msg":"request completed"}
{"level":30,"time":1789777231642,"pid":19535,"hostname":"Glebs-MacBook-Pro.local","reqId":"73fde1a9-82bb-47c0-b02f-1838b3f5ded9","event":"request_completed","requestId":"73fde1a9-82bb-47c0-b02f-1838b3f5ded9","method":"POST","route":"/api/v1/tournaments","statusCode":200,"latencyMs":28.797,"msg":"request completed"}
{"level":30,"time":1789777231659,"pid":19535,"hostname":"Glebs-MacBook-Pro.local","reqId":"6f7cfc52-0692-4056-beab-97269f639762","event":"request_completed","requestId":"6f7cfc52-0692-4056-beab-97269f639762","method":"GET","route":"/api/v1/tournaments/:id","statusCode":200,"latencyMs":12.386,"msg":"request completed"}
{"level":30,"time":1789777231667,"pid":19535,"hostname":"Glebs-MacBook-Pro.local","reqId":"9227c8c9-74cf-488a-8607-1278c88a010c","event":"request_completed","requestId":"9227c8c9-74cf-488a-8607-1278c88a010c","method":"GET","route":"/api/v1/users/directory","statusCode":200,"latencyMs":4.119,"msg":"request completed"}
{"level":30,"time":1789777231786,"pid":19535,"hostname":"Glebs-MacBook-Pro.local","reqId":"d0358e22-6b18-40ac-b161-f3f4e519a992","event":"request_completed","requestId":"d0358e22-6b18-40ac-b161-f3f4e519a992","method":"POST","route":"/api/v1/tournaments/:id/participants","statusCode":200,"latencyMs":56.85,"msg":"request completed"}
{"level":30,"time":1789777231857,"pid":19535,"hostname":"Glebs-MacBook-Pro.local","reqId":"fb4213e4-a258-4425-b005-4b393d86b47f","event":"request_completed","requestId":"fb4213e4-a258-4425-b005-4b393d86b47f","method":"POST","route":"/api/v1/tournaments/:id/participants","statusCode":200,"latencyMs":40.53,"msg":"request completed"}
{"level":30,"time":1789777231879,"pid":19535,"hostname":"Glebs-MacBook-Pro.local","reqId":"4703ba64-5c7a-4283-bd12-8c2785fe576d","event":"request_completed","requestId":"4703ba64-5c7a-4283-bd12-8c2785fe576d","method":"PATCH","route":"/api/v1/tournaments/:id","statusCode":200,"latencyMs":16.871,"msg":"request completed"}
{"level":30,"time":1789777231905,"pid":19535,"hostname":"Glebs-MacBook-Pro.local","reqId":"da982cd5-0b90-4ebd-955f-021c60408570","event":"request_completed","requestId":"da982cd5-0b90-4ebd-955f-021c60408570","method":"GET","route":"/api/v1/auth/me","statusCode":200,"latencyMs":9.048,"msg":"request completed"}
{"level":30,"time":1789777231930,"pid":19535,"hostname":"Glebs-MacBook-Pro.local","reqId":"b4f06208-b1e2-4e59-beab-9166d79058ab","event":"request_completed","requestId":"b4f06208-b1e2-4e59-beab-9166d79058ab","method":"GET","route":"/api/v1/notifications","statusCode":200,"latencyMs":17.293,"msg":"request completed"}
{"level":30,"time":1789777231933,"pid":19535,"hostname":"Glebs-MacBook-Pro.local","reqId":"a0832f4d-504e-4a68-9fdd-0a34a39e1586","event":"request_completed","requestId":"a0832f4d-504e-4a68-9fdd-0a34a39e1586","method":"GET","route":"/api/v1/tournaments/:id","statusCode":200,"latencyMs":19.798,"msg":"request completed"}
{"level":30,"time":1789777231940,"pid":19535,"hostname":"Glebs-MacBook-Pro.local","reqId":"905bd5c1-dea6-464f-8e64-fedc538a9708","event":"request_completed","requestId":"905bd5c1-dea6-464f-8e64-fedc538a9708","method":"GET","route":"/api/v1/users/directory","statusCode":200,"latencyMs":4.453,"msg":"request completed"}
{"level":30,"time":1789777232064,"pid":19535,"hostname":"Glebs-MacBook-Pro.local","reqId":"bea5a98f-f9d9-4d16-b849-197d7a6498f4","event":"request_completed","requestId":"bea5a98f-f9d9-4d16-b849-197d7a6498f4","method":"POST","route":"/api/v1/tournaments/:id/bracket","statusCode":200,"latencyMs":37.294,"msg":"request completed"}
{"level":30,"time":1789777232078,"pid":19535,"hostname":"Glebs-MacBook-Pro.local","reqId":"e075a93f-e37b-4f90-af01-13cb963d897a","event":"request_completed","requestId":"e075a93f-e37b-4f90-af01-13cb963d897a","method":"GET","route":"/api/v1/tournaments/:id","statusCode":200,"latencyMs":11.598,"msg":"request completed"}
{"level":30,"time":1789777232150,"pid":19535,"hostname":"Glebs-MacBook-Pro.local","reqId":"6a390067-88fb-4a88-8b81-1093d78defed","event":"request_completed","requestId":"6a390067-88fb-4a88-8b81-1093d78defed","method":"GET","route":"/api/v1/tournaments/:id","statusCode":200,"latencyMs":32.92,"msg":"request completed"}
{"level":30,"time":1789777232230,"pid":19535,"hostname":"Glebs-MacBook-Pro.local","reqId":"7e9337c9-a7aa-40ca-8b2d-77dd9c2e67fb","event":"request_completed","requestId":"7e9337c9-a7aa-40ca-8b2d-77dd9c2e67fb","method":"GET","route":"/api/v1/tournaments/:id","statusCode":200,"latencyMs":30.483,"msg":"request completed"}
{"level":30,"time":1789777232232,"pid":19535,"hostname":"Glebs-MacBook-Pro.local","reqId":"e439fe3e-32fd-4f99-97b9-d54f098cb451","event":"request_completed","requestId":"e439fe3e-32fd-4f99-97b9-d54f098cb451","method":"PATCH","route":"/api/v1/tournaments/:id/bracket","statusCode":200,"latencyMs":37.064,"msg":"request completed"}
{"level":30,"time":1789777232246,"pid":19535,"hostname":"Glebs-MacBook-Pro.local","reqId":"11e8f486-4715-46bb-baf9-f1c6dfc2c199","event":"request_completed","requestId":"11e8f486-4715-46bb-baf9-f1c6dfc2c199","method":"GET","route":"/api/v1/tournaments/:id","statusCode":200,"latencyMs":11.702,"msg":"request completed"}
{"level":30,"time":1789777232376,"pid":19535,"hostname":"Glebs-MacBook-Pro.local","reqId":"9d29a916-7c64-4c30-9aae-964144ad521b","event":"request_completed","requestId":"9d29a916-7c64-4c30-9aae-964144ad521b","method":"GET","route":"/api/v1/tournaments/:id","statusCode":200,"latencyMs":37.971,"msg":"request completed"}
{"level":30,"time":1789777232567,"pid":19535,"hostname":"Glebs-MacBook-Pro.local","reqId":"e79f6bd9-ff2b-451b-a640-34b9a2f57695","event":"request_completed","requestId":"e79f6bd9-ff2b-451b-a640-34b9a2f57695","method":"GET","route":"/api/v1/tournaments/:id","statusCode":200,"latencyMs":36.218,"msg":"request completed"}
{"level":30,"time":1789777232584,"pid":19535,"hostname":"Glebs-MacBook-Pro.local","reqId":"570279d4-76ce-4619-86a9-9de140598cff","event":"request_completed","requestId":"570279d4-76ce-4619-86a9-9de140598cff","method":"GET","route":"/api/v1/tournaments/:id","statusCode":200,"latencyMs":13.892,"msg":"request completed"}
{"level":30,"time":1789777232587,"pid":19535,"hostname":"Glebs-MacBook-Pro.local","reqId":"b155f1c1-1306-4ba8-9280-396274aa1e68","event":"request_completed","requestId":"b155f1c1-1306-4ba8-9280-396274aa1e68","method":"POST","route":"/api/v1/tournaments/:id/start","statusCode":200,"latencyMs":59.94,"msg":"request completed"}
{"level":30,"time":1789777232729,"pid":19535,"hostname":"Glebs-MacBook-Pro.local","reqId":"3f785b30-fe07-4125-a74d-285ff93c887d","event":"request_completed","requestId":"3f785b30-fe07-4125-a74d-285ff93c887d","method":"GET","route":"/api/v1/tournaments/:id","statusCode":200,"latencyMs":39.048,"msg":"request completed"}
{"level":30,"time":1789777232759,"pid":19535,"hostname":"Glebs-MacBook-Pro.local","reqId":"90d6c93d-fd89-495b-87ec-5930239f1c6b","event":"request_completed","requestId":"90d6c93d-fd89-495b-87ec-5930239f1c6b","method":"GET","route":"/api/v1/tournaments/:id","statusCode":200,"latencyMs":26.282,"msg":"request completed"}
{"level":30,"time":1789777232775,"pid":19535,"hostname":"Glebs-MacBook-Pro.local","reqId":"2fd9ea7e-d3ee-4a49-8b00-848669608ae8","event":"request_completed","requestId":"2fd9ea7e-d3ee-4a49-8b00-848669608ae8","method":"GET","route":"/api/v1/matches/:matchId","statusCode":200,"latencyMs":13.227,"msg":"request completed"}
{"level":30,"time":1789777232821,"pid":19535,"hostname":"Glebs-MacBook-Pro.local","reqId":"5beccc71-59d4-48da-8a49-7b398a4295ee","event":"request_completed","requestId":"5beccc71-59d4-48da-8a49-7b398a4295ee","method":"POST","route":"/api/v1/matches/:matchId/judge/acquire","statusCode":200,"latencyMs":42.257,"msg":"request completed"}
{"level":30,"time":1789777232860,"pid":19535,"hostname":"Glebs-MacBook-Pro.local","reqId":"03375158-dd96-4853-9a5c-6072d5dedb99","event":"request_completed","requestId":"03375158-dd96-4853-9a5c-6072d5dedb99","method":"POST","route":"/api/v1/matches/:matchId/start","statusCode":200,"latencyMs":35.234,"msg":"request completed"}
{"level":30,"time":1789777232887,"pid":19535,"hostname":"Glebs-MacBook-Pro.local","reqId":"833445b9-3972-4047-b449-7596eb157d68","event":"request_completed","requestId":"833445b9-3972-4047-b449-7596eb157d68","method":"POST","route":"/api/v1/matches/:matchId/points","statusCode":200,"latencyMs":22.239,"msg":"request completed"}
{"level":30,"time":1789777232946,"pid":19535,"hostname":"Glebs-MacBook-Pro.local","reqId":"293691c1-8964-4000-8ef4-991fccf6e2e5","event":"request_completed","requestId":"293691c1-8964-4000-8ef4-991fccf6e2e5","method":"POST","route":"/api/v1/matches/:matchId/confirm-finish","statusCode":200,"latencyMs":54.482,"msg":"request completed"}
{"level":30,"time":1789777232965,"pid":19535,"hostname":"Glebs-MacBook-Pro.local","reqId":"42008acf-f417-4c9a-9030-9e56f22bbe31","event":"request_completed","requestId":"42008acf-f417-4c9a-9030-9e56f22bbe31","method":"GET","route":"/api/v1/tournaments/:id","statusCode":200,"latencyMs":13.448,"msg":"request completed"}
{"level":30,"time":1789777232977,"pid":19535,"hostname":"Glebs-MacBook-Pro.local","reqId":"ea55d4e1-1a10-4920-a365-ae01fb2a6176","event":"request_completed","requestId":"ea55d4e1-1a10-4920-a365-ae01fb2a6176","method":"GET","route":"/api/v1/matches/:matchId","statusCode":200,"latencyMs":9.424,"msg":"request completed"}
{"level":30,"time":1789777233001,"pid":19535,"hostname":"Glebs-MacBook-Pro.local","reqId":"6cf33c08-3aab-4cc1-a1e2-a5930454faa8","event":"request_completed","requestId":"6cf33c08-3aab-4cc1-a1e2-a5930454faa8","method":"POST","route":"/api/v1/matches/:matchId/judge/acquire","statusCode":200,"latencyMs":21.212,"msg":"request completed"}
{"level":30,"time":1789777233041,"pid":19535,"hostname":"Glebs-MacBook-Pro.local","reqId":"415eb51d-1f1b-486a-bff6-b67a07f357b7","event":"request_completed","requestId":"415eb51d-1f1b-486a-bff6-b67a07f357b7","method":"POST","route":"/api/v1/matches/:matchId/start","statusCode":200,"latencyMs":35.703,"msg":"request completed"}
{"level":30,"time":1789777233067,"pid":19535,"hostname":"Glebs-MacBook-Pro.local","reqId":"c5d2a02f-6fad-4eec-92dc-80ee70db6e61","event":"request_completed","requestId":"c5d2a02f-6fad-4eec-92dc-80ee70db6e61","method":"POST","route":"/api/v1/matches/:matchId/points","statusCode":200,"latencyMs":22.493,"msg":"request completed"}
{"level":30,"time":1789777233111,"pid":19535,"hostname":"Glebs-MacBook-Pro.local","reqId":"e9483f14-9e54-4c48-823b-23567c08c8f7","event":"request_completed","requestId":"e9483f14-9e54-4c48-823b-23567c08c8f7","method":"POST","route":"/api/v1/matches/:matchId/confirm-finish","statusCode":200,"latencyMs":40.383,"msg":"request completed"}
{"level":30,"time":1789777233124,"pid":19535,"hostname":"Glebs-MacBook-Pro.local","reqId":"486e0dc2-594c-45b2-a9de-a272f9665dc0","event":"request_completed","requestId":"486e0dc2-594c-45b2-a9de-a272f9665dc0","method":"GET","route":"/api/v1/tournaments/:id","statusCode":200,"latencyMs":9.283,"msg":"request completed"}
{"level":30,"time":1789777233136,"pid":19535,"hostname":"Glebs-MacBook-Pro.local","reqId":"db1318bb-5788-4b36-9e31-e39ef7a0f902","event":"request_completed","requestId":"db1318bb-5788-4b36-9e31-e39ef7a0f902","method":"GET","route":"/api/v1/tournaments/:id","statusCode":200,"latencyMs":9.256,"msg":"request completed"}
{"level":30,"time":1789777233158,"pid":19535,"hostname":"Glebs-MacBook-Pro.local","reqId":"e03a4106-64b4-4cbe-9adc-4e11eef5358d","event":"request_completed","requestId":"e03a4106-64b4-4cbe-9adc-4e11eef5358d","method":"GET","route":"/api/v1/auth/me","statusCode":200,"latencyMs":4.474,"msg":"request completed"}
{"level":30,"time":1789777233173,"pid":19535,"hostname":"Glebs-MacBook-Pro.local","reqId":"cc9cd153-8fe4-43f2-8be0-67c3fe68d9fb","event":"request_completed","requestId":"cc9cd153-8fe4-43f2-8be0-67c3fe68d9fb","method":"GET","route":"/api/v1/notifications","statusCode":200,"latencyMs":11.86,"msg":"request completed"}
{"level":30,"time":1789777233173,"pid":19535,"hostname":"Glebs-MacBook-Pro.local","reqId":"d02c0281-ff32-4c63-b903-f28c62d7187e","event":"request_completed","requestId":"d02c0281-ff32-4c63-b903-f28c62d7187e","method":"GET","route":"/api/v1/tournaments/:id","statusCode":200,"latencyMs":11.836,"msg":"request completed"}
  ✓  46 [chromium-mobile-390] › tests/e2e/wave-d-tournaments.spec.ts:19:7 › Wave D tournament single_elimination/3 roster, seed edit, complete and results (2.4s)
{"level":30,"time":1789777233368,"pid":19535,"hostname":"Glebs-MacBook-Pro.local","reqId":"0fa53232-6590-48bc-889a-12f983c8d280","event":"request_completed","requestId":"0fa53232-6590-48bc-889a-12f983c8d280","method":"GET","route":"/health","statusCode":200,"latencyMs":0.132,"msg":"request completed"}
{"level":30,"time":1789777233398,"pid":19535,"hostname":"Glebs-MacBook-Pro.local","reqId":"a4bdef6f-32e2-4903-a95e-8b235ae8331e","event":"request_completed","requestId":"a4bdef6f-32e2-4903-a95e-8b235ae8331e","method":"POST","route":"/api/v1/auth/login","statusCode":200,"latencyMs":26.951,"msg":"request completed"}
{"level":30,"time":1789777233419,"pid":19535,"hostname":"Glebs-MacBook-Pro.local","reqId":"8e72db5d-78c7-4212-9db9-0d0a0e491114","event":"request_completed","requestId":"8e72db5d-78c7-4212-9db9-0d0a0e491114","method":"PATCH","route":"/api/v1/me/onboarding","statusCode":200,"latencyMs":17.5,"msg":"request completed"}
{"level":30,"time":1789777233683,"pid":19535,"hostname":"Glebs-MacBook-Pro.local","reqId":"688746e7-08bb-4c15-81b3-bad75294d195","event":"request_completed","requestId":"688746e7-08bb-4c15-81b3-bad75294d195","method":"GET","route":"/api/v1/auth/me","statusCode":401,"latencyMs":0.118,"msg":"request completed"}
{"level":30,"time":1789777233864,"pid":19535,"hostname":"Glebs-MacBook-Pro.local","reqId":"4bd1848c-227f-49c6-8f7f-761585c8ef99","event":"request_completed","requestId":"4bd1848c-227f-49c6-8f7f-761585c8ef99","method":"POST","route":"/api/v1/auth/login","statusCode":200,"latencyMs":29.95,"msg":"request completed"}
{"level":30,"time":1789777233882,"pid":19535,"hostname":"Glebs-MacBook-Pro.local","reqId":"9dde08db-aec9-4315-8ded-9a4a3738c38e","event":"request_completed","requestId":"9dde08db-aec9-4315-8ded-9a4a3738c38e","method":"GET","route":"/api/v1/auth/me","statusCode":200,"latencyMs":15.537,"msg":"request completed"}
{"level":30,"time":1789777233905,"pid":19535,"hostname":"Glebs-MacBook-Pro.local","reqId":"8d5254fd-5f76-4fd6-8eba-d43736306109","event":"request_completed","requestId":"8d5254fd-5f76-4fd6-8eba-d43736306109","method":"GET","route":"/api/v1/notifications","statusCode":200,"latencyMs":37.162,"msg":"request completed"}
{"level":30,"time":1789777233943,"pid":19535,"hostname":"Glebs-MacBook-Pro.local","reqId":"76318736-a9b8-4875-b831-fc068f70c54e","event":"request_completed","requestId":"76318736-a9b8-4875-b831-fc068f70c54e","method":"GET","route":"/api/v1/home","statusCode":200,"latencyMs":73.253,"msg":"request completed"}
{"level":30,"time":1789777233944,"pid":19535,"hostname":"Glebs-MacBook-Pro.local","reqId":"5d26baf5-6b1a-4d21-ae7d-d869f3635ec4","event":"request_completed","requestId":"5d26baf5-6b1a-4d21-ae7d-d869f3635ec4","method":"GET","route":"/api/v1/auth/me","statusCode":200,"latencyMs":4.004,"msg":"request completed"}
{"level":30,"time":1789777233965,"pid":19535,"hostname":"Glebs-MacBook-Pro.local","reqId":"026d94eb-3398-4c3d-8fd5-0f95e4b6249c","event":"request_completed","requestId":"026d94eb-3398-4c3d-8fd5-0f95e4b6249c","method":"GET","route":"/api/v1/notifications","statusCode":200,"latencyMs":12.746,"msg":"request completed"}
{"level":30,"time":1789777234029,"pid":19535,"hostname":"Glebs-MacBook-Pro.local","reqId":"01d50c37-1777-423c-a062-602ffc34c1c1","event":"request_completed","requestId":"01d50c37-1777-423c-a062-602ffc34c1c1","method":"POST","route":"/api/v1/tournaments","statusCode":200,"latencyMs":34.696,"msg":"request completed"}
{"level":30,"time":1789777234063,"pid":19535,"hostname":"Glebs-MacBook-Pro.local","reqId":"a9f6ac83-dff7-4694-8f4d-45583a53da01","event":"request_completed","requestId":"a9f6ac83-dff7-4694-8f4d-45583a53da01","method":"GET","route":"/api/v1/tournaments/:id","statusCode":200,"latencyMs":29.474,"msg":"request completed"}
{"level":30,"time":1789777234078,"pid":19535,"hostname":"Glebs-MacBook-Pro.local","reqId":"ea1bae88-e008-45e5-bcc0-b8df9c20cd57","event":"request_completed","requestId":"ea1bae88-e008-45e5-bcc0-b8df9c20cd57","method":"GET","route":"/api/v1/users/directory","statusCode":200,"latencyMs":10.858,"msg":"request completed"}
{"level":30,"time":1789777234175,"pid":19535,"hostname":"Glebs-MacBook-Pro.local","reqId":"51bf1e23-1e80-485d-91c2-3c69a895fff6","event":"request_completed","requestId":"51bf1e23-1e80-485d-91c2-3c69a895fff6","method":"POST","route":"/api/v1/tournaments/:id/participants","statusCode":200,"latencyMs":62.438,"msg":"request completed"}
{"level":30,"time":1789777234248,"pid":19535,"hostname":"Glebs-MacBook-Pro.local","reqId":"57c08c12-efe0-417d-a2df-73e0a0e29d07","event":"request_completed","requestId":"57c08c12-efe0-417d-a2df-73e0a0e29d07","method":"POST","route":"/api/v1/tournaments/:id/participants","statusCode":200,"latencyMs":49.332,"msg":"request completed"}
{"level":30,"time":1789777234282,"pid":19535,"hostname":"Glebs-MacBook-Pro.local","reqId":"285c5574-9784-4dfe-b679-ab0aecb81ffa","event":"request_completed","requestId":"285c5574-9784-4dfe-b679-ab0aecb81ffa","method":"POST","route":"/api/v1/tournaments/:id/participants","statusCode":200,"latencyMs":30.084,"msg":"request completed"}
{"level":30,"time":1789777234321,"pid":19535,"hostname":"Glebs-MacBook-Pro.local","reqId":"04d34eaa-1c39-4c2f-b952-1193b0f422ca","event":"request_completed","requestId":"04d34eaa-1c39-4c2f-b952-1193b0f422ca","method":"POST","route":"/api/v1/tournaments/:id/participants","statusCode":200,"latencyMs":34.403,"msg":"request completed"}
{"level":30,"time":1789777234343,"pid":19535,"hostname":"Glebs-MacBook-Pro.local","reqId":"b691a893-1719-463e-9796-3f365245de8f","event":"request_completed","requestId":"b691a893-1719-463e-9796-3f365245de8f","method":"PATCH","route":"/api/v1/tournaments/:id","statusCode":200,"latencyMs":18.45,"msg":"request completed"}
{"level":30,"time":1789777234370,"pid":19535,"hostname":"Glebs-MacBook-Pro.local","reqId":"c0f69b19-459f-4a8d-874b-ef98a2fea27c","event":"request_completed","requestId":"c0f69b19-459f-4a8d-874b-ef98a2fea27c","method":"GET","route":"/api/v1/auth/me","statusCode":200,"latencyMs":9.163,"msg":"request completed"}
{"level":30,"time":1789777234394,"pid":19535,"hostname":"Glebs-MacBook-Pro.local","reqId":"1e296db6-0ff8-4c64-ac18-eed1894b530c","event":"request_completed","requestId":"1e296db6-0ff8-4c64-ac18-eed1894b530c","method":"GET","route":"/api/v1/notifications","statusCode":200,"latencyMs":18.59,"msg":"request completed"}
{"level":30,"time":1789777234398,"pid":19535,"hostname":"Glebs-MacBook-Pro.local","reqId":"bd85a93b-ff58-433a-b80c-63446160e203","event":"request_completed","requestId":"bd85a93b-ff58-433a-b80c-63446160e203","method":"GET","route":"/api/v1/tournaments/:id","statusCode":200,"latencyMs":21.548,"msg":"request completed"}
{"level":30,"time":1789777234410,"pid":19535,"hostname":"Glebs-MacBook-Pro.local","reqId":"1ecf98a8-011e-4d75-b052-125c3220812d","event":"request_completed","requestId":"1ecf98a8-011e-4d75-b052-125c3220812d","method":"GET","route":"/api/v1/users/directory","statusCode":200,"latencyMs":9.873,"msg":"request completed"}
{"level":30,"time":1789777234533,"pid":19535,"hostname":"Glebs-MacBook-Pro.local","reqId":"36bc5d03-3718-4f4a-8416-30c71f5b155b","event":"request_completed","requestId":"36bc5d03-3718-4f4a-8416-30c71f5b155b","method":"POST","route":"/api/v1/tournaments/:id/bracket","statusCode":200,"latencyMs":41.378,"msg":"request completed"}
{"level":30,"time":1789777234566,"pid":19535,"hostname":"Glebs-MacBook-Pro.local","reqId":"85c47456-b091-441b-8f86-4ceb115ff7df","event":"request_completed","requestId":"85c47456-b091-441b-8f86-4ceb115ff7df","method":"GET","route":"/api/v1/tournaments/:id","statusCode":200,"latencyMs":30.254,"msg":"request completed"}
{"level":30,"time":1789777234640,"pid":19535,"hostname":"Glebs-MacBook-Pro.local","reqId":"4819df60-6f2a-4dcf-b6b3-971a1620bde0","event":"request_completed","requestId":"4819df60-6f2a-4dcf-b6b3-971a1620bde0","method":"GET","route":"/api/v1/tournaments/:id","statusCode":200,"latencyMs":34.521,"msg":"request completed"}
{"level":30,"time":1789777234728,"pid":19535,"hostname":"Glebs-MacBook-Pro.local","reqId":"5473f32e-eabc-4006-80c3-d3970991cdd9","event":"request_completed","requestId":"5473f32e-eabc-4006-80c3-d3970991cdd9","method":"GET","route":"/api/v1/tournaments/:id","statusCode":200,"latencyMs":30.827,"msg":"request completed"}
{"level":30,"time":1789777234733,"pid":19535,"hostname":"Glebs-MacBook-Pro.local","reqId":"bb48cba7-4c50-48b8-9867-555795ee9ecc","event":"request_completed","requestId":"bb48cba7-4c50-48b8-9867-555795ee9ecc","method":"PATCH","route":"/api/v1/tournaments/:id/bracket","statusCode":200,"latencyMs":39.933,"msg":"request completed"}
{"level":30,"time":1789777234748,"pid":19535,"hostname":"Glebs-MacBook-Pro.local","reqId":"896a3c51-42d3-49dc-9f96-4ba0b5e74c18","event":"request_completed","requestId":"896a3c51-42d3-49dc-9f96-4ba0b5e74c18","method":"GET","route":"/api/v1/tournaments/:id","statusCode":200,"latencyMs":12.64,"msg":"request completed"}
{"level":30,"time":1789777234866,"pid":19535,"hostname":"Glebs-MacBook-Pro.local","reqId":"c08afc87-a9bb-4109-b72f-81ab3c501b72","event":"request_completed","requestId":"c08afc87-a9bb-4109-b72f-81ab3c501b72","method":"GET","route":"/api/v1/tournaments/:id","statusCode":200,"latencyMs":31.663,"msg":"request completed"}
{"level":30,"time":1789777235068,"pid":19535,"hostname":"Glebs-MacBook-Pro.local","reqId":"de9fb93a-f76d-44e7-99f2-2917765e966d","event":"request_completed","requestId":"de9fb93a-f76d-44e7-99f2-2917765e966d","method":"GET","route":"/api/v1/tournaments/:id","statusCode":200,"latencyMs":22.879,"msg":"request completed"}
{"level":30,"time":1789777235083,"pid":19535,"hostname":"Glebs-MacBook-Pro.local","reqId":"4b5cee8e-a660-444f-8700-e2440d14fb50","event":"request_completed","requestId":"4b5cee8e-a660-444f-8700-e2440d14fb50","method":"GET","route":"/api/v1/tournaments/:id","statusCode":200,"latencyMs":11.866,"msg":"request completed"}
{"level":30,"time":1789777235095,"pid":19535,"hostname":"Glebs-MacBook-Pro.local","reqId":"0c6537fa-671e-484d-bb4f-6884bd1e4750","event":"request_completed","requestId":"0c6537fa-671e-484d-bb4f-6884bd1e4750","method":"POST","route":"/api/v1/tournaments/:id/start","statusCode":200,"latencyMs":53.171,"msg":"request completed"}
{"level":30,"time":1789777235226,"pid":19535,"hostname":"Glebs-MacBook-Pro.local","reqId":"d8d9214c-97b4-470f-9592-047986e4f9d4","event":"request_completed","requestId":"d8d9214c-97b4-470f-9592-047986e4f9d4","method":"GET","route":"/api/v1/tournaments/:id","statusCode":200,"latencyMs":38.039,"msg":"request completed"}
{"level":30,"time":1789777235266,"pid":19535,"hostname":"Glebs-MacBook-Pro.local","reqId":"45b947a7-37e9-4926-b040-b54124db8c15","event":"request_completed","requestId":"45b947a7-37e9-4926-b040-b54124db8c15","method":"GET","route":"/api/v1/tournaments/:id","statusCode":200,"latencyMs":35.789,"msg":"request completed"}
{"level":30,"time":1789777235294,"pid":19535,"hostname":"Glebs-MacBook-Pro.local","reqId":"135738f0-56ac-4f6b-b509-dca8b4ba4ee4","event":"request_completed","requestId":"135738f0-56ac-4f6b-b509-dca8b4ba4ee4","method":"GET","route":"/api/v1/matches/:matchId","statusCode":200,"latencyMs":24.796,"msg":"request completed"}
{"level":30,"time":1789777235320,"pid":19535,"hostname":"Glebs-MacBook-Pro.local","reqId":"025a68e5-5ecb-4735-b895-84d38257eba5","event":"request_completed","requestId":"025a68e5-5ecb-4735-b895-84d38257eba5","method":"POST","route":"/api/v1/matches/:matchId/judge/acquire","statusCode":200,"latencyMs":22.521,"msg":"request completed"}
{"level":30,"time":1789777235352,"pid":19535,"hostname":"Glebs-MacBook-Pro.local","reqId":"e74ddb12-8048-4830-9013-2ae78682b05e","event":"request_completed","requestId":"e74ddb12-8048-4830-9013-2ae78682b05e","method":"POST","route":"/api/v1/matches/:matchId/start","statusCode":200,"latencyMs":28.684,"msg":"request completed"}
{"level":30,"time":1789777235384,"pid":19535,"hostname":"Glebs-MacBook-Pro.local","reqId":"7a22940c-abdc-40db-bf9e-e6cbc5ef10c5","event":"request_completed","requestId":"7a22940c-abdc-40db-bf9e-e6cbc5ef10c5","method":"POST","route":"/api/v1/matches/:matchId/points","statusCode":200,"latencyMs":28.336,"msg":"request completed"}
{"level":30,"time":1789777235447,"pid":19535,"hostname":"Glebs-MacBook-Pro.local","reqId":"e3983b0e-9815-42b1-8571-c48239500e2c","event":"request_completed","requestId":"e3983b0e-9815-42b1-8571-c48239500e2c","method":"POST","route":"/api/v1/matches/:matchId/confirm-finish","statusCode":200,"latencyMs":58.83,"msg":"request completed"}
{"level":30,"time":1789777235466,"pid":19535,"hostname":"Glebs-MacBook-Pro.local","reqId":"706ffa26-efba-4412-b730-6f226a48c192","event":"request_completed","requestId":"706ffa26-efba-4412-b730-6f226a48c192","method":"GET","route":"/api/v1/tournaments/:id","statusCode":200,"latencyMs":14.302,"msg":"request completed"}
{"level":30,"time":1789777235479,"pid":19535,"hostname":"Glebs-MacBook-Pro.local","reqId":"47eb8dde-d360-4c37-bae6-a8afe7da0d7e","event":"request_completed","requestId":"47eb8dde-d360-4c37-bae6-a8afe7da0d7e","method":"GET","route":"/api/v1/matches/:matchId","statusCode":200,"latencyMs":9.601,"msg":"request completed"}
{"level":30,"time":1789777235506,"pid":19535,"hostname":"Glebs-MacBook-Pro.local","reqId":"11440490-b2f7-4a5d-8a71-532ea615b65e","event":"request_completed","requestId":"11440490-b2f7-4a5d-8a71-532ea615b65e","method":"POST","route":"/api/v1/matches/:matchId/judge/acquire","statusCode":200,"latencyMs":22.912,"msg":"request completed"}
{"level":30,"time":1789777235540,"pid":19535,"hostname":"Glebs-MacBook-Pro.local","reqId":"147a6886-3828-4f81-a793-a093a6da1288","event":"request_completed","requestId":"147a6886-3828-4f81-a793-a093a6da1288","method":"POST","route":"/api/v1/matches/:matchId/start","statusCode":200,"latencyMs":29.797,"msg":"request completed"}
{"level":30,"time":1789777235568,"pid":19535,"hostname":"Glebs-MacBook-Pro.local","reqId":"fcef22be-2d8e-4eec-90a3-4e793ae097b2","event":"request_completed","requestId":"fcef22be-2d8e-4eec-90a3-4e793ae097b2","method":"POST","route":"/api/v1/matches/:matchId/points","statusCode":200,"latencyMs":23.875,"msg":"request completed"}
{"level":30,"time":1789777235616,"pid":19535,"hostname":"Glebs-MacBook-Pro.local","reqId":"d56cf323-c027-42d4-8609-116c93291e10","event":"request_completed","requestId":"d56cf323-c027-42d4-8609-116c93291e10","method":"POST","route":"/api/v1/matches/:matchId/confirm-finish","statusCode":200,"latencyMs":43.092,"msg":"request completed"}
{"level":30,"time":1789777235634,"pid":19535,"hostname":"Glebs-MacBook-Pro.local","reqId":"39e7dbbe-6a93-4533-9d5d-aec0d62e4adf","event":"request_completed","requestId":"39e7dbbe-6a93-4533-9d5d-aec0d62e4adf","method":"GET","route":"/api/v1/tournaments/:id","statusCode":200,"latencyMs":14.388,"msg":"request completed"}
{"level":30,"time":1789777235648,"pid":19535,"hostname":"Glebs-MacBook-Pro.local","reqId":"25fc29fb-564a-4f0c-9880-1eac403a755f","event":"request_completed","requestId":"25fc29fb-564a-4f0c-9880-1eac403a755f","method":"GET","route":"/api/v1/matches/:matchId","statusCode":200,"latencyMs":10.317,"msg":"request completed"}
{"level":30,"time":1789777235680,"pid":19535,"hostname":"Glebs-MacBook-Pro.local","reqId":"e025ce8b-8b48-4aef-bab7-d33644e792f3","event":"request_completed","requestId":"e025ce8b-8b48-4aef-bab7-d33644e792f3","method":"POST","route":"/api/v1/matches/:matchId/judge/acquire","statusCode":200,"latencyMs":28.896,"msg":"request completed"}
{"level":30,"time":1789777235725,"pid":19535,"hostname":"Glebs-MacBook-Pro.local","reqId":"d6991cdc-160a-4fce-afc8-61aa0b4450f8","event":"request_completed","requestId":"d6991cdc-160a-4fce-afc8-61aa0b4450f8","method":"POST","route":"/api/v1/matches/:matchId/start","statusCode":200,"latencyMs":40.388,"msg":"request completed"}
{"level":30,"time":1789777235752,"pid":19535,"hostname":"Glebs-MacBook-Pro.local","reqId":"5b8cff6e-66ba-4176-93d5-f9b6a98b6b03","event":"request_completed","requestId":"5b8cff6e-66ba-4176-93d5-f9b6a98b6b03","method":"POST","route":"/api/v1/matches/:matchId/points","statusCode":200,"latencyMs":23.397,"msg":"request completed"}
{"level":30,"time":1789777235826,"pid":19535,"hostname":"Glebs-MacBook-Pro.local","reqId":"70184004-88e5-41cd-9c59-c16c09a77293","event":"request_completed","requestId":"70184004-88e5-41cd-9c59-c16c09a77293","method":"POST","route":"/api/v1/matches/:matchId/confirm-finish","statusCode":200,"latencyMs":69.697,"msg":"request completed"}
{"level":30,"time":1789777235843,"pid":19535,"hostname":"Glebs-MacBook-Pro.local","reqId":"fc6f182b-4007-4ba3-ba16-a57241800bb4","event":"request_completed","requestId":"fc6f182b-4007-4ba3-ba16-a57241800bb4","method":"GET","route":"/api/v1/tournaments/:id","statusCode":200,"latencyMs":13.435,"msg":"request completed"}
{"level":30,"time":1789777235857,"pid":19535,"hostname":"Glebs-MacBook-Pro.local","reqId":"867d5be8-10ca-44db-bc9f-0d656b048ed9","event":"request_completed","requestId":"867d5be8-10ca-44db-bc9f-0d656b048ed9","method":"GET","route":"/api/v1/matches/:matchId","statusCode":200,"latencyMs":10.664,"msg":"request completed"}
{"level":30,"time":1789777235887,"pid":19535,"hostname":"Glebs-MacBook-Pro.local","reqId":"a7e284f6-5deb-4269-8868-4b2072a9b2ab","event":"request_completed","requestId":"a7e284f6-5deb-4269-8868-4b2072a9b2ab","method":"POST","route":"/api/v1/matches/:matchId/judge/acquire","statusCode":200,"latencyMs":25.119,"msg":"request completed"}
{"level":30,"time":1789777235929,"pid":19535,"hostname":"Glebs-MacBook-Pro.local","reqId":"8669c6a4-742a-46b5-bcf8-bf4c79ebe351","event":"request_completed","requestId":"8669c6a4-742a-46b5-bcf8-bf4c79ebe351","method":"POST","route":"/api/v1/matches/:matchId/start","statusCode":200,"latencyMs":37.801,"msg":"request completed"}
{"level":30,"time":1789777235961,"pid":19535,"hostname":"Glebs-MacBook-Pro.local","reqId":"6d0e2937-1587-45e2-9884-ca4e1f278fd4","event":"request_completed","requestId":"6d0e2937-1587-45e2-9884-ca4e1f278fd4","method":"POST","route":"/api/v1/matches/:matchId/points","statusCode":200,"latencyMs":27.118,"msg":"request completed"}
{"level":30,"time":1789777236012,"pid":19535,"hostname":"Glebs-MacBook-Pro.local","reqId":"e09cc6ac-79c3-4924-8133-89942568e26e","event":"request_completed","requestId":"e09cc6ac-79c3-4924-8133-89942568e26e","method":"POST","route":"/api/v1/matches/:matchId/confirm-finish","statusCode":200,"latencyMs":47.429,"msg":"request completed"}
{"level":30,"time":1789777236031,"pid":19535,"hostname":"Glebs-MacBook-Pro.local","reqId":"37b6f497-1c44-4ce3-bdb7-7d0373c8a1a5","event":"request_completed","requestId":"37b6f497-1c44-4ce3-bdb7-7d0373c8a1a5","method":"GET","route":"/api/v1/tournaments/:id","statusCode":200,"latencyMs":14.772,"msg":"request completed"}
{"level":30,"time":1789777236044,"pid":19535,"hostname":"Glebs-MacBook-Pro.local","reqId":"eee2a651-4a86-40d1-bbc2-0252a998af1d","event":"request_completed","requestId":"eee2a651-4a86-40d1-bbc2-0252a998af1d","method":"GET","route":"/api/v1/matches/:matchId","statusCode":200,"latencyMs":9.565,"msg":"request completed"}
{"level":30,"time":1789777236072,"pid":19535,"hostname":"Glebs-MacBook-Pro.local","reqId":"7cad98df-d605-4df9-aa97-83879b11ba03","event":"request_completed","requestId":"7cad98df-d605-4df9-aa97-83879b11ba03","method":"POST","route":"/api/v1/matches/:matchId/judge/acquire","statusCode":200,"latencyMs":24.552,"msg":"request completed"}
{"level":30,"time":1789777236107,"pid":19535,"hostname":"Glebs-MacBook-Pro.local","reqId":"a81a1f1c-7b8d-45c4-9c8c-b52237b92ede","event":"request_completed","requestId":"a81a1f1c-7b8d-45c4-9c8c-b52237b92ede","method":"POST","route":"/api/v1/matches/:matchId/start","statusCode":200,"latencyMs":31.082,"msg":"request completed"}
{"level":30,"time":1789777236135,"pid":19535,"hostname":"Glebs-MacBook-Pro.local","reqId":"1590e615-cf83-4788-adc8-9ba8418fb407","event":"request_completed","requestId":"1590e615-cf83-4788-adc8-9ba8418fb407","method":"POST","route":"/api/v1/matches/:matchId/points","statusCode":200,"latencyMs":24.056,"msg":"request completed"}
{"level":30,"time":1789777236182,"pid":19535,"hostname":"Glebs-MacBook-Pro.local","reqId":"49bb3d3a-197b-4075-b878-72c2250b9f65","event":"request_completed","requestId":"49bb3d3a-197b-4075-b878-72c2250b9f65","method":"POST","route":"/api/v1/matches/:matchId/confirm-finish","statusCode":200,"latencyMs":42.296,"msg":"request completed"}
{"level":30,"time":1789777236197,"pid":19535,"hostname":"Glebs-MacBook-Pro.local","reqId":"73e7375f-a74e-4c86-99a6-f230ee5a054e","event":"request_completed","requestId":"73e7375f-a74e-4c86-99a6-f230ee5a054e","method":"GET","route":"/api/v1/tournaments/:id","statusCode":200,"latencyMs":12.09,"msg":"request completed"}
{"level":30,"time":1789777236212,"pid":19535,"hostname":"Glebs-MacBook-Pro.local","reqId":"e8a04939-5099-4898-b207-281f303b3bc7","event":"request_completed","requestId":"e8a04939-5099-4898-b207-281f303b3bc7","method":"GET","route":"/api/v1/tournaments/:id","statusCode":200,"latencyMs":11.607,"msg":"request completed"}
{"level":30,"time":1789777236236,"pid":19535,"hostname":"Glebs-MacBook-Pro.local","reqId":"e5b6891b-90b1-46bb-a0b9-7ae753ff5231","event":"request_completed","requestId":"e5b6891b-90b1-46bb-a0b9-7ae753ff5231","method":"GET","route":"/api/v1/auth/me","statusCode":200,"latencyMs":4.747,"msg":"request completed"}
{"level":30,"time":1789777236252,"pid":19535,"hostname":"Glebs-MacBook-Pro.local","reqId":"02945fba-0411-4021-be8c-0609caa5eaaa","event":"request_completed","requestId":"02945fba-0411-4021-be8c-0609caa5eaaa","method":"GET","route":"/api/v1/notifications","statusCode":200,"latencyMs":12.338,"msg":"request completed"}
{"level":30,"time":1789777236253,"pid":19535,"hostname":"Glebs-MacBook-Pro.local","reqId":"6fab58b8-ef5a-475c-9921-0884355916bc","event":"request_completed","requestId":"6fab58b8-ef5a-475c-9921-0884355916bc","method":"GET","route":"/api/v1/tournaments/:id","statusCode":200,"latencyMs":13.308,"msg":"request completed"}
  ✓  47 [chromium-mobile-390] › tests/e2e/wave-d-tournaments.spec.ts:19:7 › Wave D tournament single_elimination/5 roster, seed edit, complete and results (3.1s)
{"level":30,"time":1789777236470,"pid":19535,"hostname":"Glebs-MacBook-Pro.local","reqId":"cc5edccb-16b3-46e2-8732-dad257d0e03c","event":"request_completed","requestId":"cc5edccb-16b3-46e2-8732-dad257d0e03c","method":"GET","route":"/health","statusCode":200,"latencyMs":0.122,"msg":"request completed"}
{"level":30,"time":1789777236502,"pid":19535,"hostname":"Glebs-MacBook-Pro.local","reqId":"e0993116-6c4c-4e1c-9349-054534f077f6","event":"request_completed","requestId":"e0993116-6c4c-4e1c-9349-054534f077f6","method":"POST","route":"/api/v1/auth/login","statusCode":200,"latencyMs":29.697,"msg":"request completed"}
{"level":30,"time":1789777236518,"pid":19535,"hostname":"Glebs-MacBook-Pro.local","reqId":"f483d160-1334-47e6-b330-053bb7e871b7","event":"request_completed","requestId":"f483d160-1334-47e6-b330-053bb7e871b7","method":"PATCH","route":"/api/v1/me/onboarding","statusCode":200,"latencyMs":11.546,"msg":"request completed"}
{"level":30,"time":1789777236782,"pid":19535,"hostname":"Glebs-MacBook-Pro.local","reqId":"7cfec432-6310-44c4-af33-ab18f94cfa6c","event":"request_completed","requestId":"7cfec432-6310-44c4-af33-ab18f94cfa6c","method":"GET","route":"/api/v1/auth/me","statusCode":401,"latencyMs":0.13,"msg":"request completed"}
{"level":30,"time":1789777236954,"pid":19535,"hostname":"Glebs-MacBook-Pro.local","reqId":"8a646d21-571c-4522-9fc8-9581d9739104","event":"request_completed","requestId":"8a646d21-571c-4522-9fc8-9581d9739104","method":"POST","route":"/api/v1/auth/login","statusCode":200,"latencyMs":21.275,"msg":"request completed"}
{"level":30,"time":1789777236962,"pid":19535,"hostname":"Glebs-MacBook-Pro.local","reqId":"79f6005a-97c8-44c7-8c23-fb81b28ca246","event":"request_completed","requestId":"79f6005a-97c8-44c7-8c23-fb81b28ca246","method":"GET","route":"/api/v1/auth/me","statusCode":200,"latencyMs":5.501,"msg":"request completed"}
{"level":30,"time":1789777236977,"pid":19535,"hostname":"Glebs-MacBook-Pro.local","reqId":"4933f85d-bacf-42c5-8335-dfba2d2cbe7b","event":"request_completed","requestId":"4933f85d-bacf-42c5-8335-dfba2d2cbe7b","method":"GET","route":"/api/v1/notifications","statusCode":200,"latencyMs":19.114,"msg":"request completed"}
{"level":30,"time":1789777236992,"pid":19535,"hostname":"Glebs-MacBook-Pro.local","reqId":"21099726-bf82-49a0-b45d-08abd68e70ba","event":"request_completed","requestId":"21099726-bf82-49a0-b45d-08abd68e70ba","method":"GET","route":"/api/v1/auth/me","statusCode":200,"latencyMs":4.969,"msg":"request completed"}
{"level":30,"time":1789777237012,"pid":19535,"hostname":"Glebs-MacBook-Pro.local","reqId":"41b8d0dd-ed75-401c-8292-42e0a8b2a9f7","event":"request_completed","requestId":"41b8d0dd-ed75-401c-8292-42e0a8b2a9f7","method":"GET","route":"/api/v1/notifications","statusCode":200,"latencyMs":12.889,"msg":"request completed"}
{"level":30,"time":1789777237017,"pid":19535,"hostname":"Glebs-MacBook-Pro.local","reqId":"321d2eb9-ace4-4088-90c1-e849df4d7479","event":"request_completed","requestId":"321d2eb9-ace4-4088-90c1-e849df4d7479","method":"GET","route":"/api/v1/home","statusCode":200,"latencyMs":56.345,"msg":"request completed"}
{"level":30,"time":1789777237055,"pid":19535,"hostname":"Glebs-MacBook-Pro.local","reqId":"1de5be2b-4921-4d61-a010-8161bcd9b99e","event":"request_completed","requestId":"1de5be2b-4921-4d61-a010-8161bcd9b99e","method":"POST","route":"/api/v1/tournaments","statusCode":200,"latencyMs":12.571,"msg":"request completed"}
{"level":30,"time":1789777237074,"pid":19535,"hostname":"Glebs-MacBook-Pro.local","reqId":"1b01a296-e19b-44f9-8ac4-3c7510077004","event":"request_completed","requestId":"1b01a296-e19b-44f9-8ac4-3c7510077004","method":"GET","route":"/api/v1/tournaments/:id","statusCode":200,"latencyMs":13.893,"msg":"request completed"}
{"level":30,"time":1789777237082,"pid":19535,"hostname":"Glebs-MacBook-Pro.local","reqId":"50ecfbc1-b7a0-4bd7-92b5-99759e92d5e1","event":"request_completed","requestId":"50ecfbc1-b7a0-4bd7-92b5-99759e92d5e1","method":"GET","route":"/api/v1/users/directory","statusCode":200,"latencyMs":4.616,"msg":"request completed"}
{"level":30,"time":1789777237152,"pid":19535,"hostname":"Glebs-MacBook-Pro.local","reqId":"7dd63cfb-29a7-43e1-90bd-d1ad948192b8","event":"request_completed","requestId":"7dd63cfb-29a7-43e1-90bd-d1ad948192b8","method":"POST","route":"/api/v1/tournaments/:id/participants","statusCode":200,"latencyMs":26.826,"msg":"request completed"}
{"level":30,"time":1789777237272,"pid":19535,"hostname":"Glebs-MacBook-Pro.local","reqId":"ff8d5241-5c35-4480-8007-5bdbcecec352","event":"request_completed","requestId":"ff8d5241-5c35-4480-8007-5bdbcecec352","method":"POST","route":"/api/v1/tournaments/:id/participants","statusCode":200,"latencyMs":57.415,"msg":"request completed"}
{"level":30,"time":1789777237318,"pid":19535,"hostname":"Glebs-MacBook-Pro.local","reqId":"85b2d81f-0d7c-4ef5-8316-de28efa56e6c","event":"request_completed","requestId":"85b2d81f-0d7c-4ef5-8316-de28efa56e6c","method":"POST","route":"/api/v1/tournaments/:id/participants","statusCode":200,"latencyMs":40.636,"msg":"request completed"}
{"level":30,"time":1789777237357,"pid":19535,"hostname":"Glebs-MacBook-Pro.local","reqId":"6563b9f1-a7ac-455e-a2d4-cbe74aac766e","event":"request_completed","requestId":"6563b9f1-a7ac-455e-a2d4-cbe74aac766e","method":"POST","route":"/api/v1/tournaments/:id/participants","statusCode":200,"latencyMs":35.019,"msg":"request completed"}
{"level":30,"time":1789777237411,"pid":19535,"hostname":"Glebs-MacBook-Pro.local","reqId":"28dcbbd4-c116-407c-b9c3-379ca8decb72","event":"request_completed","requestId":"28dcbbd4-c116-407c-b9c3-379ca8decb72","method":"POST","route":"/api/v1/tournaments/:id/participants","statusCode":200,"latencyMs":49.17,"msg":"request completed"}
{"level":30,"time":1789777237449,"pid":19535,"hostname":"Glebs-MacBook-Pro.local","reqId":"9251bec3-79d1-45f7-add8-05d3ae808cfa","event":"request_completed","requestId":"9251bec3-79d1-45f7-add8-05d3ae808cfa","method":"POST","route":"/api/v1/tournaments/:id/participants","statusCode":200,"latencyMs":33.445,"msg":"request completed"}
{"level":30,"time":1789777237487,"pid":19535,"hostname":"Glebs-MacBook-Pro.local","reqId":"1cbeba19-3add-4ed5-8f5e-d75413959170","event":"request_completed","requestId":"1cbeba19-3add-4ed5-8f5e-d75413959170","method":"POST","route":"/api/v1/tournaments/:id/participants","statusCode":200,"latencyMs":32.87,"msg":"request completed"}
{"level":30,"time":1789777237511,"pid":19535,"hostname":"Glebs-MacBook-Pro.local","reqId":"f6973f40-02e0-4510-80f0-cf3eec8fbc49","event":"request_completed","requestId":"f6973f40-02e0-4510-80f0-cf3eec8fbc49","method":"PATCH","route":"/api/v1/tournaments/:id","statusCode":200,"latencyMs":19.568,"msg":"request completed"}
{"level":30,"time":1789777237539,"pid":19535,"hostname":"Glebs-MacBook-Pro.local","reqId":"975e4cbf-e83b-499a-8045-45f6b575f280","event":"request_completed","requestId":"975e4cbf-e83b-499a-8045-45f6b575f280","method":"GET","route":"/api/v1/auth/me","statusCode":200,"latencyMs":8.764,"msg":"request completed"}
{"level":30,"time":1789777237563,"pid":19535,"hostname":"Glebs-MacBook-Pro.local","reqId":"14fb5d59-6d46-4f9c-8341-48bc750a5590","event":"request_completed","requestId":"14fb5d59-6d46-4f9c-8341-48bc750a5590","method":"GET","route":"/api/v1/notifications","statusCode":200,"latencyMs":17.139,"msg":"request completed"}
{"level":30,"time":1789777237566,"pid":19535,"hostname":"Glebs-MacBook-Pro.local","reqId":"0490ee6f-f288-4703-abc8-5f0190ccb645","event":"request_completed","requestId":"0490ee6f-f288-4703-abc8-5f0190ccb645","method":"GET","route":"/api/v1/tournaments/:id","statusCode":200,"latencyMs":19.75,"msg":"request completed"}
{"level":30,"time":1789777237573,"pid":19535,"hostname":"Glebs-MacBook-Pro.local","reqId":"9f31c18c-54ac-4626-9f10-c67551b8fa1b","event":"request_completed","requestId":"9f31c18c-54ac-4626-9f10-c67551b8fa1b","method":"GET","route":"/api/v1/users/directory","statusCode":200,"latencyMs":3.902,"msg":"request completed"}
{"level":30,"time":1789777237706,"pid":19535,"hostname":"Glebs-MacBook-Pro.local","reqId":"f320a031-619d-413a-b570-42a8cd4da994","event":"request_completed","requestId":"f320a031-619d-413a-b570-42a8cd4da994","method":"POST","route":"/api/v1/tournaments/:id/bracket","statusCode":200,"latencyMs":44.099,"msg":"request completed"}
{"level":30,"time":1789777237722,"pid":19535,"hostname":"Glebs-MacBook-Pro.local","reqId":"cf65f2f6-587e-4704-b125-30deaeeff529","event":"request_completed","requestId":"cf65f2f6-587e-4704-b125-30deaeeff529","method":"GET","route":"/api/v1/tournaments/:id","statusCode":200,"latencyMs":13.819,"msg":"request completed"}
{"level":30,"time":1789777237796,"pid":19535,"hostname":"Glebs-MacBook-Pro.local","reqId":"1f62cbe5-6dc3-49a6-859c-9dc19a2999a1","event":"request_completed","requestId":"1f62cbe5-6dc3-49a6-859c-9dc19a2999a1","method":"GET","route":"/api/v1/tournaments/:id","statusCode":200,"latencyMs":39.094,"msg":"request completed"}
{"level":30,"time":1789777237886,"pid":19535,"hostname":"Glebs-MacBook-Pro.local","reqId":"d30e2443-6512-41c8-a7b7-f32b1b185d47","event":"request_completed","requestId":"d30e2443-6512-41c8-a7b7-f32b1b185d47","method":"GET","route":"/api/v1/tournaments/:id","statusCode":200,"latencyMs":34.052,"msg":"request completed"}
{"level":30,"time":1789777237891,"pid":19535,"hostname":"Glebs-MacBook-Pro.local","reqId":"0534af3f-c431-4767-832b-a7e2a297364e","event":"request_completed","requestId":"0534af3f-c431-4767-832b-a7e2a297364e","method":"PATCH","route":"/api/v1/tournaments/:id/bracket","statusCode":200,"latencyMs":44.357,"msg":"request completed"}
{"level":30,"time":1789777237905,"pid":19535,"hostname":"Glebs-MacBook-Pro.local","reqId":"1ead6533-0858-42f3-8084-5493b19bb7b2","event":"request_completed","requestId":"1ead6533-0858-42f3-8084-5493b19bb7b2","method":"GET","route":"/api/v1/tournaments/:id","statusCode":200,"latencyMs":12.191,"msg":"request completed"}
{"level":30,"time":1789777238035,"pid":19535,"hostname":"Glebs-MacBook-Pro.local","reqId":"601d253c-2d21-4976-8fa9-d6f5011d5ee0","event":"request_completed","requestId":"601d253c-2d21-4976-8fa9-d6f5011d5ee0","method":"GET","route":"/api/v1/tournaments/:id","statusCode":200,"latencyMs":42.93,"msg":"request completed"}
{"level":30,"time":1789777238254,"pid":19535,"hostname":"Glebs-MacBook-Pro.local","reqId":"fc7adb7d-61c6-4c6b-8e0c-efcf556e0142","event":"request_completed","requestId":"fc7adb7d-61c6-4c6b-8e0c-efcf556e0142","method":"GET","route":"/api/v1/tournaments/:id","statusCode":200,"latencyMs":38.851,"msg":"request completed"}
{"level":30,"time":1789777238271,"pid":19535,"hostname":"Glebs-MacBook-Pro.local","reqId":"88ce3e85-6f4b-472b-bc2a-1d046e069213","event":"request_completed","requestId":"88ce3e85-6f4b-472b-bc2a-1d046e069213","method":"GET","route":"/api/v1/tournaments/:id","statusCode":200,"latencyMs":14.29,"msg":"request completed"}
{"level":30,"time":1789777238310,"pid":19535,"hostname":"Glebs-MacBook-Pro.local","reqId":"ca09f6df-4d6a-486c-890d-1f6e8b22ff4c","event":"request_completed","requestId":"ca09f6df-4d6a-486c-890d-1f6e8b22ff4c","method":"POST","route":"/api/v1/tournaments/:id/start","statusCode":200,"latencyMs":99.766,"msg":"request completed"}
{"level":30,"time":1789777238413,"pid":19535,"hostname":"Glebs-MacBook-Pro.local","reqId":"83ea1dde-2d23-4cac-ae15-18ac4e51bb2e","event":"request_completed","requestId":"83ea1dde-2d23-4cac-ae15-18ac4e51bb2e","method":"GET","route":"/api/v1/tournaments/:id","statusCode":200,"latencyMs":35.775,"msg":"request completed"}
{"level":30,"time":1789777238505,"pid":19535,"hostname":"Glebs-MacBook-Pro.local","reqId":"4405ccc6-686f-42bc-a100-dce16fd7522f","event":"request_completed","requestId":"4405ccc6-686f-42bc-a100-dce16fd7522f","method":"GET","route":"/api/v1/matches/:matchId","statusCode":200,"latencyMs":25.518,"msg":"request completed"}
{"level":30,"time":1789777238548,"pid":19535,"hostname":"Glebs-MacBook-Pro.local","reqId":"8db82c57-d41e-496a-91d7-58cef71df608","event":"request_completed","requestId":"8db82c57-d41e-496a-91d7-58cef71df608","method":"POST","route":"/api/v1/matches/:matchId/judge/acquire","statusCode":200,"latencyMs":40.843,"msg":"request completed"}
{"level":30,"time":1789777238563,"pid":19535,"hostname":"Glebs-MacBook-Pro.local","reqId":"33284dfc-27aa-40bd-9dbe-eaf6725f054d","event":"request_completed","requestId":"33284dfc-27aa-40bd-9dbe-eaf6725f054d","method":"GET","route":"/api/v1/matches/:matchId","statusCode":200,"latencyMs":12.14,"msg":"request completed"}
{"level":30,"time":1789777238574,"pid":19535,"hostname":"Glebs-MacBook-Pro.local","reqId":"3f9f8c99-2bdc-4bf2-a616-5c1014a00cc6","event":"request_completed","requestId":"3f9f8c99-2bdc-4bf2-a616-5c1014a00cc6","method":"POST","route":"/api/v1/matches/:matchId/judge/heartbeat","statusCode":200,"latencyMs":7.977,"msg":"request completed"}
{"level":30,"time":1789777238585,"pid":19535,"hostname":"Glebs-MacBook-Pro.local","reqId":"56b3549b-3b13-43a5-9858-66f4c7da63e2","event":"request_completed","requestId":"56b3549b-3b13-43a5-9858-66f4c7da63e2","method":"GET","route":"/api/v1/matches/:matchId","statusCode":200,"latencyMs":9.023,"msg":"request completed"}
{"level":30,"time":1789777238693,"pid":19535,"hostname":"Glebs-MacBook-Pro.local","reqId":"184ff0d2-0b8c-40df-9d66-26df14e78341","event":"request_completed","requestId":"184ff0d2-0b8c-40df-9d66-26df14e78341","method":"POST","route":"/api/v1/matches/:matchId/judge/release","statusCode":200,"latencyMs":16.999,"msg":"request completed"}
{"level":30,"time":1789777238725,"pid":19535,"hostname":"Glebs-MacBook-Pro.local","reqId":"6dc88c17-917b-4845-868a-2363fa24366c","event":"request_completed","requestId":"6dc88c17-917b-4845-868a-2363fa24366c","method":"GET","route":"/api/v1/notifications","statusCode":200,"latencyMs":27.791,"msg":"request completed"}
{"level":30,"time":1789777238730,"pid":19535,"hostname":"Glebs-MacBook-Pro.local","reqId":"fb1f8668-ef57-48f7-93c3-cdc87bf35cf2","event":"request_completed","requestId":"fb1f8668-ef57-48f7-93c3-cdc87bf35cf2","method":"GET","route":"/api/v1/tournaments/:id","statusCode":200,"latencyMs":32.584,"msg":"request completed"}
{"level":30,"time":1789777238825,"pid":19535,"hostname":"Glebs-MacBook-Pro.local","reqId":"88502e5d-d1c1-4304-9856-6583ee6758f8","event":"request_completed","requestId":"88502e5d-d1c1-4304-9856-6583ee6758f8","method":"GET","route":"/api/v1/tournaments/:id","statusCode":200,"latencyMs":34.981,"msg":"request completed"}
{"level":30,"time":1789777238843,"pid":19535,"hostname":"Glebs-MacBook-Pro.local","reqId":"9e440a14-f7ac-4c3f-9bf0-db766d89e1cd","event":"request_completed","requestId":"9e440a14-f7ac-4c3f-9bf0-db766d89e1cd","method":"GET","route":"/api/v1/matches/:matchId","statusCode":200,"latencyMs":15.174,"msg":"request completed"}
{"level":30,"time":1789777238870,"pid":19535,"hostname":"Glebs-MacBook-Pro.local","reqId":"d21fe1fc-8e4d-40dc-9cdd-b799f96b7b7c","event":"request_completed","requestId":"d21fe1fc-8e4d-40dc-9cdd-b799f96b7b7c","method":"POST","route":"/api/v1/matches/:matchId/judge/acquire","statusCode":200,"latencyMs":22.954,"msg":"request completed"}
{"level":30,"time":1789777238914,"pid":19535,"hostname":"Glebs-MacBook-Pro.local","reqId":"7037e577-72a2-49f2-85d3-f64e1729850a","event":"request_completed","requestId":"7037e577-72a2-49f2-85d3-f64e1729850a","method":"POST","route":"/api/v1/matches/:matchId/start","statusCode":200,"latencyMs":40.373,"msg":"request completed"}
{"level":30,"time":1789777238956,"pid":19535,"hostname":"Glebs-MacBook-Pro.local","reqId":"4df40bf7-3dac-481a-81fd-5a9eb25dab52","event":"request_completed","requestId":"4df40bf7-3dac-481a-81fd-5a9eb25dab52","method":"POST","route":"/api/v1/matches/:matchId/points","statusCode":200,"latencyMs":37.42,"msg":"request completed"}
{"level":30,"time":1789777238999,"pid":19535,"hostname":"Glebs-MacBook-Pro.local","reqId":"bdd35613-f750-4b94-be69-46f6ebae8bbf","event":"request_completed","requestId":"bdd35613-f750-4b94-be69-46f6ebae8bbf","method":"POST","route":"/api/v1/matches/:matchId/confirm-finish","statusCode":200,"latencyMs":39.47,"msg":"request completed"}
{"level":30,"time":1789777239016,"pid":19535,"hostname":"Glebs-MacBook-Pro.local","reqId":"b76be5b1-ba69-4d36-90e1-4172fa225f94","event":"request_completed","requestId":"b76be5b1-ba69-4d36-90e1-4172fa225f94","method":"GET","route":"/api/v1/tournaments/:id","statusCode":200,"latencyMs":13.888,"msg":"request completed"}
{"level":30,"time":1789777239030,"pid":19535,"hostname":"Glebs-MacBook-Pro.local","reqId":"b20c154d-cb2b-4d4f-8542-688df5151d89","event":"request_completed","requestId":"b20c154d-cb2b-4d4f-8542-688df5151d89","method":"GET","route":"/api/v1/matches/:matchId","statusCode":200,"latencyMs":10.217,"msg":"request completed"}
{"level":30,"time":1789777239057,"pid":19535,"hostname":"Glebs-MacBook-Pro.local","reqId":"a49f452e-b36b-43de-9c46-60ef199ccece","event":"request_completed","requestId":"a49f452e-b36b-43de-9c46-60ef199ccece","method":"POST","route":"/api/v1/matches/:matchId/judge/acquire","statusCode":200,"latencyMs":23.929,"msg":"request completed"}
{"level":30,"time":1789777239096,"pid":19535,"hostname":"Glebs-MacBook-Pro.local","reqId":"cec6954f-f990-4f4b-80ff-c139b0a93615","event":"request_completed","requestId":"cec6954f-f990-4f4b-80ff-c139b0a93615","method":"POST","route":"/api/v1/matches/:matchId/start","statusCode":200,"latencyMs":35.227,"msg":"request completed"}
{"level":30,"time":1789777239123,"pid":19535,"hostname":"Glebs-MacBook-Pro.local","reqId":"ef78c2e0-1d87-4b9a-a233-ac03fba00420","event":"request_completed","requestId":"ef78c2e0-1d87-4b9a-a233-ac03fba00420","method":"POST","route":"/api/v1/matches/:matchId/points","statusCode":200,"latencyMs":22.849,"msg":"request completed"}
{"level":30,"time":1789777239184,"pid":19535,"hostname":"Glebs-MacBook-Pro.local","reqId":"1e721c79-b9c2-4508-9f30-64aa5a9f0cd3","event":"request_completed","requestId":"1e721c79-b9c2-4508-9f30-64aa5a9f0cd3","method":"POST","route":"/api/v1/matches/:matchId/confirm-finish","statusCode":200,"latencyMs":57.37,"msg":"request completed"}
{"level":30,"time":1789777239202,"pid":19535,"hostname":"Glebs-MacBook-Pro.local","reqId":"329ff462-8966-4fe8-982c-71216e3c8875","event":"request_completed","requestId":"329ff462-8966-4fe8-982c-71216e3c8875","method":"GET","route":"/api/v1/tournaments/:id","statusCode":200,"latencyMs":14.667,"msg":"request completed"}
{"level":30,"time":1789777239213,"pid":19535,"hostname":"Glebs-MacBook-Pro.local","reqId":"6877af30-9919-4596-99ce-5e909792ca3d","event":"request_completed","requestId":"6877af30-9919-4596-99ce-5e909792ca3d","method":"GET","route":"/api/v1/matches/:matchId","statusCode":200,"latencyMs":8.275,"msg":"request completed"}
{"level":30,"time":1789777239240,"pid":19535,"hostname":"Glebs-MacBook-Pro.local","reqId":"34f96670-aed2-479d-9578-9cb9a72cfc5d","event":"request_completed","requestId":"34f96670-aed2-479d-9578-9cb9a72cfc5d","method":"POST","route":"/api/v1/matches/:matchId/judge/acquire","statusCode":200,"latencyMs":23.695,"msg":"request completed"}
{"level":30,"time":1789777239273,"pid":19535,"hostname":"Glebs-MacBook-Pro.local","reqId":"0d77845c-f95f-4b58-90d5-80bca107afd4","event":"request_completed","requestId":"0d77845c-f95f-4b58-90d5-80bca107afd4","method":"POST","route":"/api/v1/matches/:matchId/start","statusCode":200,"latencyMs":28.977,"msg":"request completed"}
{"level":30,"time":1789777239302,"pid":19535,"hostname":"Glebs-MacBook-Pro.local","reqId":"7db4843a-07c5-4dec-aff3-2bf988a50bf0","event":"request_completed","requestId":"7db4843a-07c5-4dec-aff3-2bf988a50bf0","method":"POST","route":"/api/v1/matches/:matchId/points","statusCode":200,"latencyMs":23.429,"msg":"request completed"}
{"level":30,"time":1789777239345,"pid":19535,"hostname":"Glebs-MacBook-Pro.local","reqId":"eec88e97-c249-4e4a-80b6-250602c6ee7f","event":"request_completed","requestId":"eec88e97-c249-4e4a-80b6-250602c6ee7f","method":"POST","route":"/api/v1/matches/:matchId/confirm-finish","statusCode":200,"latencyMs":37.871,"msg":"request completed"}
{"level":30,"time":1789777239363,"pid":19535,"hostname":"Glebs-MacBook-Pro.local","reqId":"c1c604de-a1a0-4fa8-bf70-91979de0a7d1","event":"request_completed","requestId":"c1c604de-a1a0-4fa8-bf70-91979de0a7d1","method":"GET","route":"/api/v1/tournaments/:id","statusCode":200,"latencyMs":14.552,"msg":"request completed"}
{"level":30,"time":1789777239376,"pid":19535,"hostname":"Glebs-MacBook-Pro.local","reqId":"3f92fe91-e1cc-4bb2-ba1b-e655d65a0bab","event":"request_completed","requestId":"3f92fe91-e1cc-4bb2-ba1b-e655d65a0bab","method":"GET","route":"/api/v1/matches/:matchId","statusCode":200,"latencyMs":8.974,"msg":"request completed"}
{"level":30,"time":1789777239400,"pid":19535,"hostname":"Glebs-MacBook-Pro.local","reqId":"6acd38d0-b36c-4bae-8cc0-b0b3e558166f","event":"request_completed","requestId":"6acd38d0-b36c-4bae-8cc0-b0b3e558166f","method":"POST","route":"/api/v1/matches/:matchId/judge/acquire","statusCode":200,"latencyMs":21.148,"msg":"request completed"}
{"level":30,"time":1789777239437,"pid":19535,"hostname":"Glebs-MacBook-Pro.local","reqId":"80a1dab6-2175-41c2-90a5-0b551b4ce021","event":"request_completed","requestId":"80a1dab6-2175-41c2-90a5-0b551b4ce021","method":"POST","route":"/api/v1/matches/:matchId/start","statusCode":200,"latencyMs":32.399,"msg":"request completed"}
{"level":30,"time":1789777239466,"pid":19535,"hostname":"Glebs-MacBook-Pro.local","reqId":"a3e07e8d-b122-4606-9366-58b56211f546","event":"request_completed","requestId":"a3e07e8d-b122-4606-9366-58b56211f546","method":"POST","route":"/api/v1/matches/:matchId/points","statusCode":200,"latencyMs":22.791,"msg":"request completed"}
{"level":30,"time":1789777239518,"pid":19535,"hostname":"Glebs-MacBook-Pro.local","reqId":"ea8aee7a-09f8-4410-849d-6cd57ee098f5","event":"request_completed","requestId":"ea8aee7a-09f8-4410-849d-6cd57ee098f5","method":"POST","route":"/api/v1/matches/:matchId/confirm-finish","statusCode":200,"latencyMs":48.67,"msg":"request completed"}
{"level":30,"time":1789777239533,"pid":19535,"hostname":"Glebs-MacBook-Pro.local","reqId":"0e8370dd-0ffc-46d8-b750-2e64ba981b1b","event":"request_completed","requestId":"0e8370dd-0ffc-46d8-b750-2e64ba981b1b","method":"GET","route":"/api/v1/tournaments/:id","statusCode":200,"latencyMs":12.175,"msg":"request completed"}
{"level":30,"time":1789777239545,"pid":19535,"hostname":"Glebs-MacBook-Pro.local","reqId":"4c652d19-4324-410b-abbe-ecd11d98f75b","event":"request_completed","requestId":"4c652d19-4324-410b-abbe-ecd11d98f75b","method":"GET","route":"/api/v1/matches/:matchId","statusCode":200,"latencyMs":8.186,"msg":"request completed"}
{"level":30,"time":1789777239567,"pid":19535,"hostname":"Glebs-MacBook-Pro.local","reqId":"8f33c34c-1438-4d8d-baa2-d11b15585135","event":"request_completed","requestId":"8f33c34c-1438-4d8d-baa2-d11b15585135","method":"POST","route":"/api/v1/matches/:matchId/judge/acquire","statusCode":200,"latencyMs":19.708,"msg":"request completed"}
{"level":30,"time":1789777239595,"pid":19535,"hostname":"Glebs-MacBook-Pro.local","reqId":"871c51c5-7222-4ab5-bafa-def84c34144d","event":"request_completed","requestId":"871c51c5-7222-4ab5-bafa-def84c34144d","method":"POST","route":"/api/v1/matches/:matchId/start","statusCode":200,"latencyMs":25.149,"msg":"request completed"}
{"level":30,"time":1789777239620,"pid":19535,"hostname":"Glebs-MacBook-Pro.local","reqId":"087c77d0-048e-44f9-988b-0f153508c732","event":"request_completed","requestId":"087c77d0-048e-44f9-988b-0f153508c732","method":"POST","route":"/api/v1/matches/:matchId/points","statusCode":200,"latencyMs":20.949,"msg":"request completed"}
{"level":30,"time":1789777239659,"pid":19535,"hostname":"Glebs-MacBook-Pro.local","reqId":"aaeb9245-b7da-49b9-89bb-2208d009e5f7","event":"request_completed","requestId":"aaeb9245-b7da-49b9-89bb-2208d009e5f7","method":"POST","route":"/api/v1/matches/:matchId/confirm-finish","statusCode":200,"latencyMs":34.891,"msg":"request completed"}
{"level":30,"time":1789777239675,"pid":19535,"hostname":"Glebs-MacBook-Pro.local","reqId":"5dd24fe7-950f-481d-be9b-0461de4a304a","event":"request_completed","requestId":"5dd24fe7-950f-481d-be9b-0461de4a304a","method":"GET","route":"/api/v1/tournaments/:id","statusCode":200,"latencyMs":12.158,"msg":"request completed"}
{"level":30,"time":1789777239686,"pid":19535,"hostname":"Glebs-MacBook-Pro.local","reqId":"a5c06da9-5c91-4c49-8861-fcd8f930225f","event":"request_completed","requestId":"a5c06da9-5c91-4c49-8861-fcd8f930225f","method":"GET","route":"/api/v1/matches/:matchId","statusCode":200,"latencyMs":8.177,"msg":"request completed"}
{"level":30,"time":1789777239707,"pid":19535,"hostname":"Glebs-MacBook-Pro.local","reqId":"a58186b3-a9a5-494c-9ab4-e7634fa7aafa","event":"request_completed","requestId":"a58186b3-a9a5-494c-9ab4-e7634fa7aafa","method":"POST","route":"/api/v1/matches/:matchId/judge/acquire","statusCode":200,"latencyMs":18.045,"msg":"request completed"}
{"level":30,"time":1789777239736,"pid":19535,"hostname":"Glebs-MacBook-Pro.local","reqId":"c34f8ce6-a99e-4c4c-b41e-9782b298c890","event":"request_completed","requestId":"c34f8ce6-a99e-4c4c-b41e-9782b298c890","method":"POST","route":"/api/v1/matches/:matchId/start","statusCode":200,"latencyMs":26.403,"msg":"request completed"}
{"level":30,"time":1789777239764,"pid":19535,"hostname":"Glebs-MacBook-Pro.local","reqId":"d0af819b-7b04-4bb3-a78e-bbfaca076bbc","event":"request_completed","requestId":"d0af819b-7b04-4bb3-a78e-bbfaca076bbc","method":"POST","route":"/api/v1/matches/:matchId/points","statusCode":200,"latencyMs":23.552,"msg":"request completed"}
{"level":30,"time":1789777239828,"pid":19535,"hostname":"Glebs-MacBook-Pro.local","reqId":"0763736d-19f0-4f7a-ac3f-f4afafa7ef87","event":"request_completed","requestId":"0763736d-19f0-4f7a-ac3f-f4afafa7ef87","method":"POST","route":"/api/v1/matches/:matchId/confirm-finish","statusCode":200,"latencyMs":60.319,"msg":"request completed"}
{"level":30,"time":1789777239846,"pid":19535,"hostname":"Glebs-MacBook-Pro.local","reqId":"b3f0e9bd-6272-43f3-ba78-e96e098c1a94","event":"request_completed","requestId":"b3f0e9bd-6272-43f3-ba78-e96e098c1a94","method":"GET","route":"/api/v1/tournaments/:id","statusCode":200,"latencyMs":14.51,"msg":"request completed"}
{"level":30,"time":1789777239858,"pid":19535,"hostname":"Glebs-MacBook-Pro.local","reqId":"032634a7-e4dd-4714-b788-93f60f5ab051","event":"request_completed","requestId":"032634a7-e4dd-4714-b788-93f60f5ab051","method":"GET","route":"/api/v1/matches/:matchId","statusCode":200,"latencyMs":8.509,"msg":"request completed"}
{"level":30,"time":1789777239882,"pid":19535,"hostname":"Glebs-MacBook-Pro.local","reqId":"e918cb34-5a70-4e4c-8741-2ca7d0e99baa","event":"request_completed","requestId":"e918cb34-5a70-4e4c-8741-2ca7d0e99baa","method":"POST","route":"/api/v1/matches/:matchId/judge/acquire","statusCode":200,"latencyMs":20.865,"msg":"request completed"}
{"level":30,"time":1789777239915,"pid":19535,"hostname":"Glebs-MacBook-Pro.local","reqId":"7f499935-fefc-47e2-8981-73cb78dab17e","event":"request_completed","requestId":"7f499935-fefc-47e2-8981-73cb78dab17e","method":"POST","route":"/api/v1/matches/:matchId/start","statusCode":200,"latencyMs":28.746,"msg":"request completed"}
{"level":30,"time":1789777239938,"pid":19535,"hostname":"Glebs-MacBook-Pro.local","reqId":"a474094a-78ce-4372-a09b-7e00a062628b","event":"request_completed","requestId":"a474094a-78ce-4372-a09b-7e00a062628b","method":"POST","route":"/api/v1/matches/:matchId/points","statusCode":200,"latencyMs":19.158,"msg":"request completed"}
{"level":30,"time":1789777239979,"pid":19535,"hostname":"Glebs-MacBook-Pro.local","reqId":"26ead59d-e78b-474b-baec-fa38abb49cf6","event":"request_completed","requestId":"26ead59d-e78b-474b-baec-fa38abb49cf6","method":"POST","route":"/api/v1/matches/:matchId/confirm-finish","statusCode":200,"latencyMs":37.389,"msg":"request completed"}
{"level":30,"time":1789777239995,"pid":19535,"hostname":"Glebs-MacBook-Pro.local","reqId":"081cef62-de5d-4b12-8c7e-a97b3490b67a","event":"request_completed","requestId":"081cef62-de5d-4b12-8c7e-a97b3490b67a","method":"GET","route":"/api/v1/tournaments/:id","statusCode":200,"latencyMs":12.626,"msg":"request completed"}
{"level":30,"time":1789777240006,"pid":19535,"hostname":"Glebs-MacBook-Pro.local","reqId":"b0d63dd0-53d3-49de-8a6c-389bd6f3d49e","event":"request_completed","requestId":"b0d63dd0-53d3-49de-8a6c-389bd6f3d49e","method":"GET","route":"/api/v1/matches/:matchId","statusCode":200,"latencyMs":7.738,"msg":"request completed"}
{"level":30,"time":1789777240030,"pid":19535,"hostname":"Glebs-MacBook-Pro.local","reqId":"c27289b1-e828-4eab-9f93-0f2e1029d552","event":"request_completed","requestId":"c27289b1-e828-4eab-9f93-0f2e1029d552","method":"POST","route":"/api/v1/matches/:matchId/judge/acquire","statusCode":200,"latencyMs":20.853,"msg":"request completed"}
{"level":30,"time":1789777240057,"pid":19535,"hostname":"Glebs-MacBook-Pro.local","reqId":"5218ba7d-6a3d-4277-8a3c-b81cd9149d14","event":"request_completed","requestId":"5218ba7d-6a3d-4277-8a3c-b81cd9149d14","method":"POST","route":"/api/v1/matches/:matchId/start","statusCode":200,"latencyMs":24.039,"msg":"request completed"}
{"level":30,"time":1789777240079,"pid":19535,"hostname":"Glebs-MacBook-Pro.local","reqId":"f481110c-9f37-4235-9a21-cd40ebfc1de8","event":"request_completed","requestId":"f481110c-9f37-4235-9a21-cd40ebfc1de8","method":"POST","route":"/api/v1/matches/:matchId/points","statusCode":200,"latencyMs":18.637,"msg":"request completed"}
{"level":30,"time":1789777240122,"pid":19535,"hostname":"Glebs-MacBook-Pro.local","reqId":"194ca1a5-c89e-439f-9a45-ace17a4a52db","event":"request_completed","requestId":"194ca1a5-c89e-439f-9a45-ace17a4a52db","method":"POST","route":"/api/v1/matches/:matchId/confirm-finish","statusCode":200,"latencyMs":39.412,"msg":"request completed"}
{"level":30,"time":1789777240136,"pid":19535,"hostname":"Glebs-MacBook-Pro.local","reqId":"481556ee-8ee9-418b-953b-815f1fabd2a4","event":"request_completed","requestId":"481556ee-8ee9-418b-953b-815f1fabd2a4","method":"GET","route":"/api/v1/tournaments/:id","statusCode":200,"latencyMs":10.54,"msg":"request completed"}
{"level":30,"time":1789777240148,"pid":19535,"hostname":"Glebs-MacBook-Pro.local","reqId":"9f576b0b-4a45-4b60-9dcb-d5f7c5963085","event":"request_completed","requestId":"9f576b0b-4a45-4b60-9dcb-d5f7c5963085","method":"GET","route":"/api/v1/tournaments/:id","statusCode":200,"latencyMs":9.957,"msg":"request completed"}
{"level":30,"time":1789777240172,"pid":19535,"hostname":"Glebs-MacBook-Pro.local","reqId":"2ba5777f-be78-4eef-8099-f4e9287eff8f","event":"request_completed","requestId":"2ba5777f-be78-4eef-8099-f4e9287eff8f","method":"GET","route":"/api/v1/auth/me","statusCode":200,"latencyMs":5.301,"msg":"request completed"}
{"level":30,"time":1789777240187,"pid":19535,"hostname":"Glebs-MacBook-Pro.local","reqId":"314e914d-a217-4e6a-aaae-02117e62d466","event":"request_completed","requestId":"314e914d-a217-4e6a-aaae-02117e62d466","method":"GET","route":"/api/v1/notifications","statusCode":200,"latencyMs":12.678,"msg":"request completed"}
{"level":30,"time":1789777240188,"pid":19535,"hostname":"Glebs-MacBook-Pro.local","reqId":"9a296c71-5f32-47d6-8313-e8b8d72ce724","event":"request_completed","requestId":"9a296c71-5f32-47d6-8313-e8b8d72ce724","method":"GET","route":"/api/v1/tournaments/:id","statusCode":200,"latencyMs":13.5,"msg":"request completed"}
  ✓  48 [chromium-mobile-390] › tests/e2e/wave-d-tournaments.spec.ts:19:7 › Wave D tournament single_elimination/8 roster, seed edit, complete and results (4.0s)
{"level":30,"time":1789777240424,"pid":19535,"hostname":"Glebs-MacBook-Pro.local","reqId":"91b7c6c3-39c6-4556-9f57-490e76050b9f","event":"request_completed","requestId":"91b7c6c3-39c6-4556-9f57-490e76050b9f","method":"GET","route":"/health","statusCode":200,"latencyMs":0.116,"msg":"request completed"}
{"level":30,"time":1789777240465,"pid":19535,"hostname":"Glebs-MacBook-Pro.local","reqId":"1020784b-a826-49da-8863-c240d563803b","event":"request_completed","requestId":"1020784b-a826-49da-8863-c240d563803b","method":"POST","route":"/api/v1/auth/login","statusCode":200,"latencyMs":37.532,"msg":"request completed"}
{"level":30,"time":1789777240481,"pid":19535,"hostname":"Glebs-MacBook-Pro.local","reqId":"65ffd2e7-56bb-475a-99bf-308d0d4ce111","event":"request_completed","requestId":"65ffd2e7-56bb-475a-99bf-308d0d4ce111","method":"PATCH","route":"/api/v1/me/onboarding","statusCode":200,"latencyMs":13.098,"msg":"request completed"}
{"level":30,"time":1789777240746,"pid":19535,"hostname":"Glebs-MacBook-Pro.local","reqId":"1d9e839f-0828-4096-be05-22bc2dc560ef","event":"request_completed","requestId":"1d9e839f-0828-4096-be05-22bc2dc560ef","method":"GET","route":"/api/v1/auth/me","statusCode":401,"latencyMs":0.122,"msg":"request completed"}
{"level":30,"time":1789777240901,"pid":19535,"hostname":"Glebs-MacBook-Pro.local","reqId":"fd495cb7-70c4-4a35-bac7-56c8339f2dc7","event":"request_completed","requestId":"fd495cb7-70c4-4a35-bac7-56c8339f2dc7","method":"POST","route":"/api/v1/auth/login","statusCode":200,"latencyMs":22.733,"msg":"request completed"}
{"level":30,"time":1789777240911,"pid":19535,"hostname":"Glebs-MacBook-Pro.local","reqId":"123ab383-4836-401b-bb4d-7a466dc0b5ce","event":"request_completed","requestId":"123ab383-4836-401b-bb4d-7a466dc0b5ce","method":"GET","route":"/api/v1/auth/me","statusCode":200,"latencyMs":7.477,"msg":"request completed"}
{"level":30,"time":1789777240938,"pid":19535,"hostname":"Glebs-MacBook-Pro.local","reqId":"388a1f1e-24ed-4a6f-b710-f70187d0dcd0","event":"request_completed","requestId":"388a1f1e-24ed-4a6f-b710-f70187d0dcd0","method":"GET","route":"/api/v1/notifications","statusCode":200,"latencyMs":32.168,"msg":"request completed"}
{"level":30,"time":1789777240942,"pid":19535,"hostname":"Glebs-MacBook-Pro.local","reqId":"600fb4ab-4511-449d-82dc-18a2917cdadb","event":"request_completed","requestId":"600fb4ab-4511-449d-82dc-18a2917cdadb","method":"GET","route":"/api/v1/auth/me","statusCode":200,"latencyMs":6.291,"msg":"request completed"}
{"level":30,"time":1789777240969,"pid":19535,"hostname":"Glebs-MacBook-Pro.local","reqId":"884ce49b-2b9d-4f0b-90cb-83736837472a","event":"request_completed","requestId":"884ce49b-2b9d-4f0b-90cb-83736837472a","method":"GET","route":"/api/v1/notifications","statusCode":200,"latencyMs":21.401,"msg":"request completed"}
{"level":30,"time":1789777240991,"pid":19535,"hostname":"Glebs-MacBook-Pro.local","reqId":"e97f33d1-f3f6-487b-8cdb-ee5970ea9ba4","event":"request_completed","requestId":"e97f33d1-f3f6-487b-8cdb-ee5970ea9ba4","method":"GET","route":"/api/v1/home","statusCode":200,"latencyMs":83.043,"msg":"request completed"}
{"level":30,"time":1789777241037,"pid":19535,"hostname":"Glebs-MacBook-Pro.local","reqId":"86d4736f-dfe6-479b-bdab-1b87d5e61c1c","event":"request_completed","requestId":"86d4736f-dfe6-479b-bdab-1b87d5e61c1c","method":"POST","route":"/api/v1/tournaments","statusCode":200,"latencyMs":13.314,"msg":"request completed"}
{"level":30,"time":1789777241055,"pid":19535,"hostname":"Glebs-MacBook-Pro.local","reqId":"0322cf14-4f7b-439b-b9a3-f7d08c391f9a","event":"request_completed","requestId":"0322cf14-4f7b-439b-b9a3-f7d08c391f9a","method":"GET","route":"/api/v1/tournaments/:id","statusCode":200,"latencyMs":13.587,"msg":"request completed"}
{"level":30,"time":1789777241063,"pid":19535,"hostname":"Glebs-MacBook-Pro.local","reqId":"d7aa4e41-8cb2-48bd-9098-abdf5c65f912","event":"request_completed","requestId":"d7aa4e41-8cb2-48bd-9098-abdf5c65f912","method":"GET","route":"/api/v1/users/directory","statusCode":200,"latencyMs":4.235,"msg":"request completed"}
{"level":30,"time":1789777241131,"pid":19535,"hostname":"Glebs-MacBook-Pro.local","reqId":"de590f79-a6fa-4dcf-bc23-a668ba350ed8","event":"request_completed","requestId":"de590f79-a6fa-4dcf-bc23-a668ba350ed8","method":"POST","route":"/api/v1/tournaments/:id/participants","statusCode":200,"latencyMs":24.377,"msg":"request completed"}
{"level":30,"time":1789777241163,"pid":19535,"hostname":"Glebs-MacBook-Pro.local","reqId":"3686ebb1-d630-4b79-a45f-f8a9ba02da7c","event":"request_completed","requestId":"3686ebb1-d630-4b79-a45f-f8a9ba02da7c","method":"POST","route":"/api/v1/tournaments/:id/participants","statusCode":200,"latencyMs":24.075,"msg":"request completed"}
{"level":30,"time":1789777241184,"pid":19535,"hostname":"Glebs-MacBook-Pro.local","reqId":"f97051e2-30d1-481b-a712-eb6402a2dd14","event":"request_completed","requestId":"f97051e2-30d1-481b-a712-eb6402a2dd14","method":"PATCH","route":"/api/v1/tournaments/:id","statusCode":200,"latencyMs":17.193,"msg":"request completed"}
{"level":30,"time":1789777241204,"pid":19535,"hostname":"Glebs-MacBook-Pro.local","reqId":"2133f79a-3e73-4e47-a3b1-f84dd26aff64","event":"request_completed","requestId":"2133f79a-3e73-4e47-a3b1-f84dd26aff64","method":"GET","route":"/api/v1/auth/me","statusCode":200,"latencyMs":4.171,"msg":"request completed"}
{"level":30,"time":1789777241218,"pid":19535,"hostname":"Glebs-MacBook-Pro.local","reqId":"69505625-e1aa-4444-a06d-b33cb02fc6ae","event":"request_completed","requestId":"69505625-e1aa-4444-a06d-b33cb02fc6ae","method":"GET","route":"/api/v1/notifications","statusCode":200,"latencyMs":11.181,"msg":"request completed"}
{"level":30,"time":1789777241220,"pid":19535,"hostname":"Glebs-MacBook-Pro.local","reqId":"f8755bd9-fe13-41d2-a191-8d32cbb3f661","event":"request_completed","requestId":"f8755bd9-fe13-41d2-a191-8d32cbb3f661","method":"GET","route":"/api/v1/tournaments/:id","statusCode":200,"latencyMs":13.436,"msg":"request completed"}
{"level":30,"time":1789777241228,"pid":19535,"hostname":"Glebs-MacBook-Pro.local","reqId":"5a5cb465-7971-49aa-98e4-d179c01f009c","event":"request_completed","requestId":"5a5cb465-7971-49aa-98e4-d179c01f009c","method":"GET","route":"/api/v1/users/directory","statusCode":200,"latencyMs":4.488,"msg":"request completed"}
{"level":30,"time":1789777241318,"pid":19535,"hostname":"Glebs-MacBook-Pro.local","reqId":"a6b25634-714a-4d20-afe2-5ee88d260639","event":"request_completed","requestId":"a6b25634-714a-4d20-afe2-5ee88d260639","method":"POST","route":"/api/v1/tournaments/:id/bracket","statusCode":200,"latencyMs":19.271,"msg":"request completed"}
{"level":30,"time":1789777241333,"pid":19535,"hostname":"Glebs-MacBook-Pro.local","reqId":"713f8b46-0236-460d-8fbd-4ec0eb6e1272","event":"request_completed","requestId":"713f8b46-0236-460d-8fbd-4ec0eb6e1272","method":"GET","route":"/api/v1/tournaments/:id","statusCode":200,"latencyMs":12.691,"msg":"request completed"}
{"level":30,"time":1789777241424,"pid":19535,"hostname":"Glebs-MacBook-Pro.local","reqId":"7f2817f0-582a-4fb1-b479-e762ed3a7709","event":"request_completed","requestId":"7f2817f0-582a-4fb1-b479-e762ed3a7709","method":"GET","route":"/api/v1/tournaments/:id","statusCode":200,"latencyMs":31.349,"msg":"request completed"}
{"level":30,"time":1789777241507,"pid":19535,"hostname":"Glebs-MacBook-Pro.local","reqId":"56a07a08-37ca-4441-9a67-608e04c46e9e","event":"request_completed","requestId":"56a07a08-37ca-4441-9a67-608e04c46e9e","method":"GET","route":"/api/v1/tournaments/:id","statusCode":200,"latencyMs":36.737,"msg":"request completed"}
{"level":30,"time":1789777241510,"pid":19535,"hostname":"Glebs-MacBook-Pro.local","reqId":"38acfabf-ccb5-44e5-bc16-819a09b7ac41","event":"request_completed","requestId":"38acfabf-ccb5-44e5-bc16-819a09b7ac41","method":"PATCH","route":"/api/v1/tournaments/:id/bracket","statusCode":200,"latencyMs":43.515,"msg":"request completed"}
{"level":30,"time":1789777241525,"pid":19535,"hostname":"Glebs-MacBook-Pro.local","reqId":"4e4f1b98-e949-4579-b702-13c39ded2b88","event":"request_completed","requestId":"4e4f1b98-e949-4579-b702-13c39ded2b88","method":"GET","route":"/api/v1/tournaments/:id","statusCode":200,"latencyMs":12.829,"msg":"request completed"}
{"level":30,"time":1789777241655,"pid":19535,"hostname":"Glebs-MacBook-Pro.local","reqId":"b38db16d-da78-40c7-bdb1-b0d0bc69ec1d","event":"request_completed","requestId":"b38db16d-da78-40c7-bdb1-b0d0bc69ec1d","method":"GET","route":"/api/v1/tournaments/:id","statusCode":200,"latencyMs":40.202,"msg":"request completed"}
{"level":30,"time":1789777241867,"pid":19535,"hostname":"Glebs-MacBook-Pro.local","reqId":"34368f12-6781-4145-ade5-f5bd9dda30fd","event":"request_completed","requestId":"34368f12-6781-4145-ade5-f5bd9dda30fd","method":"GET","route":"/api/v1/tournaments/:id","statusCode":200,"latencyMs":31.502,"msg":"request completed"}
{"level":30,"time":1789777241884,"pid":19535,"hostname":"Glebs-MacBook-Pro.local","reqId":"7c6b0fd5-06da-4d11-9824-7d1123077906","event":"request_completed","requestId":"7c6b0fd5-06da-4d11-9824-7d1123077906","method":"GET","route":"/api/v1/tournaments/:id","statusCode":200,"latencyMs":13.524,"msg":"request completed"}
{"level":30,"time":1789777241887,"pid":19535,"hostname":"Glebs-MacBook-Pro.local","reqId":"13c4f4e7-01a6-4119-bf65-fdd076a1efb5","event":"request_completed","requestId":"13c4f4e7-01a6-4119-bf65-fdd076a1efb5","method":"POST","route":"/api/v1/tournaments/:id/start","statusCode":200,"latencyMs":55.332,"msg":"request completed"}
{"level":30,"time":1789777242028,"pid":19535,"hostname":"Glebs-MacBook-Pro.local","reqId":"5ed6dcdc-3e32-473a-9c05-143de535d5b1","event":"request_completed","requestId":"5ed6dcdc-3e32-473a-9c05-143de535d5b1","method":"GET","route":"/api/v1/tournaments/:id","statusCode":200,"latencyMs":39.084,"msg":"request completed"}
{"level":30,"time":1789777242052,"pid":19535,"hostname":"Glebs-MacBook-Pro.local","reqId":"466ee0bb-e1ee-44af-9436-36baa594d777","event":"request_completed","requestId":"466ee0bb-e1ee-44af-9436-36baa594d777","method":"GET","route":"/api/v1/tournaments/:id","statusCode":200,"latencyMs":20.422,"msg":"request completed"}
{"level":30,"time":1789777242063,"pid":19535,"hostname":"Glebs-MacBook-Pro.local","reqId":"328941a3-d5d0-43d1-b565-aa83cd436e36","event":"request_completed","requestId":"328941a3-d5d0-43d1-b565-aa83cd436e36","method":"GET","route":"/api/v1/matches/:matchId","statusCode":200,"latencyMs":8.553,"msg":"request completed"}
{"level":30,"time":1789777242094,"pid":19535,"hostname":"Glebs-MacBook-Pro.local","reqId":"550ff3fd-2fc7-4e8e-ae21-e15f9c431b8f","event":"request_completed","requestId":"550ff3fd-2fc7-4e8e-ae21-e15f9c431b8f","method":"POST","route":"/api/v1/matches/:matchId/judge/acquire","statusCode":200,"latencyMs":27.985,"msg":"request completed"}
{"level":30,"time":1789777242126,"pid":19535,"hostname":"Glebs-MacBook-Pro.local","reqId":"3ee0bbe1-92ba-4a9e-aba4-ff7546f458de","event":"request_completed","requestId":"3ee0bbe1-92ba-4a9e-aba4-ff7546f458de","method":"POST","route":"/api/v1/matches/:matchId/start","statusCode":200,"latencyMs":28.69,"msg":"request completed"}
{"level":30,"time":1789777242154,"pid":19535,"hostname":"Glebs-MacBook-Pro.local","reqId":"7b35d67d-1e33-4749-9cf6-eb58b7575856","event":"request_completed","requestId":"7b35d67d-1e33-4749-9cf6-eb58b7575856","method":"POST","route":"/api/v1/matches/:matchId/points","statusCode":200,"latencyMs":23.02,"msg":"request completed"}
{"level":30,"time":1789777242213,"pid":19535,"hostname":"Glebs-MacBook-Pro.local","reqId":"40e549f2-3e28-4dd6-b408-6fd8a52d22fd","event":"request_completed","requestId":"40e549f2-3e28-4dd6-b408-6fd8a52d22fd","method":"POST","route":"/api/v1/matches/:matchId/confirm-finish","statusCode":200,"latencyMs":54.618,"msg":"request completed"}
{"level":30,"time":1789777242229,"pid":19535,"hostname":"Glebs-MacBook-Pro.local","reqId":"4c4cc025-1de5-4392-990b-df058eeb8ae7","event":"request_completed","requestId":"4c4cc025-1de5-4392-990b-df058eeb8ae7","method":"GET","route":"/api/v1/tournaments/:id","statusCode":200,"latencyMs":12.959,"msg":"request completed"}
{"level":30,"time":1789777242242,"pid":19535,"hostname":"Glebs-MacBook-Pro.local","reqId":"0176702f-8465-4afc-a42d-543329f79a2d","event":"request_completed","requestId":"0176702f-8465-4afc-a42d-543329f79a2d","method":"GET","route":"/api/v1/matches/:matchId","statusCode":200,"latencyMs":9.396,"msg":"request completed"}
{"level":30,"time":1789777242269,"pid":19535,"hostname":"Glebs-MacBook-Pro.local","reqId":"47655c04-4c49-41ce-b743-b4c0e67ca9d6","event":"request_completed","requestId":"47655c04-4c49-41ce-b743-b4c0e67ca9d6","method":"POST","route":"/api/v1/matches/:matchId/judge/acquire","statusCode":200,"latencyMs":24.012,"msg":"request completed"}
{"level":30,"time":1789777242310,"pid":19535,"hostname":"Glebs-MacBook-Pro.local","reqId":"4eae3d7e-fa00-4433-9629-2f29ba65d195","event":"request_completed","requestId":"4eae3d7e-fa00-4433-9629-2f29ba65d195","method":"POST","route":"/api/v1/matches/:matchId/start","statusCode":200,"latencyMs":37.299,"msg":"request completed"}
{"level":30,"time":1789777242340,"pid":19535,"hostname":"Glebs-MacBook-Pro.local","reqId":"c18ae436-6efa-4238-82c3-dc4fe0ca5d2d","event":"request_completed","requestId":"c18ae436-6efa-4238-82c3-dc4fe0ca5d2d","method":"POST","route":"/api/v1/matches/:matchId/points","statusCode":200,"latencyMs":25.684,"msg":"request completed"}
{"level":30,"time":1789777242401,"pid":19535,"hostname":"Glebs-MacBook-Pro.local","reqId":"7ed7491c-39d4-4dd7-9579-50c10a38b9fa","event":"request_completed","requestId":"7ed7491c-39d4-4dd7-9579-50c10a38b9fa","method":"POST","route":"/api/v1/matches/:matchId/confirm-finish","statusCode":200,"latencyMs":57.376,"msg":"request completed"}
{"level":30,"time":1789777242418,"pid":19535,"hostname":"Glebs-MacBook-Pro.local","reqId":"b9b9cfcc-0313-4801-abfa-053fe5906c06","event":"request_completed","requestId":"b9b9cfcc-0313-4801-abfa-053fe5906c06","method":"GET","route":"/api/v1/tournaments/:id","statusCode":200,"latencyMs":13.002,"msg":"request completed"}
{"level":30,"time":1789777242430,"pid":19535,"hostname":"Glebs-MacBook-Pro.local","reqId":"dec76aa8-0eb1-41bf-b209-9b169ff456d1","event":"request_completed","requestId":"dec76aa8-0eb1-41bf-b209-9b169ff456d1","method":"GET","route":"/api/v1/matches/:matchId","statusCode":200,"latencyMs":8.724,"msg":"request completed"}
{"level":30,"time":1789777242457,"pid":19535,"hostname":"Glebs-MacBook-Pro.local","reqId":"71feb318-8cdf-4e24-be93-65892772229f","event":"request_completed","requestId":"71feb318-8cdf-4e24-be93-65892772229f","method":"POST","route":"/api/v1/matches/:matchId/judge/acquire","statusCode":200,"latencyMs":23.98,"msg":"request completed"}
{"level":30,"time":1789777242489,"pid":19535,"hostname":"Glebs-MacBook-Pro.local","reqId":"ed0f4d3d-e72d-46b7-a088-bede7b37caca","event":"request_completed","requestId":"ed0f4d3d-e72d-46b7-a088-bede7b37caca","method":"POST","route":"/api/v1/matches/:matchId/start","statusCode":200,"latencyMs":28.7,"msg":"request completed"}
{"level":30,"time":1789777242516,"pid":19535,"hostname":"Glebs-MacBook-Pro.local","reqId":"045c2bf1-2b69-4842-ad2f-1157cb76b932","event":"request_completed","requestId":"045c2bf1-2b69-4842-ad2f-1157cb76b932","method":"POST","route":"/api/v1/matches/:matchId/points","statusCode":200,"latencyMs":22.279,"msg":"request completed"}
{"level":30,"time":1789777242579,"pid":19535,"hostname":"Glebs-MacBook-Pro.local","reqId":"77b2bff6-9f3c-4645-a1f0-b531884cae90","event":"request_completed","requestId":"77b2bff6-9f3c-4645-a1f0-b531884cae90","method":"POST","route":"/api/v1/matches/:matchId/confirm-finish","statusCode":200,"latencyMs":58.798,"msg":"request completed"}
{"level":30,"time":1789777242599,"pid":19535,"hostname":"Glebs-MacBook-Pro.local","reqId":"40dd4388-564c-4ad1-ad2c-131fc0e395c4","event":"request_completed","requestId":"40dd4388-564c-4ad1-ad2c-131fc0e395c4","method":"GET","route":"/api/v1/tournaments/:id","statusCode":200,"latencyMs":15.458,"msg":"request completed"}
{"level":30,"time":1789777242614,"pid":19535,"hostname":"Glebs-MacBook-Pro.local","reqId":"5ceda289-aa67-4a84-80c9-58e821f66d57","event":"request_completed","requestId":"5ceda289-aa67-4a84-80c9-58e821f66d57","method":"GET","route":"/api/v1/matches/:matchId","statusCode":200,"latencyMs":11.388,"msg":"request completed"}
{"level":30,"time":1789777242643,"pid":19535,"hostname":"Glebs-MacBook-Pro.local","reqId":"334ae91b-dfc7-4653-9c10-3bc6a414cc01","event":"request_completed","requestId":"334ae91b-dfc7-4653-9c10-3bc6a414cc01","method":"POST","route":"/api/v1/matches/:matchId/judge/acquire","statusCode":200,"latencyMs":25.495,"msg":"request completed"}
{"level":30,"time":1789777242682,"pid":19535,"hostname":"Glebs-MacBook-Pro.local","reqId":"6a6d6ad7-beb6-4d3d-a6e0-256ad0a6be02","event":"request_completed","requestId":"6a6d6ad7-beb6-4d3d-a6e0-256ad0a6be02","method":"POST","route":"/api/v1/matches/:matchId/start","statusCode":200,"latencyMs":34.532,"msg":"request completed"}
{"level":30,"time":1789777242709,"pid":19535,"hostname":"Glebs-MacBook-Pro.local","reqId":"99033a30-316d-4348-ab35-4c9375e3cc08","event":"request_completed","requestId":"99033a30-316d-4348-ab35-4c9375e3cc08","method":"POST","route":"/api/v1/matches/:matchId/points","statusCode":200,"latencyMs":23.33,"msg":"request completed"}
{"level":30,"time":1789777242758,"pid":19535,"hostname":"Glebs-MacBook-Pro.local","reqId":"92f7fcee-5297-4dd9-bae7-12161779dafe","event":"request_completed","requestId":"92f7fcee-5297-4dd9-bae7-12161779dafe","method":"POST","route":"/api/v1/matches/:matchId/confirm-finish","statusCode":200,"latencyMs":44.882,"msg":"request completed"}
{"level":30,"time":1789777242773,"pid":19535,"hostname":"Glebs-MacBook-Pro.local","reqId":"7ae0df3e-4e4f-4300-b4cb-98e4faaaabc8","event":"request_completed","requestId":"7ae0df3e-4e4f-4300-b4cb-98e4faaaabc8","method":"GET","route":"/api/v1/tournaments/:id","statusCode":200,"latencyMs":11.151,"msg":"request completed"}
{"level":30,"time":1789777242787,"pid":19535,"hostname":"Glebs-MacBook-Pro.local","reqId":"31cb45aa-91fb-4c97-b687-1aed1645bf17","event":"request_completed","requestId":"31cb45aa-91fb-4c97-b687-1aed1645bf17","method":"GET","route":"/api/v1/tournaments/:id","statusCode":200,"latencyMs":11.19,"msg":"request completed"}
{"level":30,"time":1789777242810,"pid":19535,"hostname":"Glebs-MacBook-Pro.local","reqId":"a6de7ee2-f93d-47f9-83e6-aec8109a2070","event":"request_completed","requestId":"a6de7ee2-f93d-47f9-83e6-aec8109a2070","method":"GET","route":"/api/v1/auth/me","statusCode":200,"latencyMs":4.783,"msg":"request completed"}
{"level":30,"time":1789777242827,"pid":19535,"hostname":"Glebs-MacBook-Pro.local","reqId":"4bcd2e00-d5d0-474d-9fa7-27580ca16c9e","event":"request_completed","requestId":"4bcd2e00-d5d0-474d-9fa7-27580ca16c9e","method":"GET","route":"/api/v1/notifications","statusCode":200,"latencyMs":13.275,"msg":"request completed"}
{"level":30,"time":1789777242827,"pid":19535,"hostname":"Glebs-MacBook-Pro.local","reqId":"9b4ec32d-fde6-4025-b4d9-b121799fc4a5","event":"request_completed","requestId":"9b4ec32d-fde6-4025-b4d9-b121799fc4a5","method":"GET","route":"/api/v1/tournaments/:id","statusCode":200,"latencyMs":13.243,"msg":"request completed"}
  ✓  49 [chromium-mobile-390] › tests/e2e/wave-d-tournaments.spec.ts:19:7 › Wave D tournament double_elimination/3 roster, seed edit, complete and results (2.6s)
{"level":30,"time":1789777243045,"pid":19535,"hostname":"Glebs-MacBook-Pro.local","reqId":"e709963e-0a88-413b-a784-1d6f0bc392c1","event":"request_completed","requestId":"e709963e-0a88-413b-a784-1d6f0bc392c1","method":"GET","route":"/health","statusCode":200,"latencyMs":0.124,"msg":"request completed"}
{"level":30,"time":1789777243071,"pid":19535,"hostname":"Glebs-MacBook-Pro.local","reqId":"6ba458ec-a651-4578-819f-3b9f762c9788","event":"request_completed","requestId":"6ba458ec-a651-4578-819f-3b9f762c9788","method":"POST","route":"/api/v1/auth/login","statusCode":200,"latencyMs":23.399,"msg":"request completed"}
{"level":30,"time":1789777243079,"pid":19535,"hostname":"Glebs-MacBook-Pro.local","reqId":"74faf73e-9b2c-4dd7-bd42-b15c08314d02","event":"request_completed","requestId":"74faf73e-9b2c-4dd7-bd42-b15c08314d02","method":"PATCH","route":"/api/v1/me/onboarding","statusCode":200,"latencyMs":4.329,"msg":"request completed"}
{"level":30,"time":1789777243345,"pid":19535,"hostname":"Glebs-MacBook-Pro.local","reqId":"32198c5f-61cb-4c03-b8fa-0b3e14367db5","event":"request_completed","requestId":"32198c5f-61cb-4c03-b8fa-0b3e14367db5","method":"GET","route":"/api/v1/auth/me","statusCode":401,"latencyMs":0.132,"msg":"request completed"}
{"level":30,"time":1789777243522,"pid":19535,"hostname":"Glebs-MacBook-Pro.local","reqId":"6897e0cb-a879-4926-9fa9-a74c97367f38","event":"request_completed","requestId":"6897e0cb-a879-4926-9fa9-a74c97367f38","method":"POST","route":"/api/v1/auth/login","statusCode":200,"latencyMs":28.661,"msg":"request completed"}
{"level":30,"time":1789777243538,"pid":19535,"hostname":"Glebs-MacBook-Pro.local","reqId":"aa55bc07-fe08-45bd-95d0-b04ef1d5f3ba","event":"request_completed","requestId":"aa55bc07-fe08-45bd-95d0-b04ef1d5f3ba","method":"GET","route":"/api/v1/auth/me","statusCode":200,"latencyMs":13.753,"msg":"request completed"}
{"level":30,"time":1789777243563,"pid":19535,"hostname":"Glebs-MacBook-Pro.local","reqId":"64b0b0f1-f378-4c2d-ae68-92d5b9616e80","event":"request_completed","requestId":"64b0b0f1-f378-4c2d-ae68-92d5b9616e80","method":"GET","route":"/api/v1/notifications","statusCode":200,"latencyMs":36.789,"msg":"request completed"}
{"level":30,"time":1789777243598,"pid":19535,"hostname":"Glebs-MacBook-Pro.local","reqId":"6c22376b-a43a-4e47-962f-89d18a5e2732","event":"request_completed","requestId":"6c22376b-a43a-4e47-962f-89d18a5e2732","method":"GET","route":"/api/v1/home","statusCode":200,"latencyMs":70.166,"msg":"request completed"}
{"level":30,"time":1789777243604,"pid":19535,"hostname":"Glebs-MacBook-Pro.local","reqId":"54b0217f-a6fd-44d4-b488-32f3a38f8c8f","event":"request_completed","requestId":"54b0217f-a6fd-44d4-b488-32f3a38f8c8f","method":"GET","route":"/api/v1/auth/me","statusCode":200,"latencyMs":4.413,"msg":"request completed"}
{"level":30,"time":1789777243623,"pid":19535,"hostname":"Glebs-MacBook-Pro.local","reqId":"6b97d03d-39b8-494e-81f9-e7fd5d3b7a6c","event":"request_completed","requestId":"6b97d03d-39b8-494e-81f9-e7fd5d3b7a6c","method":"GET","route":"/api/v1/notifications","statusCode":200,"latencyMs":11.417,"msg":"request completed"}
{"level":30,"time":1789777243722,"pid":19535,"hostname":"Glebs-MacBook-Pro.local","reqId":"4324e81f-c716-4caa-878c-256f7263e631","event":"request_completed","requestId":"4324e81f-c716-4caa-878c-256f7263e631","method":"POST","route":"/api/v1/tournaments","statusCode":200,"latencyMs":33.886,"msg":"request completed"}
{"level":30,"time":1789777243752,"pid":19535,"hostname":"Glebs-MacBook-Pro.local","reqId":"b72f0ea4-f399-4819-b6f3-1154eee314d8","event":"request_completed","requestId":"b72f0ea4-f399-4819-b6f3-1154eee314d8","method":"GET","route":"/api/v1/tournaments/:id","statusCode":200,"latencyMs":25.35,"msg":"request completed"}
{"level":30,"time":1789777243765,"pid":19535,"hostname":"Glebs-MacBook-Pro.local","reqId":"364b7414-f147-46d4-afd0-4124e1bdcc42","event":"request_completed","requestId":"364b7414-f147-46d4-afd0-4124e1bdcc42","method":"GET","route":"/api/v1/users/directory","statusCode":200,"latencyMs":9.238,"msg":"request completed"}
{"level":30,"time":1789777243851,"pid":19535,"hostname":"Glebs-MacBook-Pro.local","reqId":"1bda7a80-ac06-4e60-b405-ea2972fdff8a","event":"request_completed","requestId":"1bda7a80-ac06-4e60-b405-ea2972fdff8a","method":"POST","route":"/api/v1/tournaments/:id/participants","statusCode":200,"latencyMs":47.767,"msg":"request completed"}
{"level":30,"time":1789777243937,"pid":19535,"hostname":"Glebs-MacBook-Pro.local","reqId":"8e6c48be-b412-43a8-9383-9ac4e77a19c8","event":"request_completed","requestId":"8e6c48be-b412-43a8-9383-9ac4e77a19c8","method":"POST","route":"/api/v1/tournaments/:id/participants","statusCode":200,"latencyMs":46.63,"msg":"request completed"}
{"level":30,"time":1789777243966,"pid":19535,"hostname":"Glebs-MacBook-Pro.local","reqId":"55123dc4-3781-4e17-a923-095806b4b7ea","event":"request_completed","requestId":"55123dc4-3781-4e17-a923-095806b4b7ea","method":"POST","route":"/api/v1/tournaments/:id/participants","statusCode":200,"latencyMs":24.59,"msg":"request completed"}
{"level":30,"time":1789777244004,"pid":19535,"hostname":"Glebs-MacBook-Pro.local","reqId":"e2ed83dd-8409-4ef1-a61f-dd6787c46b6d","event":"request_completed","requestId":"e2ed83dd-8409-4ef1-a61f-dd6787c46b6d","method":"POST","route":"/api/v1/tournaments/:id/participants","statusCode":200,"latencyMs":34.055,"msg":"request completed"}
{"level":30,"time":1789777244026,"pid":19535,"hostname":"Glebs-MacBook-Pro.local","reqId":"fb2dd43b-f763-47dd-b516-d8a4cd3e8d74","event":"request_completed","requestId":"fb2dd43b-f763-47dd-b516-d8a4cd3e8d74","method":"PATCH","route":"/api/v1/tournaments/:id","statusCode":200,"latencyMs":17.549,"msg":"request completed"}
{"level":30,"time":1789777244053,"pid":19535,"hostname":"Glebs-MacBook-Pro.local","reqId":"de183643-6162-461a-9963-98c08a8ae26c","event":"request_completed","requestId":"de183643-6162-461a-9963-98c08a8ae26c","method":"GET","route":"/api/v1/auth/me","statusCode":200,"latencyMs":9.861,"msg":"request completed"}
{"level":30,"time":1789777244084,"pid":19535,"hostname":"Glebs-MacBook-Pro.local","reqId":"85c90288-b9c4-4eb2-bad8-c0c5f81be3d5","event":"request_completed","requestId":"85c90288-b9c4-4eb2-bad8-c0c5f81be3d5","method":"GET","route":"/api/v1/notifications","statusCode":200,"latencyMs":25.492,"msg":"request completed"}
{"level":30,"time":1789777244087,"pid":19535,"hostname":"Glebs-MacBook-Pro.local","reqId":"4001e3de-69a2-4ef4-be8c-f756bcd053f3","event":"request_completed","requestId":"4001e3de-69a2-4ef4-be8c-f756bcd053f3","method":"GET","route":"/api/v1/tournaments/:id","statusCode":200,"latencyMs":28.755,"msg":"request completed"}
{"level":30,"time":1789777244095,"pid":19535,"hostname":"Glebs-MacBook-Pro.local","reqId":"6228a234-8526-47b6-b09c-a99504543f74","event":"request_completed","requestId":"6228a234-8526-47b6-b09c-a99504543f74","method":"GET","route":"/api/v1/users/directory","statusCode":200,"latencyMs":4.735,"msg":"request completed"}
{"level":30,"time":1789777244223,"pid":19535,"hostname":"Glebs-MacBook-Pro.local","reqId":"8d3bee25-d84b-423a-a633-790d44ce286b","event":"request_completed","requestId":"8d3bee25-d84b-423a-a633-790d44ce286b","method":"POST","route":"/api/v1/tournaments/:id/bracket","statusCode":200,"latencyMs":48.155,"msg":"request completed"}
{"level":30,"time":1789777244246,"pid":19535,"hostname":"Glebs-MacBook-Pro.local","reqId":"bb96c101-03ea-4f37-bc1a-f0ac4f10c9b2","event":"request_completed","requestId":"bb96c101-03ea-4f37-bc1a-f0ac4f10c9b2","method":"GET","route":"/api/v1/tournaments/:id","statusCode":200,"latencyMs":21.224,"msg":"request completed"}
{"level":30,"time":1789777244321,"pid":19535,"hostname":"Glebs-MacBook-Pro.local","reqId":"16d7f149-7e9e-4fcc-895a-d1d3831067c7","event":"request_completed","requestId":"16d7f149-7e9e-4fcc-895a-d1d3831067c7","method":"GET","route":"/api/v1/tournaments/:id","statusCode":200,"latencyMs":33.772,"msg":"request completed"}
{"level":30,"time":1789777244414,"pid":19535,"hostname":"Glebs-MacBook-Pro.local","reqId":"d359706c-01f4-4daa-9803-d086fdc71efd","event":"request_completed","requestId":"d359706c-01f4-4daa-9803-d086fdc71efd","method":"GET","route":"/api/v1/tournaments/:id","statusCode":200,"latencyMs":33.359,"msg":"request completed"}
{"level":30,"time":1789777244419,"pid":19535,"hostname":"Glebs-MacBook-Pro.local","reqId":"c97e30ec-2154-458e-9f22-71bf05a5d4ec","event":"request_completed","requestId":"c97e30ec-2154-458e-9f22-71bf05a5d4ec","method":"PATCH","route":"/api/v1/tournaments/:id/bracket","statusCode":200,"latencyMs":42.273,"msg":"request completed"}
{"level":30,"time":1789777244436,"pid":19535,"hostname":"Glebs-MacBook-Pro.local","reqId":"35684b73-bb0f-4d4b-93b2-b68d993021b3","event":"request_completed","requestId":"35684b73-bb0f-4d4b-93b2-b68d993021b3","method":"GET","route":"/api/v1/tournaments/:id","statusCode":200,"latencyMs":15.391,"msg":"request completed"}
{"level":30,"time":1789777244557,"pid":19535,"hostname":"Glebs-MacBook-Pro.local","reqId":"3f81eb41-bd76-4045-9a5b-9b1a63980f05","event":"request_completed","requestId":"3f81eb41-bd76-4045-9a5b-9b1a63980f05","method":"GET","route":"/api/v1/tournaments/:id","statusCode":200,"latencyMs":35.305,"msg":"request completed"}
{"level":30,"time":1789777244774,"pid":19535,"hostname":"Glebs-MacBook-Pro.local","reqId":"b4913f6c-5b55-4876-8b6f-7055f246d65f","event":"request_completed","requestId":"b4913f6c-5b55-4876-8b6f-7055f246d65f","method":"GET","route":"/api/v1/tournaments/:id","statusCode":200,"latencyMs":27.563,"msg":"request completed"}
{"level":30,"time":1789777244793,"pid":19535,"hostname":"Glebs-MacBook-Pro.local","reqId":"fcc29876-9017-4536-a9bb-030d83f7d9fa","event":"request_completed","requestId":"fcc29876-9017-4536-a9bb-030d83f7d9fa","method":"GET","route":"/api/v1/tournaments/:id","statusCode":200,"latencyMs":16.169,"msg":"request completed"}
{"level":30,"time":1789777244805,"pid":19535,"hostname":"Glebs-MacBook-Pro.local","reqId":"9a38830f-134b-4962-a38f-3c2cd90c830e","event":"request_completed","requestId":"9a38830f-134b-4962-a38f-3c2cd90c830e","method":"POST","route":"/api/v1/tournaments/:id/start","statusCode":200,"latencyMs":63.512,"msg":"request completed"}
{"level":30,"time":1789777244934,"pid":19535,"hostname":"Glebs-MacBook-Pro.local","reqId":"9aeb809d-1efd-45a9-8012-f7e2ef54066d","event":"request_completed","requestId":"9aeb809d-1efd-45a9-8012-f7e2ef54066d","method":"GET","route":"/api/v1/tournaments/:id","statusCode":200,"latencyMs":37.281,"msg":"request completed"}
{"level":30,"time":1789777244951,"pid":19535,"hostname":"Glebs-MacBook-Pro.local","reqId":"c15096d9-c78e-4bfa-ac27-9acb5de64d21","event":"request_completed","requestId":"c15096d9-c78e-4bfa-ac27-9acb5de64d21","method":"GET","route":"/api/v1/tournaments/:id","statusCode":200,"latencyMs":13.295,"msg":"request completed"}
{"level":30,"time":1789777244965,"pid":19535,"hostname":"Glebs-MacBook-Pro.local","reqId":"2eeff377-39e7-40da-865b-edac496e235d","event":"request_completed","requestId":"2eeff377-39e7-40da-865b-edac496e235d","method":"GET","route":"/api/v1/matches/:matchId","statusCode":200,"latencyMs":11.289,"msg":"request completed"}
{"level":30,"time":1789777245001,"pid":19535,"hostname":"Glebs-MacBook-Pro.local","reqId":"426bb5ac-3c87-45fb-9495-4522a60dcea5","event":"request_completed","requestId":"426bb5ac-3c87-45fb-9495-4522a60dcea5","method":"POST","route":"/api/v1/matches/:matchId/judge/acquire","statusCode":200,"latencyMs":32.285,"msg":"request completed"}
{"level":30,"time":1789777245041,"pid":19535,"hostname":"Glebs-MacBook-Pro.local","reqId":"b98a07cf-1d37-43b0-b292-de64d5d0d0d4","event":"request_completed","requestId":"b98a07cf-1d37-43b0-b292-de64d5d0d0d4","method":"POST","route":"/api/v1/matches/:matchId/start","statusCode":200,"latencyMs":35.565,"msg":"request completed"}
{"level":30,"time":1789777245067,"pid":19535,"hostname":"Glebs-MacBook-Pro.local","reqId":"e650b8cf-fa42-4e1b-8bdc-d96370044082","event":"request_completed","requestId":"e650b8cf-fa42-4e1b-8bdc-d96370044082","method":"POST","route":"/api/v1/matches/:matchId/points","statusCode":200,"latencyMs":21.734,"msg":"request completed"}
{"level":30,"time":1789777245125,"pid":19535,"hostname":"Glebs-MacBook-Pro.local","reqId":"91981d1b-fbe9-43a0-a2b8-7793fe102aa3","event":"request_completed","requestId":"91981d1b-fbe9-43a0-a2b8-7793fe102aa3","method":"POST","route":"/api/v1/matches/:matchId/confirm-finish","statusCode":200,"latencyMs":54.37,"msg":"request completed"}
{"level":30,"time":1789777245141,"pid":19535,"hostname":"Glebs-MacBook-Pro.local","reqId":"b1f6cd84-d024-4095-8b3f-fe1c9eb7ee13","event":"request_completed","requestId":"b1f6cd84-d024-4095-8b3f-fe1c9eb7ee13","method":"GET","route":"/api/v1/tournaments/:id","statusCode":200,"latencyMs":13.222,"msg":"request completed"}
{"level":30,"time":1789777245153,"pid":19535,"hostname":"Glebs-MacBook-Pro.local","reqId":"ef63b6e9-416c-4962-84d8-b9ff5b4d462e","event":"request_completed","requestId":"ef63b6e9-416c-4962-84d8-b9ff5b4d462e","method":"GET","route":"/api/v1/matches/:matchId","statusCode":200,"latencyMs":8.371,"msg":"request completed"}
{"level":30,"time":1789777245176,"pid":19535,"hostname":"Glebs-MacBook-Pro.local","reqId":"ac1a1d28-a253-466a-903f-3b085cf8f274","event":"request_completed","requestId":"ac1a1d28-a253-466a-903f-3b085cf8f274","method":"POST","route":"/api/v1/matches/:matchId/judge/acquire","statusCode":200,"latencyMs":20.082,"msg":"request completed"}
{"level":30,"time":1789777245207,"pid":19535,"hostname":"Glebs-MacBook-Pro.local","reqId":"407ca4b4-2a73-4267-b6e4-9e86d42158a3","event":"request_completed","requestId":"407ca4b4-2a73-4267-b6e4-9e86d42158a3","method":"POST","route":"/api/v1/matches/:matchId/start","statusCode":200,"latencyMs":26.841,"msg":"request completed"}
{"level":30,"time":1789777245232,"pid":19535,"hostname":"Glebs-MacBook-Pro.local","reqId":"c671f80d-c7b6-4fe6-ad98-bf4638bce214","event":"request_completed","requestId":"c671f80d-c7b6-4fe6-ad98-bf4638bce214","method":"POST","route":"/api/v1/matches/:matchId/points","statusCode":200,"latencyMs":21.499,"msg":"request completed"}
{"level":30,"time":1789777245284,"pid":19535,"hostname":"Glebs-MacBook-Pro.local","reqId":"b64abc8d-987d-43fa-b47d-e982e23e01fc","event":"request_completed","requestId":"b64abc8d-987d-43fa-b47d-e982e23e01fc","method":"POST","route":"/api/v1/matches/:matchId/confirm-finish","statusCode":200,"latencyMs":48.94,"msg":"request completed"}
{"level":30,"time":1789777245301,"pid":19535,"hostname":"Glebs-MacBook-Pro.local","reqId":"4e5f6ca5-42c3-4f67-ab03-1689ce043fe7","event":"request_completed","requestId":"4e5f6ca5-42c3-4f67-ab03-1689ce043fe7","method":"GET","route":"/api/v1/tournaments/:id","statusCode":200,"latencyMs":12.797,"msg":"request completed"}
{"level":30,"time":1789777245312,"pid":19535,"hostname":"Glebs-MacBook-Pro.local","reqId":"6188c1bd-1b16-4a4e-b1b0-4b13ba76359e","event":"request_completed","requestId":"6188c1bd-1b16-4a4e-b1b0-4b13ba76359e","method":"GET","route":"/api/v1/matches/:matchId","statusCode":200,"latencyMs":8.848,"msg":"request completed"}
{"level":30,"time":1789777245335,"pid":19535,"hostname":"Glebs-MacBook-Pro.local","reqId":"c19c8474-168b-4499-aa13-3622d9dd4605","event":"request_completed","requestId":"c19c8474-168b-4499-aa13-3622d9dd4605","method":"POST","route":"/api/v1/matches/:matchId/judge/acquire","statusCode":200,"latencyMs":19.977,"msg":"request completed"}
{"level":30,"time":1789777245365,"pid":19535,"hostname":"Glebs-MacBook-Pro.local","reqId":"dd90f587-4dc4-4891-8d5d-5b3d56d6cd10","event":"request_completed","requestId":"dd90f587-4dc4-4891-8d5d-5b3d56d6cd10","method":"POST","route":"/api/v1/matches/:matchId/start","statusCode":200,"latencyMs":26.398,"msg":"request completed"}
{"level":30,"time":1789777245390,"pid":19535,"hostname":"Glebs-MacBook-Pro.local","reqId":"c8ba519b-6ad5-49cf-95f2-1558b3ad790e","event":"request_completed","requestId":"c8ba519b-6ad5-49cf-95f2-1558b3ad790e","method":"POST","route":"/api/v1/matches/:matchId/points","statusCode":200,"latencyMs":21.009,"msg":"request completed"}
{"level":30,"time":1789777245432,"pid":19535,"hostname":"Glebs-MacBook-Pro.local","reqId":"62c0ff72-ac36-4885-880f-246d2060509a","event":"request_completed","requestId":"62c0ff72-ac36-4885-880f-246d2060509a","method":"POST","route":"/api/v1/matches/:matchId/confirm-finish","statusCode":200,"latencyMs":38.907,"msg":"request completed"}
{"level":30,"time":1789777245448,"pid":19535,"hostname":"Glebs-MacBook-Pro.local","reqId":"85329893-f317-4038-a5e1-cc78b79f64bc","event":"request_completed","requestId":"85329893-f317-4038-a5e1-cc78b79f64bc","method":"GET","route":"/api/v1/tournaments/:id","statusCode":200,"latencyMs":12.288,"msg":"request completed"}
{"level":30,"time":1789777245463,"pid":19535,"hostname":"Glebs-MacBook-Pro.local","reqId":"c3a0f3c5-2374-469c-b737-494f148516f0","event":"request_completed","requestId":"c3a0f3c5-2374-469c-b737-494f148516f0","method":"GET","route":"/api/v1/matches/:matchId","statusCode":200,"latencyMs":9.587,"msg":"request completed"}
{"level":30,"time":1789777245488,"pid":19535,"hostname":"Glebs-MacBook-Pro.local","reqId":"b4359262-4682-4938-a0a4-17677870846b","event":"request_completed","requestId":"b4359262-4682-4938-a0a4-17677870846b","method":"POST","route":"/api/v1/matches/:matchId/judge/acquire","statusCode":200,"latencyMs":21.754,"msg":"request completed"}
{"level":30,"time":1789777245526,"pid":19535,"hostname":"Glebs-MacBook-Pro.local","reqId":"5a9b9559-af9a-41e3-9c4a-52a892174722","event":"request_completed","requestId":"5a9b9559-af9a-41e3-9c4a-52a892174722","method":"POST","route":"/api/v1/matches/:matchId/start","statusCode":200,"latencyMs":34.546,"msg":"request completed"}
{"level":30,"time":1789777245554,"pid":19535,"hostname":"Glebs-MacBook-Pro.local","reqId":"1b018f12-8d10-4819-8be3-bac822e30949","event":"request_completed","requestId":"1b018f12-8d10-4819-8be3-bac822e30949","method":"POST","route":"/api/v1/matches/:matchId/points","statusCode":200,"latencyMs":23.7,"msg":"request completed"}
{"level":30,"time":1789777245624,"pid":19535,"hostname":"Glebs-MacBook-Pro.local","reqId":"16404f76-5e7d-4b48-85d2-f7325bee6d16","event":"request_completed","requestId":"16404f76-5e7d-4b48-85d2-f7325bee6d16","method":"POST","route":"/api/v1/matches/:matchId/confirm-finish","statusCode":200,"latencyMs":66.098,"msg":"request completed"}
{"level":30,"time":1789777245642,"pid":19535,"hostname":"Glebs-MacBook-Pro.local","reqId":"1b9e2c45-8c31-4e27-b839-a51aef7a92de","event":"request_completed","requestId":"1b9e2c45-8c31-4e27-b839-a51aef7a92de","method":"GET","route":"/api/v1/tournaments/:id","statusCode":200,"latencyMs":14.531,"msg":"request completed"}
{"level":30,"time":1789777245654,"pid":19535,"hostname":"Glebs-MacBook-Pro.local","reqId":"7e8acc35-4563-42e7-b0bf-00a3275581fe","event":"request_completed","requestId":"7e8acc35-4563-42e7-b0bf-00a3275581fe","method":"GET","route":"/api/v1/matches/:matchId","statusCode":200,"latencyMs":9.443,"msg":"request completed"}
{"level":30,"time":1789777245678,"pid":19535,"hostname":"Glebs-MacBook-Pro.local","reqId":"97528fef-8d05-4368-ab70-f008219f2c8c","event":"request_completed","requestId":"97528fef-8d05-4368-ab70-f008219f2c8c","method":"POST","route":"/api/v1/matches/:matchId/judge/acquire","statusCode":200,"latencyMs":21.214,"msg":"request completed"}
{"level":30,"time":1789777245713,"pid":19535,"hostname":"Glebs-MacBook-Pro.local","reqId":"cd1d63c8-0c8c-4ac0-ae03-1a54b2f5650c","event":"request_completed","requestId":"cd1d63c8-0c8c-4ac0-ae03-1a54b2f5650c","method":"POST","route":"/api/v1/matches/:matchId/start","statusCode":200,"latencyMs":30.542,"msg":"request completed"}
{"level":30,"time":1789777245739,"pid":19535,"hostname":"Glebs-MacBook-Pro.local","reqId":"8b3c1440-1d1f-4412-9c67-6f862e04d301","event":"request_completed","requestId":"8b3c1440-1d1f-4412-9c67-6f862e04d301","method":"POST","route":"/api/v1/matches/:matchId/points","statusCode":200,"latencyMs":22.274,"msg":"request completed"}
{"level":30,"time":1789777245780,"pid":19535,"hostname":"Glebs-MacBook-Pro.local","reqId":"9fe37821-7f21-483d-a8b9-03c461e7a20f","event":"request_completed","requestId":"9fe37821-7f21-483d-a8b9-03c461e7a20f","method":"POST","route":"/api/v1/matches/:matchId/confirm-finish","statusCode":200,"latencyMs":37.309,"msg":"request completed"}
{"level":30,"time":1789777245797,"pid":19535,"hostname":"Glebs-MacBook-Pro.local","reqId":"45550521-76b9-4e44-a03e-c2a6ab344a74","event":"request_completed","requestId":"45550521-76b9-4e44-a03e-c2a6ab344a74","method":"GET","route":"/api/v1/tournaments/:id","statusCode":200,"latencyMs":12.684,"msg":"request completed"}
{"level":30,"time":1789777245809,"pid":19535,"hostname":"Glebs-MacBook-Pro.local","reqId":"9aea56cf-5bfd-4006-aa93-8cd3207d8dfb","event":"request_completed","requestId":"9aea56cf-5bfd-4006-aa93-8cd3207d8dfb","method":"GET","route":"/api/v1/matches/:matchId","statusCode":200,"latencyMs":8.246,"msg":"request completed"}
{"level":30,"time":1789777245832,"pid":19535,"hostname":"Glebs-MacBook-Pro.local","reqId":"6467b614-6ec7-42cf-b6db-b2fcde29a955","event":"request_completed","requestId":"6467b614-6ec7-42cf-b6db-b2fcde29a955","method":"POST","route":"/api/v1/matches/:matchId/judge/acquire","statusCode":200,"latencyMs":20.351,"msg":"request completed"}
{"level":30,"time":1789777245861,"pid":19535,"hostname":"Glebs-MacBook-Pro.local","reqId":"766da159-28fb-43f5-b4dc-5c0a6c42091c","event":"request_completed","requestId":"766da159-28fb-43f5-b4dc-5c0a6c42091c","method":"POST","route":"/api/v1/matches/:matchId/start","statusCode":200,"latencyMs":26.493,"msg":"request completed"}
{"level":30,"time":1789777245886,"pid":19535,"hostname":"Glebs-MacBook-Pro.local","reqId":"f1b13006-5c88-4665-801f-8d8d72aa1f58","event":"request_completed","requestId":"f1b13006-5c88-4665-801f-8d8d72aa1f58","method":"POST","route":"/api/v1/matches/:matchId/points","statusCode":200,"latencyMs":21.283,"msg":"request completed"}
{"level":30,"time":1789777245943,"pid":19535,"hostname":"Glebs-MacBook-Pro.local","reqId":"e8e07477-ec56-4912-ae1f-8164ca1ed554","event":"request_completed","requestId":"e8e07477-ec56-4912-ae1f-8164ca1ed554","method":"POST","route":"/api/v1/matches/:matchId/confirm-finish","statusCode":200,"latencyMs":52.965,"msg":"request completed"}
{"level":30,"time":1789777245959,"pid":19535,"hostname":"Glebs-MacBook-Pro.local","reqId":"22d02c2c-6dda-446e-b914-e3d236ad2d81","event":"request_completed","requestId":"22d02c2c-6dda-446e-b914-e3d236ad2d81","method":"GET","route":"/api/v1/tournaments/:id","statusCode":200,"latencyMs":12.04,"msg":"request completed"}
{"level":30,"time":1789777245971,"pid":19535,"hostname":"Glebs-MacBook-Pro.local","reqId":"6e239742-0732-4586-b9f0-2e49eb248bbb","event":"request_completed","requestId":"6e239742-0732-4586-b9f0-2e49eb248bbb","method":"GET","route":"/api/v1/matches/:matchId","statusCode":200,"latencyMs":8.909,"msg":"request completed"}
{"level":30,"time":1789777245995,"pid":19535,"hostname":"Glebs-MacBook-Pro.local","reqId":"d2fc0448-c0d3-4237-879e-f59eb56130b2","event":"request_completed","requestId":"d2fc0448-c0d3-4237-879e-f59eb56130b2","method":"POST","route":"/api/v1/matches/:matchId/judge/acquire","statusCode":200,"latencyMs":21.6,"msg":"request completed"}
{"level":30,"time":1789777246032,"pid":19535,"hostname":"Glebs-MacBook-Pro.local","reqId":"eee8f32a-4fdc-41d1-b157-6c408cce479f","event":"request_completed","requestId":"eee8f32a-4fdc-41d1-b157-6c408cce479f","method":"POST","route":"/api/v1/matches/:matchId/start","statusCode":200,"latencyMs":33.109,"msg":"request completed"}
{"level":30,"time":1789777246060,"pid":19535,"hostname":"Glebs-MacBook-Pro.local","reqId":"7527d9ef-5b9c-48ff-9a76-cfbc3c645b6d","event":"request_completed","requestId":"7527d9ef-5b9c-48ff-9a76-cfbc3c645b6d","method":"POST","route":"/api/v1/matches/:matchId/points","statusCode":200,"latencyMs":24.141,"msg":"request completed"}
{"level":30,"time":1789777246115,"pid":19535,"hostname":"Glebs-MacBook-Pro.local","reqId":"94ce6850-a2b8-472b-bdf2-0c0dca967e5f","event":"request_completed","requestId":"94ce6850-a2b8-472b-bdf2-0c0dca967e5f","method":"POST","route":"/api/v1/matches/:matchId/confirm-finish","statusCode":200,"latencyMs":51.452,"msg":"request completed"}
{"level":30,"time":1789777246130,"pid":19535,"hostname":"Glebs-MacBook-Pro.local","reqId":"28189785-cd8b-491a-81b5-8815fb10bf54","event":"request_completed","requestId":"28189785-cd8b-491a-81b5-8815fb10bf54","method":"GET","route":"/api/v1/tournaments/:id","statusCode":200,"latencyMs":11.853,"msg":"request completed"}
{"level":30,"time":1789777246142,"pid":19535,"hostname":"Glebs-MacBook-Pro.local","reqId":"1707c724-b1eb-4878-9afa-a8aa85d518bb","event":"request_completed","requestId":"1707c724-b1eb-4878-9afa-a8aa85d518bb","method":"GET","route":"/api/v1/matches/:matchId","statusCode":200,"latencyMs":8.55,"msg":"request completed"}
{"level":30,"time":1789777246166,"pid":19535,"hostname":"Glebs-MacBook-Pro.local","reqId":"7a946dd3-9b35-45cf-879a-4ed75a7972e4","event":"request_completed","requestId":"7a946dd3-9b35-45cf-879a-4ed75a7972e4","method":"POST","route":"/api/v1/matches/:matchId/judge/acquire","statusCode":200,"latencyMs":21.16,"msg":"request completed"}
{"level":30,"time":1789777246197,"pid":19535,"hostname":"Glebs-MacBook-Pro.local","reqId":"f4f0a49d-df68-489f-be53-e12bcb789310","event":"request_completed","requestId":"f4f0a49d-df68-489f-be53-e12bcb789310","method":"POST","route":"/api/v1/matches/:matchId/start","statusCode":200,"latencyMs":27.477,"msg":"request completed"}
{"level":30,"time":1789777246221,"pid":19535,"hostname":"Glebs-MacBook-Pro.local","reqId":"6cbd6893-ebee-4be0-a573-2d40b0b0e77f","event":"request_completed","requestId":"6cbd6893-ebee-4be0-a573-2d40b0b0e77f","method":"POST","route":"/api/v1/matches/:matchId/points","statusCode":200,"latencyMs":18.978,"msg":"request completed"}
{"level":30,"time":1789777246260,"pid":19535,"hostname":"Glebs-MacBook-Pro.local","reqId":"f07c7baa-4ada-4c7c-b1b1-96eecff51c06","event":"request_completed","requestId":"f07c7baa-4ada-4c7c-b1b1-96eecff51c06","method":"POST","route":"/api/v1/matches/:matchId/confirm-finish","statusCode":200,"latencyMs":35.136,"msg":"request completed"}
{"level":30,"time":1789777246273,"pid":19535,"hostname":"Glebs-MacBook-Pro.local","reqId":"80fd902d-ed29-475b-acef-8f1a4f5a14bb","event":"request_completed","requestId":"80fd902d-ed29-475b-acef-8f1a4f5a14bb","method":"GET","route":"/api/v1/tournaments/:id","statusCode":200,"latencyMs":10.09,"msg":"request completed"}
{"level":30,"time":1789777246286,"pid":19535,"hostname":"Glebs-MacBook-Pro.local","reqId":"804ac2a3-a091-4887-839d-b3a73057ee6e","event":"request_completed","requestId":"804ac2a3-a091-4887-839d-b3a73057ee6e","method":"GET","route":"/api/v1/tournaments/:id","statusCode":200,"latencyMs":9.881,"msg":"request completed"}
{"level":30,"time":1789777246310,"pid":19535,"hostname":"Glebs-MacBook-Pro.local","reqId":"c32c1fe8-8960-4319-b68d-1f4a3a9cd6ce","event":"request_completed","requestId":"c32c1fe8-8960-4319-b68d-1f4a3a9cd6ce","method":"GET","route":"/api/v1/auth/me","statusCode":200,"latencyMs":4.848,"msg":"request completed"}
{"level":30,"time":1789777246326,"pid":19535,"hostname":"Glebs-MacBook-Pro.local","reqId":"b49342ab-4525-4209-91fb-2c11f79d3632","event":"request_completed","requestId":"b49342ab-4525-4209-91fb-2c11f79d3632","method":"GET","route":"/api/v1/notifications","statusCode":200,"latencyMs":12.683,"msg":"request completed"}
{"level":30,"time":1789777246327,"pid":19535,"hostname":"Glebs-MacBook-Pro.local","reqId":"25705407-e91f-4255-8e54-ede90629a6f0","event":"request_completed","requestId":"25705407-e91f-4255-8e54-ede90629a6f0","method":"GET","route":"/api/v1/tournaments/:id","statusCode":200,"latencyMs":13.602,"msg":"request completed"}
  ✓  50 [chromium-mobile-390] › tests/e2e/wave-d-tournaments.spec.ts:19:7 › Wave D tournament double_elimination/5 roster, seed edit, complete and results (3.5s)
{"level":30,"time":1789777246561,"pid":19535,"hostname":"Glebs-MacBook-Pro.local","reqId":"0b68c8c6-b2c9-43c7-a33b-b584f1d305d7","event":"request_completed","requestId":"0b68c8c6-b2c9-43c7-a33b-b584f1d305d7","method":"GET","route":"/health","statusCode":200,"latencyMs":0.142,"msg":"request completed"}
{"level":30,"time":1789777246592,"pid":19535,"hostname":"Glebs-MacBook-Pro.local","reqId":"d19d5ff5-bef0-433b-beeb-9b444adcc9a2","event":"request_completed","requestId":"d19d5ff5-bef0-433b-beeb-9b444adcc9a2","method":"POST","route":"/api/v1/auth/login","statusCode":200,"latencyMs":28.286,"msg":"request completed"}
{"level":30,"time":1789777246606,"pid":19535,"hostname":"Glebs-MacBook-Pro.local","reqId":"8ba15a99-894e-4f13-b501-51a445402c64","event":"request_completed","requestId":"8ba15a99-894e-4f13-b501-51a445402c64","method":"PATCH","route":"/api/v1/me/onboarding","statusCode":200,"latencyMs":10.079,"msg":"request completed"}
{"level":30,"time":1789777246874,"pid":19535,"hostname":"Glebs-MacBook-Pro.local","reqId":"acc12c69-b917-41bf-9589-7c28c5dc795a","event":"request_completed","requestId":"acc12c69-b917-41bf-9589-7c28c5dc795a","method":"GET","route":"/api/v1/auth/me","statusCode":401,"latencyMs":0.129,"msg":"request completed"}
{"level":30,"time":1789777247047,"pid":19535,"hostname":"Glebs-MacBook-Pro.local","reqId":"fe834c8c-bb5d-41db-88b6-2c71a262f678","event":"request_completed","requestId":"fe834c8c-bb5d-41db-88b6-2c71a262f678","method":"POST","route":"/api/v1/auth/login","statusCode":200,"latencyMs":25.522,"msg":"request completed"}
{"level":30,"time":1789777247056,"pid":19535,"hostname":"Glebs-MacBook-Pro.local","reqId":"d47a58f3-66b1-4b7d-ad41-57114be425e5","event":"request_completed","requestId":"d47a58f3-66b1-4b7d-ad41-57114be425e5","method":"GET","route":"/api/v1/auth/me","statusCode":200,"latencyMs":6.946,"msg":"request completed"}
{"level":30,"time":1789777247076,"pid":19535,"hostname":"Glebs-MacBook-Pro.local","reqId":"e24088f5-05c7-4997-a390-3eae907bdea0","event":"request_completed","requestId":"e24088f5-05c7-4997-a390-3eae907bdea0","method":"GET","route":"/api/v1/notifications","statusCode":200,"latencyMs":24.139,"msg":"request completed"}
{"level":30,"time":1789777247096,"pid":19535,"hostname":"Glebs-MacBook-Pro.local","reqId":"d5881b60-ef9c-4fde-a427-c1f82c5186a3","event":"request_completed","requestId":"d5881b60-ef9c-4fde-a427-c1f82c5186a3","method":"GET","route":"/api/v1/home","statusCode":200,"latencyMs":41.624,"msg":"request completed"}
{"level":30,"time":1789777247130,"pid":19535,"hostname":"Glebs-MacBook-Pro.local","reqId":"176db50d-bd73-47e8-92fc-2b671b48ad3e","event":"request_completed","requestId":"176db50d-bd73-47e8-92fc-2b671b48ad3e","method":"GET","route":"/api/v1/auth/me","statusCode":200,"latencyMs":4.665,"msg":"request completed"}
{"level":30,"time":1789777247146,"pid":19535,"hostname":"Glebs-MacBook-Pro.local","reqId":"cbd663eb-bc2c-4a5a-a4a0-85f2f923a50d","event":"request_completed","requestId":"cbd663eb-bc2c-4a5a-a4a0-85f2f923a50d","method":"GET","route":"/api/v1/notifications","statusCode":200,"latencyMs":10.176,"msg":"request completed"}
{"level":30,"time":1789777247246,"pid":19535,"hostname":"Glebs-MacBook-Pro.local","reqId":"964f247d-e716-47b5-a2f0-1acbe95d205f","event":"request_completed","requestId":"964f247d-e716-47b5-a2f0-1acbe95d205f","method":"POST","route":"/api/v1/tournaments","statusCode":200,"latencyMs":13.803,"msg":"request completed"}
{"level":30,"time":1789777247263,"pid":19535,"hostname":"Glebs-MacBook-Pro.local","reqId":"c927c221-728a-49f8-bbfb-0382b3235a9d","event":"request_completed","requestId":"c927c221-728a-49f8-bbfb-0382b3235a9d","method":"GET","route":"/api/v1/tournaments/:id","statusCode":200,"latencyMs":12.513,"msg":"request completed"}
{"level":30,"time":1789777247271,"pid":19535,"hostname":"Glebs-MacBook-Pro.local","reqId":"72b0dcae-3dff-4535-9a93-4b2f2fd0ecf9","event":"request_completed","requestId":"72b0dcae-3dff-4535-9a93-4b2f2fd0ecf9","method":"GET","route":"/api/v1/users/directory","statusCode":200,"latencyMs":4.501,"msg":"request completed"}
{"level":30,"time":1789777247345,"pid":19535,"hostname":"Glebs-MacBook-Pro.local","reqId":"34dc2434-d00d-41b4-9111-416d6d285058","event":"request_completed","requestId":"34dc2434-d00d-41b4-9111-416d6d285058","method":"POST","route":"/api/v1/tournaments/:id/participants","statusCode":200,"latencyMs":29.002,"msg":"request completed"}
{"level":30,"time":1789777247469,"pid":19535,"hostname":"Glebs-MacBook-Pro.local","reqId":"b2713f5b-7668-421f-bf67-7688574a53c1","event":"request_completed","requestId":"b2713f5b-7668-421f-bf67-7688574a53c1","method":"POST","route":"/api/v1/tournaments/:id/participants","statusCode":200,"latencyMs":67.028,"msg":"request completed"}
{"level":30,"time":1789777247509,"pid":19535,"hostname":"Glebs-MacBook-Pro.local","reqId":"707d359d-313e-4436-8e71-3252bf52e57c","event":"request_completed","requestId":"707d359d-313e-4436-8e71-3252bf52e57c","method":"POST","route":"/api/v1/tournaments/:id/participants","statusCode":200,"latencyMs":34.413,"msg":"request completed"}
{"level":30,"time":1789777247545,"pid":19535,"hostname":"Glebs-MacBook-Pro.local","reqId":"30ddbff7-2332-42f9-8ac0-deb7d6eed981","event":"request_completed","requestId":"30ddbff7-2332-42f9-8ac0-deb7d6eed981","method":"POST","route":"/api/v1/tournaments/:id/participants","statusCode":200,"latencyMs":32.488,"msg":"request completed"}
{"level":30,"time":1789777247575,"pid":19535,"hostname":"Glebs-MacBook-Pro.local","reqId":"d39c8ed7-6464-4d77-9830-9ff936e11284","event":"request_completed","requestId":"d39c8ed7-6464-4d77-9830-9ff936e11284","method":"POST","route":"/api/v1/tournaments/:id/participants","statusCode":200,"latencyMs":25.591,"msg":"request completed"}
{"level":30,"time":1789777247607,"pid":19535,"hostname":"Glebs-MacBook-Pro.local","reqId":"c160afd0-f8d9-4e04-9fe0-9dba6ba51e28","event":"request_completed","requestId":"c160afd0-f8d9-4e04-9fe0-9dba6ba51e28","method":"POST","route":"/api/v1/tournaments/:id/participants","statusCode":200,"latencyMs":28.503,"msg":"request completed"}
{"level":30,"time":1789777247642,"pid":19535,"hostname":"Glebs-MacBook-Pro.local","reqId":"7ccecb0d-63c4-41fb-b49c-00c808b641bf","event":"request_completed","requestId":"7ccecb0d-63c4-41fb-b49c-00c808b641bf","method":"POST","route":"/api/v1/tournaments/:id/participants","statusCode":200,"latencyMs":31.047,"msg":"request completed"}
{"level":30,"time":1789777247677,"pid":19535,"hostname":"Glebs-MacBook-Pro.local","reqId":"49e50b8a-7ae2-45a9-aa0b-1c5514ad54d1","event":"request_completed","requestId":"49e50b8a-7ae2-45a9-aa0b-1c5514ad54d1","method":"PATCH","route":"/api/v1/tournaments/:id","statusCode":200,"latencyMs":21.915,"msg":"request completed"}
{"level":30,"time":1789777247710,"pid":19535,"hostname":"Glebs-MacBook-Pro.local","reqId":"28454afe-47ad-4038-8e05-2790281c1707","event":"request_completed","requestId":"28454afe-47ad-4038-8e05-2790281c1707","method":"GET","route":"/api/v1/auth/me","statusCode":200,"latencyMs":14.178,"msg":"request completed"}
{"level":30,"time":1789777247730,"pid":19535,"hostname":"Glebs-MacBook-Pro.local","reqId":"16376812-43c1-4c1d-8405-d53ad8fd3d57","event":"request_completed","requestId":"16376812-43c1-4c1d-8405-d53ad8fd3d57","method":"GET","route":"/api/v1/notifications","statusCode":200,"latencyMs":16.517,"msg":"request completed"}
{"level":30,"time":1789777247734,"pid":19535,"hostname":"Glebs-MacBook-Pro.local","reqId":"3e85465c-ec25-4181-a751-925c4d414e90","event":"request_completed","requestId":"3e85465c-ec25-4181-a751-925c4d414e90","method":"GET","route":"/api/v1/tournaments/:id","statusCode":200,"latencyMs":20.167,"msg":"request completed"}
{"level":30,"time":1789777247742,"pid":19535,"hostname":"Glebs-MacBook-Pro.local","reqId":"5b7de582-ddb8-4d7e-b76e-068d59d15121","event":"request_completed","requestId":"5b7de582-ddb8-4d7e-b76e-068d59d15121","method":"GET","route":"/api/v1/users/directory","statusCode":200,"latencyMs":5.003,"msg":"request completed"}
{"level":30,"time":1789777247883,"pid":19535,"hostname":"Glebs-MacBook-Pro.local","reqId":"1030146f-4c56-444b-a07a-1b1790be51ae","event":"request_completed","requestId":"1030146f-4c56-444b-a07a-1b1790be51ae","method":"POST","route":"/api/v1/tournaments/:id/bracket","statusCode":200,"latencyMs":54.802,"msg":"request completed"}
{"level":30,"time":1789777247898,"pid":19535,"hostname":"Glebs-MacBook-Pro.local","reqId":"f03c0ab3-eb0c-4ecc-ba83-22c34e3a44ef","event":"request_completed","requestId":"f03c0ab3-eb0c-4ecc-ba83-22c34e3a44ef","method":"GET","route":"/api/v1/tournaments/:id","statusCode":200,"latencyMs":12.654,"msg":"request completed"}
{"level":30,"time":1789777247960,"pid":19535,"hostname":"Glebs-MacBook-Pro.local","reqId":"a8534993-1e68-480d-8f35-513f42b4f0d1","event":"request_completed","requestId":"a8534993-1e68-480d-8f35-513f42b4f0d1","method":"GET","route":"/api/v1/tournaments/:id","statusCode":200,"latencyMs":20.005,"msg":"request completed"}
{"level":30,"time":1789777248052,"pid":19535,"hostname":"Glebs-MacBook-Pro.local","reqId":"a193d5f8-05f1-4d25-a2e2-b72fc727b069","event":"request_completed","requestId":"a193d5f8-05f1-4d25-a2e2-b72fc727b069","method":"GET","route":"/api/v1/tournaments/:id","statusCode":200,"latencyMs":33.889,"msg":"request completed"}
{"level":30,"time":1789777248059,"pid":19535,"hostname":"Glebs-MacBook-Pro.local","reqId":"f5976ad4-e9b5-485d-9392-50950ed50908","event":"request_completed","requestId":"f5976ad4-e9b5-485d-9392-50950ed50908","method":"PATCH","route":"/api/v1/tournaments/:id/bracket","statusCode":200,"latencyMs":46.817,"msg":"request completed"}
{"level":30,"time":1789777248073,"pid":19535,"hostname":"Glebs-MacBook-Pro.local","reqId":"59d67d5d-f65a-41b3-b341-6a1a1b994818","event":"request_completed","requestId":"59d67d5d-f65a-41b3-b341-6a1a1b994818","method":"GET","route":"/api/v1/tournaments/:id","statusCode":200,"latencyMs":11.933,"msg":"request completed"}
{"level":30,"time":1789777248197,"pid":19535,"hostname":"Glebs-MacBook-Pro.local","reqId":"d1da47bd-d4b4-42c1-8227-75c8c27b497e","event":"request_completed","requestId":"d1da47bd-d4b4-42c1-8227-75c8c27b497e","method":"GET","route":"/api/v1/tournaments/:id","statusCode":200,"latencyMs":38.467,"msg":"request completed"}
{"level":30,"time":1789777248417,"pid":19535,"hostname":"Glebs-MacBook-Pro.local","reqId":"a819aecf-894f-421e-9906-2d6a2c015f4b","event":"request_completed","requestId":"a819aecf-894f-421e-9906-2d6a2c015f4b","method":"GET","route":"/api/v1/tournaments/:id","statusCode":200,"latencyMs":36.657,"msg":"request completed"}
{"level":30,"time":1789777248433,"pid":19535,"hostname":"Glebs-MacBook-Pro.local","reqId":"d20b7362-53ff-464b-ad7d-e8d153691def","event":"request_completed","requestId":"d20b7362-53ff-464b-ad7d-e8d153691def","method":"GET","route":"/api/v1/tournaments/:id","statusCode":200,"latencyMs":12.355,"msg":"request completed"}
{"level":30,"time":1789777248469,"pid":19535,"hostname":"Glebs-MacBook-Pro.local","reqId":"2dd7fe9a-3247-4cbb-9ed9-c31aee7555af","event":"request_completed","requestId":"2dd7fe9a-3247-4cbb-9ed9-c31aee7555af","method":"POST","route":"/api/v1/tournaments/:id/start","statusCode":200,"latencyMs":93.186,"msg":"request completed"}
{"level":30,"time":1789777248570,"pid":19535,"hostname":"Glebs-MacBook-Pro.local","reqId":"918515e2-e60a-40a3-9f2c-bd649a71dca3","event":"request_completed","requestId":"918515e2-e60a-40a3-9f2c-bd649a71dca3","method":"GET","route":"/api/v1/tournaments/:id","statusCode":200,"latencyMs":33.665,"msg":"request completed"}
{"level":30,"time":1789777248609,"pid":19535,"hostname":"Glebs-MacBook-Pro.local","reqId":"df6b4e5a-8c63-4d45-bdba-65d56cf01b82","event":"request_completed","requestId":"df6b4e5a-8c63-4d45-bdba-65d56cf01b82","method":"GET","route":"/api/v1/tournaments/:id","statusCode":200,"latencyMs":35.2,"msg":"request completed"}
{"level":30,"time":1789777248637,"pid":19535,"hostname":"Glebs-MacBook-Pro.local","reqId":"c77770cb-3cbf-47da-a041-36d339b76e17","event":"request_completed","requestId":"c77770cb-3cbf-47da-a041-36d339b76e17","method":"GET","route":"/api/v1/matches/:matchId","statusCode":200,"latencyMs":23.989,"msg":"request completed"}
{"level":30,"time":1789777248684,"pid":19535,"hostname":"Glebs-MacBook-Pro.local","reqId":"d6a291dd-1b03-436e-9f3e-3899434084fe","event":"request_completed","requestId":"d6a291dd-1b03-436e-9f3e-3899434084fe","method":"POST","route":"/api/v1/matches/:matchId/judge/acquire","statusCode":200,"latencyMs":42.811,"msg":"request completed"}
{"level":30,"time":1789777248715,"pid":19535,"hostname":"Glebs-MacBook-Pro.local","reqId":"6151fd14-960a-4e1e-8e2d-63d7534ca7ac","event":"request_completed","requestId":"6151fd14-960a-4e1e-8e2d-63d7534ca7ac","method":"POST","route":"/api/v1/matches/:matchId/start","statusCode":200,"latencyMs":27.534,"msg":"request completed"}
{"level":30,"time":1789777248742,"pid":19535,"hostname":"Glebs-MacBook-Pro.local","reqId":"75e20864-0f75-4089-8aa5-a8f6a635f742","event":"request_completed","requestId":"75e20864-0f75-4089-8aa5-a8f6a635f742","method":"POST","route":"/api/v1/matches/:matchId/points","statusCode":200,"latencyMs":22.258,"msg":"request completed"}
{"level":30,"time":1789777248820,"pid":19535,"hostname":"Glebs-MacBook-Pro.local","reqId":"81e730be-0c05-4d1e-b4c7-cd9616c6dd6a","event":"request_completed","requestId":"81e730be-0c05-4d1e-b4c7-cd9616c6dd6a","method":"POST","route":"/api/v1/matches/:matchId/confirm-finish","statusCode":200,"latencyMs":51.364,"msg":"request completed"}
{"level":30,"time":1789777248841,"pid":19535,"hostname":"Glebs-MacBook-Pro.local","reqId":"e7d503b7-6d41-44ca-be71-efbb5015c1c8","event":"request_completed","requestId":"e7d503b7-6d41-44ca-be71-efbb5015c1c8","method":"GET","route":"/api/v1/tournaments/:id","statusCode":200,"latencyMs":17.426,"msg":"request completed"}
{"level":30,"time":1789777248852,"pid":19535,"hostname":"Glebs-MacBook-Pro.local","reqId":"b3f69b9b-297d-488d-9f66-c0db5ff3c7d7","event":"request_completed","requestId":"b3f69b9b-297d-488d-9f66-c0db5ff3c7d7","method":"GET","route":"/api/v1/matches/:matchId","statusCode":200,"latencyMs":7.765,"msg":"request completed"}
{"level":30,"time":1789777248879,"pid":19535,"hostname":"Glebs-MacBook-Pro.local","reqId":"3d4a8b50-e608-416c-9da7-ddef8e526dee","event":"request_completed","requestId":"3d4a8b50-e608-416c-9da7-ddef8e526dee","method":"POST","route":"/api/v1/matches/:matchId/judge/acquire","statusCode":200,"latencyMs":23.55,"msg":"request completed"}
{"level":30,"time":1789777248916,"pid":19535,"hostname":"Glebs-MacBook-Pro.local","reqId":"d7db35d0-f0e8-4fac-a5c7-0758a731cce5","event":"request_completed","requestId":"d7db35d0-f0e8-4fac-a5c7-0758a731cce5","method":"POST","route":"/api/v1/matches/:matchId/start","statusCode":200,"latencyMs":32.547,"msg":"request completed"}
{"level":30,"time":1789777248941,"pid":19535,"hostname":"Glebs-MacBook-Pro.local","reqId":"4e753feb-3308-4b7c-a32e-8f9ebcefc491","event":"request_completed","requestId":"4e753feb-3308-4b7c-a32e-8f9ebcefc491","method":"POST","route":"/api/v1/matches/:matchId/points","statusCode":200,"latencyMs":21.381,"msg":"request completed"}
{"level":30,"time":1789777249018,"pid":19535,"hostname":"Glebs-MacBook-Pro.local","reqId":"ab300db5-4b01-4420-986c-270b1e4b6949","event":"request_completed","requestId":"ab300db5-4b01-4420-986c-270b1e4b6949","method":"POST","route":"/api/v1/matches/:matchId/confirm-finish","statusCode":200,"latencyMs":72.238,"msg":"request completed"}
{"level":30,"time":1789777249041,"pid":19535,"hostname":"Glebs-MacBook-Pro.local","reqId":"a8f7a3c9-ea3b-48a9-8def-473d19bfc292","event":"request_completed","requestId":"a8f7a3c9-ea3b-48a9-8def-473d19bfc292","method":"GET","route":"/api/v1/tournaments/:id","statusCode":200,"latencyMs":19.48,"msg":"request completed"}
{"level":30,"time":1789777249059,"pid":19535,"hostname":"Glebs-MacBook-Pro.local","reqId":"62c1b4e3-e1e4-4e6c-b8b5-9f5a48fe891b","event":"request_completed","requestId":"62c1b4e3-e1e4-4e6c-b8b5-9f5a48fe891b","method":"GET","route":"/api/v1/matches/:matchId","statusCode":200,"latencyMs":13.844,"msg":"request completed"}
{"level":30,"time":1789777249094,"pid":19535,"hostname":"Glebs-MacBook-Pro.local","reqId":"bb00a4cc-4bf4-4966-8ac9-6c76ca3c2fb0","event":"request_completed","requestId":"bb00a4cc-4bf4-4966-8ac9-6c76ca3c2fb0","method":"POST","route":"/api/v1/matches/:matchId/judge/acquire","statusCode":200,"latencyMs":32.096,"msg":"request completed"}
{"level":30,"time":1789777249122,"pid":19535,"hostname":"Glebs-MacBook-Pro.local","reqId":"e597009e-164f-4c6a-a880-a46b2c92e332","event":"request_completed","requestId":"e597009e-164f-4c6a-a880-a46b2c92e332","method":"POST","route":"/api/v1/matches/:matchId/start","statusCode":200,"latencyMs":23.669,"msg":"request completed"}
{"level":30,"time":1789777249146,"pid":19535,"hostname":"Glebs-MacBook-Pro.local","reqId":"143a8958-ddbd-4da3-a09a-a68781f42bd8","event":"request_completed","requestId":"143a8958-ddbd-4da3-a09a-a68781f42bd8","method":"POST","route":"/api/v1/matches/:matchId/points","statusCode":200,"latencyMs":21.19,"msg":"request completed"}
{"level":30,"time":1789777249189,"pid":19535,"hostname":"Glebs-MacBook-Pro.local","reqId":"2d38b71d-d3d3-4249-9db4-e166c5f7e739","event":"request_completed","requestId":"2d38b71d-d3d3-4249-9db4-e166c5f7e739","method":"POST","route":"/api/v1/matches/:matchId/confirm-finish","statusCode":200,"latencyMs":38.592,"msg":"request completed"}
{"level":30,"time":1789777249206,"pid":19535,"hostname":"Glebs-MacBook-Pro.local","reqId":"39364155-8cfc-44ef-aa67-1d52edb7f9e6","event":"request_completed","requestId":"39364155-8cfc-44ef-aa67-1d52edb7f9e6","method":"GET","route":"/api/v1/tournaments/:id","statusCode":200,"latencyMs":13.719,"msg":"request completed"}
{"level":30,"time":1789777249217,"pid":19535,"hostname":"Glebs-MacBook-Pro.local","reqId":"b972ab5c-4fec-4a8b-a13a-701abeb34ec6","event":"request_completed","requestId":"b972ab5c-4fec-4a8b-a13a-701abeb34ec6","method":"GET","route":"/api/v1/matches/:matchId","statusCode":200,"latencyMs":7.93,"msg":"request completed"}
{"level":30,"time":1789777249239,"pid":19535,"hostname":"Glebs-MacBook-Pro.local","reqId":"fb01e39a-5f6f-4000-bbea-3b6a68582806","event":"request_completed","requestId":"fb01e39a-5f6f-4000-bbea-3b6a68582806","method":"POST","route":"/api/v1/matches/:matchId/judge/acquire","statusCode":200,"latencyMs":19.481,"msg":"request completed"}
{"level":30,"time":1789777249269,"pid":19535,"hostname":"Glebs-MacBook-Pro.local","reqId":"b11685a7-b6f3-4877-8087-e00f7c8f984b","event":"request_completed","requestId":"b11685a7-b6f3-4877-8087-e00f7c8f984b","method":"POST","route":"/api/v1/matches/:matchId/start","statusCode":200,"latencyMs":26.664,"msg":"request completed"}
{"level":30,"time":1789777249293,"pid":19535,"hostname":"Glebs-MacBook-Pro.local","reqId":"3f326d9d-6c23-4690-87e1-a14d460549db","event":"request_completed","requestId":"3f326d9d-6c23-4690-87e1-a14d460549db","method":"POST","route":"/api/v1/matches/:matchId/points","statusCode":200,"latencyMs":20.094,"msg":"request completed"}
{"level":30,"time":1789777249332,"pid":19535,"hostname":"Glebs-MacBook-Pro.local","reqId":"af523085-6ae1-4af0-b39e-58f18200def5","event":"request_completed","requestId":"af523085-6ae1-4af0-b39e-58f18200def5","method":"POST","route":"/api/v1/matches/:matchId/confirm-finish","statusCode":200,"latencyMs":34.747,"msg":"request completed"}
{"level":30,"time":1789777249348,"pid":19535,"hostname":"Glebs-MacBook-Pro.local","reqId":"b3953bc8-e390-475d-b97e-58e69df60105","event":"request_completed","requestId":"b3953bc8-e390-475d-b97e-58e69df60105","method":"GET","route":"/api/v1/tournaments/:id","statusCode":200,"latencyMs":12.453,"msg":"request completed"}
{"level":30,"time":1789777249360,"pid":19535,"hostname":"Glebs-MacBook-Pro.local","reqId":"0b185ce5-846d-42d4-a3e4-1688fe56d158","event":"request_completed","requestId":"0b185ce5-846d-42d4-a3e4-1688fe56d158","method":"GET","route":"/api/v1/matches/:matchId","statusCode":200,"latencyMs":8.976,"msg":"request completed"}
{"level":30,"time":1789777249384,"pid":19535,"hostname":"Glebs-MacBook-Pro.local","reqId":"64539631-bb41-494f-ab83-ff0297667004","event":"request_completed","requestId":"64539631-bb41-494f-ab83-ff0297667004","method":"POST","route":"/api/v1/matches/:matchId/judge/acquire","statusCode":200,"latencyMs":20.602,"msg":"request completed"}
{"level":30,"time":1789777249425,"pid":19535,"hostname":"Glebs-MacBook-Pro.local","reqId":"2e942b48-0d67-44db-ab97-0c05f3137f7d","event":"request_completed","requestId":"2e942b48-0d67-44db-ab97-0c05f3137f7d","method":"POST","route":"/api/v1/matches/:matchId/start","statusCode":200,"latencyMs":36.373,"msg":"request completed"}
{"level":30,"time":1789777249451,"pid":19535,"hostname":"Glebs-MacBook-Pro.local","reqId":"d7b3928d-ea1e-4fbc-8f20-33790ae2c14d","event":"request_completed","requestId":"d7b3928d-ea1e-4fbc-8f20-33790ae2c14d","method":"POST","route":"/api/v1/matches/:matchId/points","statusCode":200,"latencyMs":22.115,"msg":"request completed"}
{"level":30,"time":1789777249528,"pid":19535,"hostname":"Glebs-MacBook-Pro.local","reqId":"f4e7d77e-539a-40f1-b550-e54306bfd426","event":"request_completed","requestId":"f4e7d77e-539a-40f1-b550-e54306bfd426","method":"POST","route":"/api/v1/matches/:matchId/confirm-finish","statusCode":200,"latencyMs":71.484,"msg":"request completed"}
{"level":30,"time":1789777249545,"pid":19535,"hostname":"Glebs-MacBook-Pro.local","reqId":"33720b8f-195c-4856-9f0a-7082b16a567d","event":"request_completed","requestId":"33720b8f-195c-4856-9f0a-7082b16a567d","method":"GET","route":"/api/v1/tournaments/:id","statusCode":200,"latencyMs":13.284,"msg":"request completed"}
{"level":30,"time":1789777249557,"pid":19535,"hostname":"Glebs-MacBook-Pro.local","reqId":"d6901927-1361-485f-bea1-83ec9da438e5","event":"request_completed","requestId":"d6901927-1361-485f-bea1-83ec9da438e5","method":"GET","route":"/api/v1/matches/:matchId","statusCode":200,"latencyMs":8.401,"msg":"request completed"}
{"level":30,"time":1789777249582,"pid":19535,"hostname":"Glebs-MacBook-Pro.local","reqId":"1d1c706b-b588-4eff-a1c9-26fbcfebad10","event":"request_completed","requestId":"1d1c706b-b588-4eff-a1c9-26fbcfebad10","method":"POST","route":"/api/v1/matches/:matchId/judge/acquire","statusCode":200,"latencyMs":21.948,"msg":"request completed"}
{"level":30,"time":1789777249613,"pid":19535,"hostname":"Glebs-MacBook-Pro.local","reqId":"4340885d-b84d-4824-8007-e176342782f8","event":"request_completed","requestId":"4340885d-b84d-4824-8007-e176342782f8","method":"POST","route":"/api/v1/matches/:matchId/start","statusCode":200,"latencyMs":27.128,"msg":"request completed"}
{"level":30,"time":1789777249640,"pid":19535,"hostname":"Glebs-MacBook-Pro.local","reqId":"d29991e8-7814-4b57-b910-119211aad959","event":"request_completed","requestId":"d29991e8-7814-4b57-b910-119211aad959","method":"POST","route":"/api/v1/matches/:matchId/points","statusCode":200,"latencyMs":22.832,"msg":"request completed"}
{"level":30,"time":1789777249702,"pid":19535,"hostname":"Glebs-MacBook-Pro.local","reqId":"efc17e78-8596-4add-a2a3-f7787ffa160d","event":"request_completed","requestId":"efc17e78-8596-4add-a2a3-f7787ffa160d","method":"POST","route":"/api/v1/matches/:matchId/confirm-finish","statusCode":200,"latencyMs":59.05,"msg":"request completed"}
{"level":30,"time":1789777249719,"pid":19535,"hostname":"Glebs-MacBook-Pro.local","reqId":"e8633dbe-2993-4720-9aa1-5db8c1ff6df3","event":"request_completed","requestId":"e8633dbe-2993-4720-9aa1-5db8c1ff6df3","method":"GET","route":"/api/v1/tournaments/:id","statusCode":200,"latencyMs":13.714,"msg":"request completed"}
{"level":30,"time":1789777249733,"pid":19535,"hostname":"Glebs-MacBook-Pro.local","reqId":"fcf99da9-d92f-4f78-9c54-8ee80b8c2e64","event":"request_completed","requestId":"fcf99da9-d92f-4f78-9c54-8ee80b8c2e64","method":"GET","route":"/api/v1/matches/:matchId","statusCode":200,"latencyMs":9.772,"msg":"request completed"}
{"level":30,"time":1789777249760,"pid":19535,"hostname":"Glebs-MacBook-Pro.local","reqId":"6ed49bdd-c9c7-4eb2-8657-b60befdc02fe","event":"request_completed","requestId":"6ed49bdd-c9c7-4eb2-8657-b60befdc02fe","method":"POST","route":"/api/v1/matches/:matchId/judge/acquire","statusCode":200,"latencyMs":24.407,"msg":"request completed"}
{"level":30,"time":1789777249797,"pid":19535,"hostname":"Glebs-MacBook-Pro.local","reqId":"4198a604-a2b9-4006-ad57-b623db174268","event":"request_completed","requestId":"4198a604-a2b9-4006-ad57-b623db174268","method":"POST","route":"/api/v1/matches/:matchId/start","statusCode":200,"latencyMs":33.19,"msg":"request completed"}
{"level":30,"time":1789777249825,"pid":19535,"hostname":"Glebs-MacBook-Pro.local","reqId":"00fc1bc8-cfc1-4350-b226-a06be42739a4","event":"request_completed","requestId":"00fc1bc8-cfc1-4350-b226-a06be42739a4","method":"POST","route":"/api/v1/matches/:matchId/points","statusCode":200,"latencyMs":23.324,"msg":"request completed"}
{"level":30,"time":1789777249873,"pid":19535,"hostname":"Glebs-MacBook-Pro.local","reqId":"45819723-c72e-42c9-8ab9-d64fea2f09a2","event":"request_completed","requestId":"45819723-c72e-42c9-8ab9-d64fea2f09a2","method":"POST","route":"/api/v1/matches/:matchId/confirm-finish","statusCode":200,"latencyMs":43.632,"msg":"request completed"}
{"level":30,"time":1789777249889,"pid":19535,"hostname":"Glebs-MacBook-Pro.local","reqId":"bda507df-a0f2-4f97-8e21-0f6c964ee99d","event":"request_completed","requestId":"bda507df-a0f2-4f97-8e21-0f6c964ee99d","method":"GET","route":"/api/v1/tournaments/:id","statusCode":200,"latencyMs":12.751,"msg":"request completed"}
{"level":30,"time":1789777249901,"pid":19535,"hostname":"Glebs-MacBook-Pro.local","reqId":"b9fd0f24-459e-40f4-a6f7-dfff86b94b0f","event":"request_completed","requestId":"b9fd0f24-459e-40f4-a6f7-dfff86b94b0f","method":"GET","route":"/api/v1/matches/:matchId","statusCode":200,"latencyMs":8.603,"msg":"request completed"}
{"level":30,"time":1789777249925,"pid":19535,"hostname":"Glebs-MacBook-Pro.local","reqId":"2b7f0ed4-88e4-4072-8066-f7ad716aec63","event":"request_completed","requestId":"2b7f0ed4-88e4-4072-8066-f7ad716aec63","method":"POST","route":"/api/v1/matches/:matchId/judge/acquire","statusCode":200,"latencyMs":20.248,"msg":"request completed"}
{"level":30,"time":1789777249957,"pid":19535,"hostname":"Glebs-MacBook-Pro.local","reqId":"ca9f2637-ed06-4c89-b0bc-5a695ac79091","event":"request_completed","requestId":"ca9f2637-ed06-4c89-b0bc-5a695ac79091","method":"POST","route":"/api/v1/matches/:matchId/start","statusCode":200,"latencyMs":29.523,"msg":"request completed"}
{"level":30,"time":1789777249982,"pid":19535,"hostname":"Glebs-MacBook-Pro.local","reqId":"9ac79652-f9cf-4c80-a454-506d1a003187","event":"request_completed","requestId":"9ac79652-f9cf-4c80-a454-506d1a003187","method":"POST","route":"/api/v1/matches/:matchId/points","statusCode":200,"latencyMs":20.617,"msg":"request completed"}
{"level":30,"time":1789777250025,"pid":19535,"hostname":"Glebs-MacBook-Pro.local","reqId":"2f084fd5-78dd-4a07-a363-6f72041d55aa","event":"request_completed","requestId":"2f084fd5-78dd-4a07-a363-6f72041d55aa","method":"POST","route":"/api/v1/matches/:matchId/confirm-finish","statusCode":200,"latencyMs":39.284,"msg":"request completed"}
{"level":30,"time":1789777250042,"pid":19535,"hostname":"Glebs-MacBook-Pro.local","reqId":"bf271b59-9b8a-46e6-8ef8-3120399918da","event":"request_completed","requestId":"bf271b59-9b8a-46e6-8ef8-3120399918da","method":"GET","route":"/api/v1/tournaments/:id","statusCode":200,"latencyMs":13.291,"msg":"request completed"}
{"level":30,"time":1789777250054,"pid":19535,"hostname":"Glebs-MacBook-Pro.local","reqId":"da6cd3fb-4298-4ee7-b7db-ebbf496bd54d","event":"request_completed","requestId":"da6cd3fb-4298-4ee7-b7db-ebbf496bd54d","method":"GET","route":"/api/v1/matches/:matchId","statusCode":200,"latencyMs":8.492,"msg":"request completed"}
{"level":30,"time":1789777250079,"pid":19535,"hostname":"Glebs-MacBook-Pro.local","reqId":"3630fcfe-5b38-43b6-86d1-b06c08b365d3","event":"request_completed","requestId":"3630fcfe-5b38-43b6-86d1-b06c08b365d3","method":"POST","route":"/api/v1/matches/:matchId/judge/acquire","statusCode":200,"latencyMs":22.523,"msg":"request completed"}
{"level":30,"time":1789777250110,"pid":19535,"hostname":"Glebs-MacBook-Pro.local","reqId":"46e86e42-31bc-43c4-a2ae-1acd52f25954","event":"request_completed","requestId":"46e86e42-31bc-43c4-a2ae-1acd52f25954","method":"POST","route":"/api/v1/matches/:matchId/start","statusCode":200,"latencyMs":27.549,"msg":"request completed"}
{"level":30,"time":1789777250134,"pid":19535,"hostname":"Glebs-MacBook-Pro.local","reqId":"855c43ec-053d-4ac6-a55f-cdfc40977d70","event":"request_completed","requestId":"855c43ec-053d-4ac6-a55f-cdfc40977d70","method":"POST","route":"/api/v1/matches/:matchId/points","statusCode":200,"latencyMs":20.212,"msg":"request completed"}
{"level":30,"time":1789777250173,"pid":19535,"hostname":"Glebs-MacBook-Pro.local","reqId":"fe082cf2-5183-4a80-ac33-2da5a4aafa3a","event":"request_completed","requestId":"fe082cf2-5183-4a80-ac33-2da5a4aafa3a","method":"POST","route":"/api/v1/matches/:matchId/confirm-finish","statusCode":200,"latencyMs":35.75,"msg":"request completed"}
{"level":30,"time":1789777250190,"pid":19535,"hostname":"Glebs-MacBook-Pro.local","reqId":"0ac05060-96e0-4c22-8010-f0e13e336fd4","event":"request_completed","requestId":"0ac05060-96e0-4c22-8010-f0e13e336fd4","method":"GET","route":"/api/v1/tournaments/:id","statusCode":200,"latencyMs":13.21,"msg":"request completed"}
{"level":30,"time":1789777250201,"pid":19535,"hostname":"Glebs-MacBook-Pro.local","reqId":"3637a540-c824-4608-b5ca-931847560219","event":"request_completed","requestId":"3637a540-c824-4608-b5ca-931847560219","method":"GET","route":"/api/v1/matches/:matchId","statusCode":200,"latencyMs":7.894,"msg":"request completed"}
{"level":30,"time":1789777250223,"pid":19535,"hostname":"Glebs-MacBook-Pro.local","reqId":"7f6d2c7a-223e-49e0-9bbd-bb653489c2b2","event":"request_completed","requestId":"7f6d2c7a-223e-49e0-9bbd-bb653489c2b2","method":"POST","route":"/api/v1/matches/:matchId/judge/acquire","statusCode":200,"latencyMs":18.994,"msg":"request completed"}
{"level":30,"time":1789777250256,"pid":19535,"hostname":"Glebs-MacBook-Pro.local","reqId":"d5e80f8e-535f-4971-bcbf-41872cfa0762","event":"request_completed","requestId":"d5e80f8e-535f-4971-bcbf-41872cfa0762","method":"POST","route":"/api/v1/matches/:matchId/start","statusCode":200,"latencyMs":28.907,"msg":"request completed"}
{"level":30,"time":1789777250281,"pid":19535,"hostname":"Glebs-MacBook-Pro.local","reqId":"cc7656f7-0548-4cf7-b9c8-d06e8c7dcf66","event":"request_completed","requestId":"cc7656f7-0548-4cf7-b9c8-d06e8c7dcf66","method":"POST","route":"/api/v1/matches/:matchId/points","statusCode":200,"latencyMs":21.064,"msg":"request completed"}
{"level":30,"time":1789777250334,"pid":19535,"hostname":"Glebs-MacBook-Pro.local","reqId":"473dd873-412f-4bec-a7a0-939392cb329f","event":"request_completed","requestId":"473dd873-412f-4bec-a7a0-939392cb329f","method":"POST","route":"/api/v1/matches/:matchId/confirm-finish","statusCode":200,"latencyMs":49.633,"msg":"request completed"}
{"level":30,"time":1789777250351,"pid":19535,"hostname":"Glebs-MacBook-Pro.local","reqId":"a173f0c6-3513-45d9-a017-0dbf7870c10f","event":"request_completed","requestId":"a173f0c6-3513-45d9-a017-0dbf7870c10f","method":"GET","route":"/api/v1/tournaments/:id","statusCode":200,"latencyMs":13.02,"msg":"request completed"}
{"level":30,"time":1789777250363,"pid":19535,"hostname":"Glebs-MacBook-Pro.local","reqId":"597cdf16-3060-43ba-8d33-e1e847be93a8","event":"request_completed","requestId":"597cdf16-3060-43ba-8d33-e1e847be93a8","method":"GET","route":"/api/v1/matches/:matchId","statusCode":200,"latencyMs":8.902,"msg":"request completed"}
{"level":30,"time":1789777250388,"pid":19535,"hostname":"Glebs-MacBook-Pro.local","reqId":"69bfb798-dc46-4869-b0cf-7197e5d72f3c","event":"request_completed","requestId":"69bfb798-dc46-4869-b0cf-7197e5d72f3c","method":"POST","route":"/api/v1/matches/:matchId/judge/acquire","statusCode":200,"latencyMs":21.201,"msg":"request completed"}
{"level":30,"time":1789777250419,"pid":19535,"hostname":"Glebs-MacBook-Pro.local","reqId":"155cb557-1b21-46e8-8f12-1ec52ab2be44","event":"request_completed","requestId":"155cb557-1b21-46e8-8f12-1ec52ab2be44","method":"POST","route":"/api/v1/matches/:matchId/start","statusCode":200,"latencyMs":28.001,"msg":"request completed"}
{"level":30,"time":1789777250444,"pid":19535,"hostname":"Glebs-MacBook-Pro.local","reqId":"5a686c30-35b1-4458-a0a7-f553138a9e4c","event":"request_completed","requestId":"5a686c30-35b1-4458-a0a7-f553138a9e4c","method":"POST","route":"/api/v1/matches/:matchId/points","statusCode":200,"latencyMs":21.573,"msg":"request completed"}
{"level":30,"time":1789777250497,"pid":19535,"hostname":"Glebs-MacBook-Pro.local","reqId":"2568bb0a-152e-4223-bc37-e49b1b18e6f6","event":"request_completed","requestId":"2568bb0a-152e-4223-bc37-e49b1b18e6f6","method":"POST","route":"/api/v1/matches/:matchId/confirm-finish","statusCode":200,"latencyMs":48.597,"msg":"request completed"}
{"level":30,"time":1789777250512,"pid":19535,"hostname":"Glebs-MacBook-Pro.local","reqId":"5637de25-ed79-46be-855f-4ba408412e81","event":"request_completed","requestId":"5637de25-ed79-46be-855f-4ba408412e81","method":"GET","route":"/api/v1/tournaments/:id","statusCode":200,"latencyMs":11.662,"msg":"request completed"}
{"level":30,"time":1789777250523,"pid":19535,"hostname":"Glebs-MacBook-Pro.local","reqId":"d8ab8ce4-1bff-401d-bbe1-8e3447040a08","event":"request_completed","requestId":"d8ab8ce4-1bff-401d-bbe1-8e3447040a08","method":"GET","route":"/api/v1/matches/:matchId","statusCode":200,"latencyMs":8.052,"msg":"request completed"}
{"level":30,"time":1789777250544,"pid":19535,"hostname":"Glebs-MacBook-Pro.local","reqId":"f2e666d2-d78b-4b82-a800-6650fad80230","event":"request_completed","requestId":"f2e666d2-d78b-4b82-a800-6650fad80230","method":"POST","route":"/api/v1/matches/:matchId/judge/acquire","statusCode":200,"latencyMs":17.765,"msg":"request completed"}
{"level":30,"time":1789777250572,"pid":19535,"hostname":"Glebs-MacBook-Pro.local","reqId":"20c56778-656b-4ecd-88c7-e6eff0b26099","event":"request_completed","requestId":"20c56778-656b-4ecd-88c7-e6eff0b26099","method":"POST","route":"/api/v1/matches/:matchId/start","statusCode":200,"latencyMs":24.838,"msg":"request completed"}
{"level":30,"time":1789777250594,"pid":19535,"hostname":"Glebs-MacBook-Pro.local","reqId":"85d82a64-1b1f-446f-9c96-0cf847d282e6","event":"request_completed","requestId":"85d82a64-1b1f-446f-9c96-0cf847d282e6","method":"POST","route":"/api/v1/matches/:matchId/points","statusCode":200,"latencyMs":19.491,"msg":"request completed"}
{"level":30,"time":1789777250646,"pid":19535,"hostname":"Glebs-MacBook-Pro.local","reqId":"5b5f294a-d789-440e-979c-5bf5b0bd8194","event":"request_completed","requestId":"5b5f294a-d789-440e-979c-5bf5b0bd8194","method":"POST","route":"/api/v1/matches/:matchId/confirm-finish","statusCode":200,"latencyMs":47.552,"msg":"request completed"}
{"level":30,"time":1789777250663,"pid":19535,"hostname":"Glebs-MacBook-Pro.local","reqId":"59c77933-1ec7-41fb-a2d2-b459a12501df","event":"request_completed","requestId":"59c77933-1ec7-41fb-a2d2-b459a12501df","method":"GET","route":"/api/v1/tournaments/:id","statusCode":200,"latencyMs":13.632,"msg":"request completed"}
{"level":30,"time":1789777250675,"pid":19535,"hostname":"Glebs-MacBook-Pro.local","reqId":"5f34c3cd-8b4a-4067-98b1-655757aab2d5","event":"request_completed","requestId":"5f34c3cd-8b4a-4067-98b1-655757aab2d5","method":"GET","route":"/api/v1/matches/:matchId","statusCode":200,"latencyMs":8.195,"msg":"request completed"}
{"level":30,"time":1789777250702,"pid":19535,"hostname":"Glebs-MacBook-Pro.local","reqId":"27ca364c-e82f-416a-a9e9-156185be75f3","event":"request_completed","requestId":"27ca364c-e82f-416a-a9e9-156185be75f3","method":"POST","route":"/api/v1/matches/:matchId/judge/acquire","statusCode":200,"latencyMs":21.159,"msg":"request completed"}
{"level":30,"time":1789777250732,"pid":19535,"hostname":"Glebs-MacBook-Pro.local","reqId":"8261b736-0f4d-4e6e-a538-bafa826e04e7","event":"request_completed","requestId":"8261b736-0f4d-4e6e-a538-bafa826e04e7","method":"POST","route":"/api/v1/matches/:matchId/start","statusCode":200,"latencyMs":26.605,"msg":"request completed"}
{"level":30,"time":1789777250753,"pid":19535,"hostname":"Glebs-MacBook-Pro.local","reqId":"9a38dd3f-74f4-4993-b801-5d174bd6e170","event":"request_completed","requestId":"9a38dd3f-74f4-4993-b801-5d174bd6e170","method":"POST","route":"/api/v1/matches/:matchId/points","statusCode":200,"latencyMs":17.149,"msg":"request completed"}
{"level":30,"time":1789777250801,"pid":19535,"hostname":"Glebs-MacBook-Pro.local","reqId":"6dfac0e2-7e2c-4ee1-bac0-d3625cd6ce1b","event":"request_completed","requestId":"6dfac0e2-7e2c-4ee1-bac0-d3625cd6ce1b","method":"POST","route":"/api/v1/matches/:matchId/confirm-finish","statusCode":200,"latencyMs":45.202,"msg":"request completed"}
{"level":30,"time":1789777250821,"pid":19535,"hostname":"Glebs-MacBook-Pro.local","reqId":"80863a48-c2f8-428c-a29a-3959580b9a5b","event":"request_completed","requestId":"80863a48-c2f8-428c-a29a-3959580b9a5b","method":"GET","route":"/api/v1/tournaments/:id","statusCode":200,"latencyMs":14.749,"msg":"request completed"}
{"level":30,"time":1789777250832,"pid":19535,"hostname":"Glebs-MacBook-Pro.local","reqId":"697b101e-832c-4025-b825-93511d301973","event":"request_completed","requestId":"697b101e-832c-4025-b825-93511d301973","method":"GET","route":"/api/v1/matches/:matchId","statusCode":200,"latencyMs":8.071,"msg":"request completed"}
{"level":30,"time":1789777250854,"pid":19535,"hostname":"Glebs-MacBook-Pro.local","reqId":"74d1f57d-af24-41d0-a7ed-f5534e807a9e","event":"request_completed","requestId":"74d1f57d-af24-41d0-a7ed-f5534e807a9e","method":"POST","route":"/api/v1/matches/:matchId/judge/acquire","statusCode":200,"latencyMs":19.053,"msg":"request completed"}
{"level":30,"time":1789777250887,"pid":19535,"hostname":"Glebs-MacBook-Pro.local","reqId":"7056dc30-7f8c-4675-ab6c-c28dcaa8c60e","event":"request_completed","requestId":"7056dc30-7f8c-4675-ab6c-c28dcaa8c60e","method":"POST","route":"/api/v1/matches/:matchId/start","statusCode":200,"latencyMs":28.888,"msg":"request completed"}
{"level":30,"time":1789777250912,"pid":19535,"hostname":"Glebs-MacBook-Pro.local","reqId":"ad39c649-ba18-497c-9016-53540225b0c5","event":"request_completed","requestId":"ad39c649-ba18-497c-9016-53540225b0c5","method":"POST","route":"/api/v1/matches/:matchId/points","statusCode":200,"latencyMs":21.414,"msg":"request completed"}
{"level":30,"time":1789777250954,"pid":19535,"hostname":"Glebs-MacBook-Pro.local","reqId":"1e51e066-f192-40c5-b48f-31003a1a387a","event":"request_completed","requestId":"1e51e066-f192-40c5-b48f-31003a1a387a","method":"POST","route":"/api/v1/matches/:matchId/confirm-finish","statusCode":200,"latencyMs":36.541,"msg":"request completed"}
{"level":30,"time":1789777250968,"pid":19535,"hostname":"Glebs-MacBook-Pro.local","reqId":"91d8c17f-7258-420b-b3d4-8f07d26c6bc6","event":"request_completed","requestId":"91d8c17f-7258-420b-b3d4-8f07d26c6bc6","method":"GET","route":"/api/v1/tournaments/:id","statusCode":200,"latencyMs":10.833,"msg":"request completed"}
{"level":30,"time":1789777250980,"pid":19535,"hostname":"Glebs-MacBook-Pro.local","reqId":"b54f8214-fc0e-4be0-8dd8-aeaffbeafee3","event":"request_completed","requestId":"b54f8214-fc0e-4be0-8dd8-aeaffbeafee3","method":"GET","route":"/api/v1/tournaments/:id","statusCode":200,"latencyMs":9.541,"msg":"request completed"}
{"level":30,"time":1789777251005,"pid":19535,"hostname":"Glebs-MacBook-Pro.local","reqId":"8edcb332-07de-46ae-be27-d0531d88c237","event":"request_completed","requestId":"8edcb332-07de-46ae-be27-d0531d88c237","method":"GET","route":"/api/v1/auth/me","statusCode":200,"latencyMs":5.206,"msg":"request completed"}
{"level":30,"time":1789777251031,"pid":19535,"hostname":"Glebs-MacBook-Pro.local","reqId":"73cf63f5-9f8a-4e76-b0a3-c4ca968c4429","event":"request_completed","requestId":"73cf63f5-9f8a-4e76-b0a3-c4ca968c4429","method":"GET","route":"/api/v1/notifications","statusCode":200,"latencyMs":15.704,"msg":"request completed"}
{"level":30,"time":1789777251034,"pid":19535,"hostname":"Glebs-MacBook-Pro.local","reqId":"333f89f1-a91f-4676-86a9-01f8a346b74c","event":"request_completed","requestId":"333f89f1-a91f-4676-86a9-01f8a346b74c","method":"GET","route":"/api/v1/tournaments/:id","statusCode":200,"latencyMs":17.853,"msg":"request completed"}
  ✓  51 [chromium-mobile-390] › tests/e2e/wave-d-tournaments.spec.ts:19:7 › Wave D tournament double_elimination/8 roster, seed edit, complete and results (4.7s)
{"level":30,"time":1789777251265,"pid":19535,"hostname":"Glebs-MacBook-Pro.local","reqId":"d9495e62-44de-4336-a6cf-74f8164bdd63","event":"request_completed","requestId":"d9495e62-44de-4336-a6cf-74f8164bdd63","method":"GET","route":"/health","statusCode":200,"latencyMs":0.112,"msg":"request completed"}
{"level":30,"time":1789777251294,"pid":19535,"hostname":"Glebs-MacBook-Pro.local","reqId":"03e4f6c4-e682-493b-af06-acaac054990f","event":"request_completed","requestId":"03e4f6c4-e682-493b-af06-acaac054990f","method":"POST","route":"/api/v1/auth/login","statusCode":200,"latencyMs":25.856,"msg":"request completed"}
{"level":30,"time":1789777251308,"pid":19535,"hostname":"Glebs-MacBook-Pro.local","reqId":"508d22c0-f1cf-4e21-983b-4d478528df86","event":"request_completed","requestId":"508d22c0-f1cf-4e21-983b-4d478528df86","method":"PATCH","route":"/api/v1/me/onboarding","statusCode":200,"latencyMs":10.626,"msg":"request completed"}
{"level":30,"time":1789777251574,"pid":19535,"hostname":"Glebs-MacBook-Pro.local","reqId":"3e9e9b67-8aee-43fb-9a43-8dc95b6e0bb6","event":"request_completed","requestId":"3e9e9b67-8aee-43fb-9a43-8dc95b6e0bb6","method":"GET","route":"/api/v1/auth/me","statusCode":401,"latencyMs":0.122,"msg":"request completed"}
{"level":30,"time":1789777251735,"pid":19535,"hostname":"Glebs-MacBook-Pro.local","reqId":"9b13c57b-e298-4e42-956d-9254df1cf2d8","event":"request_completed","requestId":"9b13c57b-e298-4e42-956d-9254df1cf2d8","method":"POST","route":"/api/v1/auth/login","statusCode":200,"latencyMs":29.245,"msg":"request completed"}
{"level":30,"time":1789777251752,"pid":19535,"hostname":"Glebs-MacBook-Pro.local","reqId":"941cc081-0d10-4d09-a5ed-b282bafc7be0","event":"request_completed","requestId":"941cc081-0d10-4d09-a5ed-b282bafc7be0","method":"GET","route":"/api/v1/auth/me","statusCode":200,"latencyMs":14.913,"msg":"request completed"}
{"level":30,"time":1789777251773,"pid":19535,"hostname":"Glebs-MacBook-Pro.local","reqId":"eac7815f-89d4-4c8b-aebc-57f87f9b2efc","event":"request_completed","requestId":"eac7815f-89d4-4c8b-aebc-57f87f9b2efc","method":"GET","route":"/api/v1/notifications","statusCode":200,"latencyMs":34.921,"msg":"request completed"}
{"level":30,"time":1789777251798,"pid":19535,"hostname":"Glebs-MacBook-Pro.local","reqId":"456a5afc-258c-476c-ad1f-e12489f6afad","event":"request_completed","requestId":"456a5afc-258c-476c-ad1f-e12489f6afad","method":"GET","route":"/api/v1/home","statusCode":200,"latencyMs":57.219,"msg":"request completed"}
{"level":30,"time":1789777251803,"pid":19535,"hostname":"Glebs-MacBook-Pro.local","reqId":"0ba0770b-9614-4892-936f-039fe7bbd14f","event":"request_completed","requestId":"0ba0770b-9614-4892-936f-039fe7bbd14f","method":"POST","route":"/api/v1/tournaments","statusCode":200,"latencyMs":12.588,"msg":"request completed"}
{"level":30,"time":1789777251829,"pid":19535,"hostname":"Glebs-MacBook-Pro.local","reqId":"dcdb7e60-7f78-44b0-aa30-9e51aa442b49","event":"request_completed","requestId":"dcdb7e60-7f78-44b0-aa30-9e51aa442b49","method":"POST","route":"/api/v1/tournaments/:id/participants","statusCode":200,"latencyMs":22.632,"msg":"request completed"}
{"level":30,"time":1789777251856,"pid":19535,"hostname":"Glebs-MacBook-Pro.local","reqId":"bc8cdf40-d6c8-407d-81f8-838f61baec9a","event":"request_completed","requestId":"bc8cdf40-d6c8-407d-81f8-838f61baec9a","method":"POST","route":"/api/v1/tournaments/:id/participants","statusCode":200,"latencyMs":24.158,"msg":"request completed"}
{"level":30,"time":1789777251874,"pid":19535,"hostname":"Glebs-MacBook-Pro.local","reqId":"233ab7e3-422a-4e9b-9a11-6aa6bdf6b555","event":"request_completed","requestId":"233ab7e3-422a-4e9b-9a11-6aa6bdf6b555","method":"POST","route":"/api/v1/tournaments/:id/bracket","statusCode":200,"latencyMs":13.789,"msg":"request completed"}
{"level":30,"time":1789777251902,"pid":19535,"hostname":"Glebs-MacBook-Pro.local","reqId":"bd130d5c-9be1-4436-b27d-6025c87a5b14","event":"request_completed","requestId":"bd130d5c-9be1-4436-b27d-6025c87a5b14","method":"GET","route":"/api/v1/auth/me","statusCode":200,"latencyMs":4.22,"msg":"request completed"}
{"level":30,"time":1789777251922,"pid":19535,"hostname":"Glebs-MacBook-Pro.local","reqId":"69679866-8d6f-41b6-93cc-589eab97cf86","event":"request_completed","requestId":"69679866-8d6f-41b6-93cc-589eab97cf86","method":"GET","route":"/api/v1/notifications","statusCode":200,"latencyMs":11.018,"msg":"request completed"}
{"level":30,"time":1789777251925,"pid":19535,"hostname":"Glebs-MacBook-Pro.local","reqId":"22ff105d-ab43-460f-a0f5-06a797ce5b23","event":"request_completed","requestId":"22ff105d-ab43-460f-a0f5-06a797ce5b23","method":"GET","route":"/api/v1/tournaments/:id","statusCode":200,"latencyMs":14.25,"msg":"request completed"}
{"level":30,"time":1789777251966,"pid":19535,"hostname":"Glebs-MacBook-Pro.local","reqId":"c6227e63-1121-4c3b-bb34-a5ff2955f6fc","event":"request_completed","requestId":"c6227e63-1121-4c3b-bb34-a5ff2955f6fc","method":"GET","route":"/api/v1/users/directory","statusCode":200,"latencyMs":12.967,"msg":"request completed"}
{"level":30,"time":1789777252013,"pid":19535,"hostname":"Glebs-MacBook-Pro.local","reqId":"f1e7b621-c9f4-488b-831f-b716180a6405","event":"request_completed","requestId":"f1e7b621-c9f4-488b-831f-b716180a6405","method":"GET","route":"/api/v1/tournaments/:id","statusCode":200,"latencyMs":20.223,"msg":"request completed"}
{"level":30,"time":1789777252019,"pid":19535,"hostname":"Glebs-MacBook-Pro.local","reqId":"ec9e8722-e532-4f8e-93db-ec75a1c52778","event":"request_completed","requestId":"ec9e8722-e532-4f8e-93db-ec75a1c52778","method":"POST","route":"/api/v1/tournaments/:id/withdraw","statusCode":200,"latencyMs":30.401,"msg":"request completed"}
{"level":30,"time":1789777252028,"pid":19535,"hostname":"Glebs-MacBook-Pro.local","reqId":"b4dd8afe-a141-4391-b7d2-4f96a65c6420","event":"request_completed","requestId":"b4dd8afe-a141-4391-b7d2-4f96a65c6420","method":"GET","route":"/api/v1/users/directory","statusCode":200,"latencyMs":4.766,"msg":"request completed"}
{"level":30,"time":1789777252164,"pid":19535,"hostname":"Glebs-MacBook-Pro.local","reqId":"3c18440c-0047-462e-b517-e52cc6f4998d","event":"request_completed","requestId":"3c18440c-0047-462e-b517-e52cc6f4998d","method":"GET","route":"/api/v1/tournaments/:id","statusCode":200,"latencyMs":45.912,"msg":"request completed"}
{"level":30,"time":1789777252299,"pid":19535,"hostname":"Glebs-MacBook-Pro.local","reqId":"bc68df3c-9697-494a-b06a-4a879a51a5f2","event":"request_completed","requestId":"bc68df3c-9697-494a-b06a-4a879a51a5f2","method":"POST","route":"/api/v1/tournaments/:id/dissolve-bracket","statusCode":200,"latencyMs":71.142,"msg":"request completed"}
{"level":30,"time":1789777252303,"pid":19535,"hostname":"Glebs-MacBook-Pro.local","reqId":"cd5a8e72-7711-4816-9960-7a2d51931954","event":"request_completed","requestId":"cd5a8e72-7711-4816-9960-7a2d51931954","method":"GET","route":"/api/v1/tournaments/:id","statusCode":200,"latencyMs":64.587,"msg":"request completed"}
{"level":30,"time":1789777252323,"pid":19535,"hostname":"Glebs-MacBook-Pro.local","reqId":"76c723f3-ae27-4481-8106-12d75af13b15","event":"request_completed","requestId":"76c723f3-ae27-4481-8106-12d75af13b15","method":"GET","route":"/api/v1/tournaments/:id","statusCode":200,"latencyMs":21.463,"msg":"request completed"}
{"level":30,"time":1789777252352,"pid":19535,"hostname":"Glebs-MacBook-Pro.local","reqId":"20d26958-0207-4c3d-a9ba-f58f54ccfb1c","event":"request_completed","requestId":"20d26958-0207-4c3d-a9ba-f58f54ccfb1c","method":"GET","route":"/api/v1/users/directory","statusCode":200,"latencyMs":21.793,"msg":"request completed"}
{"level":30,"time":1789777252446,"pid":19535,"hostname":"Glebs-MacBook-Pro.local","reqId":"b98393c4-fa61-4347-825d-679a40da52e9","event":"request_completed","requestId":"b98393c4-fa61-4347-825d-679a40da52e9","method":"GET","route":"/api/v1/tournaments/:id","statusCode":200,"latencyMs":38.323,"msg":"request completed"}
{"level":30,"time":1789777252522,"pid":19535,"hostname":"Glebs-MacBook-Pro.local","reqId":"3c7418c1-4758-4e86-9147-b3c8d41e39ea","event":"request_completed","requestId":"3c7418c1-4758-4e86-9147-b3c8d41e39ea","method":"GET","route":"/api/v1/tournaments/:id","statusCode":200,"latencyMs":31.429,"msg":"request completed"}
{"level":30,"time":1789777252523,"pid":19535,"hostname":"Glebs-MacBook-Pro.local","reqId":"5715f3b4-5bba-45c0-ad2b-99e3f00e5664","event":"request_completed","requestId":"5715f3b4-5bba-45c0-ad2b-99e3f00e5664","method":"POST","route":"/api/v1/tournaments/:id/cancel","statusCode":200,"latencyMs":34.674,"msg":"request completed"}
{"level":30,"time":1789777252656,"pid":19535,"hostname":"Glebs-MacBook-Pro.local","reqId":"785f4b88-3160-499a-97e3-34975cad74b5","event":"request_completed","requestId":"785f4b88-3160-499a-97e3-34975cad74b5","method":"GET","route":"/api/v1/tournaments/:id","statusCode":200,"latencyMs":28.332,"msg":"request completed"}
{"level":30,"time":1789777252686,"pid":19535,"hostname":"Glebs-MacBook-Pro.local","reqId":"58f98ed1-3d7e-4e99-8037-af51c06f993d","event":"request_completed","requestId":"58f98ed1-3d7e-4e99-8037-af51c06f993d","method":"POST","route":"/api/v1/tournaments","statusCode":200,"latencyMs":26.557,"msg":"request completed"}
{"level":30,"time":1789777252723,"pid":19535,"hostname":"Glebs-MacBook-Pro.local","reqId":"3cefd5ae-d212-4228-9923-3bef20c12551","event":"request_completed","requestId":"3cefd5ae-d212-4228-9923-3bef20c12551","method":"POST","route":"/api/v1/tournaments/:id/participants","statusCode":200,"latencyMs":33.144,"msg":"request completed"}
{"level":30,"time":1789777252751,"pid":19535,"hostname":"Glebs-MacBook-Pro.local","reqId":"8fcfc5b2-88cc-4ab3-ad67-c5ec42ec148d","event":"request_completed","requestId":"8fcfc5b2-88cc-4ab3-ad67-c5ec42ec148d","method":"POST","route":"/api/v1/tournaments/:id/participants","statusCode":200,"latencyMs":24.872,"msg":"request completed"}
{"level":30,"time":1789777252780,"pid":19535,"hostname":"Glebs-MacBook-Pro.local","reqId":"6b254474-4dee-4805-adb2-2b24c9f9ae5b","event":"request_completed","requestId":"6b254474-4dee-4805-adb2-2b24c9f9ae5b","method":"POST","route":"/api/v1/tournaments/:id/bracket","statusCode":200,"latencyMs":24.402,"msg":"request completed"}
{"level":30,"time":1789777252802,"pid":19535,"hostname":"Glebs-MacBook-Pro.local","reqId":"e782d337-930f-495d-9a86-f11a56c0f711","event":"request_completed","requestId":"e782d337-930f-495d-9a86-f11a56c0f711","method":"GET","route":"/api/v1/auth/me","statusCode":200,"latencyMs":5.253,"msg":"request completed"}
{"level":30,"time":1789777252818,"pid":19535,"hostname":"Glebs-MacBook-Pro.local","reqId":"24b5e7be-bfa9-4446-b37f-d192e33c613f","event":"request_completed","requestId":"24b5e7be-bfa9-4446-b37f-d192e33c613f","method":"GET","route":"/api/v1/notifications","statusCode":200,"latencyMs":13.634,"msg":"request completed"}
{"level":30,"time":1789777252821,"pid":19535,"hostname":"Glebs-MacBook-Pro.local","reqId":"d77aa2cb-fc99-468b-9d7d-2c192ddbd050","event":"request_completed","requestId":"d77aa2cb-fc99-468b-9d7d-2c192ddbd050","method":"GET","route":"/api/v1/tournaments/:id","statusCode":200,"latencyMs":16.961,"msg":"request completed"}
{"level":30,"time":1789777252833,"pid":19535,"hostname":"Glebs-MacBook-Pro.local","reqId":"98362b5f-7caf-4a4c-beca-fc59009c2aa5","event":"request_completed","requestId":"98362b5f-7caf-4a4c-beca-fc59009c2aa5","method":"GET","route":"/api/v1/users/directory","statusCode":200,"latencyMs":5.602,"msg":"request completed"}
{"level":30,"time":1789777252909,"pid":19535,"hostname":"Glebs-MacBook-Pro.local","reqId":"40c4881d-948b-4c90-9604-967fe09ee07f","event":"request_completed","requestId":"40c4881d-948b-4c90-9604-967fe09ee07f","method":"POST","route":"/api/v1/tournaments/:id/start","statusCode":200,"latencyMs":45.795,"msg":"request completed"}
{"level":30,"time":1789777253067,"pid":19535,"hostname":"Glebs-MacBook-Pro.local","reqId":"77bfb13d-3457-4f6a-bde8-026db49b923b","event":"request_completed","requestId":"77bfb13d-3457-4f6a-bde8-026db49b923b","method":"GET","route":"/api/v1/tournaments/:id","statusCode":200,"latencyMs":33.221,"msg":"request completed"}
{"level":30,"time":1789777253078,"pid":19535,"hostname":"Glebs-MacBook-Pro.local","reqId":"7d3a119c-cd48-4c9a-9abe-adc7f63b2e25","event":"request_completed","requestId":"7d3a119c-cd48-4c9a-9abe-adc7f63b2e25","method":"POST","route":"/api/v1/tournaments/:id/stop","statusCode":200,"latencyMs":48.675,"msg":"request completed"}
{"level":30,"time":1789777253183,"pid":19535,"hostname":"Glebs-MacBook-Pro.local","reqId":"54364a01-209f-4e9f-8153-29f55d82c2f3","event":"request_completed","requestId":"54364a01-209f-4e9f-8153-29f55d82c2f3","method":"GET","route":"/api/v1/tournaments/:id","statusCode":200,"latencyMs":11.569,"msg":"request completed"}
{"level":30,"time":1789777253198,"pid":19535,"hostname":"Glebs-MacBook-Pro.local","reqId":"88ed4b60-0383-46f9-bf5c-572a41df6d31","event":"request_completed","requestId":"88ed4b60-0383-46f9-bf5c-572a41df6d31","method":"GET","route":"/api/v1/tournaments/:id","statusCode":200,"latencyMs":10.881,"msg":"request completed"}
{"level":30,"time":1789777253217,"pid":19535,"hostname":"Glebs-MacBook-Pro.local","reqId":"c5db2a56-b8fd-49a7-80ce-41547f33a4b1","event":"request_completed","requestId":"c5db2a56-b8fd-49a7-80ce-41547f33a4b1","method":"GET","route":"/api/v1/auth/me","statusCode":200,"latencyMs":4.648,"msg":"request completed"}
{"level":30,"time":1789777253232,"pid":19535,"hostname":"Glebs-MacBook-Pro.local","reqId":"e79dd5a9-10bd-414c-8c7a-94994878c46a","event":"request_completed","requestId":"e79dd5a9-10bd-414c-8c7a-94994878c46a","method":"GET","route":"/api/v1/notifications","statusCode":200,"latencyMs":11.941,"msg":"request completed"}
{"level":30,"time":1789777253233,"pid":19535,"hostname":"Glebs-MacBook-Pro.local","reqId":"bb65a6d0-da6c-45c6-bbd8-8c0ef7327b78","event":"request_completed","requestId":"bb65a6d0-da6c-45c6-bbd8-8c0ef7327b78","method":"GET","route":"/api/v1/tournaments/:id","statusCode":200,"latencyMs":12.602,"msg":"request completed"}
  ✓  52 [chromium-mobile-390] › tests/e2e/wave-d-tournaments.spec.ts:103:5 › Wave D tournament invalidation, dissolve, cancel and reasoned stop (2.1s)
{"level":30,"time":1789777253423,"pid":19535,"hostname":"Glebs-MacBook-Pro.local","reqId":"6f2b70ab-0569-4db4-96e9-d0fbc48e237b","event":"request_completed","requestId":"6f2b70ab-0569-4db4-96e9-d0fbc48e237b","method":"GET","route":"/health","statusCode":200,"latencyMs":0.119,"msg":"request completed"}
{"level":30,"time":1789777253459,"pid":19535,"hostname":"Glebs-MacBook-Pro.local","reqId":"c93de7f5-1554-4ad9-834b-6da777922358","event":"request_completed","requestId":"c93de7f5-1554-4ad9-834b-6da777922358","method":"POST","route":"/api/v1/auth/login","statusCode":200,"latencyMs":33.361,"msg":"request completed"}
{"level":30,"time":1789777253483,"pid":19535,"hostname":"Glebs-MacBook-Pro.local","reqId":"1fbbf57c-c381-473c-9588-65c2dc409261","event":"request_completed","requestId":"1fbbf57c-c381-473c-9588-65c2dc409261","method":"PATCH","route":"/api/v1/me/onboarding","statusCode":200,"latencyMs":19.01,"msg":"request completed"}
{"level":30,"time":1789777253783,"pid":19535,"hostname":"Glebs-MacBook-Pro.local","reqId":"40dbcc48-8d75-4780-ba8d-5bfbd82c7f0e","event":"request_completed","requestId":"40dbcc48-8d75-4780-ba8d-5bfbd82c7f0e","method":"GET","route":"/api/v1/auth/me","statusCode":401,"latencyMs":0.184,"msg":"request completed"}
{"level":30,"time":1789777253948,"pid":19535,"hostname":"Glebs-MacBook-Pro.local","reqId":"2f25647a-b5b1-45af-be0d-df8a671c959f","event":"request_completed","requestId":"2f25647a-b5b1-45af-be0d-df8a671c959f","method":"POST","route":"/api/v1/auth/login","statusCode":200,"latencyMs":30.757,"msg":"request completed"}
{"level":30,"time":1789777253974,"pid":19535,"hostname":"Glebs-MacBook-Pro.local","reqId":"88e8d913-6d1d-40fa-8e31-0c38c4b53a4a","event":"request_completed","requestId":"88e8d913-6d1d-40fa-8e31-0c38c4b53a4a","method":"GET","route":"/api/v1/auth/me","statusCode":200,"latencyMs":24.712,"msg":"request completed"}
{"level":30,"time":1789777253989,"pid":19535,"hostname":"Glebs-MacBook-Pro.local","reqId":"8e3dd0c9-24d7-479a-b6ac-666ce883fd79","event":"request_completed","requestId":"8e3dd0c9-24d7-479a-b6ac-666ce883fd79","method":"GET","route":"/api/v1/notifications","statusCode":200,"latencyMs":38.025,"msg":"request completed"}
{"level":30,"time":1789777254016,"pid":19535,"hostname":"Glebs-MacBook-Pro.local","reqId":"4e71c79e-e74f-4be6-9e6a-c871c21aae95","event":"request_completed","requestId":"4e71c79e-e74f-4be6-9e6a-c871c21aae95","method":"GET","route":"/api/v1/home","statusCode":200,"latencyMs":62.514,"msg":"request completed"}
{"level":30,"time":1789777254027,"pid":19535,"hostname":"Glebs-MacBook-Pro.local","reqId":"b8737785-30d9-45af-9f84-800d8b590d8c","event":"request_completed","requestId":"b8737785-30d9-45af-9f84-800d8b590d8c","method":"GET","route":"/api/v1/auth/me","statusCode":200,"latencyMs":4.169,"msg":"request completed"}
{"level":30,"time":1789777254045,"pid":19535,"hostname":"Glebs-MacBook-Pro.local","reqId":"1e49c15b-bb3f-49cd-8b66-e2022b1b01bb","event":"request_completed","requestId":"1e49c15b-bb3f-49cd-8b66-e2022b1b01bb","method":"GET","route":"/api/v1/admin/users","statusCode":200,"latencyMs":6.735,"msg":"request completed"}
{"level":30,"time":1789777254052,"pid":19535,"hostname":"Glebs-MacBook-Pro.local","reqId":"6429b4ce-18d0-48bb-a733-aa48dcb1cf8d","event":"request_completed","requestId":"6429b4ce-18d0-48bb-a733-aa48dcb1cf8d","method":"GET","route":"/api/v1/notifications","statusCode":200,"latencyMs":14.056,"msg":"request completed"}
{"level":30,"time":1789777254133,"pid":19535,"hostname":"Glebs-MacBook-Pro.local","reqId":"bff2ab25-d00e-40dd-9522-2a815372dce6","event":"request_completed","requestId":"bff2ab25-d00e-40dd-9522-2a815372dce6","method":"POST","route":"/api/v1/admin/users","statusCode":200,"latencyMs":37.259,"msg":"request completed"}
{"level":30,"time":1789777254143,"pid":19535,"hostname":"Glebs-MacBook-Pro.local","reqId":"d6ff3df0-3ce2-4cb8-bbce-47b6cceeb38f","event":"request_completed","requestId":"d6ff3df0-3ce2-4cb8-bbce-47b6cceeb38f","method":"GET","route":"/api/v1/admin/users","statusCode":200,"latencyMs":8.084,"msg":"request completed"}
{"level":30,"time":1789777254263,"pid":19535,"hostname":"Glebs-MacBook-Pro.local","reqId":"98cefe82-ef4b-41d6-a723-208e98594aee","event":"request_completed","requestId":"98cefe82-ef4b-41d6-a723-208e98594aee","method":"GET","route":"/api/v1/admin/users","statusCode":200,"latencyMs":17.803,"msg":"request completed"}
{"level":30,"time":1789777254532,"pid":19535,"hostname":"Glebs-MacBook-Pro.local","reqId":"f1e10aff-2e54-497b-ac52-7a1b5d985cd9","event":"request_completed","requestId":"f1e10aff-2e54-497b-ac52-7a1b5d985cd9","method":"GET","route":"/api/v1/auth/me","statusCode":401,"latencyMs":0.124,"msg":"request completed"}
{"level":30,"time":1789777254698,"pid":19535,"hostname":"Glebs-MacBook-Pro.local","reqId":"f6a57c0d-f20e-48b0-8b1d-59a1f19fb19e","event":"request_completed","requestId":"f6a57c0d-f20e-48b0-8b1d-59a1f19fb19e","method":"POST","route":"/api/v1/auth/login","statusCode":200,"latencyMs":29.078,"msg":"request completed"}
{"level":30,"time":1789777254839,"pid":19535,"hostname":"Glebs-MacBook-Pro.local","reqId":"bd577aa4-d675-4a8c-a026-eadcca298788","event":"request_completed","requestId":"bd577aa4-d675-4a8c-a026-eadcca298788","method":"POST","route":"/api/v1/auth/password/first-change","statusCode":200,"latencyMs":39.163,"msg":"request completed"}
{"level":30,"time":1789777254849,"pid":19535,"hostname":"Glebs-MacBook-Pro.local","reqId":"601ed810-9311-4259-a7db-fb8d3c22ade9","event":"request_completed","requestId":"601ed810-9311-4259-a7db-fb8d3c22ade9","method":"GET","route":"/api/v1/auth/me","statusCode":200,"latencyMs":8.046,"msg":"request completed"}
{"level":30,"time":1789777254912,"pid":19535,"hostname":"Glebs-MacBook-Pro.local","reqId":"a83ab04a-9751-4a12-91db-73891b15cfa3","event":"request_completed","requestId":"a83ab04a-9751-4a12-91db-73891b15cfa3","method":"PATCH","route":"/api/v1/me/onboarding","statusCode":200,"latencyMs":10.859,"msg":"request completed"}
{"level":30,"time":1789777254953,"pid":19535,"hostname":"Glebs-MacBook-Pro.local","reqId":"8606922e-2855-4929-a593-62db8c86497d","event":"request_completed","requestId":"8606922e-2855-4929-a593-62db8c86497d","method":"GET","route":"/api/v1/admin/users","statusCode":403,"latencyMs":22.997,"msg":"request completed"}
{"level":30,"time":1789777254957,"pid":19535,"hostname":"Glebs-MacBook-Pro.local","reqId":"7b0f4cff-f124-4b8a-977e-f89fd0428d3d","event":"request_completed","requestId":"7b0f4cff-f124-4b8a-977e-f89fd0428d3d","method":"GET","route":"/api/v1/notifications","statusCode":200,"latencyMs":38.498,"msg":"request completed"}
{"level":30,"time":1789777254969,"pid":19535,"hostname":"Glebs-MacBook-Pro.local","reqId":"14ea9640-ec6e-49a0-93a0-6e1162cc4e3e","event":"request_completed","requestId":"14ea9640-ec6e-49a0-93a0-6e1162cc4e3e","method":"GET","route":"/api/v1/home","statusCode":200,"latencyMs":50.202,"msg":"request completed"}
{"level":30,"time":1789777255065,"pid":19535,"hostname":"Glebs-MacBook-Pro.local","reqId":"6e0c5daf-9e8a-4f7f-b058-74a01dbe5454","event":"request_completed","requestId":"6e0c5daf-9e8a-4f7f-b058-74a01dbe5454","method":"PATCH","route":"/api/v1/admin/users/:userId","statusCode":200,"latencyMs":20.041,"msg":"request completed"}
{"level":30,"time":1789777255090,"pid":19535,"hostname":"Glebs-MacBook-Pro.local","reqId":"11bc50ff-dda2-4154-b51e-2d40e9415053","event":"request_completed","requestId":"11bc50ff-dda2-4154-b51e-2d40e9415053","method":"GET","route":"/api/v1/admin/users","statusCode":200,"latencyMs":23.583,"msg":"request completed"}
{"level":30,"time":1789777255094,"pid":19535,"hostname":"Glebs-MacBook-Pro.local","reqId":"6967df9d-7c64-4b78-a7ab-6cfdd622ad45","event":"request_completed","requestId":"6967df9d-7c64-4b78-a7ab-6cfdd622ad45","method":"GET","route":"/api/v1/admin/users","statusCode":200,"latencyMs":22.794,"msg":"request completed"}
{"level":30,"time":1789777255104,"pid":19535,"hostname":"Glebs-MacBook-Pro.local","reqId":"cea38962-c695-4e29-b775-2fe390dbb497","event":"request_completed","requestId":"cea38962-c695-4e29-b775-2fe390dbb497","method":"GET","route":"/api/v1/auth/me","statusCode":200,"latencyMs":5.56,"msg":"request completed"}
{"level":30,"time":1789777255172,"pid":19535,"hostname":"Glebs-MacBook-Pro.local","reqId":"682d8825-022a-4806-8922-586085cf3b89","event":"request_completed","requestId":"682d8825-022a-4806-8922-586085cf3b89","method":"PATCH","route":"/api/v1/admin/users/:userId","statusCode":200,"latencyMs":11.875,"msg":"request completed"}
{"level":30,"time":1789777255180,"pid":19535,"hostname":"Glebs-MacBook-Pro.local","reqId":"10a88db7-67b4-45d7-825a-29177fa2ee25","event":"request_completed","requestId":"10a88db7-67b4-45d7-825a-29177fa2ee25","method":"GET","route":"/api/v1/admin/users","statusCode":200,"latencyMs":5.467,"msg":"request completed"}
{"level":30,"time":1789777255196,"pid":19535,"hostname":"Glebs-MacBook-Pro.local","reqId":"53998cb3-e9c7-4138-96b8-6ab00c756487","event":"request_completed","requestId":"53998cb3-e9c7-4138-96b8-6ab00c756487","method":"GET","route":"/api/v1/auth/me","statusCode":401,"latencyMs":1.568,"msg":"request completed"}
{"level":30,"time":1789777255272,"pid":19535,"hostname":"Glebs-MacBook-Pro.local","reqId":"bfd76076-9434-4bfd-ac0b-dd02973f12dd","event":"request_completed","requestId":"bfd76076-9434-4bfd-ac0b-dd02973f12dd","method":"PATCH","route":"/api/v1/admin/users/:userId","statusCode":200,"latencyMs":11.113,"msg":"request completed"}
{"level":30,"time":1789777255281,"pid":19535,"hostname":"Glebs-MacBook-Pro.local","reqId":"050643c0-a569-4240-8a08-710bce1e9555","event":"request_completed","requestId":"050643c0-a569-4240-8a08-710bce1e9555","method":"GET","route":"/api/v1/admin/users","statusCode":200,"latencyMs":5.58,"msg":"request completed"}
{"level":30,"time":1789777255389,"pid":19535,"hostname":"Glebs-MacBook-Pro.local","reqId":"4efa8948-8168-4e1f-a53d-417aabd8eec1","event":"request_completed","requestId":"4efa8948-8168-4e1f-a53d-417aabd8eec1","method":"POST","route":"/api/v1/admin/users/:userId/block","statusCode":200,"latencyMs":29.907,"msg":"request completed"}
{"level":30,"time":1789777255398,"pid":19535,"hostname":"Glebs-MacBook-Pro.local","reqId":"0acefb1b-d49d-49dc-9806-251535e1de89","event":"request_completed","requestId":"0acefb1b-d49d-49dc-9806-251535e1de89","method":"GET","route":"/api/v1/admin/users","statusCode":200,"latencyMs":5.615,"msg":"request completed"}
{"level":30,"time":1789777255466,"pid":19535,"hostname":"Glebs-MacBook-Pro.local","reqId":"c937aada-88d2-4ef6-8814-2b40720bcd0d","event":"request_completed","requestId":"c937aada-88d2-4ef6-8814-2b40720bcd0d","method":"GET","route":"/api/v1/admin/users","statusCode":200,"latencyMs":15.389,"msg":"request completed"}
{"level":30,"time":1789777255562,"pid":19535,"hostname":"Glebs-MacBook-Pro.local","reqId":"80c76945-5006-4b36-9d3d-b4096de7e788","event":"request_completed","requestId":"80c76945-5006-4b36-9d3d-b4096de7e788","method":"POST","route":"/api/v1/admin/users/:userId/unblock","statusCode":200,"latencyMs":34.647,"msg":"request completed"}
{"level":30,"time":1789777255570,"pid":19535,"hostname":"Glebs-MacBook-Pro.local","reqId":"3f3502ff-d15b-45e7-808c-bd8e707a6fa7","event":"request_completed","requestId":"3f3502ff-d15b-45e7-808c-bd8e707a6fa7","method":"GET","route":"/api/v1/admin/users","statusCode":200,"latencyMs":5.037,"msg":"request completed"}
{"level":30,"time":1789777255634,"pid":19535,"hostname":"Glebs-MacBook-Pro.local","reqId":"a2dfe143-ceff-4a8c-8961-d0481e140d18","event":"request_completed","requestId":"a2dfe143-ceff-4a8c-8961-d0481e140d18","method":"GET","route":"/api/v1/admin/users","statusCode":200,"latencyMs":18.788,"msg":"request completed"}
{"level":30,"time":1789777255645,"pid":19535,"hostname":"Glebs-MacBook-Pro.local","reqId":"e1604836-f0a1-4c45-ba43-7a1bad2b4751","event":"request_completed","requestId":"e1604836-f0a1-4c45-ba43-7a1bad2b4751","method":"GET","route":"/api/v1/auth/me","statusCode":401,"latencyMs":3.417,"msg":"request completed"}
  ✓  53 [chromium-mobile-390] › tests/e2e/wave-e-admin.spec.ts:10:5 › Wave E ADM catalog, first login, profile, role and block lifecycle (2.4s)
{"level":30,"time":1789777255867,"pid":19535,"hostname":"Glebs-MacBook-Pro.local","reqId":"dbe10f02-0c50-45f5-946a-280572025575","event":"request_completed","requestId":"dbe10f02-0c50-45f5-946a-280572025575","method":"GET","route":"/health","statusCode":200,"latencyMs":0.111,"msg":"request completed"}
{"level":30,"time":1789777255901,"pid":19535,"hostname":"Glebs-MacBook-Pro.local","reqId":"9340f5a0-13f4-439d-a623-6fae53db50e3","event":"request_completed","requestId":"9340f5a0-13f4-439d-a623-6fae53db50e3","method":"POST","route":"/api/v1/auth/login","statusCode":200,"latencyMs":31.294,"msg":"request completed"}
{"level":30,"time":1789777255919,"pid":19535,"hostname":"Glebs-MacBook-Pro.local","reqId":"da370129-6764-4846-9cb8-cbaf1dc996d7","event":"request_completed","requestId":"da370129-6764-4846-9cb8-cbaf1dc996d7","method":"PATCH","route":"/api/v1/me/onboarding","statusCode":200,"latencyMs":13.828,"msg":"request completed"}
{"level":30,"time":1789777255973,"pid":19535,"hostname":"Glebs-MacBook-Pro.local","reqId":"6904be37-6815-45fe-8c88-31cdca31d990","event":"request_completed","requestId":"6904be37-6815-45fe-8c88-31cdca31d990","method":"POST","route":"/api/v1/admin/users","statusCode":200,"latencyMs":51.281,"msg":"request completed"}
{"level":30,"time":1789777256008,"pid":19535,"hostname":"Glebs-MacBook-Pro.local","reqId":"7dedb093-436c-447b-8e69-384312559a40","event":"request_completed","requestId":"7dedb093-436c-447b-8e69-384312559a40","method":"POST","route":"/api/v1/auth/login","statusCode":200,"latencyMs":29.903,"msg":"request completed"}
{"level":30,"time":1789777256049,"pid":19535,"hostname":"Glebs-MacBook-Pro.local","reqId":"498e8de8-2e87-459b-915c-f27afc0ce127","event":"request_completed","requestId":"498e8de8-2e87-459b-915c-f27afc0ce127","method":"POST","route":"/api/v1/auth/password/first-change","statusCode":200,"latencyMs":38.259,"msg":"request completed"}
{"level":30,"time":1789777256068,"pid":19535,"hostname":"Glebs-MacBook-Pro.local","reqId":"5b499a06-dcb7-4097-be35-23043783b555","event":"request_completed","requestId":"5b499a06-dcb7-4097-be35-23043783b555","method":"PATCH","route":"/api/v1/me/onboarding","statusCode":200,"latencyMs":15.089,"msg":"request completed"}
{"level":30,"time":1789777256112,"pid":19535,"hostname":"Glebs-MacBook-Pro.local","reqId":"94cd6215-9557-49a9-806d-78a9b0b66e1a","event":"request_completed","requestId":"94cd6215-9557-49a9-806d-78a9b0b66e1a","method":"POST","route":"/api/v1/admin/users","statusCode":200,"latencyMs":40.6,"msg":"request completed"}
{"level":30,"time":1789777256144,"pid":19535,"hostname":"Glebs-MacBook-Pro.local","reqId":"53b65220-acd9-4198-a243-0d086595a9ce","event":"request_completed","requestId":"53b65220-acd9-4198-a243-0d086595a9ce","method":"POST","route":"/api/v1/auth/login","statusCode":200,"latencyMs":27.815,"msg":"request completed"}
{"level":30,"time":1789777256191,"pid":19535,"hostname":"Glebs-MacBook-Pro.local","reqId":"8a65267e-a48c-47e8-bd9c-c89ec34c5ad4","event":"request_completed","requestId":"8a65267e-a48c-47e8-bd9c-c89ec34c5ad4","method":"POST","route":"/api/v1/auth/password/first-change","statusCode":200,"latencyMs":43.517,"msg":"request completed"}
{"level":30,"time":1789777256209,"pid":19535,"hostname":"Glebs-MacBook-Pro.local","reqId":"06497b87-b3dc-4676-ac4e-fc30fd965728","event":"request_completed","requestId":"06497b87-b3dc-4676-ac4e-fc30fd965728","method":"PATCH","route":"/api/v1/me/onboarding","statusCode":200,"latencyMs":13.871,"msg":"request completed"}
{"level":30,"time":1789777256260,"pid":19535,"hostname":"Glebs-MacBook-Pro.local","reqId":"e9e4774a-ada0-4dbd-bc13-91062e2e8dab","event":"request_completed","requestId":"e9e4774a-ada0-4dbd-bc13-91062e2e8dab","method":"POST","route":"/api/v1/admin/users","statusCode":200,"latencyMs":47.776,"msg":"request completed"}
{"level":30,"time":1789777256296,"pid":19535,"hostname":"Glebs-MacBook-Pro.local","reqId":"d3b0024d-41a6-4c66-94b4-295f9a8d0394","event":"request_completed","requestId":"d3b0024d-41a6-4c66-94b4-295f9a8d0394","method":"POST","route":"/api/v1/auth/login","statusCode":200,"latencyMs":31.141,"msg":"request completed"}
{"level":30,"time":1789777256341,"pid":19535,"hostname":"Glebs-MacBook-Pro.local","reqId":"dc95ce59-a459-4579-95c2-8868fbc2bc92","event":"request_completed","requestId":"dc95ce59-a459-4579-95c2-8868fbc2bc92","method":"POST","route":"/api/v1/auth/password/first-change","statusCode":200,"latencyMs":41.147,"msg":"request completed"}
{"level":30,"time":1789777256361,"pid":19535,"hostname":"Glebs-MacBook-Pro.local","reqId":"15b0d9bb-3f3a-4309-9133-c11aa75c8f67","event":"request_completed","requestId":"15b0d9bb-3f3a-4309-9133-c11aa75c8f67","method":"PATCH","route":"/api/v1/me/onboarding","statusCode":200,"latencyMs":16.567,"msg":"request completed"}
{"level":30,"time":1789777256631,"pid":19535,"hostname":"Glebs-MacBook-Pro.local","reqId":"4e59d5bc-e60a-4772-819a-06120155fccd","event":"request_completed","requestId":"4e59d5bc-e60a-4772-819a-06120155fccd","method":"GET","route":"/api/v1/auth/me","statusCode":401,"latencyMs":0.123,"msg":"request completed"}
{"level":30,"time":1789777256815,"pid":19535,"hostname":"Glebs-MacBook-Pro.local","reqId":"30d7010a-cf62-4486-af83-015a2be02e1b","event":"request_completed","requestId":"30d7010a-cf62-4486-af83-015a2be02e1b","method":"POST","route":"/api/v1/auth/login","statusCode":200,"latencyMs":38.336,"msg":"request completed"}
{"level":30,"time":1789777256830,"pid":19535,"hostname":"Glebs-MacBook-Pro.local","reqId":"bd67eb33-d61e-4f43-856f-3ee9fd5677a3","event":"request_completed","requestId":"bd67eb33-d61e-4f43-856f-3ee9fd5677a3","method":"GET","route":"/api/v1/auth/me","statusCode":200,"latencyMs":12.038,"msg":"request completed"}
{"level":30,"time":1789777256856,"pid":19535,"hostname":"Glebs-MacBook-Pro.local","reqId":"9160aaef-8fc8-4f9b-9f86-5c416beefc99","event":"request_completed","requestId":"9160aaef-8fc8-4f9b-9f86-5c416beefc99","method":"GET","route":"/api/v1/notifications","statusCode":200,"latencyMs":36.601,"msg":"request completed"}
{"level":30,"time":1789777256887,"pid":19535,"hostname":"Glebs-MacBook-Pro.local","reqId":"4091db7a-56a2-4ae6-8c46-fd65999e8b5a","event":"request_completed","requestId":"4091db7a-56a2-4ae6-8c46-fd65999e8b5a","method":"GET","route":"/api/v1/auth/me","statusCode":200,"latencyMs":5.184,"msg":"request completed"}
{"level":30,"time":1789777256889,"pid":19535,"hostname":"Glebs-MacBook-Pro.local","reqId":"a90caebc-031a-4ed7-a242-e5d1e8ef6572","event":"request_completed","requestId":"a90caebc-031a-4ed7-a242-e5d1e8ef6572","method":"GET","route":"/api/v1/home","statusCode":200,"latencyMs":68.066,"msg":"request completed"}
{"level":30,"time":1789777256912,"pid":19535,"hostname":"Glebs-MacBook-Pro.local","reqId":"64a36ce0-ffa1-4e0e-8c90-afabcf958093","event":"request_completed","requestId":"64a36ce0-ffa1-4e0e-8c90-afabcf958093","method":"GET","route":"/api/v1/matches/create-options","statusCode":200,"latencyMs":13.822,"msg":"request completed"}
{"level":30,"time":1789777256915,"pid":19535,"hostname":"Glebs-MacBook-Pro.local","reqId":"30f3c8d8-c721-4a59-8a17-30a64c7226d2","event":"request_completed","requestId":"30f3c8d8-c721-4a59-8a17-30a64c7226d2","method":"GET","route":"/api/v1/notifications","statusCode":200,"latencyMs":16.244,"msg":"request completed"}
{"level":30,"time":1789777257080,"pid":19535,"hostname":"Glebs-MacBook-Pro.local","reqId":"f7e9d67c-1463-4c46-bcf9-3079e924a40b","event":"request_completed","requestId":"f7e9d67c-1463-4c46-bcf9-3079e924a40b","method":"POST","route":"/api/v1/matches","statusCode":200,"latencyMs":57.745,"msg":"request completed"}
{"level":30,"time":1789777257094,"pid":19535,"hostname":"Glebs-MacBook-Pro.local","reqId":"d013fecf-0b22-410a-b6aa-1812f276d842","event":"request_completed","requestId":"d013fecf-0b22-410a-b6aa-1812f276d842","method":"GET","route":"/api/v1/matches/:matchId","statusCode":200,"latencyMs":9.889,"msg":"request completed"}
{"level":30,"time":1789777257143,"pid":19535,"hostname":"Glebs-MacBook-Pro.local","reqId":"3e318842-d492-4409-9cc1-3518f21374f8","event":"request_completed","requestId":"3e318842-d492-4409-9cc1-3518f21374f8","method":"GET","route":"/api/v1/matches/:matchId","statusCode":200,"latencyMs":32.183,"msg":"request completed"}
{"level":30,"time":1789777257178,"pid":19535,"hostname":"Glebs-MacBook-Pro.local","reqId":"66fe6ff7-c8d1-415f-9fed-a314d063acaf","event":"request_completed","requestId":"66fe6ff7-c8d1-415f-9fed-a314d063acaf","method":"POST","route":"/api/v1/matches/:matchId/invitations","statusCode":200,"latencyMs":31.43,"msg":"request completed"}
{"level":30,"time":1789777257218,"pid":19535,"hostname":"Glebs-MacBook-Pro.local","reqId":"761b168b-6883-498b-be20-78da2e4bf87b","event":"request_completed","requestId":"761b168b-6883-498b-be20-78da2e4bf87b","method":"GET","route":"/api/v1/matches/create-options","statusCode":200,"latencyMs":11.516,"msg":"request completed"}
{"level":30,"time":1789777257297,"pid":19535,"hostname":"Glebs-MacBook-Pro.local","reqId":"2e3113a6-1321-425e-9009-98618f689e54","event":"request_completed","requestId":"2e3113a6-1321-425e-9009-98618f689e54","method":"PATCH","route":"/api/v1/matches/:matchId","statusCode":200,"latencyMs":27.151,"msg":"request completed"}
{"level":30,"time":1789777257361,"pid":19535,"hostname":"Glebs-MacBook-Pro.local","reqId":"f7f9c8d3-c4a0-46f4-a9cb-e23f08b10b29","event":"request_completed","requestId":"f7f9c8d3-c4a0-46f4-a9cb-e23f08b10b29","method":"GET","route":"/api/v1/matches/:matchId","statusCode":200,"latencyMs":10.259,"msg":"request completed"}
{"level":30,"time":1789777257525,"pid":19535,"hostname":"Glebs-MacBook-Pro.local","reqId":"a5f63cab-1700-480d-89da-325f53bf3670","event":"request_completed","requestId":"a5f63cab-1700-480d-89da-325f53bf3670","method":"POST","route":"/api/v1/matches/:matchId/start","statusCode":200,"latencyMs":70.494,"msg":"request completed"}
{"level":30,"time":1789777257548,"pid":19535,"hostname":"Glebs-MacBook-Pro.local","reqId":"d5d2a903-89ba-4bf9-ae3c-7cbe2af2c3b8","event":"request_completed","requestId":"d5d2a903-89ba-4bf9-ae3c-7cbe2af2c3b8","method":"GET","route":"/api/v1/matches/:matchId","statusCode":200,"latencyMs":9.433,"msg":"request completed"}
{"level":30,"time":1789777257562,"pid":19535,"hostname":"Glebs-MacBook-Pro.local","reqId":"00e57bc6-7c8a-430b-b34f-1734f13e83e0","event":"request_completed","requestId":"00e57bc6-7c8a-430b-b34f-1734f13e83e0","method":"GET","route":"/api/v1/notifications","statusCode":200,"latencyMs":9.818,"msg":"request completed"}
{"level":30,"time":1789777257647,"pid":19535,"hostname":"Glebs-MacBook-Pro.local","reqId":"508ec25e-e55e-4edd-a136-1fb181958f4a","event":"request_completed","requestId":"508ec25e-e55e-4edd-a136-1fb181958f4a","method":"GET","route":"/api/v1/matches/:matchId","statusCode":200,"latencyMs":32.035,"msg":"request completed"}
  ✓  54 [chromium-mobile-390] › tests/e2e/wave-e-user.spec.ts:95:5 › GAP-012 operator creates A-vs-B, edits it and starts without player consent (1.9s)
{"level":30,"time":1789777257780,"pid":19535,"hostname":"Glebs-MacBook-Pro.local","reqId":"8d547628-2802-48b3-ba16-a639bc683e3e","event":"request_completed","requestId":"8d547628-2802-48b3-ba16-a639bc683e3e","method":"GET","route":"/health","statusCode":200,"latencyMs":0.168,"msg":"request completed"}
{"level":30,"time":1789777257812,"pid":19535,"hostname":"Glebs-MacBook-Pro.local","reqId":"37ffe534-46d3-4445-810c-ba7f3afc1281","event":"request_completed","requestId":"37ffe534-46d3-4445-810c-ba7f3afc1281","method":"POST","route":"/api/v1/auth/login","statusCode":200,"latencyMs":29.124,"msg":"request completed"}
{"level":30,"time":1789777257828,"pid":19535,"hostname":"Glebs-MacBook-Pro.local","reqId":"41926b9b-5e60-4673-b591-99dad2d41a12","event":"request_completed","requestId":"41926b9b-5e60-4673-b591-99dad2d41a12","method":"PATCH","route":"/api/v1/me/onboarding","statusCode":200,"latencyMs":12.389,"msg":"request completed"}
{"level":30,"time":1789777257872,"pid":19535,"hostname":"Glebs-MacBook-Pro.local","reqId":"a760b4eb-4cfe-43d2-b740-4ba9b35e6319","event":"request_completed","requestId":"a760b4eb-4cfe-43d2-b740-4ba9b35e6319","method":"POST","route":"/api/v1/admin/users","statusCode":200,"latencyMs":41.391,"msg":"request completed"}
{"level":30,"time":1789777258138,"pid":19535,"hostname":"Glebs-MacBook-Pro.local","reqId":"3b3117ba-59fd-4b26-abfb-2b1520a16e44","event":"request_completed","requestId":"3b3117ba-59fd-4b26-abfb-2b1520a16e44","method":"GET","route":"/api/v1/auth/me","statusCode":401,"latencyMs":0.132,"msg":"request completed"}
{"level":30,"time":1789777258318,"pid":19535,"hostname":"Glebs-MacBook-Pro.local","reqId":"6838642a-ed38-4659-bd66-895f919ae0e9","event":"request_completed","requestId":"6838642a-ed38-4659-bd66-895f919ae0e9","method":"POST","route":"/api/v1/auth/login","statusCode":200,"latencyMs":30.618,"msg":"request completed"}
{"level":30,"time":1789777258446,"pid":19535,"hostname":"Glebs-MacBook-Pro.local","reqId":"431290a9-7840-4902-a1c2-3f75ef22940b","event":"request_completed","requestId":"431290a9-7840-4902-a1c2-3f75ef22940b","method":"POST","route":"/api/v1/auth/password/first-change","statusCode":200,"latencyMs":43.001,"msg":"request completed"}
{"level":30,"time":1789777258456,"pid":19535,"hostname":"Glebs-MacBook-Pro.local","reqId":"cbfd2de3-1dae-4ac2-b245-398a42dcd563","event":"request_completed","requestId":"cbfd2de3-1dae-4ac2-b245-398a42dcd563","method":"GET","route":"/api/v1/auth/me","statusCode":200,"latencyMs":8.15,"msg":"request completed"}
{"level":30,"time":1789777258514,"pid":19535,"hostname":"Glebs-MacBook-Pro.local","reqId":"5b335b42-fc45-4f4e-9eed-1ba0da782a9d","event":"request_completed","requestId":"5b335b42-fc45-4f4e-9eed-1ba0da782a9d","method":"PATCH","route":"/api/v1/me/onboarding","statusCode":200,"latencyMs":12.842,"msg":"request completed"}
{"level":30,"time":1789777258563,"pid":19535,"hostname":"Glebs-MacBook-Pro.local","reqId":"856b8dd8-e42d-4c5a-9554-4e16d0a7da17","event":"request_completed","requestId":"856b8dd8-e42d-4c5a-9554-4e16d0a7da17","method":"PATCH","route":"/api/v1/me/onboarding","statusCode":200,"latencyMs":11.006,"msg":"request completed"}
{"level":30,"time":1789777258619,"pid":19535,"hostname":"Glebs-MacBook-Pro.local","reqId":"d54ff006-e9a4-4243-9c17-cd3ba696b70e","event":"request_completed","requestId":"d54ff006-e9a4-4243-9c17-cd3ba696b70e","method":"PATCH","route":"/api/v1/me/onboarding","statusCode":200,"latencyMs":17.072,"msg":"request completed"}
{"level":30,"time":1789777258680,"pid":19535,"hostname":"Glebs-MacBook-Pro.local","reqId":"c88774f9-783d-40de-9b88-160921db0dc8","event":"request_completed","requestId":"c88774f9-783d-40de-9b88-160921db0dc8","method":"PATCH","route":"/api/v1/me/onboarding","statusCode":200,"latencyMs":11.124,"msg":"request completed"}
{"level":30,"time":1789777258728,"pid":19535,"hostname":"Glebs-MacBook-Pro.local","reqId":"ebd749eb-1218-4ec3-baf1-32a180524975","event":"request_completed","requestId":"ebd749eb-1218-4ec3-baf1-32a180524975","method":"GET","route":"/api/v1/auth/me","statusCode":200,"latencyMs":8.473,"msg":"request completed"}
{"level":30,"time":1789777258787,"pid":19535,"hostname":"Glebs-MacBook-Pro.local","reqId":"36379bcf-1e92-49fd-97a3-cbbe3c76de44","event":"request_completed","requestId":"36379bcf-1e92-49fd-97a3-cbbe3c76de44","method":"PATCH","route":"/api/v1/me/onboarding","statusCode":200,"latencyMs":12.755,"msg":"request completed"}
{"level":30,"time":1789777258856,"pid":19535,"hostname":"Glebs-MacBook-Pro.local","reqId":"16bdb05e-e24f-4690-bc5f-baa1db8e5314","event":"request_completed","requestId":"16bdb05e-e24f-4690-bc5f-baa1db8e5314","method":"PATCH","route":"/api/v1/me/onboarding","statusCode":200,"latencyMs":14.1,"msg":"request completed"}
{"level":30,"time":1789777258903,"pid":19535,"hostname":"Glebs-MacBook-Pro.local","reqId":"1c3e9090-4657-4b60-8683-45b925711b7c","event":"request_completed","requestId":"1c3e9090-4657-4b60-8683-45b925711b7c","method":"PATCH","route":"/api/v1/me/onboarding","statusCode":200,"latencyMs":12.26,"msg":"request completed"}
{"level":30,"time":1789777258947,"pid":19535,"hostname":"Glebs-MacBook-Pro.local","reqId":"e35662ad-573b-42c3-9f9f-73a304e2ddcb","event":"request_completed","requestId":"e35662ad-573b-42c3-9f9f-73a304e2ddcb","method":"POST","route":"/api/v1/matches/tutorial","statusCode":200,"latencyMs":41.54,"msg":"request completed"}
{"level":30,"time":1789777258963,"pid":19535,"hostname":"Glebs-MacBook-Pro.local","reqId":"8b51e795-8316-4955-af36-1725e41d9f1c","event":"request_completed","requestId":"8b51e795-8316-4955-af36-1725e41d9f1c","method":"GET","route":"/api/v1/matches/:matchId","statusCode":200,"latencyMs":11.089,"msg":"request completed"}
{"level":30,"time":1789777258986,"pid":19535,"hostname":"Glebs-MacBook-Pro.local","reqId":"529b643b-aa3a-4862-84d7-7190834fda0b","event":"request_completed","requestId":"529b643b-aa3a-4862-84d7-7190834fda0b","method":"POST","route":"/api/v1/matches/:matchId/judge/acquire","statusCode":200,"latencyMs":21.687,"msg":"request completed"}
{"level":30,"time":1789777259001,"pid":19535,"hostname":"Glebs-MacBook-Pro.local","reqId":"98636b93-fce3-44b7-a6f0-5db932d80807","event":"request_completed","requestId":"98636b93-fce3-44b7-a6f0-5db932d80807","method":"GET","route":"/api/v1/matches/:matchId","statusCode":200,"latencyMs":12.523,"msg":"request completed"}
{"level":30,"time":1789777259011,"pid":19535,"hostname":"Glebs-MacBook-Pro.local","reqId":"0f8f4bda-5bb4-4d75-a08b-b563699685d7","event":"request_completed","requestId":"0f8f4bda-5bb4-4d75-a08b-b563699685d7","method":"POST","route":"/api/v1/matches/:matchId/judge/heartbeat","statusCode":200,"latencyMs":6.684,"msg":"request completed"}
{"level":30,"time":1789777259023,"pid":19535,"hostname":"Glebs-MacBook-Pro.local","reqId":"44f98fa4-ab35-4e5f-9ebb-af83c1c703ca","event":"request_completed","requestId":"44f98fa4-ab35-4e5f-9ebb-af83c1c703ca","method":"GET","route":"/api/v1/matches/:matchId","statusCode":200,"latencyMs":10.296,"msg":"request completed"}
{"level":30,"time":1789777259078,"pid":19535,"hostname":"Glebs-MacBook-Pro.local","reqId":"f9d4f7f1-cedc-4424-8598-8e641302761d","event":"request_completed","requestId":"f9d4f7f1-cedc-4424-8598-8e641302761d","method":"POST","route":"/api/v1/matches/:matchId/judge/release","statusCode":200,"latencyMs":19.345,"msg":"request completed"}
{"level":30,"time":1789777259099,"pid":19535,"hostname":"Glebs-MacBook-Pro.local","reqId":"d2e7c04f-4e6a-4dd6-8943-cdc2fb6465c1","event":"request_completed","requestId":"d2e7c04f-4e6a-4dd6-8943-cdc2fb6465c1","method":"GET","route":"/api/v1/auth/me","statusCode":200,"latencyMs":7.496,"msg":"request completed"}
{"level":30,"time":1789777259138,"pid":19535,"hostname":"Glebs-MacBook-Pro.local","reqId":"e73597b2-0248-4f83-80c2-7fbd011e46b1","event":"request_completed","requestId":"e73597b2-0248-4f83-80c2-7fbd011e46b1","method":"PATCH","route":"/api/v1/me/onboarding","statusCode":200,"latencyMs":13.54,"msg":"request completed"}
{"level":30,"time":1789777259173,"pid":19535,"hostname":"Glebs-MacBook-Pro.local","reqId":"cb1472d6-5a50-4fa6-99cf-f88750e47e22","event":"request_completed","requestId":"cb1472d6-5a50-4fa6-99cf-f88750e47e22","method":"GET","route":"/api/v1/auth/me","statusCode":200,"latencyMs":8.655,"msg":"request completed"}
{"level":30,"time":1789777259184,"pid":19535,"hostname":"Glebs-MacBook-Pro.local","reqId":"3cb931a5-e8e1-49a6-b9be-4ac32259425e","event":"request_completed","requestId":"3cb931a5-e8e1-49a6-b9be-4ac32259425e","method":"GET","route":"/api/v1/notifications","statusCode":200,"latencyMs":41.122,"msg":"request completed"}
{"level":30,"time":1789777259202,"pid":19535,"hostname":"Glebs-MacBook-Pro.local","reqId":"1833ade0-7c4d-4513-9fdb-05e84fb70602","event":"request_completed","requestId":"1833ade0-7c4d-4513-9fdb-05e84fb70602","method":"GET","route":"/api/v1/auth/sessions","statusCode":200,"latencyMs":21.445,"msg":"request completed"}
{"level":30,"time":1789777259213,"pid":19535,"hostname":"Glebs-MacBook-Pro.local","reqId":"42dbc2b3-2f6f-4f4a-bffa-b59f19eba6a2","event":"request_completed","requestId":"42dbc2b3-2f6f-4f4a-bffa-b59f19eba6a2","method":"GET","route":"/api/v1/notifications","statusCode":200,"latencyMs":32.618,"msg":"request completed"}
{"level":30,"time":1789777259219,"pid":19535,"hostname":"Glebs-MacBook-Pro.local","reqId":"80c43f5d-75d6-4f4e-96f6-4aec5f392e69","event":"request_completed","requestId":"80c43f5d-75d6-4f4e-96f6-4aec5f392e69","method":"GET","route":"/api/v1/profile/me","statusCode":200,"latencyMs":38.775,"msg":"request completed"}
{"level":30,"time":1789777259229,"pid":19535,"hostname":"Glebs-MacBook-Pro.local","reqId":"684b05f4-df66-4ed7-bd5d-32ff9592cdc5","event":"request_completed","requestId":"684b05f4-df66-4ed7-bd5d-32ff9592cdc5","method":"GET","route":"/api/v1/home","statusCode":200,"latencyMs":85.625,"msg":"request completed"}
{"level":30,"time":1789777259240,"pid":19535,"hostname":"Glebs-MacBook-Pro.local","reqId":"a254e16b-6578-4b3f-a3e0-58fcaddab563","event":"request_completed","requestId":"a254e16b-6578-4b3f-a3e0-58fcaddab563","method":"GET","route":"/api/v1/home","statusCode":200,"latencyMs":59.656,"msg":"request completed"}
{"level":30,"time":1789777259268,"pid":19535,"hostname":"Glebs-MacBook-Pro.local","reqId":"784b3d42-6ef6-414d-8900-59758b1b9a77","event":"request_completed","requestId":"784b3d42-6ef6-414d-8900-59758b1b9a77","method":"PATCH","route":"/api/v1/me/onboarding","statusCode":200,"latencyMs":5.937,"msg":"request completed"}
{"level":30,"time":1789777259334,"pid":19535,"hostname":"Glebs-MacBook-Pro.local","reqId":"40d0baf6-71f6-492f-9731-15643685ebe5","event":"request_completed","requestId":"40d0baf6-71f6-492f-9731-15643685ebe5","method":"PATCH","route":"/api/v1/me/onboarding","statusCode":200,"latencyMs":6.002,"msg":"request completed"}
{"level":30,"time":1789777259364,"pid":19535,"hostname":"Glebs-MacBook-Pro.local","reqId":"a817a1b2-d188-4e90-9c6b-77b9f170b5ee","event":"request_completed","requestId":"a817a1b2-d188-4e90-9c6b-77b9f170b5ee","method":"GET","route":"/api/v1/notifications","statusCode":200,"latencyMs":19.525,"msg":"request completed"}
{"level":30,"time":1789777259373,"pid":19535,"hostname":"Glebs-MacBook-Pro.local","reqId":"7be4cf51-d389-419f-9934-1f7053c6a9a9","event":"request_completed","requestId":"7be4cf51-d389-419f-9934-1f7053c6a9a9","method":"GET","route":"/api/v1/auth/me","statusCode":200,"latencyMs":4.267,"msg":"request completed"}
{"level":30,"time":1789777259380,"pid":19535,"hostname":"Glebs-MacBook-Pro.local","reqId":"20247bc3-d252-4f0c-87e3-bd57f3229f9c","event":"request_completed","requestId":"20247bc3-d252-4f0c-87e3-bd57f3229f9c","method":"GET","route":"/api/v1/home","statusCode":200,"latencyMs":35.195,"msg":"request completed"}
{"level":30,"time":1789777259388,"pid":19535,"hostname":"Glebs-MacBook-Pro.local","reqId":"3b4ef748-01d9-4678-9e1f-5e00b499f272","event":"request_completed","requestId":"3b4ef748-01d9-4678-9e1f-5e00b499f272","method":"GET","route":"/api/v1/notifications","statusCode":200,"latencyMs":11.144,"msg":"request completed"}
{"level":30,"time":1789777259392,"pid":19535,"hostname":"Glebs-MacBook-Pro.local","reqId":"d565d882-0cb1-4e3f-aeb6-b18b363c7c33","event":"request_completed","requestId":"d565d882-0cb1-4e3f-aeb6-b18b363c7c33","method":"GET","route":"/api/v1/faq","statusCode":200,"latencyMs":15.217,"msg":"request completed"}
{"level":30,"time":1789777259473,"pid":19535,"hostname":"Glebs-MacBook-Pro.local","reqId":"2b7e291c-ffeb-49d9-9aa5-d7ab6d4cdb46","event":"request_completed","requestId":"2b7e291c-ffeb-49d9-9aa5-d7ab6d4cdb46","method":"POST","route":"/api/v1/feedback","statusCode":200,"latencyMs":5.929,"msg":"request completed"}
  ✓  55 [chromium-mobile-390] › tests/e2e/wave-e-user.spec.ts:182:5 › Wave E onboarding resume, tutorial return, restart and Help feedback (1.9s)
{"level":30,"time":1789777260036,"pid":19535,"hostname":"Glebs-MacBook-Pro.local","reqId":"3483a871-4af9-4cb3-b290-e0e746f4caa0","event":"request_completed","requestId":"3483a871-4af9-4cb3-b290-e0e746f4caa0","method":"GET","route":"/api/v1/auth/me","statusCode":401,"latencyMs":0.146,"msg":"request completed"}
{"level":30,"time":1789777260083,"pid":19535,"hostname":"Glebs-MacBook-Pro.local","reqId":"dd0443eb-ae3b-48db-8715-bbab0a764b5a","event":"request_completed","requestId":"dd0443eb-ae3b-48db-8715-bbab0a764b5a","method":"GET","route":"/api/v1/auth/me","statusCode":401,"latencyMs":0.151,"msg":"request completed"}
{"level":30,"time":1789777260497,"pid":19535,"hostname":"Glebs-MacBook-Pro.local","reqId":"223c10ad-fd48-4956-8c5f-5d9499af9ee2","event":"request_completed","requestId":"223c10ad-fd48-4956-8c5f-5d9499af9ee2","method":"GET","route":"/api/v1/auth/me","statusCode":401,"latencyMs":0.111,"msg":"request completed"}
{"level":30,"time":1789777260822,"pid":19535,"hostname":"Glebs-MacBook-Pro.local","reqId":"f113bbac-f7de-4afd-9368-fe611bcee665","event":"request_completed","requestId":"f113bbac-f7de-4afd-9368-fe611bcee665","method":"GET","route":"/api/v1/auth/me","statusCode":401,"latencyMs":0.117,"msg":"request completed"}
{"level":30,"time":1789777261265,"pid":19535,"hostname":"Glebs-MacBook-Pro.local","reqId":"2371b59c-b47c-4dd2-bd0c-19465b24b010","event":"request_completed","requestId":"2371b59c-b47c-4dd2-bd0c-19465b24b010","method":"GET","route":"/api/v1/auth/me","statusCode":401,"latencyMs":0.128,"msg":"request completed"}
{"level":30,"time":1789777261707,"pid":19535,"hostname":"Glebs-MacBook-Pro.local","reqId":"2b8e2ded-f094-4736-9975-dc5feca8b543","event":"request_completed","requestId":"2b8e2ded-f094-4736-9975-dc5feca8b543","method":"GET","route":"/api/v1/auth/me","statusCode":401,"latencyMs":0.111,"msg":"request completed"}
{"level":30,"time":1789777262037,"pid":19535,"hostname":"Glebs-MacBook-Pro.local","reqId":"26ab1553-9d89-45ea-869a-2a9e9dee1026","event":"request_completed","requestId":"26ab1553-9d89-45ea-869a-2a9e9dee1026","method":"GET","route":"/api/v1/auth/me","statusCode":401,"latencyMs":0.125,"msg":"request completed"}
{"level":30,"time":1789777262077,"pid":19535,"hostname":"Glebs-MacBook-Pro.local","reqId":"852ede1d-6db5-4703-af3c-9c2792652f3e","event":"request_completed","requestId":"852ede1d-6db5-4703-af3c-9c2792652f3e","method":"GET","route":"/health","statusCode":200,"latencyMs":0.11,"msg":"request completed"}
{"level":30,"time":1789777262109,"pid":19535,"hostname":"Glebs-MacBook-Pro.local","reqId":"6c64a8fa-3330-426e-ac9f-e26113e84b2d","event":"request_completed","requestId":"6c64a8fa-3330-426e-ac9f-e26113e84b2d","method":"POST","route":"/api/v1/auth/login","statusCode":200,"latencyMs":29.075,"msg":"request completed"}
{"level":30,"time":1789777262129,"pid":19535,"hostname":"Glebs-MacBook-Pro.local","reqId":"cc2904a2-6ab5-4ba9-a1bf-e9e3f5dd1c44","event":"request_completed","requestId":"cc2904a2-6ab5-4ba9-a1bf-e9e3f5dd1c44","method":"PATCH","route":"/api/v1/me/onboarding","statusCode":200,"latencyMs":15.927,"msg":"request completed"}
{"level":30,"time":1789777262174,"pid":19535,"hostname":"Glebs-MacBook-Pro.local","reqId":"def40ae6-952b-416b-8203-8bfc5718a519","event":"request_completed","requestId":"def40ae6-952b-416b-8203-8bfc5718a519","method":"POST","route":"/api/v1/admin/users","statusCode":200,"latencyMs":41.603,"msg":"request completed"}
{"level":30,"time":1789777262214,"pid":19535,"hostname":"Glebs-MacBook-Pro.local","reqId":"a465deb8-7d47-4f3d-a821-105c3eb3c34a","event":"request_completed","requestId":"a465deb8-7d47-4f3d-a821-105c3eb3c34a","method":"POST","route":"/api/v1/admin/users","statusCode":200,"latencyMs":36.667,"msg":"request completed"}
{"level":30,"time":1789777262266,"pid":19535,"hostname":"Glebs-MacBook-Pro.local","reqId":"46f7e3e0-fc13-4b76-869d-448cf776c462","event":"request_completed","requestId":"46f7e3e0-fc13-4b76-869d-448cf776c462","method":"POST","route":"/api/v1/admin/users","statusCode":200,"latencyMs":48.307,"msg":"request completed"}
{"level":30,"time":1789777262282,"pid":19535,"hostname":"Glebs-MacBook-Pro.local","reqId":"4cea88cf-0d62-4704-88b6-8e17c11033de","event":"request_completed","requestId":"4cea88cf-0d62-4704-88b6-8e17c11033de","method":"GET","route":"/api/v1/auth/me","statusCode":401,"latencyMs":0.111,"msg":"request completed"}
{"level":30,"time":1789777262398,"pid":19535,"hostname":"Glebs-MacBook-Pro.local","reqId":"6cc5a616-e948-4486-b933-698ba148df5b","event":"request_completed","requestId":"6cc5a616-e948-4486-b933-698ba148df5b","method":"POST","route":"/api/v1/auth/login","statusCode":200,"latencyMs":33.738,"msg":"request completed"}
{"level":30,"time":1789777262413,"pid":19535,"hostname":"Glebs-MacBook-Pro.local","reqId":"af55364d-d30e-40cf-baef-f736e795d229","event":"request_completed","requestId":"af55364d-d30e-40cf-baef-f736e795d229","method":"GET","route":"/api/v1/auth/me","statusCode":200,"latencyMs":12.145,"msg":"request completed"}
{"level":30,"time":1789777262429,"pid":19535,"hostname":"Glebs-MacBook-Pro.local","reqId":"09a8a443-af72-41cc-9516-907ff1101a12","event":"request_completed","requestId":"09a8a443-af72-41cc-9516-907ff1101a12","method":"GET","route":"/api/v1/notifications","statusCode":200,"latencyMs":27.042,"msg":"request completed"}
{"level":30,"time":1789777262464,"pid":19535,"hostname":"Glebs-MacBook-Pro.local","reqId":"ed9fa0f2-37d0-4121-a820-59d796b0ecba","event":"request_completed","requestId":"ed9fa0f2-37d0-4121-a820-59d796b0ecba","method":"GET","route":"/api/v1/auth/me","statusCode":200,"latencyMs":4.723,"msg":"request completed"}
{"level":30,"time":1789777262467,"pid":19535,"hostname":"Glebs-MacBook-Pro.local","reqId":"d05e0616-a262-4e91-ad4d-ffa3aad4d1bd","event":"request_completed","requestId":"d05e0616-a262-4e91-ad4d-ffa3aad4d1bd","method":"GET","route":"/api/v1/home","statusCode":200,"latencyMs":62.626,"msg":"request completed"}
{"level":30,"time":1789777262479,"pid":19535,"hostname":"Glebs-MacBook-Pro.local","reqId":"c34e97e9-62d7-4fdb-a35d-e4ef4a5735f8","event":"request_completed","requestId":"c34e97e9-62d7-4fdb-a35d-e4ef4a5735f8","method":"GET","route":"/api/v1/admin/users","statusCode":200,"latencyMs":6.189,"msg":"request completed"}
{"level":30,"time":1789777262485,"pid":19535,"hostname":"Glebs-MacBook-Pro.local","reqId":"3cdca630-953f-4246-9b4f-d457c14f7396","event":"request_completed","requestId":"3cdca630-953f-4246-9b4f-d457c14f7396","method":"GET","route":"/api/v1/notifications","statusCode":200,"latencyMs":13.239,"msg":"request completed"}
{"level":30,"time":1789777262612,"pid":19535,"hostname":"Glebs-MacBook-Pro.local","reqId":"55f548ba-e0f2-4e73-a408-4c58c1eb82d3","event":"request_completed","requestId":"55f548ba-e0f2-4e73-a408-4c58c1eb82d3","method":"POST","route":"/api/v1/auth/login","statusCode":200,"latencyMs":27.572,"msg":"request completed"}
{"level":30,"time":1789777262654,"pid":19535,"hostname":"Glebs-MacBook-Pro.local","reqId":"e5dd18fb-6265-4b56-9293-8e1acfbdaabe","event":"request_completed","requestId":"e5dd18fb-6265-4b56-9293-8e1acfbdaabe","method":"POST","route":"/api/v1/auth/password/first-change","statusCode":200,"latencyMs":38.838,"msg":"request completed"}
{"level":30,"time":1789777262672,"pid":19535,"hostname":"Glebs-MacBook-Pro.local","reqId":"b072cd76-d81a-426d-beb9-f795fa39f895","event":"request_completed","requestId":"b072cd76-d81a-426d-beb9-f795fa39f895","method":"PATCH","route":"/api/v1/me/onboarding","statusCode":200,"latencyMs":13.716,"msg":"request completed"}
{"level":30,"time":1789777262708,"pid":19535,"hostname":"Glebs-MacBook-Pro.local","reqId":"d338a837-7f90-46b9-ad2f-b83cafc60211","event":"request_completed","requestId":"d338a837-7f90-46b9-ad2f-b83cafc60211","method":"GET","route":"/api/v1/auth/me","statusCode":200,"latencyMs":10.62,"msg":"request completed"}
{"level":30,"time":1789777262729,"pid":19535,"hostname":"Glebs-MacBook-Pro.local","reqId":"8773f389-c8d6-4655-8b14-62846eb8f2e6","event":"request_completed","requestId":"8773f389-c8d6-4655-8b14-62846eb8f2e6","method":"GET","route":"/api/v1/rankings","statusCode":200,"latencyMs":17.064,"msg":"request completed"}
{"level":30,"time":1789777262736,"pid":19535,"hostname":"Glebs-MacBook-Pro.local","reqId":"e5535f64-4d4f-4471-ad81-45a72e338eda","event":"request_completed","requestId":"e5535f64-4d4f-4471-ad81-45a72e338eda","method":"GET","route":"/api/v1/notifications","statusCode":200,"latencyMs":25.069,"msg":"request completed"}
{"level":30,"time":1789777263369,"pid":19535,"hostname":"Glebs-MacBook-Pro.local","reqId":"9966d13d-d777-4561-b698-0edfb79cb45c","event":"request_completed","requestId":"9966d13d-d777-4561-b698-0edfb79cb45c","method":"GET","route":"/api/v1/auth/me","statusCode":200,"latencyMs":5.231,"msg":"request completed"}
{"level":30,"time":1789777263427,"pid":19535,"hostname":"Glebs-MacBook-Pro.local","reqId":"5d469b21-b7d4-4ea0-b485-f21945c9d4df","event":"request_completed","requestId":"5d469b21-b7d4-4ea0-b485-f21945c9d4df","method":"GET","route":"/api/v1/rankings","statusCode":200,"latencyMs":8.999,"msg":"request completed"}
{"level":30,"time":1789777263434,"pid":19535,"hostname":"Glebs-MacBook-Pro.local","reqId":"d4afff06-1f2c-4b8d-91eb-ea68b9a56ad6","event":"request_completed","requestId":"d4afff06-1f2c-4b8d-91eb-ea68b9a56ad6","method":"GET","route":"/api/v1/notifications","statusCode":200,"latencyMs":15.447,"msg":"request completed"}
  ✓  56 [chromium-mobile-390] › tests/e2e/wave-f-a11y.spec.ts:55:5 › Wave F auth geometry contrast and admin readable rows (4.4s)
{"level":30,"time":1789777264086,"pid":19535,"hostname":"Glebs-MacBook-Pro.local","reqId":"04bdfab6-98b2-436a-b285-37142aa947a0","event":"request_completed","requestId":"04bdfab6-98b2-436a-b285-37142aa947a0","method":"GET","route":"/health","statusCode":200,"latencyMs":0.235,"msg":"request completed"}
{"level":30,"time":1789777264114,"pid":19535,"hostname":"Glebs-MacBook-Pro.local","reqId":"c50e8bd6-1c07-46ef-856c-141e6e56da23","event":"request_completed","requestId":"c50e8bd6-1c07-46ef-856c-141e6e56da23","method":"POST","route":"/api/v1/auth/login","statusCode":200,"latencyMs":24.636,"msg":"request completed"}
{"level":30,"time":1789777264128,"pid":19535,"hostname":"Glebs-MacBook-Pro.local","reqId":"4c07ba15-f23a-4448-a159-4d837a5f28d1","event":"request_completed","requestId":"4c07ba15-f23a-4448-a159-4d837a5f28d1","method":"PATCH","route":"/api/v1/me/onboarding","statusCode":200,"latencyMs":11.255,"msg":"request completed"}
{"level":30,"time":1789777264153,"pid":19535,"hostname":"Glebs-MacBook-Pro.local","reqId":"6ff10443-9160-4c7f-bb2f-3ce63b7d4cb4","event":"request_completed","requestId":"6ff10443-9160-4c7f-bb2f-3ce63b7d4cb4","method":"POST","route":"/api/v1/tournaments","statusCode":200,"latencyMs":21.378,"msg":"request completed"}
{"level":30,"time":1789777264199,"pid":19535,"hostname":"Glebs-MacBook-Pro.local","reqId":"e0e49550-3790-4d81-b920-c3dcdb04212a","event":"request_completed","requestId":"e0e49550-3790-4d81-b920-c3dcdb04212a","method":"POST","route":"/api/v1/tournaments/:id/participants","statusCode":200,"latencyMs":41.732,"msg":"request completed"}
{"level":30,"time":1789777264233,"pid":19535,"hostname":"Glebs-MacBook-Pro.local","reqId":"0c3fc8d6-3c98-4e2d-a765-54cfd1bf2c99","event":"request_completed","requestId":"0c3fc8d6-3c98-4e2d-a765-54cfd1bf2c99","method":"POST","route":"/api/v1/tournaments/:id/participants","statusCode":200,"latencyMs":29.892,"msg":"request completed"}
{"level":30,"time":1789777264265,"pid":19535,"hostname":"Glebs-MacBook-Pro.local","reqId":"237aeb38-35a0-44c2-b67f-ca15cd8d8f71","event":"request_completed","requestId":"237aeb38-35a0-44c2-b67f-ca15cd8d8f71","method":"POST","route":"/api/v1/tournaments/:id/participants","statusCode":200,"latencyMs":27.723,"msg":"request completed"}
{"level":30,"time":1789777264299,"pid":19535,"hostname":"Glebs-MacBook-Pro.local","reqId":"136dd6d0-ee99-4c71-85f6-ea97c6c1ca03","event":"request_completed","requestId":"136dd6d0-ee99-4c71-85f6-ea97c6c1ca03","method":"POST","route":"/api/v1/tournaments/:id/participants","statusCode":200,"latencyMs":28.792,"msg":"request completed"}
{"level":30,"time":1789777264326,"pid":19535,"hostname":"Glebs-MacBook-Pro.local","reqId":"469ee74d-5229-4583-9e8a-78bafe772e67","event":"request_completed","requestId":"469ee74d-5229-4583-9e8a-78bafe772e67","method":"POST","route":"/api/v1/tournaments/:id/participants","statusCode":200,"latencyMs":23.147,"msg":"request completed"}
{"level":30,"time":1789777264351,"pid":19535,"hostname":"Glebs-MacBook-Pro.local","reqId":"806bacac-918f-46e5-b595-625b25654c86","event":"request_completed","requestId":"806bacac-918f-46e5-b595-625b25654c86","method":"POST","route":"/api/v1/tournaments/:id/participants","statusCode":200,"latencyMs":21.555,"msg":"request completed"}
{"level":30,"time":1789777264377,"pid":19535,"hostname":"Glebs-MacBook-Pro.local","reqId":"f918eaaf-bd96-41c4-a538-849dcf34a88f","event":"request_completed","requestId":"f918eaaf-bd96-41c4-a538-849dcf34a88f","method":"POST","route":"/api/v1/tournaments/:id/participants","statusCode":200,"latencyMs":22.254,"msg":"request completed"}
{"level":30,"time":1789777264402,"pid":19535,"hostname":"Glebs-MacBook-Pro.local","reqId":"09971129-7528-497c-84e9-2f875c448624","event":"request_completed","requestId":"09971129-7528-497c-84e9-2f875c448624","method":"POST","route":"/api/v1/tournaments/:id/participants","statusCode":200,"latencyMs":21.183,"msg":"request completed"}
{"level":30,"time":1789777264669,"pid":19535,"hostname":"Glebs-MacBook-Pro.local","reqId":"f26e0bd5-4f09-4df3-9973-12ac32a3f75f","event":"request_completed","requestId":"f26e0bd5-4f09-4df3-9973-12ac32a3f75f","method":"GET","route":"/api/v1/auth/me","statusCode":401,"latencyMs":0.113,"msg":"request completed"}
{"level":30,"time":1789777264835,"pid":19535,"hostname":"Glebs-MacBook-Pro.local","reqId":"d3a20a38-7c89-47c0-af4a-9017bb3f35c5","event":"request_completed","requestId":"d3a20a38-7c89-47c0-af4a-9017bb3f35c5","method":"POST","route":"/api/v1/auth/login","statusCode":200,"latencyMs":33.244,"msg":"request completed"}
{"level":30,"time":1789777264852,"pid":19535,"hostname":"Glebs-MacBook-Pro.local","reqId":"0d46a030-7d6e-48e4-afba-2d1ce18a99ae","event":"request_completed","requestId":"0d46a030-7d6e-48e4-afba-2d1ce18a99ae","method":"GET","route":"/api/v1/auth/me","statusCode":200,"latencyMs":14.223,"msg":"request completed"}
{"level":30,"time":1789777264873,"pid":19535,"hostname":"Glebs-MacBook-Pro.local","reqId":"b53790d7-4d58-4ee3-a877-f0e97c54e8d0","event":"request_completed","requestId":"b53790d7-4d58-4ee3-a877-f0e97c54e8d0","method":"GET","route":"/api/v1/notifications","statusCode":200,"latencyMs":34.094,"msg":"request completed"}
{"level":30,"time":1789777264907,"pid":19535,"hostname":"Glebs-MacBook-Pro.local","reqId":"6354e0f4-14e0-4783-977c-fff0312e1914","event":"request_completed","requestId":"6354e0f4-14e0-4783-977c-fff0312e1914","method":"GET","route":"/api/v1/home","statusCode":200,"latencyMs":65.951,"msg":"request completed"}
{"level":30,"time":1789777264912,"pid":19535,"hostname":"Glebs-MacBook-Pro.local","reqId":"7190e7ac-dd69-4a95-bb97-6adda64d27a5","event":"request_completed","requestId":"7190e7ac-dd69-4a95-bb97-6adda64d27a5","method":"GET","route":"/api/v1/auth/me","statusCode":200,"latencyMs":4.051,"msg":"request completed"}
{"level":30,"time":1789777264932,"pid":19535,"hostname":"Glebs-MacBook-Pro.local","reqId":"94395726-d20b-4ef8-a57f-da970273d17b","event":"request_completed","requestId":"94395726-d20b-4ef8-a57f-da970273d17b","method":"GET","route":"/api/v1/notifications","statusCode":200,"latencyMs":12.769,"msg":"request completed"}
{"level":30,"time":1789777264934,"pid":19535,"hostname":"Glebs-MacBook-Pro.local","reqId":"fb5cae0a-321c-407a-bd23-8c729bb8dbd4","event":"request_completed","requestId":"fb5cae0a-321c-407a-bd23-8c729bb8dbd4","method":"GET","route":"/api/v1/tournaments/:id","statusCode":200,"latencyMs":14.305,"msg":"request completed"}
{"level":30,"time":1789777264943,"pid":19535,"hostname":"Glebs-MacBook-Pro.local","reqId":"b6fb54db-1b13-4458-915e-0c0680297823","event":"request_completed","requestId":"b6fb54db-1b13-4458-915e-0c0680297823","method":"GET","route":"/api/v1/users/directory","statusCode":200,"latencyMs":5.38,"msg":"request completed"}
{"level":30,"time":1789777265653,"pid":19535,"hostname":"Glebs-MacBook-Pro.local","reqId":"2d13eb9d-77de-4074-a018-bec70f93e589","event":"request_completed","requestId":"2d13eb9d-77de-4074-a018-bec70f93e589","method":"POST","route":"/api/v1/tournaments/:id/bracket","statusCode":200,"latencyMs":49.708,"msg":"request completed"}
{"level":30,"time":1789777265679,"pid":19535,"hostname":"Glebs-MacBook-Pro.local","reqId":"6931af9f-46b7-4b76-b641-8bf90baaca48","event":"request_completed","requestId":"6931af9f-46b7-4b76-b641-8bf90baaca48","method":"GET","route":"/api/v1/auth/me","statusCode":200,"latencyMs":9.057,"msg":"request completed"}
{"level":30,"time":1789777265708,"pid":19535,"hostname":"Glebs-MacBook-Pro.local","reqId":"ab9dab6c-ff1e-4715-84ac-c32ca06845c9","event":"request_completed","requestId":"ab9dab6c-ff1e-4715-84ac-c32ca06845c9","method":"GET","route":"/api/v1/notifications","statusCode":200,"latencyMs":20.491,"msg":"request completed"}
{"level":30,"time":1789777265709,"pid":19535,"hostname":"Glebs-MacBook-Pro.local","reqId":"dfb6c4ba-8bc0-4ff6-877f-890b559c28a2","event":"request_completed","requestId":"dfb6c4ba-8bc0-4ff6-877f-890b559c28a2","method":"GET","route":"/api/v1/tournaments/:id","statusCode":200,"latencyMs":21.361,"msg":"request completed"}
{"level":30,"time":1789777265732,"pid":19535,"hostname":"Glebs-MacBook-Pro.local","reqId":"a88df4b8-7bc5-475d-8039-65d7da65626c","event":"request_completed","requestId":"a88df4b8-7bc5-475d-8039-65d7da65626c","method":"GET","route":"/api/v1/users/directory","statusCode":200,"latencyMs":11.14,"msg":"request completed"}
  ✓  57 [chromium-mobile-390] › tests/e2e/wave-f-a11y.spec.ts:113:5 › Wave F algorithm focus and bracket keyboard geometry (2.7s)
{"level":30,"time":1789777266784,"pid":19535,"hostname":"Glebs-MacBook-Pro.local","reqId":"a0a10b02-af55-4b77-8f5d-f3b129a63361","event":"request_completed","requestId":"a0a10b02-af55-4b77-8f5d-f3b129a63361","method":"GET","route":"/health","statusCode":200,"latencyMs":0.122,"msg":"request completed"}
{"level":30,"time":1789777266817,"pid":19535,"hostname":"Glebs-MacBook-Pro.local","reqId":"dcb83ae8-f5e1-4c7d-80b2-e3df8d18bbd7","event":"request_completed","requestId":"dcb83ae8-f5e1-4c7d-80b2-e3df8d18bbd7","method":"POST","route":"/api/v1/auth/login","statusCode":200,"latencyMs":30.082,"msg":"request completed"}
{"level":30,"time":1789777266831,"pid":19535,"hostname":"Glebs-MacBook-Pro.local","reqId":"4cb24de8-afa4-4ebd-b98e-f6ad568bf22a","event":"request_completed","requestId":"4cb24de8-afa4-4ebd-b98e-f6ad568bf22a","method":"PATCH","route":"/api/v1/me/onboarding","statusCode":200,"latencyMs":10.515,"msg":"request completed"}
{"level":30,"time":1789777267095,"pid":19535,"hostname":"Glebs-MacBook-Pro.local","reqId":"3a863147-f5ff-4959-8cce-a95aea9ed361","event":"request_completed","requestId":"3a863147-f5ff-4959-8cce-a95aea9ed361","method":"GET","route":"/api/v1/auth/me","statusCode":401,"latencyMs":0.136,"msg":"request completed"}
{"level":30,"time":1789777267261,"pid":19535,"hostname":"Glebs-MacBook-Pro.local","reqId":"d05641ad-626e-446e-ae13-4f631af7f672","event":"request_completed","requestId":"d05641ad-626e-446e-ae13-4f631af7f672","method":"POST","route":"/api/v1/auth/login","statusCode":200,"latencyMs":32.301,"msg":"request completed"}
{"level":30,"time":1789777267275,"pid":19535,"hostname":"Glebs-MacBook-Pro.local","reqId":"f508cb41-6349-493d-b643-587aa5c6ffb0","event":"request_completed","requestId":"f508cb41-6349-493d-b643-587aa5c6ffb0","method":"GET","route":"/api/v1/auth/me","statusCode":200,"latencyMs":12.237,"msg":"request completed"}
{"level":30,"time":1789777267297,"pid":19535,"hostname":"Glebs-MacBook-Pro.local","reqId":"88a6fe5c-10a1-47ab-8da9-956e0dd6dcbf","event":"request_completed","requestId":"88a6fe5c-10a1-47ab-8da9-956e0dd6dcbf","method":"GET","route":"/api/v1/notifications","statusCode":200,"latencyMs":32.376,"msg":"request completed"}
{"level":30,"time":1789777267339,"pid":19535,"hostname":"Glebs-MacBook-Pro.local","reqId":"3bec92d6-8c83-45e5-aee2-ce9785208d80","event":"request_completed","requestId":"3bec92d6-8c83-45e5-aee2-ce9785208d80","method":"GET","route":"/api/v1/auth/me","statusCode":200,"latencyMs":4.907,"msg":"request completed"}
{"level":30,"time":1789777267342,"pid":19535,"hostname":"Glebs-MacBook-Pro.local","reqId":"8a0e9126-e726-4268-beab-5d32d1750d65","event":"request_completed","requestId":"8a0e9126-e726-4268-beab-5d32d1750d65","method":"GET","route":"/api/v1/home","statusCode":200,"latencyMs":75.412,"msg":"request completed"}
{"level":30,"time":1789777267366,"pid":19535,"hostname":"Glebs-MacBook-Pro.local","reqId":"4656a972-bf89-4384-9a5c-9e790a1994f0","event":"request_completed","requestId":"4656a972-bf89-4384-9a5c-9e790a1994f0","method":"GET","route":"/api/v1/notifications","statusCode":200,"latencyMs":15.515,"msg":"request completed"}
{"level":30,"time":1789777267370,"pid":19535,"hostname":"Glebs-MacBook-Pro.local","reqId":"30b0626d-e697-47e5-954d-cbe9f7f58585","event":"request_completed","requestId":"30b0626d-e697-47e5-954d-cbe9f7f58585","method":"GET","route":"/api/v1/matches/create-options","statusCode":200,"latencyMs":19.92,"msg":"request completed"}
{"level":30,"time":1789777267476,"pid":19535,"hostname":"Glebs-MacBook-Pro.local","reqId":"d4e6ffa3-35f2-4bc0-892f-b1387f8d1ab5","event":"request_completed","requestId":"d4e6ffa3-35f2-4bc0-892f-b1387f8d1ab5","method":"POST","route":"/api/v1/matches","statusCode":200,"latencyMs":18.863,"msg":"request completed"}
{"level":30,"time":1789777267493,"pid":19535,"hostname":"Glebs-MacBook-Pro.local","reqId":"9c5c279d-41b4-4a61-9f8c-fd19d2326453","event":"request_completed","requestId":"9c5c279d-41b4-4a61-9f8c-fd19d2326453","method":"GET","route":"/api/v1/matches/:matchId","statusCode":200,"latencyMs":12.842,"msg":"request completed"}
{"level":30,"time":1789777267554,"pid":19535,"hostname":"Glebs-MacBook-Pro.local","reqId":"0989f388-649d-43e2-ad2e-97f1d4a9739f","event":"request_completed","requestId":"0989f388-649d-43e2-ad2e-97f1d4a9739f","method":"GET","route":"/api/v1/matches/:matchId","statusCode":200,"latencyMs":12.985,"msg":"request completed"}
{"level":30,"time":1789777267579,"pid":19535,"hostname":"Glebs-MacBook-Pro.local","reqId":"a1857f76-b441-402f-95df-549ac5afb067","event":"request_completed","requestId":"a1857f76-b441-402f-95df-549ac5afb067","method":"POST","route":"/api/v1/matches/:matchId/judge/acquire","statusCode":200,"latencyMs":23.003,"msg":"request completed"}
{"level":30,"time":1789777267591,"pid":19535,"hostname":"Glebs-MacBook-Pro.local","reqId":"07dac24f-c513-48e9-8a4f-29adc0303154","event":"request_completed","requestId":"07dac24f-c513-48e9-8a4f-29adc0303154","method":"GET","route":"/api/v1/matches/:matchId","statusCode":200,"latencyMs":10.884,"msg":"request completed"}
{"level":30,"time":1789777267600,"pid":19535,"hostname":"Glebs-MacBook-Pro.local","reqId":"1e19090f-39ca-4ea5-a3d7-9955c469de19","event":"request_completed","requestId":"1e19090f-39ca-4ea5-a3d7-9955c469de19","method":"POST","route":"/api/v1/matches/:matchId/judge/heartbeat","statusCode":200,"latencyMs":5.891,"msg":"request completed"}
{"level":30,"time":1789777267613,"pid":19535,"hostname":"Glebs-MacBook-Pro.local","reqId":"381d92b3-6eeb-42c3-9416-561a926ff157","event":"request_completed","requestId":"381d92b3-6eeb-42c3-9416-561a926ff157","method":"GET","route":"/api/v1/matches/:matchId","statusCode":200,"latencyMs":11.206,"msg":"request completed"}
{"level":30,"time":1789777267710,"pid":19535,"hostname":"Glebs-MacBook-Pro.local","reqId":"835061d6-c4e4-4253-8b0f-11d3b704c4f6","event":"request_completed","requestId":"835061d6-c4e4-4253-8b0f-11d3b704c4f6","method":"POST","route":"/api/v1/matches/:matchId/start","statusCode":200,"latencyMs":37.432,"msg":"request completed"}
{"level":30,"time":1789777267735,"pid":19535,"hostname":"Glebs-MacBook-Pro.local","reqId":"e4ad74bc-3cbd-4d41-9e94-eb9603090287","event":"request_completed","requestId":"e4ad74bc-3cbd-4d41-9e94-eb9603090287","method":"POST","route":"/api/v1/matches/:matchId/judge/setup","statusCode":200,"latencyMs":23.498,"msg":"request completed"}
{"level":30,"time":1789777267746,"pid":19535,"hostname":"Glebs-MacBook-Pro.local","reqId":"146fe085-5cc4-4b21-8c80-b0655295806d","event":"request_completed","requestId":"146fe085-5cc4-4b21-8c80-b0655295806d","method":"POST","route":"/api/v1/matches/:matchId/judge/heartbeat","statusCode":200,"latencyMs":6.61,"msg":"request completed"}
{"level":30,"time":1789777267761,"pid":19535,"hostname":"Glebs-MacBook-Pro.local","reqId":"82935b43-9dac-48ff-b226-1c109b423d8b","event":"request_completed","requestId":"82935b43-9dac-48ff-b226-1c109b423d8b","method":"GET","route":"/api/v1/matches/:matchId","statusCode":200,"latencyMs":13.594,"msg":"request completed"}
{"level":30,"time":1789777268086,"pid":19535,"hostname":"Glebs-MacBook-Pro.local","reqId":"bf23f6cb-ec99-405a-8fb7-50ed2bc02917","event":"request_completed","requestId":"bf23f6cb-ec99-405a-8fb7-50ed2bc02917","method":"GET","route":"/api/v1/users/directory","statusCode":200,"latencyMs":13.087,"msg":"request completed"}
{"level":30,"time":1789777268525,"pid":19535,"hostname":"Glebs-MacBook-Pro.local","reqId":"727905be-d459-4b96-9632-42b397e4405f","event":"request_completed","requestId":"727905be-d459-4b96-9632-42b397e4405f","method":"POST","route":"/api/v1/matches/:matchId/points","statusCode":200,"latencyMs":52.468,"msg":"request completed"}
{"level":30,"time":1789777268585,"pid":19535,"hostname":"Glebs-MacBook-Pro.local","reqId":"756dc871-5c89-4290-a603-4f34a9e4fccd","event":"request_completed","requestId":"756dc871-5c89-4290-a603-4f34a9e4fccd","method":"GET","route":"/api/v1/matches/:matchId","statusCode":200,"latencyMs":29.626,"msg":"request completed"}
{"level":30,"time":1789777268662,"pid":19535,"hostname":"Glebs-MacBook-Pro.local","reqId":"5b071b17-1b4f-4d33-ae8b-c168bcf71050","event":"request_completed","requestId":"5b071b17-1b4f-4d33-ae8b-c168bcf71050","method":"GET","route":"/api/v1/matches/:matchId","statusCode":200,"latencyMs":30.227,"msg":"request completed"}
{"level":30,"time":1789777268707,"pid":19535,"hostname":"Glebs-MacBook-Pro.local","reqId":"2e43ca76-ea78-4562-bd16-4e1a15d53c85","event":"request_completed","requestId":"2e43ca76-ea78-4562-bd16-4e1a15d53c85","method":"POST","route":"/api/v1/matches/:matchId/cancel","statusCode":200,"latencyMs":41.705,"msg":"request completed"}
{"level":30,"time":1789777268733,"pid":19535,"hostname":"Glebs-MacBook-Pro.local","reqId":"72660a1b-64af-41fa-b915-12b7c54d5c4d","event":"request_completed","requestId":"72660a1b-64af-41fa-b915-12b7c54d5c4d","method":"GET","route":"/api/v1/matches/:matchId","statusCode":200,"latencyMs":23.208,"msg":"request completed"}
  ✓  58 [chromium-mobile-390] › tests/e2e/wave-f-a11y.spec.ts:149:5 › Wave F judge disclosure score and landscape (2.0s)
{"level":30,"time":1789777268836,"pid":19535,"hostname":"Glebs-MacBook-Pro.local","reqId":"6d7f537c-0050-4405-abef-b147388fd889","event":"request_completed","requestId":"6d7f537c-0050-4405-abef-b147388fd889","method":"GET","route":"/health","statusCode":200,"latencyMs":0.115,"msg":"request completed"}
{"level":30,"time":1789777268866,"pid":19535,"hostname":"Glebs-MacBook-Pro.local","reqId":"a7db5c8d-12ab-466f-b30e-37b1aff0d5b4","event":"request_completed","requestId":"a7db5c8d-12ab-466f-b30e-37b1aff0d5b4","method":"POST","route":"/api/v1/auth/login","statusCode":200,"latencyMs":26.866,"msg":"request completed"}
{"level":30,"time":1789777268889,"pid":19535,"hostname":"Glebs-MacBook-Pro.local","reqId":"115c3123-9d78-46ce-8f37-8a3abffcd757","event":"request_completed","requestId":"115c3123-9d78-46ce-8f37-8a3abffcd757","method":"PATCH","route":"/api/v1/me/onboarding","statusCode":200,"latencyMs":19.581,"msg":"request completed"}
{"level":30,"time":1789777268905,"pid":19535,"hostname":"Glebs-MacBook-Pro.local","reqId":"8b597df9-5fbb-4bd0-bb52-5b929189af0c","event":"request_completed","requestId":"8b597df9-5fbb-4bd0-bb52-5b929189af0c","method":"PATCH","route":"/api/v1/me/onboarding","statusCode":200,"latencyMs":12.679,"msg":"request completed"}
{"level":30,"time":1789777269170,"pid":19535,"hostname":"Glebs-MacBook-Pro.local","reqId":"2cc89031-ecf9-40c8-825c-9ac1ddf4b0e6","event":"request_completed","requestId":"2cc89031-ecf9-40c8-825c-9ac1ddf4b0e6","method":"GET","route":"/api/v1/auth/me","statusCode":401,"latencyMs":0.179,"msg":"request completed"}
{"level":30,"time":1789777269333,"pid":19535,"hostname":"Glebs-MacBook-Pro.local","reqId":"a743a669-baca-4f86-9aee-5a9b4bae1129","event":"request_completed","requestId":"a743a669-baca-4f86-9aee-5a9b4bae1129","method":"POST","route":"/api/v1/auth/login","statusCode":200,"latencyMs":30.383,"msg":"request completed"}
{"level":30,"time":1789777269355,"pid":19535,"hostname":"Glebs-MacBook-Pro.local","reqId":"5f05ae2d-004c-4866-99a2-2de75423d058","event":"request_completed","requestId":"5f05ae2d-004c-4866-99a2-2de75423d058","method":"GET","route":"/api/v1/auth/me","statusCode":200,"latencyMs":19.288,"msg":"request completed"}
{"level":30,"time":1789777269428,"pid":19535,"hostname":"Glebs-MacBook-Pro.local","reqId":"615c9007-e5cd-41d7-a8ff-6031160d894f","event":"request_completed","requestId":"615c9007-e5cd-41d7-a8ff-6031160d894f","method":"PATCH","route":"/api/v1/me/onboarding","statusCode":200,"latencyMs":9.105,"msg":"request completed"}
{"level":30,"time":1789777269482,"pid":19535,"hostname":"Glebs-MacBook-Pro.local","reqId":"e3a9db8f-3b3d-4ac7-9b58-4f6f060c3d35","event":"request_completed","requestId":"e3a9db8f-3b3d-4ac7-9b58-4f6f060c3d35","method":"PATCH","route":"/api/v1/me/onboarding","statusCode":200,"latencyMs":5.581,"msg":"request completed"}
{"level":30,"time":1789777269512,"pid":19535,"hostname":"Glebs-MacBook-Pro.local","reqId":"9aa1dc3d-cf72-43a7-bb45-a2bdf66d1e6d","event":"request_completed","requestId":"9aa1dc3d-cf72-43a7-bb45-a2bdf66d1e6d","method":"GET","route":"/api/v1/auth/me","statusCode":200,"latencyMs":5.411,"msg":"request completed"}
{"level":30,"time":1789777269544,"pid":19535,"hostname":"Glebs-MacBook-Pro.local","reqId":"0db8f155-5aea-4c35-805f-ed9b4128bcb5","event":"request_completed","requestId":"0db8f155-5aea-4c35-805f-ed9b4128bcb5","method":"GET","route":"/api/v1/notifications","statusCode":200,"latencyMs":23.402,"msg":"request completed"}
{"level":30,"time":1789777269554,"pid":19535,"hostname":"Glebs-MacBook-Pro.local","reqId":"33bb00d7-874e-4465-b1bd-52591ff36ee1","event":"request_completed","requestId":"33bb00d7-874e-4465-b1bd-52591ff36ee1","method":"GET","route":"/api/v1/auth/me","statusCode":200,"latencyMs":5.133,"msg":"request completed"}
{"level":30,"time":1789777269571,"pid":19535,"hostname":"Glebs-MacBook-Pro.local","reqId":"51c71844-d692-4800-8157-0aacb95ba488","event":"request_completed","requestId":"51c71844-d692-4800-8157-0aacb95ba488","method":"GET","route":"/api/v1/notifications","statusCode":200,"latencyMs":13.371,"msg":"request completed"}
{"level":30,"time":1789777269576,"pid":19535,"hostname":"Glebs-MacBook-Pro.local","reqId":"b3fc2ecb-bde7-4004-8830-6a1ac215b490","event":"request_completed","requestId":"b3fc2ecb-bde7-4004-8830-6a1ac215b490","method":"GET","route":"/api/v1/home","statusCode":200,"latencyMs":55.433,"msg":"request completed"}
{"level":30,"time":1789777269641,"pid":19535,"hostname":"Glebs-MacBook-Pro.local","reqId":"aa4966f9-5d14-4ac0-9acd-715e709f3727","event":"request_completed","requestId":"aa4966f9-5d14-4ac0-9acd-715e709f3727","method":"POST","route":"/api/v1/notifications/read-visible","statusCode":200,"latencyMs":6.199,"msg":"request completed"}
{"level":30,"time":1789777270318,"pid":19535,"hostname":"Glebs-MacBook-Pro.local","reqId":"2c4252f3-1ed7-4650-a03d-771269e24acb","event":"request_completed","requestId":"2c4252f3-1ed7-4650-a03d-771269e24acb","method":"GET","route":"/api/v1/auth/me","statusCode":200,"latencyMs":9.378,"msg":"request completed"}
  ✓  59 [chromium-mobile-390] › tests/e2e/wave-f-a11y.spec.ts:165:5 › Wave F onboarding heading and recovery states keep keyboard context (1.6s)
{"level":30,"time":1789777270462,"pid":19535,"hostname":"Glebs-MacBook-Pro.local","reqId":"1a9d70c9-5a19-4e12-b601-3d65b5da0eb5","event":"request_completed","requestId":"1a9d70c9-5a19-4e12-b601-3d65b5da0eb5","method":"GET","route":"/health","statusCode":200,"latencyMs":0.11,"msg":"request completed"}
{"level":30,"time":1789777270495,"pid":19535,"hostname":"Glebs-MacBook-Pro.local","reqId":"14de8858-e956-4e66-aba0-2ccecaceced7","event":"request_completed","requestId":"14de8858-e956-4e66-aba0-2ccecaceced7","method":"POST","route":"/api/v1/auth/login","statusCode":200,"latencyMs":29.434,"msg":"request completed"}
{"level":30,"time":1789777270509,"pid":19535,"hostname":"Glebs-MacBook-Pro.local","reqId":"19585b9f-1c77-461c-aa43-8ef3b3b83a42","event":"request_completed","requestId":"19585b9f-1c77-461c-aa43-8ef3b3b83a42","method":"PATCH","route":"/api/v1/me/onboarding","statusCode":200,"latencyMs":10.865,"msg":"request completed"}
{"level":30,"time":1789777270538,"pid":19535,"hostname":"Glebs-MacBook-Pro.local","reqId":"669a45a8-3e9a-4d5b-b347-73ccbb8200f0","event":"request_completed","requestId":"669a45a8-3e9a-4d5b-b347-73ccbb8200f0","method":"POST","route":"/api/v1/tournaments","statusCode":200,"latencyMs":24.048,"msg":"request completed"}
{"level":30,"time":1789777270586,"pid":19535,"hostname":"Glebs-MacBook-Pro.local","reqId":"1da8c466-8e4b-412c-915d-5b2e47e29739","event":"request_completed","requestId":"1da8c466-8e4b-412c-915d-5b2e47e29739","method":"POST","route":"/api/v1/tournaments/:id/participants","statusCode":200,"latencyMs":44.045,"msg":"request completed"}
{"level":30,"time":1789777270620,"pid":19535,"hostname":"Glebs-MacBook-Pro.local","reqId":"70e79a62-b742-409d-a49a-3e39a44ea094","event":"request_completed","requestId":"70e79a62-b742-409d-a49a-3e39a44ea094","method":"POST","route":"/api/v1/tournaments/:id/participants","statusCode":200,"latencyMs":29.738,"msg":"request completed"}
{"level":30,"time":1789777270649,"pid":19535,"hostname":"Glebs-MacBook-Pro.local","reqId":"54d3a832-dcc6-4754-a8d7-a8825673cc4a","event":"request_completed","requestId":"54d3a832-dcc6-4754-a8d7-a8825673cc4a","method":"POST","route":"/api/v1/tournaments/:id/participants","statusCode":200,"latencyMs":23.875,"msg":"request completed"}
{"level":30,"time":1789777270915,"pid":19535,"hostname":"Glebs-MacBook-Pro.local","reqId":"d66508ab-c154-4972-a5dd-e6bfacf75681","event":"request_completed","requestId":"d66508ab-c154-4972-a5dd-e6bfacf75681","method":"GET","route":"/api/v1/auth/me","statusCode":401,"latencyMs":0.12,"msg":"request completed"}
{"level":30,"time":1789777271077,"pid":19535,"hostname":"Glebs-MacBook-Pro.local","reqId":"6c1f17f8-821f-4a86-9b8a-4536aa541774","event":"request_completed","requestId":"6c1f17f8-821f-4a86-9b8a-4536aa541774","method":"POST","route":"/api/v1/auth/login","statusCode":200,"latencyMs":28.992,"msg":"request completed"}
{"level":30,"time":1789777271092,"pid":19535,"hostname":"Glebs-MacBook-Pro.local","reqId":"27c613f3-caea-46ed-b771-2ba5c79e7c52","event":"request_completed","requestId":"27c613f3-caea-46ed-b771-2ba5c79e7c52","method":"GET","route":"/api/v1/auth/me","statusCode":200,"latencyMs":12.532,"msg":"request completed"}
{"level":30,"time":1789777271127,"pid":19535,"hostname":"Glebs-MacBook-Pro.local","reqId":"ba79499f-d4c7-448f-b771-9efc613c436b","event":"request_completed","requestId":"ba79499f-d4c7-448f-b771-9efc613c436b","method":"GET","route":"/api/v1/notifications","statusCode":200,"latencyMs":46.773,"msg":"request completed"}
{"level":30,"time":1789777271159,"pid":19535,"hostname":"Glebs-MacBook-Pro.local","reqId":"bc24a8f5-db3e-499b-9009-4c8d184cccdf","event":"request_completed","requestId":"bc24a8f5-db3e-499b-9009-4c8d184cccdf","method":"GET","route":"/api/v1/auth/me","statusCode":200,"latencyMs":4.341,"msg":"request completed"}
{"level":30,"time":1789777271160,"pid":19535,"hostname":"Glebs-MacBook-Pro.local","reqId":"2b4e872e-58ec-4b02-b47f-d260b6c42682","event":"request_completed","requestId":"2b4e872e-58ec-4b02-b47f-d260b6c42682","method":"GET","route":"/api/v1/home","statusCode":200,"latencyMs":77.574,"msg":"request completed"}
{"level":30,"time":1789777271177,"pid":19535,"hostname":"Glebs-MacBook-Pro.local","reqId":"3fca2781-dfd7-4c9a-ae5f-0d876c314641","event":"request_completed","requestId":"3fca2781-dfd7-4c9a-ae5f-0d876c314641","method":"GET","route":"/api/v1/notifications","statusCode":200,"latencyMs":10.741,"msg":"request completed"}
{"level":30,"time":1789777271179,"pid":19535,"hostname":"Glebs-MacBook-Pro.local","reqId":"c14c7c4b-3ba0-4d41-8f52-ab9c759560c1","event":"request_completed","requestId":"c14c7c4b-3ba0-4d41-8f52-ab9c759560c1","method":"GET","route":"/api/v1/tournaments/:id","statusCode":200,"latencyMs":12.506,"msg":"request completed"}
{"level":30,"time":1789777271187,"pid":19535,"hostname":"Glebs-MacBook-Pro.local","reqId":"b60afc8e-0f90-48f9-aad7-07c3c5bbf680","event":"request_completed","requestId":"b60afc8e-0f90-48f9-aad7-07c3c5bbf680","method":"GET","route":"/api/v1/users/directory","statusCode":200,"latencyMs":4.146,"msg":"request completed"}
  ✘  60 [chromium-mobile-390] › tests/e2e/wave-f-a11y.spec.ts:187:5 › Wave F dialog review recovers hidden removed and busy focus (11.2s)


  1) [chromium-desktop] › tests/e2e/wave-e-user.spec.ts:95:5 › GAP-012 operator creates A-vs-B, edits it and starts without player consent 

    Test timeout of 90000ms exceeded.

    Error: locator.click: Test timeout of 90000ms exceeded.
    Call log:
      - waiting for getByRole('option', { name: 'Первый chromium-desktop Проверочный', exact: true })


      112 |     await expect(page.getByLabel("Пригласить выбранных игроков", { exact: true })).toHaveCount(0);
      113 |     await page.getByRole("combobox", { name: "Игрок A", exact: true }).fill(playerA.label);
    > 114 |     await page.getByRole("option", { name: playerA.label, exact: true }).click();
          |                                                                          ^
      115 |     await page.getByRole("combobox", { name: "Соперник", exact: true }).fill(playerB.label);
      116 |     await page.getByRole("option", { name: playerB.label, exact: true }).click();
      117 |     await expect(page.getByRole("combobox", { name: "Судья (необязательно)", exact: true })).toHaveCount(0);
        at /Users/liubavskii/.codex/worktrees/c870/tab10/tests/e2e/wave-e-user.spec.ts:114:74

    attachment #1: screenshot (image/png) ──────────────────────────────────────────────────────────
    ../../../../../../private/tmp/tab10-stage3-browser-final-LGc9Sz/playwright-output/wave-e-user-GAP-012-operat-b890e-arts-without-player-consent-chromium-desktop/test-failed-1.png
    ────────────────────────────────────────────────────────────────────────────────────────────────

    attachment #2: video (video/webm) ──────────────────────────────────────────────────────────────
    ../../../../../../private/tmp/tab10-stage3-browser-final-LGc9Sz/playwright-output/wave-e-user-GAP-012-operat-b890e-arts-without-player-consent-chromium-desktop/video.webm
    ────────────────────────────────────────────────────────────────────────────────────────────────

    Error Context: ../../../../../../private/tmp/tab10-stage3-browser-final-LGc9Sz/playwright-output/wave-e-user-GAP-012-operat-b890e-arts-without-player-consent-chromium-desktop/error-context.md

    attachment #4: trace (application/zip) ─────────────────────────────────────────────────────────
    ../../../../../../private/tmp/tab10-stage3-browser-final-LGc9Sz/playwright-output/wave-e-user-GAP-012-operat-b890e-arts-without-player-consent-chromium-desktop/trace.zip
    Usage:

        pnpm exec playwright show-trace ../../../../../../private/tmp/tab10-stage3-browser-final-LGc9Sz/playwright-output/wave-e-user-GAP-012-operat-b890e-arts-without-player-consent-chromium-desktop/trace.zip

    ────────────────────────────────────────────────────────────────────────────────────────────────

  2) [chromium-desktop] › tests/e2e/wave-f-a11y.spec.ts:187:5 › Wave F dialog review recovers hidden removed and busy focus 

    Error: expect(locator).toBeEnabled() failed

    Locator:  getByRole('dialog').getByRole('button', { name: 'Построить сетку', exact: true })
    Expected: enabled
    Received: disabled
    Timeout:  10000ms

    Call log:
      - Expect "toBeEnabled" getByRole('dialog').getByRole('button', { name: 'Построить сетку', exact: true }) with timeout 10000ms
      - waiting for getByRole('dialog').getByRole('button', { name: 'Построить сетку', exact: true })
        24 × locator resolved to <button disabled type="button" aria-disabled="true" class="_root_1mx9c_2 _containedPrimary_1mx9c_136 _sizeMd_1mx9c_81">…</button>
           - unexpected value "disabled"


      226 |     await capture(page, 'dialog-review-busy');
      227 |     releaseRequest();
    > 228 |     await expect(submit).toBeEnabled(); await page.unrouteAll({ behavior: 'wait' });
          |                          ^
      229 |     await close.press('Escape'); await expect(dialog).not.toBeVisible(); await expect(trigger).toBeFocused();
      230 |   } finally {
      231 |     releaseRequest?.(); await page.unrouteAll({ behavior: 'wait' }); await api.dispose();
        at /Users/liubavskii/.codex/worktrees/c870/tab10/tests/e2e/wave-f-a11y.spec.ts:228:26

    attachment #1: screenshot (image/png) ──────────────────────────────────────────────────────────
    ../../../../../../private/tmp/tab10-stage3-browser-final-LGc9Sz/playwright-output/wave-f-a11y-Wave-F-dialog--ff63b-dden-removed-and-busy-focus-chromium-desktop/test-failed-1.png
    ────────────────────────────────────────────────────────────────────────────────────────────────

    attachment #2: video (video/webm) ──────────────────────────────────────────────────────────────
    ../../../../../../private/tmp/tab10-stage3-browser-final-LGc9Sz/playwright-output/wave-f-a11y-Wave-F-dialog--ff63b-dden-removed-and-busy-focus-chromium-desktop/video.webm
    ────────────────────────────────────────────────────────────────────────────────────────────────

    Error Context: ../../../../../../private/tmp/tab10-stage3-browser-final-LGc9Sz/playwright-output/wave-f-a11y-Wave-F-dialog--ff63b-dden-removed-and-busy-focus-chromium-desktop/error-context.md

    attachment #4: trace (application/zip) ─────────────────────────────────────────────────────────
    ../../../../../../private/tmp/tab10-stage3-browser-final-LGc9Sz/playwright-output/wave-f-a11y-Wave-F-dialog--ff63b-dden-removed-and-busy-focus-chromium-desktop/trace.zip
    Usage:

        pnpm exec playwright show-trace ../../../../../../private/tmp/tab10-stage3-browser-final-LGc9Sz/playwright-output/wave-f-a11y-Wave-F-dialog--ff63b-dden-removed-and-busy-focus-chromium-desktop/trace.zip

    ────────────────────────────────────────────────────────────────────────────────────────────────

  3) [chromium-mobile-390] › tests/e2e/wave-f-a11y.spec.ts:187:5 › Wave F dialog review recovers hidden removed and busy focus 

    Error: expect(locator).toBeEnabled() failed

    Locator:  getByRole('dialog').getByRole('button', { name: 'Построить сетку', exact: true })
    Expected: enabled
    Received: disabled
    Timeout:  10000ms

    Call log:
      - Expect "toBeEnabled" getByRole('dialog').getByRole('button', { name: 'Построить сетку', exact: true }) with timeout 10000ms
      - waiting for getByRole('dialog').getByRole('button', { name: 'Построить сетку', exact: true })
        24 × locator resolved to <button disabled type="button" aria-disabled="true" class="_root_1mx9c_2 _containedPrimary_1mx9c_136 _sizeMd_1mx9c_81">…</button>
           - unexpected value "disabled"


      226 |     await capture(page, 'dialog-review-busy');
      227 |     releaseRequest();
    > 228 |     await expect(submit).toBeEnabled(); await page.unrouteAll({ behavior: 'wait' });
          |                          ^
      229 |     await close.press('Escape'); await expect(dialog).not.toBeVisible(); await expect(trigger).toBeFocused();
      230 |   } finally {
      231 |     releaseRequest?.(); await page.unrouteAll({ behavior: 'wait' }); await api.dispose();
        at /Users/liubavskii/.codex/worktrees/c870/tab10/tests/e2e/wave-f-a11y.spec.ts:228:26

    attachment #1: screenshot (image/png) ──────────────────────────────────────────────────────────
    ../../../../../../private/tmp/tab10-stage3-browser-final-LGc9Sz/playwright-output/wave-f-a11y-Wave-F-dialog--ff63b-dden-removed-and-busy-focus-chromium-mobile-390/test-failed-1.png
    ────────────────────────────────────────────────────────────────────────────────────────────────

    attachment #2: video (video/webm) ──────────────────────────────────────────────────────────────
    ../../../../../../private/tmp/tab10-stage3-browser-final-LGc9Sz/playwright-output/wave-f-a11y-Wave-F-dialog--ff63b-dden-removed-and-busy-focus-chromium-mobile-390/video.webm
    ────────────────────────────────────────────────────────────────────────────────────────────────

    Error Context: ../../../../../../private/tmp/tab10-stage3-browser-final-LGc9Sz/playwright-output/wave-f-a11y-Wave-F-dialog--ff63b-dden-removed-and-busy-focus-chromium-mobile-390/error-context.md

    attachment #4: trace (application/zip) ─────────────────────────────────────────────────────────
    ../../../../../../private/tmp/tab10-stage3-browser-final-LGc9Sz/playwright-output/wave-f-a11y-Wave-F-dialog--ff63b-dden-removed-and-busy-focus-chromium-mobile-390/trace.zip
    Usage:

        pnpm exec playwright show-trace ../../../../../../private/tmp/tab10-stage3-browser-final-LGc9Sz/playwright-output/wave-f-a11y-Wave-F-dialog--ff63b-dden-removed-and-busy-focus-chromium-mobile-390/trace.zip

    ────────────────────────────────────────────────────────────────────────────────────────────────

  3 failed
    [chromium-desktop] › tests/e2e/wave-e-user.spec.ts:95:5 › GAP-012 operator creates A-vs-B, edits it and starts without player consent 
    [chromium-desktop] › tests/e2e/wave-f-a11y.spec.ts:187:5 › Wave F dialog review recovers hidden removed and busy focus 
    [chromium-mobile-390] › tests/e2e/wave-f-a11y.spec.ts:187:5 › Wave F dialog review recovers hidden removed and busy focus 
  57 passed (5.3m)
file:///Users/liubavskii/.codex/worktrees/c870/tab10/scripts/verify/assert-test-report.mjs:24
    throw new Error(
          ^

Error: /private/tmp/tab10-stage3-browser-final-LGc9Sz/playwright-results.json: expected 0 failed/skipped/todo/interrupted, got {"total":60,"passed":57,"failed":3,"skipped":0,"todo":0,"interrupted":0}
    at ensureZero (file:///Users/liubavskii/.codex/worktrees/c870/tab10/scripts/verify/assert-test-report.mjs:24:11)
    at assertPlaywrightReport (file:///Users/liubavskii/.codex/worktrees/c870/tab10/scripts/verify/assert-test-report.mjs:136:10)
    at async file:///Users/liubavskii/.codex/worktrees/c870/tab10/scripts/verify/run-prodlike-e2e.mjs:207:3

Node.js v24.20.0
 ELIFECYCLE  Command failed with exit code 1.
