
> 10is-ball@4.1.1 ci /Users/liubavskii/.codex/worktrees/c870/tab10
> pnpm run verify:all


> 10is-ball@4.1.1 verify:all /Users/liubavskii/.codex/worktrees/c870/tab10
> node scripts/verify/run-local.mjs


> Disposable Compose cleanup foundation
Cleanup foundation: 4 passed, 0 failed, 0 skipped, 0 todo, 0 interrupted

> Quality and fast zero-skip suites

> 10is-ball@4.1.1 verify:fast /Users/liubavskii/.codex/worktrees/c870/tab10
> node scripts/verify/doctor.mjs && pnpm --filter @tab10/shared --filter @tab10/test-utils run build && pnpm audit:check && pnpm lint && pnpm typecheck && pnpm build && pnpm test:fast

Toolchain ready: Node 24.20.0, pnpm 9.15.0
Scope: 2 of 6 workspace projects
packages/shared build$ tsc -p tsconfig.json
packages/test-utils build$ tsc -p tsconfig.json
packages/test-utils build: Done
packages/shared build: Done

> 10is-ball@4.1.1 audit:check /Users/liubavskii/.codex/worktrees/c870/tab10
> pnpm audit:docs && pnpm audit:routes && pnpm audit:secrets:self-test && pnpm audit:secrets && pnpm audit:reproduce-busy-bye


> 10is-ball@4.1.1 audit:docs /Users/liubavskii/.codex/worktrees/c870/tab10
> node scripts/audit/check-docs.mjs

{
  "checkedFiles": 172,
  "brokenLinks": [],
  "brokenAnchors": [],
  "backlogDefinitionCount": 102,
  "duplicateBacklogDefinitions": [],
  "malformedBacklogHeadings": [],
  "incompleteBacklogItems": [],
  "invalidBacklogStatuses": [],
  "unknownBacklogReferences": []
}

> 10is-ball@4.1.1 audit:routes /Users/liubavskii/.codex/worktrees/c870/tab10
> node scripts/audit/route-openapi-inventory.mjs --baseline docs/audit/evidence/route-openapi-inventory.json

{
  "schemaVersion": 1,
  "source": "apps/api/src/app.ts",
  "openApiSource": "apps/api/src/openapi.ts",
  "inventoryMethod": "direct literal app.<method>() registrations and openApiSpec paths across their source files",
  "limitations": [
    "Routes registered dynamically, through plugins, or outside apps/api/src/app.ts require a separate inventory update"
  ],
  "registeredCount": 84,
  "documentedCount": 84,
  "registeredPathCount": 75,
  "documentedPathCount": 75,
  "coveragePercent": 100,
  "registered": [
    "DELETE /api/v1/admin/matches/{matchId}",
    "DELETE /api/v1/auth/sessions/{sessionId}",
    "DELETE /api/v1/teams/{id}/members/{userId}",
    "DELETE /api/v1/tournaments/{id}/invitations/{invitationId}",
    "DELETE /api/v1/tournaments/{id}/participants/{participantId}",
    "GET /api/v1/admin/users",
    "GET /api/v1/auth/me",
    "GET /api/v1/auth/sessions",
    "GET /api/v1/faq",
    "GET /api/v1/history",
    "GET /api/v1/home",
    "GET /api/v1/matches",
    "GET /api/v1/matches/create-options",
    "GET /api/v1/matches/{matchId}",
    "GET /api/v1/notifications",
    "GET /api/v1/openapi.json",
    "GET /api/v1/players/{userId}",
    "GET /api/v1/profile/me",
    "GET /api/v1/rankings",
    "GET /api/v1/teams",
    "GET /api/v1/teams/{id}",
    "GET /api/v1/tournaments",
    "GET /api/v1/tournaments/{id}",
    "GET /api/v1/users/directory",
    "GET /health",
    "GET /ready",
    "PATCH /api/v1/admin/users/{userId}",
    "PATCH /api/v1/matches/{matchId}",
    "PATCH /api/v1/me/onboarding",
    "PATCH /api/v1/me/profile",
    "PATCH /api/v1/profile/me",
    "PATCH /api/v1/teams/{id}",
    "PATCH /api/v1/tournaments/{id}",
    "PATCH /api/v1/tournaments/{id}/bracket",
    "POST /api/v1/admin/matches/{matchId}/force-close",
    "POST /api/v1/admin/users",
    "POST /api/v1/admin/users/{userId}/block",
    "POST /api/v1/admin/users/{userId}/reset-password",
    "POST /api/v1/admin/users/{userId}/unblock",
    "POST /api/v1/auth/login",
    "POST /api/v1/auth/logout",
    "POST /api/v1/auth/password/change",
    "POST /api/v1/auth/password/first-change",
    "POST /api/v1/feedback",
    "POST /api/v1/match-invitations/{id}/accept",
    "POST /api/v1/match-invitations/{id}/decline",
    "POST /api/v1/matches",
    "POST /api/v1/matches/tutorial",
    "POST /api/v1/matches/{matchId}/cancel",
    "POST /api/v1/matches/{matchId}/confirm-finish",
    "POST /api/v1/matches/{matchId}/invitations",
    "POST /api/v1/matches/{matchId}/judge/acquire",
    "POST /api/v1/matches/{matchId}/judge/handover",
    "POST /api/v1/matches/{matchId}/judge/heartbeat",
    "POST /api/v1/matches/{matchId}/judge/release",
    "POST /api/v1/matches/{matchId}/judge/setup",
    "POST /api/v1/matches/{matchId}/manual-correction",
    "POST /api/v1/matches/{matchId}/no-show",
    "POST /api/v1/matches/{matchId}/points",
    "POST /api/v1/matches/{matchId}/revert-finish",
    "POST /api/v1/matches/{matchId}/start",
    "POST /api/v1/matches/{matchId}/stop",
    "POST /api/v1/matches/{matchId}/undo",
    "POST /api/v1/matches/{matchId}/void",
    "POST /api/v1/notifications/read-visible",
    "POST /api/v1/notifications/{id}/read",
    "POST /api/v1/team-invitations/{id}/accept",
    "POST /api/v1/team-invitations/{id}/decline",
    "POST /api/v1/team-invitations/{id}/respond",
    "POST /api/v1/teams",
    "POST /api/v1/teams/{id}/captain-transfer",
    "POST /api/v1/teams/{id}/invitations",
    "POST /api/v1/teams/{id}/invite",
    "POST /api/v1/teams/{id}/leave",
    "POST /api/v1/tournament-invitations/{id}/respond",
    "POST /api/v1/tournaments",
    "POST /api/v1/tournaments/{id}/bracket",
    "POST /api/v1/tournaments/{id}/cancel",
    "POST /api/v1/tournaments/{id}/dissolve-bracket",
    "POST /api/v1/tournaments/{id}/invitations",
    "POST /api/v1/tournaments/{id}/participants",
    "POST /api/v1/tournaments/{id}/start",
    "POST /api/v1/tournaments/{id}/stop",
    "POST /api/v1/tournaments/{id}/withdraw"
  ],
  "documented": [
    "DELETE /api/v1/admin/matches/{matchId}",
    "DELETE /api/v1/auth/sessions/{sessionId}",
    "DELETE /api/v1/teams/{id}/members/{userId}",
    "DELETE /api/v1/tournaments/{id}/invitations/{invitationId}",
    "DELETE /api/v1/tournaments/{id}/participants/{participantId}",
    "GET /api/v1/admin/users",
    "GET /api/v1/auth/me",
    "GET /api/v1/auth/sessions",
    "GET /api/v1/faq",
    "GET /api/v1/history",
    "GET /api/v1/home",
    "GET /api/v1/matches",
    "GET /api/v1/matches/create-options",
    "GET /api/v1/matches/{matchId}",
    "GET /api/v1/notifications",
    "GET /api/v1/openapi.json",
    "GET /api/v1/players/{userId}",
    "GET /api/v1/profile/me",
    "GET /api/v1/rankings",
    "GET /api/v1/teams",
    "GET /api/v1/teams/{id}",
    "GET /api/v1/tournaments",
    "GET /api/v1/tournaments/{id}",
    "GET /api/v1/users/directory",
    "GET /health",
    "GET /ready",
    "PATCH /api/v1/admin/users/{userId}",
    "PATCH /api/v1/matches/{matchId}",
    "PATCH /api/v1/me/onboarding",
    "PATCH /api/v1/me/profile",
    "PATCH /api/v1/profile/me",
    "PATCH /api/v1/teams/{id}",
    "PATCH /api/v1/tournaments/{id}",
    "PATCH /api/v1/tournaments/{id}/bracket",
    "POST /api/v1/admin/matches/{matchId}/force-close",
    "POST /api/v1/admin/users",
    "POST /api/v1/admin/users/{userId}/block",
    "POST /api/v1/admin/users/{userId}/reset-password",
    "POST /api/v1/admin/users/{userId}/unblock",
    "POST /api/v1/auth/login",
    "POST /api/v1/auth/logout",
    "POST /api/v1/auth/password/change",
    "POST /api/v1/auth/password/first-change",
    "POST /api/v1/feedback",
    "POST /api/v1/match-invitations/{id}/accept",
    "POST /api/v1/match-invitations/{id}/decline",
    "POST /api/v1/matches",
    "POST /api/v1/matches/tutorial",
    "POST /api/v1/matches/{matchId}/cancel",
    "POST /api/v1/matches/{matchId}/confirm-finish",
    "POST /api/v1/matches/{matchId}/invitations",
    "POST /api/v1/matches/{matchId}/judge/acquire",
    "POST /api/v1/matches/{matchId}/judge/handover",
    "POST /api/v1/matches/{matchId}/judge/heartbeat",
    "POST /api/v1/matches/{matchId}/judge/release",
    "POST /api/v1/matches/{matchId}/judge/setup",
    "POST /api/v1/matches/{matchId}/manual-correction",
    "POST /api/v1/matches/{matchId}/no-show",
    "POST /api/v1/matches/{matchId}/points",
    "POST /api/v1/matches/{matchId}/revert-finish",
    "POST /api/v1/matches/{matchId}/start",
    "POST /api/v1/matches/{matchId}/stop",
    "POST /api/v1/matches/{matchId}/undo",
    "POST /api/v1/matches/{matchId}/void",
    "POST /api/v1/notifications/read-visible",
    "POST /api/v1/notifications/{id}/read",
    "POST /api/v1/team-invitations/{id}/accept",
    "POST /api/v1/team-invitations/{id}/decline",
    "POST /api/v1/team-invitations/{id}/respond",
    "POST /api/v1/teams",
    "POST /api/v1/teams/{id}/captain-transfer",
    "POST /api/v1/teams/{id}/invitations",
    "POST /api/v1/teams/{id}/invite",
    "POST /api/v1/teams/{id}/leave",
    "POST /api/v1/tournament-invitations/{id}/respond",
    "POST /api/v1/tournaments",
    "POST /api/v1/tournaments/{id}/bracket",
    "POST /api/v1/tournaments/{id}/cancel",
    "POST /api/v1/tournaments/{id}/dissolve-bracket",
    "POST /api/v1/tournaments/{id}/invitations",
    "POST /api/v1/tournaments/{id}/participants",
    "POST /api/v1/tournaments/{id}/start",
    "POST /api/v1/tournaments/{id}/stop",
    "POST /api/v1/tournaments/{id}/withdraw"
  ],
  "missingFromOpenApi": [],
  "notRegistered": []
}

> 10is-ball@4.1.1 audit:secrets:self-test /Users/liubavskii/.codex/worktrees/c870/tab10
> node scripts/audit/secret-scan.mjs --self-test

{"status":"passed","cases":25}

> 10is-ball@4.1.1 audit:secrets /Users/liubavskii/.codex/worktrees/c870/tab10
> bash scripts/audit/secret-scan.sh

{
  "schemaVersion": 1,
  "capturedAt": "2026-09-19T00:09:11.632Z",
  "maxBlobBytes": 20000000,
  "discoveredWorktreeFiles": 1460,
  "discoveredIgnoredEnvFiles": 0,
  "scannedWorktreeFiles": 1460,
  "absentWorktreeFiles": 0,
  "scannedRefObjects": 4535,
  "scannedRefBlobs": 3166,
  "discoveredIndexEntries": 1239,
  "scannedIndexBlobs": 1012,
  "indexBlobsCoveredByRefs": 227,
  "skippedInputs": [],
  "candidates": [],
  "reviewedBenignFindings": [
    {
      "scope": "worktree",
      "path": "docs/audits/2026-09-13-ux-ui/admin/evidence/safe-replay/run-admin-audit.mjs",
      "kind": "credential-url",
      "reason": "Frozen audit replay uses a loopback test database URL without a password"
    },
    {
      "scope": "worktree",
      "path": "docs/audits/2026-09-13-ux-ui/match/evidence/replay.mjs",
      "kind": "credential-url",
      "reason": "Frozen audit replay uses a loopback test database URL without a password"
    },
    {
      "scope": "git-refs",
      "object": "03e98c27321d96e2dd519d789488085478ff4dc9",
      "path": "artifacts/ux-audit-2026-09-13/core-checkpoint-07/export/files/docs/audits/2026-09-13-ux-ui/match/evidence/replay.mjs",
      "kind": "credential-url",
      "reason": "Frozen audit replay uses a loopback test database URL without a password"
    },
    {
      "scope": "git-refs",
      "object": "59e876d8c3c4983268dc34ae57f19a270b133fa4",
      "path": "artifacts/ux-audit-2026-09-13/expert-stage-08/export/files/docs/audits/2026-09-13-ux-ui/admin/evidence/safe-replay/run-admin-audit.mjs",
      "kind": "credential-url",
      "reason": "Frozen audit export carries the same reviewed loopback test database URL without a password"
    },
    {
      "scope": "git-refs",
      "object": "8ea18e9b9feb7b96c548f2a062b7d71cfa017473",
      "path": "scripts/backup-rehearsal.sh",
      "kind": "credential-url",
      "reason": "Preserved Codex snapshot ref with a synthetic loopback-only database fixture"
    },
    {
      "scope": "git-refs",
      "object": "2d4a0b6f6eb89c0ad9ea09812e8af94e559c07f0",
      "path": "scripts/ops-safety.test.mjs",
      "kind": "credential-url",
      "reason": "Preserved Codex snapshot ref with a synthetic loopback-only database fixture"
    },
    {
      "scope": "git-refs",
      "object": "2f65baa625b873786559be99c2c84325488a76c1",
      "path": ".github/workflows/ci.yml",
      "kind": "credential-url",
      "reason": "Historical loopback-only tab10 development database example"
    },
    {
      "scope": "git-refs",
      "object": "2f65baa625b873786559be99c2c84325488a76c1",
      "path": ".github/workflows/ci.yml",
      "kind": "secret-assignment",
      "reason": "Historical loopback-only tab10 CI database password"
    },
    {
      "scope": "git-refs",
      "object": "7662a5224327e3c4da1336267a6f8f8481d152db",
      "path": "README.md",
      "kind": "credential-url",
      "reason": "Historical loopback-only tab10 development database example"
    },
    {
      "scope": "git-refs",
      "object": "6b38a04e1bc01dc9c940a15fa30067e62e3eaa61",
      "path": "apps/api/drizzle.config.ts",
      "kind": "credential-url",
      "reason": "Historical loopback-only tab10 development database example"
    },
    {
      "scope": "git-refs",
      "object": "e16323313aa8a3227a857db5bae6fb803bac51a2",
      "path": "scripts/backup-rehearsal.sh",
      "kind": "credential-url",
      "reason": "Historical loopback-only tab10 development database example"
    },
    {
      "scope": "git-refs",
      "object": "bdc0c1d1ba87a4fd2d63947a2bd9c2e890193357",
      "path": ".github/workflows/ci.yml",
      "kind": "credential-url",
      "reason": "Historical loopback-only tab10 development database example"
    },
    {
      "scope": "git-refs",
      "object": "bdc0c1d1ba87a4fd2d63947a2bd9c2e890193357",
      "path": ".github/workflows/ci.yml",
      "kind": "secret-assignment",
      "reason": "Historical loopback-only tab10 CI database password"
    },
    {
      "scope": "git-refs",
      "object": "65891ce648b89167ed531b7ede01e64006c1f0fe",
      "path": "README.md",
      "kind": "credential-url",
      "reason": "Historical loopback-only tab10 development database example"
    },
    {
      "scope": "git-refs",
      "object": "479450ea26674a9dc49c3edb8ac9b34727af1d4f",
      "path": "README.md",
      "kind": "credential-url",
      "reason": "Historical loopback-only tab10 development database example"
    },
    {
      "scope": "git-refs",
      "object": "68f3fb9ff6311e252817d7843272afd7b2c4fd97",
      "path": "README.md",
      "kind": "credential-url",
      "reason": "Historical loopback-only tab10 development database example"
    },
    {
      "scope": "git-refs",
      "object": "698c4c2ce1b33bdb7080ad7956d68cdfa39407e8",
      "path": "README.md",
      "kind": "credential-url",
      "reason": "Historical loopback-only tab10 development database example"
    },
    {
      "scope": "git-index",
      "object": "59e876d8c3c4983268dc34ae57f19a270b133fa4",
      "path": "docs/audits/2026-09-13-ux-ui/admin/evidence/safe-replay/run-admin-audit.mjs",
      "kind": "credential-url",
      "reason": "Frozen audit replay uses a loopback test database URL without a password"
    },
    {
      "scope": "git-index",
      "object": "03e98c27321d96e2dd519d789488085478ff4dc9",
      "path": "docs/audits/2026-09-13-ux-ui/match/evidence/replay.mjs",
      "kind": "credential-url",
      "reason": "Frozen audit replay uses a loopback test database URL without a password"
    }
  ]
}

> 10is-ball@4.1.1 audit:reproduce-busy-bye /Users/liubavskii/.codex/worktrees/c870/tab10
> node scripts/audit/reproduce-tournament-busy-bye.mjs

Verified the deterministic busy-player/bye tournament-start regression.
The busy organizer receives a bye, start is rejected, and tournament state is unchanged.

> 10is-ball@4.1.1 lint /Users/liubavskii/.codex/worktrees/c870/tab10
> pnpm -r run lint

Scope: 5 of 6 workspace projects
packages/ic-kit lint$ echo 'ic-kit vendored; skip'
packages/shared lint$ tsc -p tsconfig.json --noEmit
packages/test-utils lint$ tsc -p tsconfig.json --noEmit
packages/ic-kit lint: ic-kit vendored; skip
packages/ic-kit lint: Done
packages/test-utils lint: Done
packages/shared lint: Done
apps/web lint$ tsc -b --noEmit
apps/api lint$ tsc -p tsconfig.json --noEmit
apps/web lint: Done
apps/api lint: Done

> 10is-ball@4.1.1 typecheck /Users/liubavskii/.codex/worktrees/c870/tab10
> pnpm -r run typecheck

Scope: 5 of 6 workspace projects
packages/test-utils typecheck$ tsc -p tsconfig.json --noEmit
packages/shared typecheck$ tsc -p tsconfig.json --noEmit
packages/ic-kit typecheck$ echo 'ic-kit vendored; skip'
packages/ic-kit typecheck: ic-kit vendored; skip
packages/ic-kit typecheck: Done
packages/test-utils typecheck: Done
packages/shared typecheck: Done
apps/api typecheck$ tsc -p tsconfig.json --noEmit
apps/web typecheck$ tsc -b --noEmit
apps/web typecheck: Done
apps/api typecheck: Done

> 10is-ball@4.1.1 build /Users/liubavskii/.codex/worktrees/c870/tab10
> pnpm -r run build

Scope: 5 of 6 workspace projects
packages/shared build$ tsc -p tsconfig.json
packages/ic-kit build$ echo 'ic-kit vendored; no build'
packages/test-utils build$ tsc -p tsconfig.json
packages/ic-kit build: ic-kit vendored; no build
packages/ic-kit build: Done
packages/test-utils build: Done
packages/shared build: Done
apps/web build$ tsc -b && vite build && node ../../scripts/release/write-web-release.mjs --output dist/release.json
apps/api build$ tsc -p tsconfig.json
apps/web build: vite v6.4.3 building for production...
apps/web build: transforming...
apps/api build: Done
apps/web build: ✓ 115 modules transformed.
apps/web build: rendering chunks...
apps/web build: computing gzip size...
apps/web build: dist/index.html                     0.46 kB │ gzip:     0.30 kB
apps/web build: dist/assets/index-DTlCYQWR.css    717.60 kB │ gzip:   306.36 kB
apps/web build: dist/assets/index-BpjgHcCr.js   4,713.39 kB │ gzip: 1,350.81 kB
apps/web build: ✓ built in 1.17s
apps/web build: (!) Some chunks are larger than 500 kB after minification. Consider:
apps/web build: - Using dynamic import() to code-split the application
apps/web build: - Use build.rollupOptions.output.manualChunks to improve chunking: https://rollupjs.org/configuration-options/#output-manualchunks
apps/web build: - Adjust chunk size limit for this warning via build.chunkSizeWarningLimit.
apps/web build: {"written":"/Users/liubavskii/.codex/worktrees/c870/tab10/apps/web/dist/release.json","release":{"sha":"local","version":"4.1.1","environment":"local","dirty":false}}
apps/web build: Done

> 10is-ball@4.1.1 test:fast /Users/liubavskii/.codex/worktrees/c870/tab10
> node scripts/verify/run-fast.mjs


> Vitest fast suite: shared
JSON report written to /private/tmp/tab10-stage3-aggregate-ci-j6WviZ/quality/vitest-shared.json
/private/tmp/tab10-stage3-aggregate-ci-j6WviZ/quality/vitest-shared.json: 534 passed, 0 failed, 0 skipped, 0 todo, 0 interrupted

> Vitest fast suite: test-utils
JSON report written to /private/tmp/tab10-stage3-aggregate-ci-j6WviZ/quality/vitest-test-utils.json
/private/tmp/tab10-stage3-aggregate-ci-j6WviZ/quality/vitest-test-utils.json: 4 passed, 0 failed, 0 skipped, 0 todo, 0 interrupted

> Vitest fast suite: web
JSON report written to /private/tmp/tab10-stage3-aggregate-ci-j6WviZ/quality/vitest-web.json
/private/tmp/tab10-stage3-aggregate-ci-j6WviZ/quality/vitest-web.json: 287 passed, 0 failed, 0 skipped, 0 todo, 0 interrupted

> Vitest fast suite: api
JSON report written to /private/tmp/tab10-stage3-aggregate-ci-j6WviZ/quality/vitest-api.json
/private/tmp/tab10-stage3-aggregate-ci-j6WviZ/quality/vitest-api.json: 318 passed, 0 failed, 0 skipped, 0 todo, 0 interrupted

> Disposable operations safety
TAP version 13
# Subtest: backup rehearsal rejects remote and non-test database targets
ok 1 - backup rehearsal rejects remote and non-test database targets
  ---
  duration_ms: 3.324209
  type: 'test'
  ...
# Subtest: backup rehearsal requires confirmation and a bounded restore identifier
ok 2 - backup rehearsal requires confirmation and a bounded restore identifier
  ---
  duration_ms: 0.469375
  type: 'test'
  ...
# Subtest: backup rehearsal returns a redacted-safe local admin target
ok 3 - backup rehearsal returns a redacted-safe local admin target
  ---
  duration_ms: 0.147542
  type: 'test'
  ...
# Subtest: local player seed fails closed for production and remote API targets
ok 4 - local player seed fails closed for production and remote API targets
  ---
  duration_ms: 1.734167
  type: 'test'
  ...
# Subtest: backup shell uses a unique temp directory, quoted psql variables, and cleanup
ok 5 - backup shell uses a unique temp directory, quoted psql variables, and cleanup
  ---
  duration_ms: 1118.844708
  type: 'test'
  ...
# Subtest: backup shell rejects a remote source before invoking database tools
ok 6 - backup shell rejects a remote source before invoking database tools
  ---
  duration_ms: 60.381834
  type: 'test'
  ...
# Subtest: seed CLI rejects remote API_BASE before making a request
ok 7 - seed CLI rejects remote API_BASE before making a request
  ---
  duration_ms: 36.062041
  type: 'test'
  ...
1..7
# tests 7
# suites 0
# pass 7
# fail 0
# cancelled 0
# skipped 0
# todo 0
# duration_ms 1270.456417
/private/tmp/tab10-stage3-aggregate-ci-j6WviZ/quality/node-ops-safety.tap: 7 passed, 0 failed, 0 skipped, 0 todo, 0 interrupted

> Required release scripts Node test suite
TAP version 13
# Subtest: hosted release identity requires a full clean SHA
ok 1 - hosted release identity requires a full clean SHA
  ---
  duration_ms: 0.691458
  type: 'test'
  ...
# Subtest: public smoke resolves exact origin main SHA and root version
ok 2 - public smoke resolves exact origin main SHA and root version
  ---
  duration_ms: 0.883041
  type: 'test'
  ...
# Subtest: provider Git SHA sources resolve to the same canonical metadata
ok 3 - provider Git SHA sources resolve to the same canonical metadata
  ---
  duration_ms: 2.410917
  type: 'test'
  ...
# Subtest: exact checkout rejects arbitrary untracked source inputs
ok 4 - exact checkout rejects arbitrary untracked source inputs
  ---
  duration_ms: 0.129875
  type: 'test'
  ...
# Subtest: canonical migration launcher accepts exactly one command separator
ok 5 - canonical migration launcher accepts exactly one command separator
  ---
  duration_ms: 0.105542
  type: 'test'
  ...
# Subtest: web release writer emits the canonical metadata shape
ok 6 - web release writer emits the canonical metadata shape
  ---
  duration_ms: 2.381292
  type: 'test'
  ...
# Subtest: smoke validation requires the exact canonical shape and identity
ok 7 - smoke validation requires the exact canonical shape and identity
  ---
  duration_ms: 0.326291
  type: 'test'
  ...
# Subtest: public release wait retries and returns only redacted evidence
ok 8 - public release wait retries and returns only redacted evidence
  ---
  duration_ms: 2.255125
  type: 'test'
  ...
# Subtest: public release wait is bounded and reports one generic failure
ok 9 - public release wait is bounded and reports one generic failure
  ---
  duration_ms: 0.270333
  type: 'test'
  ...
# Subtest: provider request errors expose only an opaque endpoint reference
ok 10 - provider request errors expose only an opaque endpoint reference
  ---
  duration_ms: 0.276459
  type: 'test'
  ...
# Subtest: CI actions are immutable and optional GitHub release remains passive
ok 11 - CI actions are immutable and optional GitHub release remains passive
  ---
  duration_ms: 1.349083
  type: 'test'
  ...
# Subtest: native provider configs deploy main and preserve same-origin routing
ok 12 - native provider configs deploy main and preserve same-origin routing
  ---
  duration_ms: 1.578416
  type: 'test'
  ...
# Subtest: release writer creates parent directories without leaking extra files
ok 13 - release writer creates parent directories without leaking extra files
  ---
  duration_ms: 1.701791
  type: 'test'
  ...
1..13
# tests 13
# suites 0
# pass 13
# fail 0
# cancelled 0
# skipped 0
# todo 0
# duration_ms 68.410416
/private/tmp/tab10-stage3-aggregate-ci-j6WviZ/quality/node-release-scripts.tap: 13 passed, 0 failed, 0 skipped, 0 todo, 0 interrupted

> Verification command contract Node test suite
TAP version 13
# Subtest: verification entrypoints keep the explicit package-script contract
ok 1 - verification entrypoints keep the explicit package-script contract
  ---
  duration_ms: 0.914875
  type: 'test'
  ...
# Subtest: mise pnpm dispatcher maps only built-in command collisions
ok 2 - mise pnpm dispatcher maps only built-in command collisions
  ---
  duration_ms: 0.182959
  type: 'test'
  ...
# Subtest: development release metadata derives the root product version
ok 3 - development release metadata derives the root product version
  ---
  duration_ms: 2.111167
  type: 'test'
  ...
# Subtest: local development cannot inherit an absolute API origin or hosted credentials
ok 4 - local development cannot inherit an absolute API origin or hosted credentials
  ---
  duration_ms: 0.271541
  type: 'test'
  ...
# Subtest: PostgreSQL runners use the canonical compiled migration command
ok 5 - PostgreSQL runners use the canonical compiled migration command
  ---
  duration_ms: 0.368083
  type: 'test'
  ...
# Subtest: release builds compile workspace dependencies before clean-checkout consumers
ok 6 - release builds compile workspace dependencies before clean-checkout consumers
  ---
  duration_ms: 0.0515
  type: 'test'
  ...
# Subtest: relative CI evidence paths are anchored to the repository root
ok 7 - relative CI evidence paths are anchored to the repository root
  ---
  duration_ms: 0.331291
  type: 'test'
  ...
# Subtest: production-like E2E replaces hosted CI SHA sources with its synthetic SHA
ok 8 - production-like E2E replaces hosted CI SHA sources with its synthetic SHA
  ---
  duration_ms: 0.067833
  type: 'test'
  ...
# Subtest: PGlite dev migration avoids pnpm's literal separator forwarding
ok 9 - PGlite dev migration avoids pnpm's literal separator forwarding
  ---
  duration_ms: 0.075959
  type: 'test'
  ...
# Subtest: verify:all lets Docker allocate an isolated loopback PostgreSQL port
ok 10 - verify:all lets Docker allocate an isolated loopback PostgreSQL port
  ---
  duration_ms: 0.156041
  type: 'test'
  ...
# Subtest: local PostgreSQL initialization matches the attested hosted role profile
ok 11 - local PostgreSQL initialization matches the attested hosted role profile
  ---
  duration_ms: 0.137167
  type: 'test'
  ...
# Subtest: local role policy target guard fails closed outside its two exact modes
ok 12 - local role policy target guard fails closed outside its two exact modes
  ---
  duration_ms: 0.374417
  type: 'test'
  ...
# Subtest: verify:all proves cleanup on success, failure and termination signals
ok 13 - verify:all proves cleanup on success, failure and termination signals
  ---
  duration_ms: 0.15075
  type: 'test'
  ...
# Subtest: CI uploads only curated browser evidence and sanitized traces
ok 14 - CI uploads only curated browser evidence and sanitized traces
  ---
  duration_ms: 0.075875
  type: 'test'
  ...
# aggregate test summary/cleanup-foundation: 1 passed, 0 failed, 0 skipped, 0 todo, 0 interrupted
# aggregate test summary/quality: 1 passed, 0 failed, 0 skipped, 0 todo, 0 interrupted
# aggregate test summary/postgres: 1 passed, 0 failed, 0 skipped, 0 todo, 0 interrupted
# aggregate test summary/browser-prodlike: 1 passed, 0 failed, 0 skipped, 0 todo, 0 interrupted
# aggregate test summary: 4 passed, 0 failed, 0 skipped, 0 todo, 0 interrupted
# Subtest: verification report readers reject skipped and todo tests
ok 15 - verification report readers reject skipped and todo tests
  ---
  duration_ms: 4.842667
  type: 'test'
  ...
# Subtest: verify:all aggregate fails closed before printing success
ok 16 - verify:all aggregate fails closed before printing success
  ---
  duration_ms: 0.464917
  type: 'test'
  ...
# Subtest: prodlike artifact build overrides inherited test NODE_ENV
ok 17 - prodlike artifact build overrides inherited test NODE_ENV
  ---
  duration_ms: 0.124958
  type: 'test'
  ...
1..17
# tests 17
# suites 0
# pass 17
# fail 0
# cancelled 0
# skipped 0
# todo 0
# duration_ms 69.313125
/private/tmp/tab10-stage3-aggregate-ci-j6WviZ/quality/node-verify-scripts.tap: 17 passed, 0 failed, 0 skipped, 0 todo, 0 interrupted

> Sanitized Playwright trace Node test suite
TAP version 13
# Subtest: sanitized trace keeps a minimal timeline and removes credentials and payloads
ok 1 - sanitized trace keeps a minimal timeline and removes credentials and payloads
  ---
  duration_ms: 45.462417
  type: 'test'
  ...
# Subtest: sanitization fails closed and emits no directory when test.trace is absent
ok 2 - sanitization fails closed and emits no directory when test.trace is absent
  ---
  duration_ms: 9.470666
  type: 'test'
  ...
# Subtest: sanitized trace archives are byte-deterministic for identical input
ok 3 - sanitized trace archives are byte-deterministic for identical input
  ---
  duration_ms: 44.582459
  type: 'test'
  ...
1..3
# tests 3
# suites 0
# pass 3
# fail 0
# cancelled 0
# skipped 0
# todo 0
# duration_ms 149.925583
/private/tmp/tab10-stage3-aggregate-ci-j6WviZ/quality/node-trace-sanitizer.tap: 3 passed, 0 failed, 0 skipped, 0 todo, 0 interrupted

> Release gate aggregation Node test suite
TAP version 13
# Subtest: release gate accepts exactly three successful verification lanes
ok 1 - release gate accepts exactly three successful verification lanes
  ---
  duration_ms: 0.763292
  type: 'test'
  ...
# Subtest: quality independently fails closed for failed, skipped and neutral
ok 2 - quality independently fails closed for failed, skipped and neutral
  ---
  duration_ms: 0.140708
  type: 'test'
  ...
# Subtest: postgres independently fails closed for failed, skipped and neutral
ok 3 - postgres independently fails closed for failed, skipped and neutral
  ---
  duration_ms: 0.61575
  type: 'test'
  ...
# Subtest: browser independently fails closed for failed, skipped and neutral
ok 4 - browser independently fails closed for failed, skipped and neutral
  ---
  duration_ms: 0.093542
  type: 'test'
  ...
# Subtest: release gate persists negative evidence before rejecting
ok 5 - release gate persists negative evidence before rejecting
  ---
  duration_ms: 4.079291
  type: 'test'
  ...
1..5
# tests 5
# suites 0
# pass 5
# fail 0
# cancelled 0
# skipped 0
# todo 0
# duration_ms 57.138375
/private/tmp/tab10-stage3-aggregate-ci-j6WviZ/quality/node-release-gate.tap: 5 passed, 0 failed, 0 skipped, 0 todo, 0 interrupted
verify:fast tests: 1188 passed, 0 failed, 0 skipped, 0 todo, 0 interrupted

> Start disposable PostgreSQL (tab10-verify-94933)
 Network tab10-verify-94933_default Creating 
 Network tab10-verify-94933_default Creating 
 Network tab10-verify-94933_default Created 
 Network tab10-verify-94933_default Created 
 Container tab10-verify-94933-postgres-verify-1 Creating 
 Container tab10-verify-94933-postgres-verify-1 Created 
 Container tab10-verify-94933-postgres-verify-1 Starting 
 Container tab10-verify-94933-postgres-verify-1 Started 
 Container tab10-verify-94933-postgres-verify-1 Waiting 
 Container tab10-verify-94933-postgres-verify-1 Healthy 

> PostgreSQL migration and integration verification

> 10is-ball@4.1.1 verify:postgres /Users/liubavskii/.codex/worktrees/c870/tab10
> node scripts/verify/run-postgres.mjs


> Fresh and idempotent compiled migrations

> Build compiled migration entrypoint
Scope: 3 of 6 workspace projects
packages/shared build$ tsc -p tsconfig.json
packages/test-utils build$ tsc -p tsconfig.json
packages/test-utils build: Done
packages/shared build: Done
apps/api build$ tsc -p tsconfig.json
apps/api build: Done

> Exercise the checked-in local PostgreSQL role initializer

> Apply the checked-in local role policy
Local PostgreSQL runtime-role policy applied

> Apply hosted migration contract to the exact local init roles

> 10is-ball@4.1.1 db:migrate /Users/liubavskii/.codex/worktrees/c870/tab10
> node scripts/bin/run-compiled-migration.mjs "--" "--mode=apply"

{
  severity_local: 'NOTICE',
  severity: 'NOTICE',
  code: '42P06',
  message: 'schema "drizzle" already exists, skipping',
  file: 'schemacmds.c',
  line: '132',
  routine: 'CreateSchemaCommand'
}
{
  severity_local: 'NOTICE',
  severity: 'NOTICE',
  code: '42701',
  message: 'column "judge_display_flipped" of relation "matches" already exists, skipping',
  file: 'tablecmds.c',
  line: '7349',
  routine: 'check_for_column_name_collision'
}
{
  severity_local: 'NOTICE',
  severity: 'NOTICE',
  code: '42701',
  message: 'column "tournament_slot_id" of relation "matches" already exists, skipping',
  file: 'tablecmds.c',
  line: '7349',
  routine: 'check_for_column_name_collision'
}
{
  severity_local: 'NOTICE',
  severity: 'NOTICE',
  code: '42701',
  message: 'column "tournament_bracket_match_id" of relation "matches" already exists, skipping',
  file: 'tablecmds.c',
  line: '7349',
  routine: 'check_for_column_name_collision'
}
{
  severity_local: 'NOTICE',
  severity: 'NOTICE',
  code: '42701',
  message: 'column "guest_avatar_key" of relation "match_participants" already exists, skipping',
  file: 'tablecmds.c',
  line: '7349',
  routine: 'check_for_column_name_collision'
}
{
  severity_local: 'NOTICE',
  severity: 'NOTICE',
  code: '42701',
  message: 'column "guest_avatar_key" of relation "tournament_participants" already exists, skipping',
  file: 'tablecmds.c',
  line: '7349',
  routine: 'check_for_column_name_collision'
}
{
  severity_local: 'NOTICE',
  severity: 'NOTICE',
  code: '42701',
  message: 'column "status" of relation "tournament_participants" already exists, skipping',
  file: 'tablecmds.c',
  line: '7349',
  routine: 'check_for_column_name_collision'
}
{
  severity_local: 'NOTICE',
  severity: 'NOTICE',
  code: '42701',
  message: 'column "organizer_participates" of relation "tournaments" already exists, skipping',
  file: 'tablecmds.c',
  line: '7349',
  routine: 'check_for_column_name_collision'
}
{
  severity_local: 'NOTICE',
  severity: 'NOTICE',
  code: '42701',
  message: 'column "points_to_win" of relation "tournaments" already exists, skipping',
  file: 'tablecmds.c',
  line: '7349',
  routine: 'check_for_column_name_collision'
}
{
  severity_local: 'NOTICE',
  severity: 'NOTICE',
  code: '42701',
  message: 'column "mercy_enabled" of relation "tournaments" already exists, skipping',
  file: 'tablecmds.c',
  line: '7349',
  routine: 'check_for_column_name_collision'
}
{
  severity_local: 'NOTICE',
  severity: 'NOTICE',
  code: '42701',
  message: 'column "mercy_points" of relation "tournaments" already exists, skipping',
  file: 'tablecmds.c',
  line: '7349',
  routine: 'check_for_column_name_collision'
}
{
  severity_local: 'NOTICE',
  severity: 'NOTICE',
  code: '42701',
  message: 'column "stop_reason_code" of relation "tournaments" already exists, skipping',
  file: 'tablecmds.c',
  line: '7349',
  routine: 'check_for_column_name_collision'
}
{
  severity_local: 'NOTICE',
  severity: 'NOTICE',
  code: '42701',
  message: 'column "stop_reason_text" of relation "tournaments" already exists, skipping',
  file: 'tablecmds.c',
  line: '7349',
  routine: 'check_for_column_name_collision'
}
{
  severity_local: 'NOTICE',
  severity: 'NOTICE',
  code: '42701',
  message: 'column "started_at" of relation "tournaments" already exists, skipping',
  file: 'tablecmds.c',
  line: '7349',
  routine: 'check_for_column_name_collision'
}
{
  severity_local: 'NOTICE',
  severity: 'NOTICE',
  code: '42701',
  message: 'column "finished_at" of relation "tournaments" already exists, skipping',
  file: 'tablecmds.c',
  line: '7349',
  routine: 'check_for_column_name_collision'
}
{
  severity_local: 'NOTICE',
  severity: 'NOTICE',
  code: '42701',
  message: 'column "bracket_state_version" of relation "tournaments" already exists, skipping',
  file: 'tablecmds.c',
  line: '7349',
  routine: 'check_for_column_name_collision'
}
{
  severity_local: 'NOTICE',
  severity: 'NOTICE',
  code: '42701',
  message: 'column "third_place_enabled" of relation "tournaments" already exists, skipping',
  file: 'tablecmds.c',
  line: '7349',
  routine: 'check_for_column_name_collision'
}
{
  severity_local: 'NOTICE',
  severity: 'NOTICE',
  code: '42701',
  message: 'column "bracket_construction_algorithm" of relation "tournaments" already exists, skipping',
  file: 'tablecmds.c',
  line: '7349',
  routine: 'check_for_column_name_collision'
}
{
  severity_local: 'NOTICE',
  severity: 'NOTICE',
  code: '42701',
  message: 'column "generated_avatar_key" of relation "users" already exists, skipping',
  file: 'tablecmds.c',
  line: '7349',
  routine: 'check_for_column_name_collision'
}
PostgreSQL migrations completed and verified (apply)
Local init parity: 4 passed, 0 failed, 0 skipped, 0 todo, 0 interrupted

> Provision separate disposable migration and runtime roles
{
  severity_local: 'NOTICE',
  severity: 'NOTICE',
  code: '42P06',
  message: 'schema "drizzle" already exists, skipping',
  file: 'schemacmds.c',
  line: '132',
  routine: 'CreateSchemaCommand'
}
Disposable database roles provisioned: migrator=tab10_test, runtime=tab10_runtime_test

> Compiled PostgreSQL migration (idempotent pass)

> 10is-ball@4.1.1 db:migrate /Users/liubavskii/.codex/worktrees/c870/tab10
> node scripts/bin/run-compiled-migration.mjs "--" "--mode=apply"

{
  severity_local: 'NOTICE',
  severity: 'NOTICE',
  code: '42P06',
  message: 'schema "drizzle" already exists, skipping',
  file: 'schemacmds.c',
  line: '132',
  routine: 'CreateSchemaCommand'
}
{
  severity_local: 'NOTICE',
  severity: 'NOTICE',
  code: '42P07',
  message: 'relation "__drizzle_migrations" already exists, skipping',
  file: 'parse_utilcmd.c',
  line: '207',
  routine: 'transformCreateStmt'
}
PostgreSQL migrations completed and verified (apply)

> Verify limited runtime DML and denied DDL/ledger writes
{
  severity_local: 'NOTICE',
  severity: 'NOTICE',
  code: '00000',
  message: 'table "__tab10_runtime_ddl_probe" does not exist, skipping',
  file: 'tablecmds.c',
  line: '1326',
  routine: 'DropErrorMsgNonExistent'
}
Runtime role: 4 passed, 0 failed, 0 skipped, 0 todo, 0 interrupted
Migration foundation: 9 passed, 0 failed, 0 skipped, 0 todo, 0 interrupted

> Required PostgreSQL integration suite
JSON report written to /private/tmp/tab10-stage3-aggregate-ci-j6WviZ/postgres/vitest-postgres.json
/private/tmp/tab10-stage3-aggregate-ci-j6WviZ/postgres/vitest-postgres.json: 63 passed, 0 failed, 0 skipped, 0 todo, 0 interrupted
verify:postgres: 72 passed, 0 failed, 0 skipped, 0 todo, 0 interrupted

> Stop disposable PostgreSQL (tab10-verify-94933)
 Container tab10-verify-94933-postgres-verify-1 Stopping 
 Container tab10-verify-94933-postgres-verify-1 Stopped 
 Container tab10-verify-94933-postgres-verify-1 Removing 
 Container tab10-verify-94933-postgres-verify-1 Removed 
 Network tab10-verify-94933_default Removing 
 Network tab10-verify-94933_default Removed 

> Start disposable PostgreSQL (tab10-verify-94933)
 Network tab10-verify-94933_default Creating 
 Network tab10-verify-94933_default Creating 
 Network tab10-verify-94933_default Created 
 Network tab10-verify-94933_default Created 
 Container tab10-verify-94933-postgres-verify-1 Creating 
 Container tab10-verify-94933-postgres-verify-1 Created 
 Container tab10-verify-94933-postgres-verify-1 Starting 
 Container tab10-verify-94933-postgres-verify-1 Started 
 Container tab10-verify-94933-postgres-verify-1 Waiting 
 Container tab10-verify-94933-postgres-verify-1 Healthy 

> Compiled same-origin browser verification

> 10is-ball@4.1.1 verify:e2e /Users/liubavskii/.codex/worktrees/c870/tab10
> node scripts/verify/run-prodlike-e2e.mjs


> Build production API and web artifacts

> 10is-ball@4.1.1 build /Users/liubavskii/.codex/worktrees/c870/tab10
> pnpm -r run build

Scope: 5 of 6 workspace projects
packages/shared build$ tsc -p tsconfig.json
packages/ic-kit build$ echo 'ic-kit vendored; no build'
packages/test-utils build$ tsc -p tsconfig.json
packages/ic-kit build: ic-kit vendored; no build
packages/ic-kit build: Done
packages/test-utils build: Done
packages/shared build: Done
apps/api build$ tsc -p tsconfig.json
apps/web build$ tsc -b && vite build && node ../../scripts/release/write-web-release.mjs --output dist/release.json
apps/web build: vite v6.4.3 building for production...
apps/api build: Done
apps/web build: transforming...
apps/web build: ✓ 115 modules transformed.
apps/web build: rendering chunks...
apps/web build: computing gzip size...
apps/web build: dist/index.html                     0.46 kB │ gzip:     0.30 kB
apps/web build: dist/assets/index-DTlCYQWR.css    717.60 kB │ gzip:   306.36 kB
apps/web build: dist/assets/index-BpjgHcCr.js   4,713.39 kB │ gzip: 1,350.81 kB
apps/web build: ✓ built in 1.18s
apps/web build: (!) Some chunks are larger than 500 kB after minification. Consider:
apps/web build: - Using dynamic import() to code-split the application
apps/web build: - Use build.rollupOptions.output.manualChunks to improve chunking: https://rollupjs.org/configuration-options/#output-manualchunks
apps/web build: - Adjust chunk size limit for this warning via build.chunkSizeWarningLimit.
apps/web build: {"written":"/Users/liubavskii/.codex/worktrees/c870/tab10/apps/web/dist/release.json","release":{"sha":"0123456789abcdef0123456789abcdef01234567","version":"4.1.1","environment":"test","dirty":false}}
apps/web build: Done

> Write deterministic web release metadata
{"written":"/Users/liubavskii/.codex/worktrees/c870/tab10/apps/web/dist/release.json","release":{"sha":"0123456789abcdef0123456789abcdef01234567","version":"4.1.1","environment":"test","dirty":false}}

> Apply compiled migrations before startup

> Exercise the checked-in local PostgreSQL role initializer

> Apply the checked-in local role policy
Local PostgreSQL runtime-role policy applied

> Apply hosted migration contract to the exact local init roles

> 10is-ball@4.1.1 db:migrate /Users/liubavskii/.codex/worktrees/c870/tab10
> node scripts/bin/run-compiled-migration.mjs "--" "--mode=apply"

{
  severity_local: 'NOTICE',
  severity: 'NOTICE',
  code: '42P06',
  message: 'schema "drizzle" already exists, skipping',
  file: 'schemacmds.c',
  line: '132',
  routine: 'CreateSchemaCommand'
}
{
  severity_local: 'NOTICE',
  severity: 'NOTICE',
  code: '42701',
  message: 'column "judge_display_flipped" of relation "matches" already exists, skipping',
  file: 'tablecmds.c',
  line: '7349',
  routine: 'check_for_column_name_collision'
}
{
  severity_local: 'NOTICE',
  severity: 'NOTICE',
  code: '42701',
  message: 'column "tournament_slot_id" of relation "matches" already exists, skipping',
  file: 'tablecmds.c',
  line: '7349',
  routine: 'check_for_column_name_collision'
}
{
  severity_local: 'NOTICE',
  severity: 'NOTICE',
  code: '42701',
  message: 'column "tournament_bracket_match_id" of relation "matches" already exists, skipping',
  file: 'tablecmds.c',
  line: '7349',
  routine: 'check_for_column_name_collision'
}
{
  severity_local: 'NOTICE',
  severity: 'NOTICE',
  code: '42701',
  message: 'column "guest_avatar_key" of relation "match_participants" already exists, skipping',
  file: 'tablecmds.c',
  line: '7349',
  routine: 'check_for_column_name_collision'
}
{
  severity_local: 'NOTICE',
  severity: 'NOTICE',
  code: '42701',
  message: 'column "guest_avatar_key" of relation "tournament_participants" already exists, skipping',
  file: 'tablecmds.c',
  line: '7349',
  routine: 'check_for_column_name_collision'
}
{
  severity_local: 'NOTICE',
  severity: 'NOTICE',
  code: '42701',
  message: 'column "status" of relation "tournament_participants" already exists, skipping',
  file: 'tablecmds.c',
  line: '7349',
  routine: 'check_for_column_name_collision'
}
{
  severity_local: 'NOTICE',
  severity: 'NOTICE',
  code: '42701',
  message: 'column "organizer_participates" of relation "tournaments" already exists, skipping',
  file: 'tablecmds.c',
  line: '7349',
  routine: 'check_for_column_name_collision'
}
{
  severity_local: 'NOTICE',
  severity: 'NOTICE',
  code: '42701',
  message: 'column "points_to_win" of relation "tournaments" already exists, skipping',
  file: 'tablecmds.c',
  line: '7349',
  routine: 'check_for_column_name_collision'
}
{
  severity_local: 'NOTICE',
  severity: 'NOTICE',
  code: '42701',
  message: 'column "mercy_enabled" of relation "tournaments" already exists, skipping',
  file: 'tablecmds.c',
  line: '7349',
  routine: 'check_for_column_name_collision'
}
{
  severity_local: 'NOTICE',
  severity: 'NOTICE',
  code: '42701',
  message: 'column "mercy_points" of relation "tournaments" already exists, skipping',
  file: 'tablecmds.c',
  line: '7349',
  routine: 'check_for_column_name_collision'
}
{
  severity_local: 'NOTICE',
  severity: 'NOTICE',
  code: '42701',
  message: 'column "stop_reason_code" of relation "tournaments" already exists, skipping',
  file: 'tablecmds.c',
  line: '7349',
  routine: 'check_for_column_name_collision'
}
{
  severity_local: 'NOTICE',
  severity: 'NOTICE',
  code: '42701',
  message: 'column "stop_reason_text" of relation "tournaments" already exists, skipping',
  file: 'tablecmds.c',
  line: '7349',
  routine: 'check_for_column_name_collision'
}
{
  severity_local: 'NOTICE',
  severity: 'NOTICE',
  code: '42701',
  message: 'column "started_at" of relation "tournaments" already exists, skipping',
  file: 'tablecmds.c',
  line: '7349',
  routine: 'check_for_column_name_collision'
}
{
  severity_local: 'NOTICE',
  severity: 'NOTICE',
  code: '42701',
  message: 'column "finished_at" of relation "tournaments" already exists, skipping',
  file: 'tablecmds.c',
  line: '7349',
  routine: 'check_for_column_name_collision'
}
{
  severity_local: 'NOTICE',
  severity: 'NOTICE',
  code: '42701',
  message: 'column "bracket_state_version" of relation "tournaments" already exists, skipping',
  file: 'tablecmds.c',
  line: '7349',
  routine: 'check_for_column_name_collision'
}
{
  severity_local: 'NOTICE',
  severity: 'NOTICE',
  code: '42701',
  message: 'column "third_place_enabled" of relation "tournaments" already exists, skipping',
  file: 'tablecmds.c',
  line: '7349',
  routine: 'check_for_column_name_collision'
}
{
  severity_local: 'NOTICE',
  severity: 'NOTICE',
  code: '42701',
  message: 'column "bracket_construction_algorithm" of relation "tournaments" already exists, skipping',
  file: 'tablecmds.c',
  line: '7349',
  routine: 'check_for_column_name_collision'
}
{
  severity_local: 'NOTICE',
  severity: 'NOTICE',
  code: '42701',
  message: 'column "generated_avatar_key" of relation "users" already exists, skipping',
  file: 'tablecmds.c',
  line: '7349',
  routine: 'check_for_column_name_collision'
}
PostgreSQL migrations completed and verified (apply)
Local init parity: 4 passed, 0 failed, 0 skipped, 0 todo, 0 interrupted

> Provision separate disposable migration and runtime roles
{
  severity_local: 'NOTICE',
  severity: 'NOTICE',
  code: '42P06',
  message: 'schema "drizzle" already exists, skipping',
  file: 'schemacmds.c',
  line: '132',
  routine: 'CreateSchemaCommand'
}
Disposable database roles provisioned: migrator=tab10_test, runtime=tab10_runtime_test

> Compiled PostgreSQL migration (idempotent pass)

> 10is-ball@4.1.1 db:migrate /Users/liubavskii/.codex/worktrees/c870/tab10
> node scripts/bin/run-compiled-migration.mjs "--" "--mode=apply"

{
  severity_local: 'NOTICE',
  severity: 'NOTICE',
  code: '42P06',
  message: 'schema "drizzle" already exists, skipping',
  file: 'schemacmds.c',
  line: '132',
  routine: 'CreateSchemaCommand'
}
{
  severity_local: 'NOTICE',
  severity: 'NOTICE',
  code: '42P07',
  message: 'relation "__drizzle_migrations" already exists, skipping',
  file: 'parse_utilcmd.c',
  line: '207',
  routine: 'transformCreateStmt'
}
PostgreSQL migrations completed and verified (apply)

> Verify limited runtime DML and denied DDL/ledger writes
{
  severity_local: 'NOTICE',
  severity: 'NOTICE',
  code: '00000',
  message: 'table "__tab10_runtime_ddl_probe" does not exist, skipping',
  file: 'tablecmds.c',
  line: '1326',
  routine: 'DropErrorMsgNonExistent'
}
Runtime role: 4 passed, 0 failed, 0 skipped, 0 todo, 0 interrupted
Migration foundation: 9 passed, 0 failed, 0 skipped, 0 todo, 0 interrupted
  ➜  Local:   http://localhost:4273/
Database migration ledger verified
Bootstrap admin provisioning completed (df0aa403-1ad9-44c6-bb21-6acfaf95bd7c). Bootstrap never rotates passwords for pre-existing accounts.
3:11:34 AM [vite] http proxy error: /health
Error: connect ECONNREFUSED 127.0.0.1:3101
    at TCPConnectWrap.afterConnect [as oncomplete] (node:net:2017:16)
{"level":30,"time":1789776694678,"pid":9812,"hostname":"Glebs-MacBook-Pro.local","msg":"Server listening at http://127.0.0.1:3101"}
Tab-10 API listening
CORS origin policy configured
{"level":30,"time":1789776694917,"pid":9812,"hostname":"Glebs-MacBook-Pro.local","reqId":"b9b484a2-a168-49bc-8e4d-65818b40f1fb","event":"request_completed","requestId":"b9b484a2-a168-49bc-8e4d-65818b40f1fb","method":"GET","route":"/health","statusCode":200,"latencyMs":3.249,"msg":"request completed"}

> Playwright compiled same-origin smoke

Running 60 tests using 1 worker

(node:9848) Warning: The 'NO_COLOR' env is ignored due to the 'FORCE_COLOR' env being set.
(Use `node --trace-warnings ...` to show where the warning was created)
  ✘   1 [chromium-desktop] › tests/e2e/critical.spec.ts:109:5 › E2E_auth_match_judge__AT-MATCH-001_005_008_AT-JUDGE-001_003_006_007__finishes_disposable_match (0ms)
(node:9850) Warning: The 'NO_COLOR' env is ignored due to the 'FORCE_COLOR' env being set.
(Use `node --trace-warnings ...` to show where the warning was created)
  ✘   2 [chromium-desktop] › tests/e2e/critical.spec.ts:157:5 › E2E_runtime_session_recovery__AT-AUTH-009__preserves_route_and_draft_without_replaying_mutation (0ms)
(node:9852) Warning: The 'NO_COLOR' env is ignored due to the 'FORCE_COLOR' env being set.
(Use `node --trace-warnings ...` to show where the warning was created)
  ✘   3 [chromium-desktop] › tests/e2e/gap-012.spec.ts:53:5 › GAP-012 immutable consent policy and scoped admin post-bracket add (0ms)
(node:9854) Warning: The 'NO_COLOR' env is ignored due to the 'FORCE_COLOR' env being set.
(Use `node --trace-warnings ...` to show where the warning was created)
  ✘   4 [chromium-desktop] › tests/e2e/production-smoke.spec.ts:13:5 › compiled web and API work through the same-origin production-like proxy (0ms)
(node:9860) Warning: The 'NO_COLOR' env is ignored due to the 'FORCE_COLOR' env being set.
(Use `node --trace-warnings ...` to show where the warning was created)
  ✘   5 [chromium-desktop] › tests/e2e/stage2-home.spec.ts:7:5 › AT-HOME-003 Home keeps direct actions and all secondary routes at mobile and desktop (0ms)
(node:9864) Warning: The 'NO_COLOR' env is ignored due to the 'FORCE_COLOR' env being set.
(Use `node --trace-warnings ...` to show where the warning was created)
  ✘   6 [chromium-desktop] › tests/e2e/stage2-home.spec.ts:63:5 › AT-HOME-003 Home keeps navigation after a fetch error (0ms)
(node:9867) Warning: The 'NO_COLOR' env is ignored due to the 'FORCE_COLOR' env being set.
(Use `node --trace-warnings ...` to show where the warning was created)
  ✘   7 [chromium-desktop] › tests/e2e/stage2-home.spec.ts:83:5 › HOME-007 finished match keeps sides and score first with a side-specific winner mark (0ms)
(node:9871) Warning: The 'NO_COLOR' env is ignored due to the 'FORCE_COLOR' env being set.
(Use `node --trace-warnings ...` to show where the warning was created)
  ✘   8 [chromium-desktop] › tests/e2e/stage2-home.spec.ts:139:5 › GAP-031 keeps overflow tasks collapsed until requested (0ms)
(node:9873) Warning: The 'NO_COLOR' env is ignored due to the 'FORCE_COLOR' env being set.
(Use `node --trace-warnings ...` to show where the warning was created)
  ✘   9 [chromium-desktop] › tests/e2e/stage2-home.spec.ts:161:5 › GAP-030 explicit Home releases judge slot; Browser Back is measured separately (0ms)
(node:9875) Warning: The 'NO_COLOR' env is ignored due to the 'FORCE_COLOR' env being set.
(Use `node --trace-warnings ...` to show where the warning was created)
  ✘  10 [chromium-desktop] › tests/e2e/wave-b.spec.ts:44:5 › Wave B AT-PROFILE-001..005 AT-RANK-005..006 own edit, revoke, team and private public card (1ms)
(node:9877) Warning: The 'NO_COLOR' env is ignored due to the 'FORCE_COLOR' env being set.
(Use `node --trace-warnings ...` to show where the warning was created)
  ✘  11 [chromium-desktop] › tests/e2e/wave-b.spec.ts:124:5 › Wave B AT-VIS-003 history pagination and detail return keep context (1ms)
(node:9879) Warning: The 'NO_COLOR' env is ignored due to the 'FORCE_COLOR' env being set.
(Use `node --trace-warnings ...` to show where the warning was created)
  ✘  12 [chromium-desktop] › tests/e2e/wave-c.spec.ts:38:5 › Wave C AT-MATCH-013_016 2v2 team selection, rules, no-show and hidden revenge (0ms)
(node:9881) Warning: The 'NO_COLOR' env is ignored due to the 'FORCE_COLOR' env being set.
(Use `node --trace-warnings ...` to show where the warning was created)
  ✘  13 [chromium-desktop] › tests/e2e/wave-c.spec.ts:79:5 › Wave C AT-JUDGE-004_010 correction, undo and two-client handover preserve authority (0ms)
(node:9885) Warning: The 'NO_COLOR' env is ignored due to the 'FORCE_COLOR' env being set.
(Use `node --trace-warnings ...` to show where the warning was created)
  ✘  14 [chromium-desktop] › tests/e2e/wave-c.spec.ts:135:5 › Wave C AT-JUDGE-001 creator starts while another club judge retains the slot (1ms)
(node:9887) Warning: The 'NO_COLOR' env is ignored due to the 'FORCE_COLOR' env being set.
(Use `node --trace-warnings ...` to show where the warning was created)
  ✘  15 [chromium-desktop] › tests/e2e/wave-d-teams.spec.ts:23:5 › Wave D AT-TEAM-001..007 create, accept welcome, transfer, leave and automatic archive (0ms)
(node:9889) Warning: The 'NO_COLOR' env is ignored due to the 'FORCE_COLOR' env being set.
(Use `node --trace-warnings ...` to show where the warning was created)
  ✘  16 [chromium-desktop] › tests/e2e/wave-d-tournaments.spec.ts:19:7 › Wave D tournament single_elimination/3 roster, seed edit, complete and results (0ms)
(node:9891) Warning: The 'NO_COLOR' env is ignored due to the 'FORCE_COLOR' env being set.
(Use `node --trace-warnings ...` to show where the warning was created)
  ✘  17 [chromium-desktop] › tests/e2e/wave-d-tournaments.spec.ts:19:7 › Wave D tournament single_elimination/5 roster, seed edit, complete and results (0ms)
(node:9893) Warning: The 'NO_COLOR' env is ignored due to the 'FORCE_COLOR' env being set.
(Use `node --trace-warnings ...` to show where the warning was created)
  ✘  18 [chromium-desktop] › tests/e2e/wave-d-tournaments.spec.ts:19:7 › Wave D tournament single_elimination/8 roster, seed edit, complete and results (0ms)
(node:9895) Warning: The 'NO_COLOR' env is ignored due to the 'FORCE_COLOR' env being set.
(Use `node --trace-warnings ...` to show where the warning was created)
  ✘  19 [chromium-desktop] › tests/e2e/wave-d-tournaments.spec.ts:19:7 › Wave D tournament double_elimination/3 roster, seed edit, complete and results (0ms)
(node:9897) Warning: The 'NO_COLOR' env is ignored due to the 'FORCE_COLOR' env being set.
(Use `node --trace-warnings ...` to show where the warning was created)
  ✘  20 [chromium-desktop] › tests/e2e/wave-d-tournaments.spec.ts:19:7 › Wave D tournament double_elimination/5 roster, seed edit, complete and results (1ms)
(node:9899) Warning: The 'NO_COLOR' env is ignored due to the 'FORCE_COLOR' env being set.
(Use `node --trace-warnings ...` to show where the warning was created)
  ✘  21 [chromium-desktop] › tests/e2e/wave-d-tournaments.spec.ts:19:7 › Wave D tournament double_elimination/8 roster, seed edit, complete and results (0ms)
(node:9901) Warning: The 'NO_COLOR' env is ignored due to the 'FORCE_COLOR' env being set.
(Use `node --trace-warnings ...` to show where the warning was created)
  ✘  22 [chromium-desktop] › tests/e2e/wave-d-tournaments.spec.ts:103:5 › Wave D tournament invalidation, dissolve, cancel and reasoned stop (0ms)
(node:9905) Warning: The 'NO_COLOR' env is ignored due to the 'FORCE_COLOR' env being set.
(Use `node --trace-warnings ...` to show where the warning was created)
  ✘  23 [chromium-desktop] › tests/e2e/wave-e-admin.spec.ts:10:5 › Wave E ADM catalog, first login, profile, role and block lifecycle (0ms)
(node:9907) Warning: The 'NO_COLOR' env is ignored due to the 'FORCE_COLOR' env being set.
(Use `node --trace-warnings ...` to show where the warning was created)
  ✘  24 [chromium-desktop] › tests/e2e/wave-e-user.spec.ts:95:5 › GAP-012 operator creates A-vs-B, edits it and starts without player consent (0ms)
(node:9909) Warning: The 'NO_COLOR' env is ignored due to the 'FORCE_COLOR' env being set.
(Use `node --trace-warnings ...` to show where the warning was created)
  ✘  25 [chromium-desktop] › tests/e2e/wave-e-user.spec.ts:182:5 › Wave E onboarding resume, tutorial return, restart and Help feedback (0ms)
(node:9915) Warning: The 'NO_COLOR' env is ignored due to the 'FORCE_COLOR' env being set.
(Use `node --trace-warnings ...` to show where the warning was created)
  ✘  26 [chromium-desktop] › tests/e2e/wave-f-a11y.spec.ts:55:5 › Wave F auth geometry contrast and admin readable rows (1ms)
(node:9917) Warning: The 'NO_COLOR' env is ignored due to the 'FORCE_COLOR' env being set.
(Use `node --trace-warnings ...` to show where the warning was created)
  ✘  27 [chromium-desktop] › tests/e2e/wave-f-a11y.spec.ts:113:5 › Wave F algorithm focus and bracket keyboard geometry (1ms)
(node:9919) Warning: The 'NO_COLOR' env is ignored due to the 'FORCE_COLOR' env being set.
(Use `node --trace-warnings ...` to show where the warning was created)
  ✘  28 [chromium-desktop] › tests/e2e/wave-f-a11y.spec.ts:149:5 › Wave F judge disclosure score and landscape (0ms)
(node:9921) Warning: The 'NO_COLOR' env is ignored due to the 'FORCE_COLOR' env being set.
(Use `node --trace-warnings ...` to show where the warning was created)
  ✘  29 [chromium-desktop] › tests/e2e/wave-f-a11y.spec.ts:165:5 › Wave F onboarding heading and recovery states keep keyboard context (0ms)
(node:9925) Warning: The 'NO_COLOR' env is ignored due to the 'FORCE_COLOR' env being set.
(Use `node --trace-warnings ...` to show where the warning was created)
  ✘  30 [chromium-desktop] › tests/e2e/wave-f-a11y.spec.ts:187:5 › Wave F dialog review recovers hidden removed and busy focus (0ms)
(node:9931) Warning: The 'NO_COLOR' env is ignored due to the 'FORCE_COLOR' env being set.
(Use `node --trace-warnings ...` to show where the warning was created)
  ✘  31 [chromium-mobile-390] › tests/e2e/critical.spec.ts:109:5 › E2E_auth_match_judge__AT-MATCH-001_005_008_AT-JUDGE-001_003_006_007__finishes_disposable_match (0ms)
(node:9934) Warning: The 'NO_COLOR' env is ignored due to the 'FORCE_COLOR' env being set.
(Use `node --trace-warnings ...` to show where the warning was created)
  ✘  32 [chromium-mobile-390] › tests/e2e/critical.spec.ts:157:5 › E2E_runtime_session_recovery__AT-AUTH-009__preserves_route_and_draft_without_replaying_mutation (0ms)
(node:9936) Warning: The 'NO_COLOR' env is ignored due to the 'FORCE_COLOR' env being set.
(Use `node --trace-warnings ...` to show where the warning was created)
  ✘  33 [chromium-mobile-390] › tests/e2e/gap-012.spec.ts:53:5 › GAP-012 immutable consent policy and scoped admin post-bracket add (1ms)
(node:9938) Warning: The 'NO_COLOR' env is ignored due to the 'FORCE_COLOR' env being set.
(Use `node --trace-warnings ...` to show where the warning was created)
  ✘  34 [chromium-mobile-390] › tests/e2e/production-smoke.spec.ts:13:5 › compiled web and API work through the same-origin production-like proxy (1ms)
(node:9940) Warning: The 'NO_COLOR' env is ignored due to the 'FORCE_COLOR' env being set.
(Use `node --trace-warnings ...` to show where the warning was created)
  ✘  35 [chromium-mobile-390] › tests/e2e/stage2-home.spec.ts:7:5 › AT-HOME-003 Home keeps direct actions and all secondary routes at mobile and desktop (0ms)
(node:9942) Warning: The 'NO_COLOR' env is ignored due to the 'FORCE_COLOR' env being set.
(Use `node --trace-warnings ...` to show where the warning was created)
  ✘  36 [chromium-mobile-390] › tests/e2e/stage2-home.spec.ts:63:5 › AT-HOME-003 Home keeps navigation after a fetch error (1ms)
(node:9945) Warning: The 'NO_COLOR' env is ignored due to the 'FORCE_COLOR' env being set.
(Use `node --trace-warnings ...` to show where the warning was created)
  ✘  37 [chromium-mobile-390] › tests/e2e/stage2-home.spec.ts:83:5 › HOME-007 finished match keeps sides and score first with a side-specific winner mark (1ms)
(node:9947) Warning: The 'NO_COLOR' env is ignored due to the 'FORCE_COLOR' env being set.
(Use `node --trace-warnings ...` to show where the warning was created)
  ✘  38 [chromium-mobile-390] › tests/e2e/stage2-home.spec.ts:139:5 › GAP-031 keeps overflow tasks collapsed until requested (0ms)
(node:9949) Warning: The 'NO_COLOR' env is ignored due to the 'FORCE_COLOR' env being set.
(Use `node --trace-warnings ...` to show where the warning was created)
  ✘  39 [chromium-mobile-390] › tests/e2e/stage2-home.spec.ts:161:5 › GAP-030 explicit Home releases judge slot; Browser Back is measured separately (0ms)
(node:9953) Warning: The 'NO_COLOR' env is ignored due to the 'FORCE_COLOR' env being set.
(Use `node --trace-warnings ...` to show where the warning was created)
  ✘  40 [chromium-mobile-390] › tests/e2e/wave-b.spec.ts:44:5 › Wave B AT-PROFILE-001..005 AT-RANK-005..006 own edit, revoke, team and private public card (0ms)
(node:9956) Warning: The 'NO_COLOR' env is ignored due to the 'FORCE_COLOR' env being set.
(Use `node --trace-warnings ...` to show where the warning was created)
  ✘  41 [chromium-mobile-390] › tests/e2e/wave-b.spec.ts:124:5 › Wave B AT-VIS-003 history pagination and detail return keep context (1ms)
(node:9958) Warning: The 'NO_COLOR' env is ignored due to the 'FORCE_COLOR' env being set.
(Use `node --trace-warnings ...` to show where the warning was created)
  ✘  42 [chromium-mobile-390] › tests/e2e/wave-c.spec.ts:38:5 › Wave C AT-MATCH-013_016 2v2 team selection, rules, no-show and hidden revenge (0ms)
(node:9960) Warning: The 'NO_COLOR' env is ignored due to the 'FORCE_COLOR' env being set.
(Use `node --trace-warnings ...` to show where the warning was created)
  ✘  43 [chromium-mobile-390] › tests/e2e/wave-c.spec.ts:79:5 › Wave C AT-JUDGE-004_010 correction, undo and two-client handover preserve authority (1ms)
(node:9962) Warning: The 'NO_COLOR' env is ignored due to the 'FORCE_COLOR' env being set.
(Use `node --trace-warnings ...` to show where the warning was created)
  ✘  44 [chromium-mobile-390] › tests/e2e/wave-c.spec.ts:135:5 › Wave C AT-JUDGE-001 creator starts while another club judge retains the slot (0ms)
(node:9964) Warning: The 'NO_COLOR' env is ignored due to the 'FORCE_COLOR' env being set.
(Use `node --trace-warnings ...` to show where the warning was created)
  ✘  45 [chromium-mobile-390] › tests/e2e/wave-d-teams.spec.ts:23:5 › Wave D AT-TEAM-001..007 create, accept welcome, transfer, leave and automatic archive (0ms)
(node:9971) Warning: The 'NO_COLOR' env is ignored due to the 'FORCE_COLOR' env being set.
(Use `node --trace-warnings ...` to show where the warning was created)
  ✘  46 [chromium-mobile-390] › tests/e2e/wave-d-tournaments.spec.ts:19:7 › Wave D tournament single_elimination/3 roster, seed edit, complete and results (0ms)
(node:9973) Warning: The 'NO_COLOR' env is ignored due to the 'FORCE_COLOR' env being set.
(Use `node --trace-warnings ...` to show where the warning was created)
  ✘  47 [chromium-mobile-390] › tests/e2e/wave-d-tournaments.spec.ts:19:7 › Wave D tournament single_elimination/5 roster, seed edit, complete and results (0ms)
(node:9975) Warning: The 'NO_COLOR' env is ignored due to the 'FORCE_COLOR' env being set.
(Use `node --trace-warnings ...` to show where the warning was created)
  ✘  48 [chromium-mobile-390] › tests/e2e/wave-d-tournaments.spec.ts:19:7 › Wave D tournament single_elimination/8 roster, seed edit, complete and results (0ms)
(node:9978) Warning: The 'NO_COLOR' env is ignored due to the 'FORCE_COLOR' env being set.
(Use `node --trace-warnings ...` to show where the warning was created)
  ✘  49 [chromium-mobile-390] › tests/e2e/wave-d-tournaments.spec.ts:19:7 › Wave D tournament double_elimination/3 roster, seed edit, complete and results (0ms)
(node:9981) Warning: The 'NO_COLOR' env is ignored due to the 'FORCE_COLOR' env being set.
(Use `node --trace-warnings ...` to show where the warning was created)
  ✘  50 [chromium-mobile-390] › tests/e2e/wave-d-tournaments.spec.ts:19:7 › Wave D tournament double_elimination/5 roster, seed edit, complete and results (0ms)
(node:9983) Warning: The 'NO_COLOR' env is ignored due to the 'FORCE_COLOR' env being set.
(Use `node --trace-warnings ...` to show where the warning was created)
  ✘  51 [chromium-mobile-390] › tests/e2e/wave-d-tournaments.spec.ts:19:7 › Wave D tournament double_elimination/8 roster, seed edit, complete and results (0ms)
(node:9985) Warning: The 'NO_COLOR' env is ignored due to the 'FORCE_COLOR' env being set.
(Use `node --trace-warnings ...` to show where the warning was created)
  ✘  52 [chromium-mobile-390] › tests/e2e/wave-d-tournaments.spec.ts:103:5 › Wave D tournament invalidation, dissolve, cancel and reasoned stop (0ms)
(node:9988) Warning: The 'NO_COLOR' env is ignored due to the 'FORCE_COLOR' env being set.
(Use `node --trace-warnings ...` to show where the warning was created)
  ✘  53 [chromium-mobile-390] › tests/e2e/wave-e-admin.spec.ts:10:5 › Wave E ADM catalog, first login, profile, role and block lifecycle (0ms)
(node:9990) Warning: The 'NO_COLOR' env is ignored due to the 'FORCE_COLOR' env being set.
(Use `node --trace-warnings ...` to show where the warning was created)
  ✘  54 [chromium-mobile-390] › tests/e2e/wave-e-user.spec.ts:95:5 › GAP-012 operator creates A-vs-B, edits it and starts without player consent (0ms)
(node:9992) Warning: The 'NO_COLOR' env is ignored due to the 'FORCE_COLOR' env being set.
(Use `node --trace-warnings ...` to show where the warning was created)
  ✘  55 [chromium-mobile-390] › tests/e2e/wave-e-user.spec.ts:182:5 › Wave E onboarding resume, tutorial return, restart and Help feedback (1ms)
(node:9994) Warning: The 'NO_COLOR' env is ignored due to the 'FORCE_COLOR' env being set.
(Use `node --trace-warnings ...` to show where the warning was created)
  ✘  56 [chromium-mobile-390] › tests/e2e/wave-f-a11y.spec.ts:55:5 › Wave F auth geometry contrast and admin readable rows (1ms)
(node:9997) Warning: The 'NO_COLOR' env is ignored due to the 'FORCE_COLOR' env being set.
(Use `node --trace-warnings ...` to show where the warning was created)
  ✘  57 [chromium-mobile-390] › tests/e2e/wave-f-a11y.spec.ts:113:5 › Wave F algorithm focus and bracket keyboard geometry (1ms)
(node:10000) Warning: The 'NO_COLOR' env is ignored due to the 'FORCE_COLOR' env being set.
(Use `node --trace-warnings ...` to show where the warning was created)
  ✘  58 [chromium-mobile-390] › tests/e2e/wave-f-a11y.spec.ts:149:5 › Wave F judge disclosure score and landscape (1ms)
(node:10003) Warning: The 'NO_COLOR' env is ignored due to the 'FORCE_COLOR' env being set.
(Use `node --trace-warnings ...` to show where the warning was created)
  ✘  59 [chromium-mobile-390] › tests/e2e/wave-f-a11y.spec.ts:165:5 › Wave F onboarding heading and recovery states keep keyboard context (0ms)
(node:10005) Warning: The 'NO_COLOR' env is ignored due to the 'FORCE_COLOR' env being set.
(Use `node --trace-warnings ...` to show where the warning was created)
  ✘  60 [chromium-mobile-390] › tests/e2e/wave-f-a11y.spec.ts:187:5 › Wave F dialog review recovers hidden removed and busy focus (1ms)


  1) [chromium-desktop] › tests/e2e/critical.spec.ts:109:5 › E2E_auth_match_judge__AT-MATCH-001_005_008_AT-JUDGE-001_003_006_007__finishes_disposable_match 

    Error: browserType.launch: Target page, context or browser has been closed
    Browser logs:

    <launching> /Users/liubavskii/Library/Caches/ms-playwright/chromium_headless_shell-1243/chrome-headless-shell-mac-arm64/chrome-headless-shell --disable-field-trial-config --disable-background-networking --disable-background-timer-throttling --disable-backgrounding-occluded-windows --disable-back-forward-cache --disable-breakpad --disable-client-side-phishing-detection --disable-component-extensions-with-background-pages --disable-component-update --no-default-browser-check --disable-default-apps --disable-dev-shm-usage --disable-edgeupdater --disable-extensions --disable-features=AvoidUnnecessaryBeforeUnloadCheckSync,DestroyProfileOnBrowserClose,DialMediaRouteProvider,GlobalMediaControls,HttpsUpgrades,LensOverlay,MediaRouter,PaintHolding,ThirdPartyStoragePartitioning,BlockOriginHeaderModificationOnRedirect,Translate,AutoDeElevate,OptimizationHints,msForceBrowserSignIn,msEdgeUpdateLaunchServicesPreferredVersion --enable-features=CDPScreenshotNewSurface --allow-pre-commit-input --disable-hang-monitor --disable-ipc-flooding-protection --disable-popup-blocking --disable-prompt-on-repost --disable-renderer-backgrounding --disable-updater-scheduler --force-color-profile=srgb --metrics-recording-only --no-first-run --password-store=basic --use-mock-keychain --no-service-autorun --export-tagged-pdf --disable-search-engine-choice-screen --unsafely-disable-devtools-self-xss-warnings --edge-skip-compat-layer-relaunch --disable-infobars --disable-search-engine-choice-screen --disable-sync --enable-unsafe-swiftshader --headless --hide-scrollbars --mute-audio --blink-settings=primaryHoverType=2,availableHoverTypes=2,primaryPointerType=4,availablePointerTypes=4 --no-sandbox --user-data-dir=/var/folders/9c/gv6xyvzs3nn2yb2pnl0j00zr0000gn/T/playwright_chromiumdev_profile-2tXp0t --remote-debugging-pipe --no-startup-window
    <launched> pid=9849
    [pid=9849][err] [0919/031136.090419:ERROR:base/power_monitor/thermal_state_observer_mac.mm:140] ThermalStateObserverMac unable to register to power notifications. Result: 9
    [pid=9849][err] [0919/031136.105383:ERROR:net/dns/dns_config_service_posix.cc:138] DNS config watch failed to start.
    [pid=9849][err] [0919/031136.113195:FATAL:base/apple/mach_port_rendezvous_mac.cc:159] Check failed: kr == KERN_SUCCESS. bootstrap_check_in org.chromium.Chromium.MachPortRendezvousServer.9849: Permission denied (1100)
    Call log:
      - <launching> /Users/liubavskii/Library/Caches/ms-playwright/chromium_headless_shell-1243/chrome-headless-shell-mac-arm64/chrome-headless-shell --disable-field-trial-config --disable-background-networking --disable-background-timer-throttling --disable-backgrounding-occluded-windows --disable-back-forward-cache --disable-breakpad --disable-client-side-phishing-detection --disable-component-extensions-with-background-pages --disable-component-update --no-default-browser-check --disable-default-apps --disable-dev-shm-usage --disable-edgeupdater --disable-extensions --disable-features=AvoidUnnecessaryBeforeUnloadCheckSync,DestroyProfileOnBrowserClose,DialMediaRouteProvider,GlobalMediaControls,HttpsUpgrades,LensOverlay,MediaRouter,PaintHolding,ThirdPartyStoragePartitioning,BlockOriginHeaderModificationOnRedirect,Translate,AutoDeElevate,OptimizationHints,msForceBrowserSignIn,msEdgeUpdateLaunchServicesPreferredVersion --enable-features=CDPScreenshotNewSurface --allow-pre-commit-input --disable-hang-monitor --disable-ipc-flooding-protection --disable-popup-blocking --disable-prompt-on-repost --disable-renderer-backgrounding --disable-updater-scheduler --force-color-profile=srgb --metrics-recording-only --no-first-run --password-store=basic --use-mock-keychain --no-service-autorun --export-tagged-pdf --disable-search-engine-choice-screen --unsafely-disable-devtools-self-xss-warnings --edge-skip-compat-layer-relaunch --disable-infobars --disable-search-engine-choice-screen --disable-sync --enable-unsafe-swiftshader --headless --hide-scrollbars --mute-audio --blink-settings=primaryHoverType=2,availableHoverTypes=2,primaryPointerType=4,availablePointerTypes=4 --no-sandbox --user-data-dir=/var/folders/9c/gv6xyvzs3nn2yb2pnl0j00zr0000gn/T/playwright_chromiumdev_profile-2tXp0t --remote-debugging-pipe --no-startup-window
      - <launched> pid=9849
      - [pid=9849][err] [0919/031136.090419:ERROR:base/power_monitor/thermal_state_observer_mac.mm:140] ThermalStateObserverMac unable to register to power notifications. Result: 9
      - [pid=9849][err] [0919/031136.105383:ERROR:net/dns/dns_config_service_posix.cc:138] DNS config watch failed to start.
      - [pid=9849][err] [0919/031136.113195:FATAL:base/apple/mach_port_rendezvous_mac.cc:159] Check failed: kr == KERN_SUCCESS. bootstrap_check_in org.chromium.Chromium.MachPortRendezvousServer.9849: Permission denied (1100)
      - [pid=9849] <gracefully close start>
      - [pid=9849] <kill>
      - [pid=9849] <will force kill>
      - [pid=9849] exception while trying to kill process: Error: kill EPERM
      - [pid=9849] <process did exit: exitCode=null, signal=SIGTRAP>
      - [pid=9849] starting temporary directories cleanup
      - [pid=9849] finished temporary directories cleanup
      - [pid=9849] <gracefully close end>


    Error Context: ../../../../../../private/tmp/tab10-stage3-aggregate-ci-j6WviZ/browser-prodlike/playwright-output/critical-E2E-auth-match-ju-72f78-7-finishes-disposable-match-chromium-desktop/error-context.md

    attachment #2: trace (application/zip) ─────────────────────────────────────────────────────────
    ../../../../../../private/tmp/tab10-stage3-aggregate-ci-j6WviZ/browser-prodlike/playwright-output/critical-E2E-auth-match-ju-72f78-7-finishes-disposable-match-chromium-desktop/trace.zip
    Usage:

        pnpm exec playwright show-trace ../../../../../../private/tmp/tab10-stage3-aggregate-ci-j6WviZ/browser-prodlike/playwright-output/critical-E2E-auth-match-ju-72f78-7-finishes-disposable-match-chromium-desktop/trace.zip

    ────────────────────────────────────────────────────────────────────────────────────────────────

  2) [chromium-desktop] › tests/e2e/critical.spec.ts:157:5 › E2E_runtime_session_recovery__AT-AUTH-009__preserves_route_and_draft_without_replaying_mutation 

    Error: browserType.launch: Target page, context or browser has been closed
    Browser logs:

    <launching> /Users/liubavskii/Library/Caches/ms-playwright/chromium_headless_shell-1243/chrome-headless-shell-mac-arm64/chrome-headless-shell --disable-field-trial-config --disable-background-networking --disable-background-timer-throttling --disable-backgrounding-occluded-windows --disable-back-forward-cache --disable-breakpad --disable-client-side-phishing-detection --disable-component-extensions-with-background-pages --disable-component-update --no-default-browser-check --disable-default-apps --disable-dev-shm-usage --disable-edgeupdater --disable-extensions --disable-features=AvoidUnnecessaryBeforeUnloadCheckSync,DestroyProfileOnBrowserClose,DialMediaRouteProvider,GlobalMediaControls,HttpsUpgrades,LensOverlay,MediaRouter,PaintHolding,ThirdPartyStoragePartitioning,BlockOriginHeaderModificationOnRedirect,Translate,AutoDeElevate,OptimizationHints,msForceBrowserSignIn,msEdgeUpdateLaunchServicesPreferredVersion --enable-features=CDPScreenshotNewSurface --allow-pre-commit-input --disable-hang-monitor --disable-ipc-flooding-protection --disable-popup-blocking --disable-prompt-on-repost --disable-renderer-backgrounding --disable-updater-scheduler --force-color-profile=srgb --metrics-recording-only --no-first-run --password-store=basic --use-mock-keychain --no-service-autorun --export-tagged-pdf --disable-search-engine-choice-screen --unsafely-disable-devtools-self-xss-warnings --edge-skip-compat-layer-relaunch --disable-infobars --disable-search-engine-choice-screen --disable-sync --enable-unsafe-swiftshader --headless --hide-scrollbars --mute-audio --blink-settings=primaryHoverType=2,availableHoverTypes=2,primaryPointerType=4,availablePointerTypes=4 --no-sandbox --user-data-dir=/var/folders/9c/gv6xyvzs3nn2yb2pnl0j00zr0000gn/T/playwright_chromiumdev_profile-aHEhLU --remote-debugging-pipe --no-startup-window
    <launched> pid=9851
    [pid=9851][err] [0919/031136.709491:ERROR:base/power_monitor/thermal_state_observer_mac.mm:140] ThermalStateObserverMac unable to register to power notifications. Result: 9
    [pid=9851][err] [0919/031136.711023:ERROR:net/dns/dns_config_service_posix.cc:138] DNS config watch failed to start.
    [pid=9851][err] [0919/031136.711783:FATAL:base/apple/mach_port_rendezvous_mac.cc:159] Check failed: kr == KERN_SUCCESS. bootstrap_check_in org.chromium.Chromium.MachPortRendezvousServer.9851: Permission denied (1100)
    Call log:
      - <launching> /Users/liubavskii/Library/Caches/ms-playwright/chromium_headless_shell-1243/chrome-headless-shell-mac-arm64/chrome-headless-shell --disable-field-trial-config --disable-background-networking --disable-background-timer-throttling --disable-backgrounding-occluded-windows --disable-back-forward-cache --disable-breakpad --disable-client-side-phishing-detection --disable-component-extensions-with-background-pages --disable-component-update --no-default-browser-check --disable-default-apps --disable-dev-shm-usage --disable-edgeupdater --disable-extensions --disable-features=AvoidUnnecessaryBeforeUnloadCheckSync,DestroyProfileOnBrowserClose,DialMediaRouteProvider,GlobalMediaControls,HttpsUpgrades,LensOverlay,MediaRouter,PaintHolding,ThirdPartyStoragePartitioning,BlockOriginHeaderModificationOnRedirect,Translate,AutoDeElevate,OptimizationHints,msForceBrowserSignIn,msEdgeUpdateLaunchServicesPreferredVersion --enable-features=CDPScreenshotNewSurface --allow-pre-commit-input --disable-hang-monitor --disable-ipc-flooding-protection --disable-popup-blocking --disable-prompt-on-repost --disable-renderer-backgrounding --disable-updater-scheduler --force-color-profile=srgb --metrics-recording-only --no-first-run --password-store=basic --use-mock-keychain --no-service-autorun --export-tagged-pdf --disable-search-engine-choice-screen --unsafely-disable-devtools-self-xss-warnings --edge-skip-compat-layer-relaunch --disable-infobars --disable-search-engine-choice-screen --disable-sync --enable-unsafe-swiftshader --headless --hide-scrollbars --mute-audio --blink-settings=primaryHoverType=2,availableHoverTypes=2,primaryPointerType=4,availablePointerTypes=4 --no-sandbox --user-data-dir=/var/folders/9c/gv6xyvzs3nn2yb2pnl0j00zr0000gn/T/playwright_chromiumdev_profile-aHEhLU --remote-debugging-pipe --no-startup-window
      - <launched> pid=9851
      - [pid=9851][err] [0919/031136.709491:ERROR:base/power_monitor/thermal_state_observer_mac.mm:140] ThermalStateObserverMac unable to register to power notifications. Result: 9
      - [pid=9851][err] [0919/031136.711023:ERROR:net/dns/dns_config_service_posix.cc:138] DNS config watch failed to start.
      - [pid=9851][err] [0919/031136.711783:FATAL:base/apple/mach_port_rendezvous_mac.cc:159] Check failed: kr == KERN_SUCCESS. bootstrap_check_in org.chromium.Chromium.MachPortRendezvousServer.9851: Permission denied (1100)
      - [pid=9851] <gracefully close start>
      - [pid=9851] <kill>
      - [pid=9851] <will force kill>
      - [pid=9851] exception while trying to kill process: Error: kill EPERM
      - [pid=9851] <process did exit: exitCode=null, signal=SIGTRAP>
      - [pid=9851] starting temporary directories cleanup
      - [pid=9851] finished temporary directories cleanup
      - [pid=9851] <gracefully close end>


    Error Context: ../../../../../../private/tmp/tab10-stage3-aggregate-ci-j6WviZ/browser-prodlike/playwright-output/critical-E2E-runtime-sessi-72798--without-replaying-mutation-chromium-desktop/error-context.md

    attachment #2: trace (application/zip) ─────────────────────────────────────────────────────────
    ../../../../../../private/tmp/tab10-stage3-aggregate-ci-j6WviZ/browser-prodlike/playwright-output/critical-E2E-runtime-sessi-72798--without-replaying-mutation-chromium-desktop/trace.zip
    Usage:

        pnpm exec playwright show-trace ../../../../../../private/tmp/tab10-stage3-aggregate-ci-j6WviZ/browser-prodlike/playwright-output/critical-E2E-runtime-sessi-72798--without-replaying-mutation-chromium-desktop/trace.zip

    ────────────────────────────────────────────────────────────────────────────────────────────────

  3) [chromium-desktop] › tests/e2e/gap-012.spec.ts:53:5 › GAP-012 immutable consent policy and scoped admin post-bracket add 

    Error: browserType.launch: Target page, context or browser has been closed
    Browser logs:

    <launching> /Users/liubavskii/Library/Caches/ms-playwright/chromium_headless_shell-1243/chrome-headless-shell-mac-arm64/chrome-headless-shell --disable-field-trial-config --disable-background-networking --disable-background-timer-throttling --disable-backgrounding-occluded-windows --disable-back-forward-cache --disable-breakpad --disable-client-side-phishing-detection --disable-component-extensions-with-background-pages --disable-component-update --no-default-browser-check --disable-default-apps --disable-dev-shm-usage --disable-edgeupdater --disable-extensions --disable-features=AvoidUnnecessaryBeforeUnloadCheckSync,DestroyProfileOnBrowserClose,DialMediaRouteProvider,GlobalMediaControls,HttpsUpgrades,LensOverlay,MediaRouter,PaintHolding,ThirdPartyStoragePartitioning,BlockOriginHeaderModificationOnRedirect,Translate,AutoDeElevate,OptimizationHints,msForceBrowserSignIn,msEdgeUpdateLaunchServicesPreferredVersion --enable-features=CDPScreenshotNewSurface --allow-pre-commit-input --disable-hang-monitor --disable-ipc-flooding-protection --disable-popup-blocking --disable-prompt-on-repost --disable-renderer-backgrounding --disable-updater-scheduler --force-color-profile=srgb --metrics-recording-only --no-first-run --password-store=basic --use-mock-keychain --no-service-autorun --export-tagged-pdf --disable-search-engine-choice-screen --unsafely-disable-devtools-self-xss-warnings --edge-skip-compat-layer-relaunch --disable-infobars --disable-search-engine-choice-screen --disable-sync --enable-unsafe-swiftshader --headless --hide-scrollbars --mute-audio --blink-settings=primaryHoverType=2,availableHoverTypes=2,primaryPointerType=4,availablePointerTypes=4 --no-sandbox --user-data-dir=/var/folders/9c/gv6xyvzs3nn2yb2pnl0j00zr0000gn/T/playwright_chromiumdev_profile-36rEML --remote-debugging-pipe --no-startup-window
    <launched> pid=9853
    [pid=9853][err] [0919/031137.274629:ERROR:base/power_monitor/thermal_state_observer_mac.mm:140] ThermalStateObserverMac unable to register to power notifications. Result: 9
    [pid=9853][err] [0919/031137.276175:ERROR:net/dns/dns_config_service_posix.cc:138] DNS config watch failed to start.
    [pid=9853][err] [0919/031137.276759:FATAL:base/apple/mach_port_rendezvous_mac.cc:159] Check failed: kr == KERN_SUCCESS. bootstrap_check_in org.chromium.Chromium.MachPortRendezvousServer.9853: Permission denied (1100)
    Call log:
      - <launching> /Users/liubavskii/Library/Caches/ms-playwright/chromium_headless_shell-1243/chrome-headless-shell-mac-arm64/chrome-headless-shell --disable-field-trial-config --disable-background-networking --disable-background-timer-throttling --disable-backgrounding-occluded-windows --disable-back-forward-cache --disable-breakpad --disable-client-side-phishing-detection --disable-component-extensions-with-background-pages --disable-component-update --no-default-browser-check --disable-default-apps --disable-dev-shm-usage --disable-edgeupdater --disable-extensions --disable-features=AvoidUnnecessaryBeforeUnloadCheckSync,DestroyProfileOnBrowserClose,DialMediaRouteProvider,GlobalMediaControls,HttpsUpgrades,LensOverlay,MediaRouter,PaintHolding,ThirdPartyStoragePartitioning,BlockOriginHeaderModificationOnRedirect,Translate,AutoDeElevate,OptimizationHints,msForceBrowserSignIn,msEdgeUpdateLaunchServicesPreferredVersion --enable-features=CDPScreenshotNewSurface --allow-pre-commit-input --disable-hang-monitor --disable-ipc-flooding-protection --disable-popup-blocking --disable-prompt-on-repost --disable-renderer-backgrounding --disable-updater-scheduler --force-color-profile=srgb --metrics-recording-only --no-first-run --password-store=basic --use-mock-keychain --no-service-autorun --export-tagged-pdf --disable-search-engine-choice-screen --unsafely-disable-devtools-self-xss-warnings --edge-skip-compat-layer-relaunch --disable-infobars --disable-search-engine-choice-screen --disable-sync --enable-unsafe-swiftshader --headless --hide-scrollbars --mute-audio --blink-settings=primaryHoverType=2,availableHoverTypes=2,primaryPointerType=4,availablePointerTypes=4 --no-sandbox --user-data-dir=/var/folders/9c/gv6xyvzs3nn2yb2pnl0j00zr0000gn/T/playwright_chromiumdev_profile-36rEML --remote-debugging-pipe --no-startup-window
      - <launched> pid=9853
      - [pid=9853][err] [0919/031137.274629:ERROR:base/power_monitor/thermal_state_observer_mac.mm:140] ThermalStateObserverMac unable to register to power notifications. Result: 9
      - [pid=9853][err] [0919/031137.276175:ERROR:net/dns/dns_config_service_posix.cc:138] DNS config watch failed to start.
      - [pid=9853][err] [0919/031137.276759:FATAL:base/apple/mach_port_rendezvous_mac.cc:159] Check failed: kr == KERN_SUCCESS. bootstrap_check_in org.chromium.Chromium.MachPortRendezvousServer.9853: Permission denied (1100)
      - [pid=9853] <gracefully close start>
      - [pid=9853] <kill>
      - [pid=9853] <will force kill>
      - [pid=9853] exception while trying to kill process: Error: kill EPERM
      - [pid=9853] <process did exit: exitCode=null, signal=SIGTRAP>
      - [pid=9853] starting temporary directories cleanup
      - [pid=9853] finished temporary directories cleanup
      - [pid=9853] <gracefully close end>


    Error Context: ../../../../../../private/tmp/tab10-stage3-aggregate-ci-j6WviZ/browser-prodlike/playwright-output/gap-012-GAP-012-immutable--3c83c-oped-admin-post-bracket-add-chromium-desktop/error-context.md

    attachment #2: trace (application/zip) ─────────────────────────────────────────────────────────
    ../../../../../../private/tmp/tab10-stage3-aggregate-ci-j6WviZ/browser-prodlike/playwright-output/gap-012-GAP-012-immutable--3c83c-oped-admin-post-bracket-add-chromium-desktop/trace.zip
    Usage:

        pnpm exec playwright show-trace ../../../../../../private/tmp/tab10-stage3-aggregate-ci-j6WviZ/browser-prodlike/playwright-output/gap-012-GAP-012-immutable--3c83c-oped-admin-post-bracket-add-chromium-desktop/trace.zip

    ────────────────────────────────────────────────────────────────────────────────────────────────

  4) [chromium-desktop] › tests/e2e/production-smoke.spec.ts:13:5 › compiled web and API work through the same-origin production-like proxy 

    Error: browserType.launch: Target page, context or browser has been closed
    Browser logs:

    <launching> /Users/liubavskii/Library/Caches/ms-playwright/chromium_headless_shell-1243/chrome-headless-shell-mac-arm64/chrome-headless-shell --disable-field-trial-config --disable-background-networking --disable-background-timer-throttling --disable-backgrounding-occluded-windows --disable-back-forward-cache --disable-breakpad --disable-client-side-phishing-detection --disable-component-extensions-with-background-pages --disable-component-update --no-default-browser-check --disable-default-apps --disable-dev-shm-usage --disable-edgeupdater --disable-extensions --disable-features=AvoidUnnecessaryBeforeUnloadCheckSync,DestroyProfileOnBrowserClose,DialMediaRouteProvider,GlobalMediaControls,HttpsUpgrades,LensOverlay,MediaRouter,PaintHolding,ThirdPartyStoragePartitioning,BlockOriginHeaderModificationOnRedirect,Translate,AutoDeElevate,OptimizationHints,msForceBrowserSignIn,msEdgeUpdateLaunchServicesPreferredVersion --enable-features=CDPScreenshotNewSurface --allow-pre-commit-input --disable-hang-monitor --disable-ipc-flooding-protection --disable-popup-blocking --disable-prompt-on-repost --disable-renderer-backgrounding --disable-updater-scheduler --force-color-profile=srgb --metrics-recording-only --no-first-run --password-store=basic --use-mock-keychain --no-service-autorun --export-tagged-pdf --disable-search-engine-choice-screen --unsafely-disable-devtools-self-xss-warnings --edge-skip-compat-layer-relaunch --disable-infobars --disable-search-engine-choice-screen --disable-sync --enable-unsafe-swiftshader --headless --hide-scrollbars --mute-audio --blink-settings=primaryHoverType=2,availableHoverTypes=2,primaryPointerType=4,availablePointerTypes=4 --no-sandbox --user-data-dir=/var/folders/9c/gv6xyvzs3nn2yb2pnl0j00zr0000gn/T/playwright_chromiumdev_profile-tqkp9I --remote-debugging-pipe --no-startup-window
    <launched> pid=9855
    [pid=9855][err] [0919/031137.844165:ERROR:base/power_monitor/thermal_state_observer_mac.mm:140] ThermalStateObserverMac unable to register to power notifications. Result: 9
    [pid=9855][err] [0919/031137.846078:ERROR:net/dns/dns_config_service_posix.cc:138] DNS config watch failed to start.
    [pid=9855][err] [0919/031137.846542:FATAL:base/apple/mach_port_rendezvous_mac.cc:159] Check failed: kr == KERN_SUCCESS. bootstrap_check_in org.chromium.Chromium.MachPortRendezvousServer.9855: Permission denied (1100)
    Call log:
      - <launching> /Users/liubavskii/Library/Caches/ms-playwright/chromium_headless_shell-1243/chrome-headless-shell-mac-arm64/chrome-headless-shell --disable-field-trial-config --disable-background-networking --disable-background-timer-throttling --disable-backgrounding-occluded-windows --disable-back-forward-cache --disable-breakpad --disable-client-side-phishing-detection --disable-component-extensions-with-background-pages --disable-component-update --no-default-browser-check --disable-default-apps --disable-dev-shm-usage --disable-edgeupdater --disable-extensions --disable-features=AvoidUnnecessaryBeforeUnloadCheckSync,DestroyProfileOnBrowserClose,DialMediaRouteProvider,GlobalMediaControls,HttpsUpgrades,LensOverlay,MediaRouter,PaintHolding,ThirdPartyStoragePartitioning,BlockOriginHeaderModificationOnRedirect,Translate,AutoDeElevate,OptimizationHints,msForceBrowserSignIn,msEdgeUpdateLaunchServicesPreferredVersion --enable-features=CDPScreenshotNewSurface --allow-pre-commit-input --disable-hang-monitor --disable-ipc-flooding-protection --disable-popup-blocking --disable-prompt-on-repost --disable-renderer-backgrounding --disable-updater-scheduler --force-color-profile=srgb --metrics-recording-only --no-first-run --password-store=basic --use-mock-keychain --no-service-autorun --export-tagged-pdf --disable-search-engine-choice-screen --unsafely-disable-devtools-self-xss-warnings --edge-skip-compat-layer-relaunch --disable-infobars --disable-search-engine-choice-screen --disable-sync --enable-unsafe-swiftshader --headless --hide-scrollbars --mute-audio --blink-settings=primaryHoverType=2,availableHoverTypes=2,primaryPointerType=4,availablePointerTypes=4 --no-sandbox --user-data-dir=/var/folders/9c/gv6xyvzs3nn2yb2pnl0j00zr0000gn/T/playwright_chromiumdev_profile-tqkp9I --remote-debugging-pipe --no-startup-window
      - <launched> pid=9855
      - [pid=9855][err] [0919/031137.844165:ERROR:base/power_monitor/thermal_state_observer_mac.mm:140] ThermalStateObserverMac unable to register to power notifications. Result: 9
      - [pid=9855][err] [0919/031137.846078:ERROR:net/dns/dns_config_service_posix.cc:138] DNS config watch failed to start.
      - [pid=9855][err] [0919/031137.846542:FATAL:base/apple/mach_port_rendezvous_mac.cc:159] Check failed: kr == KERN_SUCCESS. bootstrap_check_in org.chromium.Chromium.MachPortRendezvousServer.9855: Permission denied (1100)
      - [pid=9855] <gracefully close start>
      - [pid=9855] <kill>
      - [pid=9855] <will force kill>
      - [pid=9855] exception while trying to kill process: Error: kill EPERM
      - [pid=9855] <process did exit: exitCode=null, signal=SIGTRAP>
      - [pid=9855] starting temporary directories cleanup
      - [pid=9855] finished temporary directories cleanup
      - [pid=9855] <gracefully close end>


    Error Context: ../../../../../../private/tmp/tab10-stage3-aggregate-ci-j6WviZ/browser-prodlike/playwright-output/production-smoke-compiled--829f0-rigin-production-like-proxy-chromium-desktop/error-context.md

    attachment #2: trace (application/zip) ─────────────────────────────────────────────────────────
    ../../../../../../private/tmp/tab10-stage3-aggregate-ci-j6WviZ/browser-prodlike/playwright-output/production-smoke-compiled--829f0-rigin-production-like-proxy-chromium-desktop/trace.zip
    Usage:

        pnpm exec playwright show-trace ../../../../../../private/tmp/tab10-stage3-aggregate-ci-j6WviZ/browser-prodlike/playwright-output/production-smoke-compiled--829f0-rigin-production-like-proxy-chromium-desktop/trace.zip

    ────────────────────────────────────────────────────────────────────────────────────────────────

  5) [chromium-desktop] › tests/e2e/stage2-home.spec.ts:7:5 › AT-HOME-003 Home keeps direct actions and all secondary routes at mobile and desktop 

    Error: browserType.launch: Target page, context or browser has been closed
    Browser logs:

    <launching> /Users/liubavskii/Library/Caches/ms-playwright/chromium_headless_shell-1243/chrome-headless-shell-mac-arm64/chrome-headless-shell --disable-field-trial-config --disable-background-networking --disable-background-timer-throttling --disable-backgrounding-occluded-windows --disable-back-forward-cache --disable-breakpad --disable-client-side-phishing-detection --disable-component-extensions-with-background-pages --disable-component-update --no-default-browser-check --disable-default-apps --disable-dev-shm-usage --disable-edgeupdater --disable-extensions --disable-features=AvoidUnnecessaryBeforeUnloadCheckSync,DestroyProfileOnBrowserClose,DialMediaRouteProvider,GlobalMediaControls,HttpsUpgrades,LensOverlay,MediaRouter,PaintHolding,ThirdPartyStoragePartitioning,BlockOriginHeaderModificationOnRedirect,Translate,AutoDeElevate,OptimizationHints,msForceBrowserSignIn,msEdgeUpdateLaunchServicesPreferredVersion --enable-features=CDPScreenshotNewSurface --allow-pre-commit-input --disable-hang-monitor --disable-ipc-flooding-protection --disable-popup-blocking --disable-prompt-on-repost --disable-renderer-backgrounding --disable-updater-scheduler --force-color-profile=srgb --metrics-recording-only --no-first-run --password-store=basic --use-mock-keychain --no-service-autorun --export-tagged-pdf --disable-search-engine-choice-screen --unsafely-disable-devtools-self-xss-warnings --edge-skip-compat-layer-relaunch --disable-infobars --disable-search-engine-choice-screen --disable-sync --enable-unsafe-swiftshader --headless --hide-scrollbars --mute-audio --blink-settings=primaryHoverType=2,availableHoverTypes=2,primaryPointerType=4,availablePointerTypes=4 --no-sandbox --user-data-dir=/var/folders/9c/gv6xyvzs3nn2yb2pnl0j00zr0000gn/T/playwright_chromiumdev_profile-HG9za9 --remote-debugging-pipe --no-startup-window
    <launched> pid=9863
    [pid=9863][err] [0919/031138.495201:ERROR:base/power_monitor/thermal_state_observer_mac.mm:140] ThermalStateObserverMac unable to register to power notifications. Result: 9
    [pid=9863][err] [0919/031138.497142:ERROR:net/dns/dns_config_service_posix.cc:138] DNS config watch failed to start.
    [pid=9863][err] [0919/031138.497780:FATAL:base/apple/mach_port_rendezvous_mac.cc:159] Check failed: kr == KERN_SUCCESS. bootstrap_check_in org.chromium.Chromium.MachPortRendezvousServer.9863: Permission denied (1100)
    [pid=9863] <process did exit: exitCode=null, signal=SIGTRAP>
    [pid=9863] starting temporary directories cleanup
    Call log:
      - <launching> /Users/liubavskii/Library/Caches/ms-playwright/chromium_headless_shell-1243/chrome-headless-shell-mac-arm64/chrome-headless-shell --disable-field-trial-config --disable-background-networking --disable-background-timer-throttling --disable-backgrounding-occluded-windows --disable-back-forward-cache --disable-breakpad --disable-client-side-phishing-detection --disable-component-extensions-with-background-pages --disable-component-update --no-default-browser-check --disable-default-apps --disable-dev-shm-usage --disable-edgeupdater --disable-extensions --disable-features=AvoidUnnecessaryBeforeUnloadCheckSync,DestroyProfileOnBrowserClose,DialMediaRouteProvider,GlobalMediaControls,HttpsUpgrades,LensOverlay,MediaRouter,PaintHolding,ThirdPartyStoragePartitioning,BlockOriginHeaderModificationOnRedirect,Translate,AutoDeElevate,OptimizationHints,msForceBrowserSignIn,msEdgeUpdateLaunchServicesPreferredVersion --enable-features=CDPScreenshotNewSurface --allow-pre-commit-input --disable-hang-monitor --disable-ipc-flooding-protection --disable-popup-blocking --disable-prompt-on-repost --disable-renderer-backgrounding --disable-updater-scheduler --force-color-profile=srgb --metrics-recording-only --no-first-run --password-store=basic --use-mock-keychain --no-service-autorun --export-tagged-pdf --disable-search-engine-choice-screen --unsafely-disable-devtools-self-xss-warnings --edge-skip-compat-layer-relaunch --disable-infobars --disable-search-engine-choice-screen --disable-sync --enable-unsafe-swiftshader --headless --hide-scrollbars --mute-audio --blink-settings=primaryHoverType=2,availableHoverTypes=2,primaryPointerType=4,availablePointerTypes=4 --no-sandbox --user-data-dir=/var/folders/9c/gv6xyvzs3nn2yb2pnl0j00zr0000gn/T/playwright_chromiumdev_profile-HG9za9 --remote-debugging-pipe --no-startup-window
      - <launched> pid=9863
      - [pid=9863][err] [0919/031138.495201:ERROR:base/power_monitor/thermal_state_observer_mac.mm:140] ThermalStateObserverMac unable to register to power notifications. Result: 9
      - [pid=9863][err] [0919/031138.497142:ERROR:net/dns/dns_config_service_posix.cc:138] DNS config watch failed to start.
      - [pid=9863][err] [0919/031138.497780:FATAL:base/apple/mach_port_rendezvous_mac.cc:159] Check failed: kr == KERN_SUCCESS. bootstrap_check_in org.chromium.Chromium.MachPortRendezvousServer.9863: Permission denied (1100)
      - [pid=9863] <process did exit: exitCode=null, signal=SIGTRAP>
      - [pid=9863] starting temporary directories cleanup
      - [pid=9863] <gracefully close start>
      - [pid=9863] <kill>
      - [pid=9863] <skipped force kill spawnedProcess.killed=false processClosed=true>
      - [pid=9863] finished temporary directories cleanup
      - [pid=9863] <gracefully close end>


    Error Context: ../../../../../../private/tmp/tab10-stage3-aggregate-ci-j6WviZ/browser-prodlike/playwright-output/stage2-home-AT-HOME-003-Ho-53897-outes-at-mobile-and-desktop-chromium-desktop/error-context.md

    attachment #2: trace (application/zip) ─────────────────────────────────────────────────────────
    ../../../../../../private/tmp/tab10-stage3-aggregate-ci-j6WviZ/browser-prodlike/playwright-output/stage2-home-AT-HOME-003-Ho-53897-outes-at-mobile-and-desktop-chromium-desktop/trace.zip
    Usage:

        pnpm exec playwright show-trace ../../../../../../private/tmp/tab10-stage3-aggregate-ci-j6WviZ/browser-prodlike/playwright-output/stage2-home-AT-HOME-003-Ho-53897-outes-at-mobile-and-desktop-chromium-desktop/trace.zip

    ────────────────────────────────────────────────────────────────────────────────────────────────

  6) [chromium-desktop] › tests/e2e/stage2-home.spec.ts:63:5 › AT-HOME-003 Home keeps navigation after a fetch error 

    Error: browserType.launch: Target page, context or browser has been closed
    Browser logs:

    <launching> /Users/liubavskii/Library/Caches/ms-playwright/chromium_headless_shell-1243/chrome-headless-shell-mac-arm64/chrome-headless-shell --disable-field-trial-config --disable-background-networking --disable-background-timer-throttling --disable-backgrounding-occluded-windows --disable-back-forward-cache --disable-breakpad --disable-client-side-phishing-detection --disable-component-extensions-with-background-pages --disable-component-update --no-default-browser-check --disable-default-apps --disable-dev-shm-usage --disable-edgeupdater --disable-extensions --disable-features=AvoidUnnecessaryBeforeUnloadCheckSync,DestroyProfileOnBrowserClose,DialMediaRouteProvider,GlobalMediaControls,HttpsUpgrades,LensOverlay,MediaRouter,PaintHolding,ThirdPartyStoragePartitioning,BlockOriginHeaderModificationOnRedirect,Translate,AutoDeElevate,OptimizationHints,msForceBrowserSignIn,msEdgeUpdateLaunchServicesPreferredVersion --enable-features=CDPScreenshotNewSurface --allow-pre-commit-input --disable-hang-monitor --disable-ipc-flooding-protection --disable-popup-blocking --disable-prompt-on-repost --disable-renderer-backgrounding --disable-updater-scheduler --force-color-profile=srgb --metrics-recording-only --no-first-run --password-store=basic --use-mock-keychain --no-service-autorun --export-tagged-pdf --disable-search-engine-choice-screen --unsafely-disable-devtools-self-xss-warnings --edge-skip-compat-layer-relaunch --disable-infobars --disable-search-engine-choice-screen --disable-sync --enable-unsafe-swiftshader --headless --hide-scrollbars --mute-audio --blink-settings=primaryHoverType=2,availableHoverTypes=2,primaryPointerType=4,availablePointerTypes=4 --no-sandbox --user-data-dir=/var/folders/9c/gv6xyvzs3nn2yb2pnl0j00zr0000gn/T/playwright_chromiumdev_profile-l057pX --remote-debugging-pipe --no-startup-window
    <launched> pid=9865
    [pid=9865][err] [0919/031139.081764:ERROR:base/power_monitor/thermal_state_observer_mac.mm:140] ThermalStateObserverMac unable to register to power notifications. Result: 9
    [pid=9865][err] [0919/031139.083412:ERROR:net/dns/dns_config_service_posix.cc:138] DNS config watch failed to start.
    [pid=9865][err] [0919/031139.083978:FATAL:base/apple/mach_port_rendezvous_mac.cc:159] Check failed: kr == KERN_SUCCESS. bootstrap_check_in org.chromium.Chromium.MachPortRendezvousServer.9865: Permission denied (1100)
    [pid=9865] <process did exit: exitCode=null, signal=SIGTRAP>
    [pid=9865] starting temporary directories cleanup
    Call log:
      - <launching> /Users/liubavskii/Library/Caches/ms-playwright/chromium_headless_shell-1243/chrome-headless-shell-mac-arm64/chrome-headless-shell --disable-field-trial-config --disable-background-networking --disable-background-timer-throttling --disable-backgrounding-occluded-windows --disable-back-forward-cache --disable-breakpad --disable-client-side-phishing-detection --disable-component-extensions-with-background-pages --disable-component-update --no-default-browser-check --disable-default-apps --disable-dev-shm-usage --disable-edgeupdater --disable-extensions --disable-features=AvoidUnnecessaryBeforeUnloadCheckSync,DestroyProfileOnBrowserClose,DialMediaRouteProvider,GlobalMediaControls,HttpsUpgrades,LensOverlay,MediaRouter,PaintHolding,ThirdPartyStoragePartitioning,BlockOriginHeaderModificationOnRedirect,Translate,AutoDeElevate,OptimizationHints,msForceBrowserSignIn,msEdgeUpdateLaunchServicesPreferredVersion --enable-features=CDPScreenshotNewSurface --allow-pre-commit-input --disable-hang-monitor --disable-ipc-flooding-protection --disable-popup-blocking --disable-prompt-on-repost --disable-renderer-backgrounding --disable-updater-scheduler --force-color-profile=srgb --metrics-recording-only --no-first-run --password-store=basic --use-mock-keychain --no-service-autorun --export-tagged-pdf --disable-search-engine-choice-screen --unsafely-disable-devtools-self-xss-warnings --edge-skip-compat-layer-relaunch --disable-infobars --disable-search-engine-choice-screen --disable-sync --enable-unsafe-swiftshader --headless --hide-scrollbars --mute-audio --blink-settings=primaryHoverType=2,availableHoverTypes=2,primaryPointerType=4,availablePointerTypes=4 --no-sandbox --user-data-dir=/var/folders/9c/gv6xyvzs3nn2yb2pnl0j00zr0000gn/T/playwright_chromiumdev_profile-l057pX --remote-debugging-pipe --no-startup-window
      - <launched> pid=9865
      - [pid=9865][err] [0919/031139.081764:ERROR:base/power_monitor/thermal_state_observer_mac.mm:140] ThermalStateObserverMac unable to register to power notifications. Result: 9
      - [pid=9865][err] [0919/031139.083412:ERROR:net/dns/dns_config_service_posix.cc:138] DNS config watch failed to start.
      - [pid=9865][err] [0919/031139.083978:FATAL:base/apple/mach_port_rendezvous_mac.cc:159] Check failed: kr == KERN_SUCCESS. bootstrap_check_in org.chromium.Chromium.MachPortRendezvousServer.9865: Permission denied (1100)
      - [pid=9865] <process did exit: exitCode=null, signal=SIGTRAP>
      - [pid=9865] starting temporary directories cleanup
      - [pid=9865] <gracefully close start>
      - [pid=9865] <kill>
      - [pid=9865] <skipped force kill spawnedProcess.killed=false processClosed=true>
      - [pid=9865] finished temporary directories cleanup
      - [pid=9865] <gracefully close end>


    Error Context: ../../../../../../private/tmp/tab10-stage3-aggregate-ci-j6WviZ/browser-prodlike/playwright-output/stage2-home-AT-HOME-003-Ho-9742a-igation-after-a-fetch-error-chromium-desktop/error-context.md

    attachment #2: trace (application/zip) ─────────────────────────────────────────────────────────
    ../../../../../../private/tmp/tab10-stage3-aggregate-ci-j6WviZ/browser-prodlike/playwright-output/stage2-home-AT-HOME-003-Ho-9742a-igation-after-a-fetch-error-chromium-desktop/trace.zip
    Usage:

        pnpm exec playwright show-trace ../../../../../../private/tmp/tab10-stage3-aggregate-ci-j6WviZ/browser-prodlike/playwright-output/stage2-home-AT-HOME-003-Ho-9742a-igation-after-a-fetch-error-chromium-desktop/trace.zip

    ────────────────────────────────────────────────────────────────────────────────────────────────

  7) [chromium-desktop] › tests/e2e/stage2-home.spec.ts:83:5 › HOME-007 finished match keeps sides and score first with a side-specific winner mark 

    Error: browserType.launch: Target page, context or browser has been closed
    Browser logs:

    <launching> /Users/liubavskii/Library/Caches/ms-playwright/chromium_headless_shell-1243/chrome-headless-shell-mac-arm64/chrome-headless-shell --disable-field-trial-config --disable-background-networking --disable-background-timer-throttling --disable-backgrounding-occluded-windows --disable-back-forward-cache --disable-breakpad --disable-client-side-phishing-detection --disable-component-extensions-with-background-pages --disable-component-update --no-default-browser-check --disable-default-apps --disable-dev-shm-usage --disable-edgeupdater --disable-extensions --disable-features=AvoidUnnecessaryBeforeUnloadCheckSync,DestroyProfileOnBrowserClose,DialMediaRouteProvider,GlobalMediaControls,HttpsUpgrades,LensOverlay,MediaRouter,PaintHolding,ThirdPartyStoragePartitioning,BlockOriginHeaderModificationOnRedirect,Translate,AutoDeElevate,OptimizationHints,msForceBrowserSignIn,msEdgeUpdateLaunchServicesPreferredVersion --enable-features=CDPScreenshotNewSurface --allow-pre-commit-input --disable-hang-monitor --disable-ipc-flooding-protection --disable-popup-blocking --disable-prompt-on-repost --disable-renderer-backgrounding --disable-updater-scheduler --force-color-profile=srgb --metrics-recording-only --no-first-run --password-store=basic --use-mock-keychain --no-service-autorun --export-tagged-pdf --disable-search-engine-choice-screen --unsafely-disable-devtools-self-xss-warnings --edge-skip-compat-layer-relaunch --disable-infobars --disable-search-engine-choice-screen --disable-sync --enable-unsafe-swiftshader --headless --hide-scrollbars --mute-audio --blink-settings=primaryHoverType=2,availableHoverTypes=2,primaryPointerType=4,availablePointerTypes=4 --no-sandbox --user-data-dir=/var/folders/9c/gv6xyvzs3nn2yb2pnl0j00zr0000gn/T/playwright_chromiumdev_profile-sl8YO1 --remote-debugging-pipe --no-startup-window
    <launched> pid=9869
    [pid=9869][err] [0919/031139.670976:ERROR:base/power_monitor/thermal_state_observer_mac.mm:140] ThermalStateObserverMac unable to register to power notifications. Result: 9
    [pid=9869][err] [0919/031139.673153:ERROR:net/dns/dns_config_service_posix.cc:138] DNS config watch failed to start.
    [pid=9869][err] [0919/031139.674138:FATAL:base/apple/mach_port_rendezvous_mac.cc:159] Check failed: kr == KERN_SUCCESS. bootstrap_check_in org.chromium.Chromium.MachPortRendezvousServer.9869: Permission denied (1100)
    Call log:
      - <launching> /Users/liubavskii/Library/Caches/ms-playwright/chromium_headless_shell-1243/chrome-headless-shell-mac-arm64/chrome-headless-shell --disable-field-trial-config --disable-background-networking --disable-background-timer-throttling --disable-backgrounding-occluded-windows --disable-back-forward-cache --disable-breakpad --disable-client-side-phishing-detection --disable-component-extensions-with-background-pages --disable-component-update --no-default-browser-check --disable-default-apps --disable-dev-shm-usage --disable-edgeupdater --disable-extensions --disable-features=AvoidUnnecessaryBeforeUnloadCheckSync,DestroyProfileOnBrowserClose,DialMediaRouteProvider,GlobalMediaControls,HttpsUpgrades,LensOverlay,MediaRouter,PaintHolding,ThirdPartyStoragePartitioning,BlockOriginHeaderModificationOnRedirect,Translate,AutoDeElevate,OptimizationHints,msForceBrowserSignIn,msEdgeUpdateLaunchServicesPreferredVersion --enable-features=CDPScreenshotNewSurface --allow-pre-commit-input --disable-hang-monitor --disable-ipc-flooding-protection --disable-popup-blocking --disable-prompt-on-repost --disable-renderer-backgrounding --disable-updater-scheduler --force-color-profile=srgb --metrics-recording-only --no-first-run --password-store=basic --use-mock-keychain --no-service-autorun --export-tagged-pdf --disable-search-engine-choice-screen --unsafely-disable-devtools-self-xss-warnings --edge-skip-compat-layer-relaunch --disable-infobars --disable-search-engine-choice-screen --disable-sync --enable-unsafe-swiftshader --headless --hide-scrollbars --mute-audio --blink-settings=primaryHoverType=2,availableHoverTypes=2,primaryPointerType=4,availablePointerTypes=4 --no-sandbox --user-data-dir=/var/folders/9c/gv6xyvzs3nn2yb2pnl0j00zr0000gn/T/playwright_chromiumdev_profile-sl8YO1 --remote-debugging-pipe --no-startup-window
      - <launched> pid=9869
      - [pid=9869][err] [0919/031139.670976:ERROR:base/power_monitor/thermal_state_observer_mac.mm:140] ThermalStateObserverMac unable to register to power notifications. Result: 9
      - [pid=9869][err] [0919/031139.673153:ERROR:net/dns/dns_config_service_posix.cc:138] DNS config watch failed to start.
      - [pid=9869][err] [0919/031139.674138:FATAL:base/apple/mach_port_rendezvous_mac.cc:159] Check failed: kr == KERN_SUCCESS. bootstrap_check_in org.chromium.Chromium.MachPortRendezvousServer.9869: Permission denied (1100)
      - [pid=9869] <gracefully close start>
      - [pid=9869] <kill>
      - [pid=9869] <will force kill>
      - [pid=9869] exception while trying to kill process: Error: kill EPERM
      - [pid=9869] <process did exit: exitCode=null, signal=SIGTRAP>
      - [pid=9869] starting temporary directories cleanup
      - [pid=9869] finished temporary directories cleanup
      - [pid=9869] <gracefully close end>


    Error Context: ../../../../../../private/tmp/tab10-stage3-aggregate-ci-j6WviZ/browser-prodlike/playwright-output/stage2-home-HOME-007-finis-f820d-a-side-specific-winner-mark-chromium-desktop/error-context.md

    attachment #2: trace (application/zip) ─────────────────────────────────────────────────────────
    ../../../../../../private/tmp/tab10-stage3-aggregate-ci-j6WviZ/browser-prodlike/playwright-output/stage2-home-HOME-007-finis-f820d-a-side-specific-winner-mark-chromium-desktop/trace.zip
    Usage:

        pnpm exec playwright show-trace ../../../../../../private/tmp/tab10-stage3-aggregate-ci-j6WviZ/browser-prodlike/playwright-output/stage2-home-HOME-007-finis-f820d-a-side-specific-winner-mark-chromium-desktop/trace.zip

    ────────────────────────────────────────────────────────────────────────────────────────────────

  8) [chromium-desktop] › tests/e2e/stage2-home.spec.ts:139:5 › GAP-031 keeps overflow tasks collapsed until requested 

    Error: browserType.launch: Target page, context or browser has been closed
    Browser logs:

    <launching> /Users/liubavskii/Library/Caches/ms-playwright/chromium_headless_shell-1243/chrome-headless-shell-mac-arm64/chrome-headless-shell --disable-field-trial-config --disable-background-networking --disable-background-timer-throttling --disable-backgrounding-occluded-windows --disable-back-forward-cache --disable-breakpad --disable-client-side-phishing-detection --disable-component-extensions-with-background-pages --disable-component-update --no-default-browser-check --disable-default-apps --disable-dev-shm-usage --disable-edgeupdater --disable-extensions --disable-features=AvoidUnnecessaryBeforeUnloadCheckSync,DestroyProfileOnBrowserClose,DialMediaRouteProvider,GlobalMediaControls,HttpsUpgrades,LensOverlay,MediaRouter,PaintHolding,ThirdPartyStoragePartitioning,BlockOriginHeaderModificationOnRedirect,Translate,AutoDeElevate,OptimizationHints,msForceBrowserSignIn,msEdgeUpdateLaunchServicesPreferredVersion --enable-features=CDPScreenshotNewSurface --allow-pre-commit-input --disable-hang-monitor --disable-ipc-flooding-protection --disable-popup-blocking --disable-prompt-on-repost --disable-renderer-backgrounding --disable-updater-scheduler --force-color-profile=srgb --metrics-recording-only --no-first-run --password-store=basic --use-mock-keychain --no-service-autorun --export-tagged-pdf --disable-search-engine-choice-screen --unsafely-disable-devtools-self-xss-warnings --edge-skip-compat-layer-relaunch --disable-infobars --disable-search-engine-choice-screen --disable-sync --enable-unsafe-swiftshader --headless --hide-scrollbars --mute-audio --blink-settings=primaryHoverType=2,availableHoverTypes=2,primaryPointerType=4,availablePointerTypes=4 --no-sandbox --user-data-dir=/var/folders/9c/gv6xyvzs3nn2yb2pnl0j00zr0000gn/T/playwright_chromiumdev_profile-IDiwwm --remote-debugging-pipe --no-startup-window
    <launched> pid=9872
    [pid=9872][err] [0919/031140.238878:ERROR:base/power_monitor/thermal_state_observer_mac.mm:140] ThermalStateObserverMac unable to register to power notifications. Result: 9
    [pid=9872][err] [0919/031140.240702:ERROR:net/dns/dns_config_service_posix.cc:138] DNS config watch failed to start.
    [pid=9872][err] [0919/031140.241237:FATAL:base/apple/mach_port_rendezvous_mac.cc:159] Check failed: kr == KERN_SUCCESS. bootstrap_check_in org.chromium.Chromium.MachPortRendezvousServer.9872: Permission denied (1100)
    Call log:
      - <launching> /Users/liubavskii/Library/Caches/ms-playwright/chromium_headless_shell-1243/chrome-headless-shell-mac-arm64/chrome-headless-shell --disable-field-trial-config --disable-background-networking --disable-background-timer-throttling --disable-backgrounding-occluded-windows --disable-back-forward-cache --disable-breakpad --disable-client-side-phishing-detection --disable-component-extensions-with-background-pages --disable-component-update --no-default-browser-check --disable-default-apps --disable-dev-shm-usage --disable-edgeupdater --disable-extensions --disable-features=AvoidUnnecessaryBeforeUnloadCheckSync,DestroyProfileOnBrowserClose,DialMediaRouteProvider,GlobalMediaControls,HttpsUpgrades,LensOverlay,MediaRouter,PaintHolding,ThirdPartyStoragePartitioning,BlockOriginHeaderModificationOnRedirect,Translate,AutoDeElevate,OptimizationHints,msForceBrowserSignIn,msEdgeUpdateLaunchServicesPreferredVersion --enable-features=CDPScreenshotNewSurface --allow-pre-commit-input --disable-hang-monitor --disable-ipc-flooding-protection --disable-popup-blocking --disable-prompt-on-repost --disable-renderer-backgrounding --disable-updater-scheduler --force-color-profile=srgb --metrics-recording-only --no-first-run --password-store=basic --use-mock-keychain --no-service-autorun --export-tagged-pdf --disable-search-engine-choice-screen --unsafely-disable-devtools-self-xss-warnings --edge-skip-compat-layer-relaunch --disable-infobars --disable-search-engine-choice-screen --disable-sync --enable-unsafe-swiftshader --headless --hide-scrollbars --mute-audio --blink-settings=primaryHoverType=2,availableHoverTypes=2,primaryPointerType=4,availablePointerTypes=4 --no-sandbox --user-data-dir=/var/folders/9c/gv6xyvzs3nn2yb2pnl0j00zr0000gn/T/playwright_chromiumdev_profile-IDiwwm --remote-debugging-pipe --no-startup-window
      - <launched> pid=9872
      - [pid=9872][err] [0919/031140.238878:ERROR:base/power_monitor/thermal_state_observer_mac.mm:140] ThermalStateObserverMac unable to register to power notifications. Result: 9
      - [pid=9872][err] [0919/031140.240702:ERROR:net/dns/dns_config_service_posix.cc:138] DNS config watch failed to start.
      - [pid=9872][err] [0919/031140.241237:FATAL:base/apple/mach_port_rendezvous_mac.cc:159] Check failed: kr == KERN_SUCCESS. bootstrap_check_in org.chromium.Chromium.MachPortRendezvousServer.9872: Permission denied (1100)
      - [pid=9872] <gracefully close start>
      - [pid=9872] <kill>
      - [pid=9872] <will force kill>
      - [pid=9872] exception while trying to kill process: Error: kill EPERM
      - [pid=9872] <process did exit: exitCode=null, signal=SIGTRAP>
      - [pid=9872] starting temporary directories cleanup
      - [pid=9872] finished temporary directories cleanup
      - [pid=9872] <gracefully close end>


    Error Context: ../../../../../../private/tmp/tab10-stage3-aggregate-ci-j6WviZ/browser-prodlike/playwright-output/stage2-home-GAP-031-keeps--337de-s-collapsed-until-requested-chromium-desktop/error-context.md

    attachment #2: trace (application/zip) ─────────────────────────────────────────────────────────
    ../../../../../../private/tmp/tab10-stage3-aggregate-ci-j6WviZ/browser-prodlike/playwright-output/stage2-home-GAP-031-keeps--337de-s-collapsed-until-requested-chromium-desktop/trace.zip
    Usage:

        pnpm exec playwright show-trace ../../../../../../private/tmp/tab10-stage3-aggregate-ci-j6WviZ/browser-prodlike/playwright-output/stage2-home-GAP-031-keeps--337de-s-collapsed-until-requested-chromium-desktop/trace.zip

    ────────────────────────────────────────────────────────────────────────────────────────────────

  9) [chromium-desktop] › tests/e2e/stage2-home.spec.ts:161:5 › GAP-030 explicit Home releases judge slot; Browser Back is measured separately 

    Error: browserType.launch: Target page, context or browser has been closed
    Browser logs:

    <launching> /Users/liubavskii/Library/Caches/ms-playwright/chromium_headless_shell-1243/chrome-headless-shell-mac-arm64/chrome-headless-shell --disable-field-trial-config --disable-background-networking --disable-background-timer-throttling --disable-backgrounding-occluded-windows --disable-back-forward-cache --disable-breakpad --disable-client-side-phishing-detection --disable-component-extensions-with-background-pages --disable-component-update --no-default-browser-check --disable-default-apps --disable-dev-shm-usage --disable-edgeupdater --disable-extensions --disable-features=AvoidUnnecessaryBeforeUnloadCheckSync,DestroyProfileOnBrowserClose,DialMediaRouteProvider,GlobalMediaControls,HttpsUpgrades,LensOverlay,MediaRouter,PaintHolding,ThirdPartyStoragePartitioning,BlockOriginHeaderModificationOnRedirect,Translate,AutoDeElevate,OptimizationHints,msForceBrowserSignIn,msEdgeUpdateLaunchServicesPreferredVersion --enable-features=CDPScreenshotNewSurface --allow-pre-commit-input --disable-hang-monitor --disable-ipc-flooding-protection --disable-popup-blocking --disable-prompt-on-repost --disable-renderer-backgrounding --disable-updater-scheduler --force-color-profile=srgb --metrics-recording-only --no-first-run --password-store=basic --use-mock-keychain --no-service-autorun --export-tagged-pdf --disable-search-engine-choice-screen --unsafely-disable-devtools-self-xss-warnings --edge-skip-compat-layer-relaunch --disable-infobars --disable-search-engine-choice-screen --disable-sync --enable-unsafe-swiftshader --headless --hide-scrollbars --mute-audio --blink-settings=primaryHoverType=2,availableHoverTypes=2,primaryPointerType=4,availablePointerTypes=4 --no-sandbox --user-data-dir=/var/folders/9c/gv6xyvzs3nn2yb2pnl0j00zr0000gn/T/playwright_chromiumdev_profile-NkNEND --remote-debugging-pipe --no-startup-window
    <launched> pid=9874
    [pid=9874][err] [0919/031140.796612:ERROR:base/power_monitor/thermal_state_observer_mac.mm:140] ThermalStateObserverMac unable to register to power notifications. Result: 9
    [pid=9874][err] [0919/031140.798401:ERROR:net/dns/dns_config_service_posix.cc:138] DNS config watch failed to start.
    [pid=9874][err] [0919/031140.799014:FATAL:base/apple/mach_port_rendezvous_mac.cc:159] Check failed: kr == KERN_SUCCESS. bootstrap_check_in org.chromium.Chromium.MachPortRendezvousServer.9874: Permission denied (1100)
    [pid=9874] <process did exit: exitCode=null, signal=SIGTRAP>
    [pid=9874] starting temporary directories cleanup
    Call log:
      - <launching> /Users/liubavskii/Library/Caches/ms-playwright/chromium_headless_shell-1243/chrome-headless-shell-mac-arm64/chrome-headless-shell --disable-field-trial-config --disable-background-networking --disable-background-timer-throttling --disable-backgrounding-occluded-windows --disable-back-forward-cache --disable-breakpad --disable-client-side-phishing-detection --disable-component-extensions-with-background-pages --disable-component-update --no-default-browser-check --disable-default-apps --disable-dev-shm-usage --disable-edgeupdater --disable-extensions --disable-features=AvoidUnnecessaryBeforeUnloadCheckSync,DestroyProfileOnBrowserClose,DialMediaRouteProvider,GlobalMediaControls,HttpsUpgrades,LensOverlay,MediaRouter,PaintHolding,ThirdPartyStoragePartitioning,BlockOriginHeaderModificationOnRedirect,Translate,AutoDeElevate,OptimizationHints,msForceBrowserSignIn,msEdgeUpdateLaunchServicesPreferredVersion --enable-features=CDPScreenshotNewSurface --allow-pre-commit-input --disable-hang-monitor --disable-ipc-flooding-protection --disable-popup-blocking --disable-prompt-on-repost --disable-renderer-backgrounding --disable-updater-scheduler --force-color-profile=srgb --metrics-recording-only --no-first-run --password-store=basic --use-mock-keychain --no-service-autorun --export-tagged-pdf --disable-search-engine-choice-screen --unsafely-disable-devtools-self-xss-warnings --edge-skip-compat-layer-relaunch --disable-infobars --disable-search-engine-choice-screen --disable-sync --enable-unsafe-swiftshader --headless --hide-scrollbars --mute-audio --blink-settings=primaryHoverType=2,availableHoverTypes=2,primaryPointerType=4,availablePointerTypes=4 --no-sandbox --user-data-dir=/var/folders/9c/gv6xyvzs3nn2yb2pnl0j00zr0000gn/T/playwright_chromiumdev_profile-NkNEND --remote-debugging-pipe --no-startup-window
      - <launched> pid=9874
      - [pid=9874][err] [0919/031140.796612:ERROR:base/power_monitor/thermal_state_observer_mac.mm:140] ThermalStateObserverMac unable to register to power notifications. Result: 9
      - [pid=9874][err] [0919/031140.798401:ERROR:net/dns/dns_config_service_posix.cc:138] DNS config watch failed to start.
      - [pid=9874][err] [0919/031140.799014:FATAL:base/apple/mach_port_rendezvous_mac.cc:159] Check failed: kr == KERN_SUCCESS. bootstrap_check_in org.chromium.Chromium.MachPortRendezvousServer.9874: Permission denied (1100)
      - [pid=9874] <process did exit: exitCode=null, signal=SIGTRAP>
      - [pid=9874] starting temporary directories cleanup
      - [pid=9874] <gracefully close start>
      - [pid=9874] <kill>
      - [pid=9874] <skipped force kill spawnedProcess.killed=false processClosed=true>
      - [pid=9874] finished temporary directories cleanup
      - [pid=9874] <gracefully close end>


    Error Context: ../../../../../../private/tmp/tab10-stage3-aggregate-ci-j6WviZ/browser-prodlike/playwright-output/stage2-home-GAP-030-explic-9bb09-Back-is-measured-separately-chromium-desktop/error-context.md

    attachment #2: trace (application/zip) ─────────────────────────────────────────────────────────
    ../../../../../../private/tmp/tab10-stage3-aggregate-ci-j6WviZ/browser-prodlike/playwright-output/stage2-home-GAP-030-explic-9bb09-Back-is-measured-separately-chromium-desktop/trace.zip
    Usage:

        pnpm exec playwright show-trace ../../../../../../private/tmp/tab10-stage3-aggregate-ci-j6WviZ/browser-prodlike/playwright-output/stage2-home-GAP-030-explic-9bb09-Back-is-measured-separately-chromium-desktop/trace.zip

    ────────────────────────────────────────────────────────────────────────────────────────────────

  10) [chromium-desktop] › tests/e2e/wave-b.spec.ts:44:5 › Wave B AT-PROFILE-001..005 AT-RANK-005..006 own edit, revoke, team and private public card 

    Error: browserType.launch: Target page, context or browser has been closed
    Browser logs:

    <launching> /Users/liubavskii/Library/Caches/ms-playwright/chromium_headless_shell-1243/chrome-headless-shell-mac-arm64/chrome-headless-shell --disable-field-trial-config --disable-background-networking --disable-background-timer-throttling --disable-backgrounding-occluded-windows --disable-back-forward-cache --disable-breakpad --disable-client-side-phishing-detection --disable-component-extensions-with-background-pages --disable-component-update --no-default-browser-check --disable-default-apps --disable-dev-shm-usage --disable-edgeupdater --disable-extensions --disable-features=AvoidUnnecessaryBeforeUnloadCheckSync,DestroyProfileOnBrowserClose,DialMediaRouteProvider,GlobalMediaControls,HttpsUpgrades,LensOverlay,MediaRouter,PaintHolding,ThirdPartyStoragePartitioning,BlockOriginHeaderModificationOnRedirect,Translate,AutoDeElevate,OptimizationHints,msForceBrowserSignIn,msEdgeUpdateLaunchServicesPreferredVersion --enable-features=CDPScreenshotNewSurface --allow-pre-commit-input --disable-hang-monitor --disable-ipc-flooding-protection --disable-popup-blocking --disable-prompt-on-repost --disable-renderer-backgrounding --disable-updater-scheduler --force-color-profile=srgb --metrics-recording-only --no-first-run --password-store=basic --use-mock-keychain --no-service-autorun --export-tagged-pdf --disable-search-engine-choice-screen --unsafely-disable-devtools-self-xss-warnings --edge-skip-compat-layer-relaunch --disable-infobars --disable-search-engine-choice-screen --disable-sync --enable-unsafe-swiftshader --headless --hide-scrollbars --mute-audio --blink-settings=primaryHoverType=2,availableHoverTypes=2,primaryPointerType=4,availablePointerTypes=4 --no-sandbox --user-data-dir=/var/folders/9c/gv6xyvzs3nn2yb2pnl0j00zr0000gn/T/playwright_chromiumdev_profile-Fx2LUQ --remote-debugging-pipe --no-startup-window
    <launched> pid=9876
    [pid=9876][err] [0919/031141.367744:ERROR:base/power_monitor/thermal_state_observer_mac.mm:140] ThermalStateObserverMac unable to register to power notifications. Result: 9
    [pid=9876][err] [0919/031141.369195:ERROR:net/dns/dns_config_service_posix.cc:138] DNS config watch failed to start.
    [pid=9876][err] [0919/031141.369755:FATAL:base/apple/mach_port_rendezvous_mac.cc:159] Check failed: kr == KERN_SUCCESS. bootstrap_check_in org.chromium.Chromium.MachPortRendezvousServer.9876: Permission denied (1100)
    [pid=9876] <process did exit: exitCode=null, signal=SIGTRAP>
    [pid=9876] starting temporary directories cleanup
    Call log:
      - <launching> /Users/liubavskii/Library/Caches/ms-playwright/chromium_headless_shell-1243/chrome-headless-shell-mac-arm64/chrome-headless-shell --disable-field-trial-config --disable-background-networking --disable-background-timer-throttling --disable-backgrounding-occluded-windows --disable-back-forward-cache --disable-breakpad --disable-client-side-phishing-detection --disable-component-extensions-with-background-pages --disable-component-update --no-default-browser-check --disable-default-apps --disable-dev-shm-usage --disable-edgeupdater --disable-extensions --disable-features=AvoidUnnecessaryBeforeUnloadCheckSync,DestroyProfileOnBrowserClose,DialMediaRouteProvider,GlobalMediaControls,HttpsUpgrades,LensOverlay,MediaRouter,PaintHolding,ThirdPartyStoragePartitioning,BlockOriginHeaderModificationOnRedirect,Translate,AutoDeElevate,OptimizationHints,msForceBrowserSignIn,msEdgeUpdateLaunchServicesPreferredVersion --enable-features=CDPScreenshotNewSurface --allow-pre-commit-input --disable-hang-monitor --disable-ipc-flooding-protection --disable-popup-blocking --disable-prompt-on-repost --disable-renderer-backgrounding --disable-updater-scheduler --force-color-profile=srgb --metrics-recording-only --no-first-run --password-store=basic --use-mock-keychain --no-service-autorun --export-tagged-pdf --disable-search-engine-choice-screen --unsafely-disable-devtools-self-xss-warnings --edge-skip-compat-layer-relaunch --disable-infobars --disable-search-engine-choice-screen --disable-sync --enable-unsafe-swiftshader --headless --hide-scrollbars --mute-audio --blink-settings=primaryHoverType=2,availableHoverTypes=2,primaryPointerType=4,availablePointerTypes=4 --no-sandbox --user-data-dir=/var/folders/9c/gv6xyvzs3nn2yb2pnl0j00zr0000gn/T/playwright_chromiumdev_profile-Fx2LUQ --remote-debugging-pipe --no-startup-window
      - <launched> pid=9876
      - [pid=9876][err] [0919/031141.367744:ERROR:base/power_monitor/thermal_state_observer_mac.mm:140] ThermalStateObserverMac unable to register to power notifications. Result: 9
      - [pid=9876][err] [0919/031141.369195:ERROR:net/dns/dns_config_service_posix.cc:138] DNS config watch failed to start.
      - [pid=9876][err] [0919/031141.369755:FATAL:base/apple/mach_port_rendezvous_mac.cc:159] Check failed: kr == KERN_SUCCESS. bootstrap_check_in org.chromium.Chromium.MachPortRendezvousServer.9876: Permission denied (1100)
      - [pid=9876] <process did exit: exitCode=null, signal=SIGTRAP>
      - [pid=9876] starting temporary directories cleanup
      - [pid=9876] <gracefully close start>
      - [pid=9876] <kill>
      - [pid=9876] <skipped force kill spawnedProcess.killed=false processClosed=true>
      - [pid=9876] finished temporary directories cleanup
      - [pid=9876] <gracefully close end>


    Error Context: ../../../../../../private/tmp/tab10-stage3-aggregate-ci-j6WviZ/browser-prodlike/playwright-output/wave-b-Wave-B-AT-PROFILE-0-f046a-eam-and-private-public-card-chromium-desktop/error-context.md

    attachment #2: trace (application/zip) ─────────────────────────────────────────────────────────
    ../../../../../../private/tmp/tab10-stage3-aggregate-ci-j6WviZ/browser-prodlike/playwright-output/wave-b-Wave-B-AT-PROFILE-0-f046a-eam-and-private-public-card-chromium-desktop/trace.zip
    Usage:

        pnpm exec playwright show-trace ../../../../../../private/tmp/tab10-stage3-aggregate-ci-j6WviZ/browser-prodlike/playwright-output/wave-b-Wave-B-AT-PROFILE-0-f046a-eam-and-private-public-card-chromium-desktop/trace.zip

    ────────────────────────────────────────────────────────────────────────────────────────────────

  11) [chromium-desktop] › tests/e2e/wave-b.spec.ts:124:5 › Wave B AT-VIS-003 history pagination and detail return keep context 

    Error: browserType.launch: Target page, context or browser has been closed
    Browser logs:

    <launching> /Users/liubavskii/Library/Caches/ms-playwright/chromium_headless_shell-1243/chrome-headless-shell-mac-arm64/chrome-headless-shell --disable-field-trial-config --disable-background-networking --disable-background-timer-throttling --disable-backgrounding-occluded-windows --disable-back-forward-cache --disable-breakpad --disable-client-side-phishing-detection --disable-component-extensions-with-background-pages --disable-component-update --no-default-browser-check --disable-default-apps --disable-dev-shm-usage --disable-edgeupdater --disable-extensions --disable-features=AvoidUnnecessaryBeforeUnloadCheckSync,DestroyProfileOnBrowserClose,DialMediaRouteProvider,GlobalMediaControls,HttpsUpgrades,LensOverlay,MediaRouter,PaintHolding,ThirdPartyStoragePartitioning,BlockOriginHeaderModificationOnRedirect,Translate,AutoDeElevate,OptimizationHints,msForceBrowserSignIn,msEdgeUpdateLaunchServicesPreferredVersion --enable-features=CDPScreenshotNewSurface --allow-pre-commit-input --disable-hang-monitor --disable-ipc-flooding-protection --disable-popup-blocking --disable-prompt-on-repost --disable-renderer-backgrounding --disable-updater-scheduler --force-color-profile=srgb --metrics-recording-only --no-first-run --password-store=basic --use-mock-keychain --no-service-autorun --export-tagged-pdf --disable-search-engine-choice-screen --unsafely-disable-devtools-self-xss-warnings --edge-skip-compat-layer-relaunch --disable-infobars --disable-search-engine-choice-screen --disable-sync --enable-unsafe-swiftshader --headless --hide-scrollbars --mute-audio --blink-settings=primaryHoverType=2,availableHoverTypes=2,primaryPointerType=4,availablePointerTypes=4 --no-sandbox --user-data-dir=/var/folders/9c/gv6xyvzs3nn2yb2pnl0j00zr0000gn/T/playwright_chromiumdev_profile-RYrupJ --remote-debugging-pipe --no-startup-window
    <launched> pid=9878
    [pid=9878][err] [0919/031141.932729:ERROR:base/power_monitor/thermal_state_observer_mac.mm:140] ThermalStateObserverMac unable to register to power notifications. Result: 9
    [pid=9878][err] [0919/031141.934388:ERROR:net/dns/dns_config_service_posix.cc:138] DNS config watch failed to start.
    [pid=9878][err] [0919/031141.935018:FATAL:base/apple/mach_port_rendezvous_mac.cc:159] Check failed: kr == KERN_SUCCESS. bootstrap_check_in org.chromium.Chromium.MachPortRendezvousServer.9878: Permission denied (1100)
    [pid=9878] <process did exit: exitCode=null, signal=SIGTRAP>
    [pid=9878] starting temporary directories cleanup
    Call log:
      - <launching> /Users/liubavskii/Library/Caches/ms-playwright/chromium_headless_shell-1243/chrome-headless-shell-mac-arm64/chrome-headless-shell --disable-field-trial-config --disable-background-networking --disable-background-timer-throttling --disable-backgrounding-occluded-windows --disable-back-forward-cache --disable-breakpad --disable-client-side-phishing-detection --disable-component-extensions-with-background-pages --disable-component-update --no-default-browser-check --disable-default-apps --disable-dev-shm-usage --disable-edgeupdater --disable-extensions --disable-features=AvoidUnnecessaryBeforeUnloadCheckSync,DestroyProfileOnBrowserClose,DialMediaRouteProvider,GlobalMediaControls,HttpsUpgrades,LensOverlay,MediaRouter,PaintHolding,ThirdPartyStoragePartitioning,BlockOriginHeaderModificationOnRedirect,Translate,AutoDeElevate,OptimizationHints,msForceBrowserSignIn,msEdgeUpdateLaunchServicesPreferredVersion --enable-features=CDPScreenshotNewSurface --allow-pre-commit-input --disable-hang-monitor --disable-ipc-flooding-protection --disable-popup-blocking --disable-prompt-on-repost --disable-renderer-backgrounding --disable-updater-scheduler --force-color-profile=srgb --metrics-recording-only --no-first-run --password-store=basic --use-mock-keychain --no-service-autorun --export-tagged-pdf --disable-search-engine-choice-screen --unsafely-disable-devtools-self-xss-warnings --edge-skip-compat-layer-relaunch --disable-infobars --disable-search-engine-choice-screen --disable-sync --enable-unsafe-swiftshader --headless --hide-scrollbars --mute-audio --blink-settings=primaryHoverType=2,availableHoverTypes=2,primaryPointerType=4,availablePointerTypes=4 --no-sandbox --user-data-dir=/var/folders/9c/gv6xyvzs3nn2yb2pnl0j00zr0000gn/T/playwright_chromiumdev_profile-RYrupJ --remote-debugging-pipe --no-startup-window
      - <launched> pid=9878
      - [pid=9878][err] [0919/031141.932729:ERROR:base/power_monitor/thermal_state_observer_mac.mm:140] ThermalStateObserverMac unable to register to power notifications. Result: 9
      - [pid=9878][err] [0919/031141.934388:ERROR:net/dns/dns_config_service_posix.cc:138] DNS config watch failed to start.
      - [pid=9878][err] [0919/031141.935018:FATAL:base/apple/mach_port_rendezvous_mac.cc:159] Check failed: kr == KERN_SUCCESS. bootstrap_check_in org.chromium.Chromium.MachPortRendezvousServer.9878: Permission denied (1100)
      - [pid=9878] <process did exit: exitCode=null, signal=SIGTRAP>
      - [pid=9878] starting temporary directories cleanup
      - [pid=9878] <gracefully close start>
      - [pid=9878] <kill>
      - [pid=9878] <skipped force kill spawnedProcess.killed=false processClosed=true>
      - [pid=9878] finished temporary directories cleanup
      - [pid=9878] <gracefully close end>


    Error Context: ../../../../../../private/tmp/tab10-stage3-aggregate-ci-j6WviZ/browser-prodlike/playwright-output/wave-b-Wave-B-AT-VIS-003-h-3e075--detail-return-keep-context-chromium-desktop/error-context.md

    attachment #2: trace (application/zip) ─────────────────────────────────────────────────────────
    ../../../../../../private/tmp/tab10-stage3-aggregate-ci-j6WviZ/browser-prodlike/playwright-output/wave-b-Wave-B-AT-VIS-003-h-3e075--detail-return-keep-context-chromium-desktop/trace.zip
    Usage:

        pnpm exec playwright show-trace ../../../../../../private/tmp/tab10-stage3-aggregate-ci-j6WviZ/browser-prodlike/playwright-output/wave-b-Wave-B-AT-VIS-003-h-3e075--detail-return-keep-context-chromium-desktop/trace.zip

    ────────────────────────────────────────────────────────────────────────────────────────────────

  12) [chromium-desktop] › tests/e2e/wave-c.spec.ts:38:5 › Wave C AT-MATCH-013_016 2v2 team selection, rules, no-show and hidden revenge 

    Error: browserType.launch: Target page, context or browser has been closed
    Browser logs:

    <launching> /Users/liubavskii/Library/Caches/ms-playwright/chromium_headless_shell-1243/chrome-headless-shell-mac-arm64/chrome-headless-shell --disable-field-trial-config --disable-background-networking --disable-background-timer-throttling --disable-backgrounding-occluded-windows --disable-back-forward-cache --disable-breakpad --disable-client-side-phishing-detection --disable-component-extensions-with-background-pages --disable-component-update --no-default-browser-check --disable-default-apps --disable-dev-shm-usage --disable-edgeupdater --disable-extensions --disable-features=AvoidUnnecessaryBeforeUnloadCheckSync,DestroyProfileOnBrowserClose,DialMediaRouteProvider,GlobalMediaControls,HttpsUpgrades,LensOverlay,MediaRouter,PaintHolding,ThirdPartyStoragePartitioning,BlockOriginHeaderModificationOnRedirect,Translate,AutoDeElevate,OptimizationHints,msForceBrowserSignIn,msEdgeUpdateLaunchServicesPreferredVersion --enable-features=CDPScreenshotNewSurface --allow-pre-commit-input --disable-hang-monitor --disable-ipc-flooding-protection --disable-popup-blocking --disable-prompt-on-repost --disable-renderer-backgrounding --disable-updater-scheduler --force-color-profile=srgb --metrics-recording-only --no-first-run --password-store=basic --use-mock-keychain --no-service-autorun --export-tagged-pdf --disable-search-engine-choice-screen --unsafely-disable-devtools-self-xss-warnings --edge-skip-compat-layer-relaunch --disable-infobars --disable-search-engine-choice-screen --disable-sync --enable-unsafe-swiftshader --headless --hide-scrollbars --mute-audio --blink-settings=primaryHoverType=2,availableHoverTypes=2,primaryPointerType=4,availablePointerTypes=4 --no-sandbox --user-data-dir=/var/folders/9c/gv6xyvzs3nn2yb2pnl0j00zr0000gn/T/playwright_chromiumdev_profile-jbtpSg --remote-debugging-pipe --no-startup-window
    <launched> pid=9880
    [pid=9880][err] [0919/031142.610582:ERROR:base/power_monitor/thermal_state_observer_mac.mm:140] ThermalStateObserverMac unable to register to power notifications. Result: 9
    [pid=9880][err] [0919/031142.613002:ERROR:net/dns/dns_config_service_posix.cc:138] DNS config watch failed to start.
    [pid=9880][err] [0919/031142.613785:FATAL:base/apple/mach_port_rendezvous_mac.cc:159] Check failed: kr == KERN_SUCCESS. bootstrap_check_in org.chromium.Chromium.MachPortRendezvousServer.9880: Permission denied (1100)
    Call log:
      - <launching> /Users/liubavskii/Library/Caches/ms-playwright/chromium_headless_shell-1243/chrome-headless-shell-mac-arm64/chrome-headless-shell --disable-field-trial-config --disable-background-networking --disable-background-timer-throttling --disable-backgrounding-occluded-windows --disable-back-forward-cache --disable-breakpad --disable-client-side-phishing-detection --disable-component-extensions-with-background-pages --disable-component-update --no-default-browser-check --disable-default-apps --disable-dev-shm-usage --disable-edgeupdater --disable-extensions --disable-features=AvoidUnnecessaryBeforeUnloadCheckSync,DestroyProfileOnBrowserClose,DialMediaRouteProvider,GlobalMediaControls,HttpsUpgrades,LensOverlay,MediaRouter,PaintHolding,ThirdPartyStoragePartitioning,BlockOriginHeaderModificationOnRedirect,Translate,AutoDeElevate,OptimizationHints,msForceBrowserSignIn,msEdgeUpdateLaunchServicesPreferredVersion --enable-features=CDPScreenshotNewSurface --allow-pre-commit-input --disable-hang-monitor --disable-ipc-flooding-protection --disable-popup-blocking --disable-prompt-on-repost --disable-renderer-backgrounding --disable-updater-scheduler --force-color-profile=srgb --metrics-recording-only --no-first-run --password-store=basic --use-mock-keychain --no-service-autorun --export-tagged-pdf --disable-search-engine-choice-screen --unsafely-disable-devtools-self-xss-warnings --edge-skip-compat-layer-relaunch --disable-infobars --disable-search-engine-choice-screen --disable-sync --enable-unsafe-swiftshader --headless --hide-scrollbars --mute-audio --blink-settings=primaryHoverType=2,availableHoverTypes=2,primaryPointerType=4,availablePointerTypes=4 --no-sandbox --user-data-dir=/var/folders/9c/gv6xyvzs3nn2yb2pnl0j00zr0000gn/T/playwright_chromiumdev_profile-jbtpSg --remote-debugging-pipe --no-startup-window
      - <launched> pid=9880
      - [pid=9880][err] [0919/031142.610582:ERROR:base/power_monitor/thermal_state_observer_mac.mm:140] ThermalStateObserverMac unable to register to power notifications. Result: 9
      - [pid=9880][err] [0919/031142.613002:ERROR:net/dns/dns_config_service_posix.cc:138] DNS config watch failed to start.
      - [pid=9880][err] [0919/031142.613785:FATAL:base/apple/mach_port_rendezvous_mac.cc:159] Check failed: kr == KERN_SUCCESS. bootstrap_check_in org.chromium.Chromium.MachPortRendezvousServer.9880: Permission denied (1100)
      - [pid=9880] <gracefully close start>
      - [pid=9880] <kill>
      - [pid=9880] <will force kill>
      - [pid=9880] exception while trying to kill process: Error: kill EPERM
      - [pid=9880] <process did exit: exitCode=null, signal=SIGTRAP>
      - [pid=9880] starting temporary directories cleanup
      - [pid=9880] finished temporary directories cleanup
      - [pid=9880] <gracefully close end>


    Error Context: ../../../../../../private/tmp/tab10-stage3-aggregate-ci-j6WviZ/browser-prodlike/playwright-output/wave-c-Wave-C-AT-MATCH-013-8ab72--no-show-and-hidden-revenge-chromium-desktop/error-context.md

    attachment #2: trace (application/zip) ─────────────────────────────────────────────────────────
    ../../../../../../private/tmp/tab10-stage3-aggregate-ci-j6WviZ/browser-prodlike/playwright-output/wave-c-Wave-C-AT-MATCH-013-8ab72--no-show-and-hidden-revenge-chromium-desktop/trace.zip
    Usage:

        pnpm exec playwright show-trace ../../../../../../private/tmp/tab10-stage3-aggregate-ci-j6WviZ/browser-prodlike/playwright-output/wave-c-Wave-C-AT-MATCH-013-8ab72--no-show-and-hidden-revenge-chromium-desktop/trace.zip

    ────────────────────────────────────────────────────────────────────────────────────────────────

  13) [chromium-desktop] › tests/e2e/wave-c.spec.ts:79:5 › Wave C AT-JUDGE-004_010 correction, undo and two-client handover preserve authority 

    Error: browserType.launch: Target page, context or browser has been closed
    Browser logs:

    <launching> /Users/liubavskii/Library/Caches/ms-playwright/chromium_headless_shell-1243/chrome-headless-shell-mac-arm64/chrome-headless-shell --disable-field-trial-config --disable-background-networking --disable-background-timer-throttling --disable-backgrounding-occluded-windows --disable-back-forward-cache --disable-breakpad --disable-client-side-phishing-detection --disable-component-extensions-with-background-pages --disable-component-update --no-default-browser-check --disable-default-apps --disable-dev-shm-usage --disable-edgeupdater --disable-extensions --disable-features=AvoidUnnecessaryBeforeUnloadCheckSync,DestroyProfileOnBrowserClose,DialMediaRouteProvider,GlobalMediaControls,HttpsUpgrades,LensOverlay,MediaRouter,PaintHolding,ThirdPartyStoragePartitioning,BlockOriginHeaderModificationOnRedirect,Translate,AutoDeElevate,OptimizationHints,msForceBrowserSignIn,msEdgeUpdateLaunchServicesPreferredVersion --enable-features=CDPScreenshotNewSurface --allow-pre-commit-input --disable-hang-monitor --disable-ipc-flooding-protection --disable-popup-blocking --disable-prompt-on-repost --disable-renderer-backgrounding --disable-updater-scheduler --force-color-profile=srgb --metrics-recording-only --no-first-run --password-store=basic --use-mock-keychain --no-service-autorun --export-tagged-pdf --disable-search-engine-choice-screen --unsafely-disable-devtools-self-xss-warnings --edge-skip-compat-layer-relaunch --disable-infobars --disable-search-engine-choice-screen --disable-sync --enable-unsafe-swiftshader --headless --hide-scrollbars --mute-audio --blink-settings=primaryHoverType=2,availableHoverTypes=2,primaryPointerType=4,availablePointerTypes=4 --no-sandbox --user-data-dir=/var/folders/9c/gv6xyvzs3nn2yb2pnl0j00zr0000gn/T/playwright_chromiumdev_profile-cXUzNy --remote-debugging-pipe --no-startup-window
    <launched> pid=9884
    [pid=9884][err] [0919/031143.178885:ERROR:base/power_monitor/thermal_state_observer_mac.mm:140] ThermalStateObserverMac unable to register to power notifications. Result: 9
    [pid=9884][err] [0919/031143.180711:ERROR:net/dns/dns_config_service_posix.cc:138] DNS config watch failed to start.
    [pid=9884][err] [0919/031143.181197:FATAL:base/apple/mach_port_rendezvous_mac.cc:159] Check failed: kr == KERN_SUCCESS. bootstrap_check_in org.chromium.Chromium.MachPortRendezvousServer.9884: Permission denied (1100)
    [pid=9884] <process did exit: exitCode=null, signal=SIGTRAP>
    [pid=9884] starting temporary directories cleanup
    Call log:
      - <launching> /Users/liubavskii/Library/Caches/ms-playwright/chromium_headless_shell-1243/chrome-headless-shell-mac-arm64/chrome-headless-shell --disable-field-trial-config --disable-background-networking --disable-background-timer-throttling --disable-backgrounding-occluded-windows --disable-back-forward-cache --disable-breakpad --disable-client-side-phishing-detection --disable-component-extensions-with-background-pages --disable-component-update --no-default-browser-check --disable-default-apps --disable-dev-shm-usage --disable-edgeupdater --disable-extensions --disable-features=AvoidUnnecessaryBeforeUnloadCheckSync,DestroyProfileOnBrowserClose,DialMediaRouteProvider,GlobalMediaControls,HttpsUpgrades,LensOverlay,MediaRouter,PaintHolding,ThirdPartyStoragePartitioning,BlockOriginHeaderModificationOnRedirect,Translate,AutoDeElevate,OptimizationHints,msForceBrowserSignIn,msEdgeUpdateLaunchServicesPreferredVersion --enable-features=CDPScreenshotNewSurface --allow-pre-commit-input --disable-hang-monitor --disable-ipc-flooding-protection --disable-popup-blocking --disable-prompt-on-repost --disable-renderer-backgrounding --disable-updater-scheduler --force-color-profile=srgb --metrics-recording-only --no-first-run --password-store=basic --use-mock-keychain --no-service-autorun --export-tagged-pdf --disable-search-engine-choice-screen --unsafely-disable-devtools-self-xss-warnings --edge-skip-compat-layer-relaunch --disable-infobars --disable-search-engine-choice-screen --disable-sync --enable-unsafe-swiftshader --headless --hide-scrollbars --mute-audio --blink-settings=primaryHoverType=2,availableHoverTypes=2,primaryPointerType=4,availablePointerTypes=4 --no-sandbox --user-data-dir=/var/folders/9c/gv6xyvzs3nn2yb2pnl0j00zr0000gn/T/playwright_chromiumdev_profile-cXUzNy --remote-debugging-pipe --no-startup-window
      - <launched> pid=9884
      - [pid=9884][err] [0919/031143.178885:ERROR:base/power_monitor/thermal_state_observer_mac.mm:140] ThermalStateObserverMac unable to register to power notifications. Result: 9
      - [pid=9884][err] [0919/031143.180711:ERROR:net/dns/dns_config_service_posix.cc:138] DNS config watch failed to start.
      - [pid=9884][err] [0919/031143.181197:FATAL:base/apple/mach_port_rendezvous_mac.cc:159] Check failed: kr == KERN_SUCCESS. bootstrap_check_in org.chromium.Chromium.MachPortRendezvousServer.9884: Permission denied (1100)
      - [pid=9884] <process did exit: exitCode=null, signal=SIGTRAP>
      - [pid=9884] starting temporary directories cleanup
      - [pid=9884] <gracefully close start>
      - [pid=9884] <kill>
      - [pid=9884] <skipped force kill spawnedProcess.killed=false processClosed=true>
      - [pid=9884] finished temporary directories cleanup
      - [pid=9884] <gracefully close end>


    Error Context: ../../../../../../private/tmp/tab10-stage3-aggregate-ci-j6WviZ/browser-prodlike/playwright-output/wave-c-Wave-C-AT-JUDGE-004-a8521-handover-preserve-authority-chromium-desktop/error-context.md

    attachment #2: trace (application/zip) ─────────────────────────────────────────────────────────
    ../../../../../../private/tmp/tab10-stage3-aggregate-ci-j6WviZ/browser-prodlike/playwright-output/wave-c-Wave-C-AT-JUDGE-004-a8521-handover-preserve-authority-chromium-desktop/trace.zip
    Usage:

        pnpm exec playwright show-trace ../../../../../../private/tmp/tab10-stage3-aggregate-ci-j6WviZ/browser-prodlike/playwright-output/wave-c-Wave-C-AT-JUDGE-004-a8521-handover-preserve-authority-chromium-desktop/trace.zip

    ────────────────────────────────────────────────────────────────────────────────────────────────

  14) [chromium-desktop] › tests/e2e/wave-c.spec.ts:135:5 › Wave C AT-JUDGE-001 creator starts while another club judge retains the slot 

    Error: browserType.launch: Target page, context or browser has been closed
    Browser logs:

    <launching> /Users/liubavskii/Library/Caches/ms-playwright/chromium_headless_shell-1243/chrome-headless-shell-mac-arm64/chrome-headless-shell --disable-field-trial-config --disable-background-networking --disable-background-timer-throttling --disable-backgrounding-occluded-windows --disable-back-forward-cache --disable-breakpad --disable-client-side-phishing-detection --disable-component-extensions-with-background-pages --disable-component-update --no-default-browser-check --disable-default-apps --disable-dev-shm-usage --disable-edgeupdater --disable-extensions --disable-features=AvoidUnnecessaryBeforeUnloadCheckSync,DestroyProfileOnBrowserClose,DialMediaRouteProvider,GlobalMediaControls,HttpsUpgrades,LensOverlay,MediaRouter,PaintHolding,ThirdPartyStoragePartitioning,BlockOriginHeaderModificationOnRedirect,Translate,AutoDeElevate,OptimizationHints,msForceBrowserSignIn,msEdgeUpdateLaunchServicesPreferredVersion --enable-features=CDPScreenshotNewSurface --allow-pre-commit-input --disable-hang-monitor --disable-ipc-flooding-protection --disable-popup-blocking --disable-prompt-on-repost --disable-renderer-backgrounding --disable-updater-scheduler --force-color-profile=srgb --metrics-recording-only --no-first-run --password-store=basic --use-mock-keychain --no-service-autorun --export-tagged-pdf --disable-search-engine-choice-screen --unsafely-disable-devtools-self-xss-warnings --edge-skip-compat-layer-relaunch --disable-infobars --disable-search-engine-choice-screen --disable-sync --enable-unsafe-swiftshader --headless --hide-scrollbars --mute-audio --blink-settings=primaryHoverType=2,availableHoverTypes=2,primaryPointerType=4,availablePointerTypes=4 --no-sandbox --user-data-dir=/var/folders/9c/gv6xyvzs3nn2yb2pnl0j00zr0000gn/T/playwright_chromiumdev_profile-K5cRQK --remote-debugging-pipe --no-startup-window
    <launched> pid=9886
    [pid=9886][err] [0919/031143.744054:ERROR:base/power_monitor/thermal_state_observer_mac.mm:140] ThermalStateObserverMac unable to register to power notifications. Result: 9
    [pid=9886][err] [0919/031143.745511:ERROR:net/dns/dns_config_service_posix.cc:138] DNS config watch failed to start.
    [pid=9886][err] [0919/031143.746077:FATAL:base/apple/mach_port_rendezvous_mac.cc:159] Check failed: kr == KERN_SUCCESS. bootstrap_check_in org.chromium.Chromium.MachPortRendezvousServer.9886: Permission denied (1100)
    Call log:
      - <launching> /Users/liubavskii/Library/Caches/ms-playwright/chromium_headless_shell-1243/chrome-headless-shell-mac-arm64/chrome-headless-shell --disable-field-trial-config --disable-background-networking --disable-background-timer-throttling --disable-backgrounding-occluded-windows --disable-back-forward-cache --disable-breakpad --disable-client-side-phishing-detection --disable-component-extensions-with-background-pages --disable-component-update --no-default-browser-check --disable-default-apps --disable-dev-shm-usage --disable-edgeupdater --disable-extensions --disable-features=AvoidUnnecessaryBeforeUnloadCheckSync,DestroyProfileOnBrowserClose,DialMediaRouteProvider,GlobalMediaControls,HttpsUpgrades,LensOverlay,MediaRouter,PaintHolding,ThirdPartyStoragePartitioning,BlockOriginHeaderModificationOnRedirect,Translate,AutoDeElevate,OptimizationHints,msForceBrowserSignIn,msEdgeUpdateLaunchServicesPreferredVersion --enable-features=CDPScreenshotNewSurface --allow-pre-commit-input --disable-hang-monitor --disable-ipc-flooding-protection --disable-popup-blocking --disable-prompt-on-repost --disable-renderer-backgrounding --disable-updater-scheduler --force-color-profile=srgb --metrics-recording-only --no-first-run --password-store=basic --use-mock-keychain --no-service-autorun --export-tagged-pdf --disable-search-engine-choice-screen --unsafely-disable-devtools-self-xss-warnings --edge-skip-compat-layer-relaunch --disable-infobars --disable-search-engine-choice-screen --disable-sync --enable-unsafe-swiftshader --headless --hide-scrollbars --mute-audio --blink-settings=primaryHoverType=2,availableHoverTypes=2,primaryPointerType=4,availablePointerTypes=4 --no-sandbox --user-data-dir=/var/folders/9c/gv6xyvzs3nn2yb2pnl0j00zr0000gn/T/playwright_chromiumdev_profile-K5cRQK --remote-debugging-pipe --no-startup-window
      - <launched> pid=9886
      - [pid=9886][err] [0919/031143.744054:ERROR:base/power_monitor/thermal_state_observer_mac.mm:140] ThermalStateObserverMac unable to register to power notifications. Result: 9
      - [pid=9886][err] [0919/031143.745511:ERROR:net/dns/dns_config_service_posix.cc:138] DNS config watch failed to start.
      - [pid=9886][err] [0919/031143.746077:FATAL:base/apple/mach_port_rendezvous_mac.cc:159] Check failed: kr == KERN_SUCCESS. bootstrap_check_in org.chromium.Chromium.MachPortRendezvousServer.9886: Permission denied (1100)
      - [pid=9886] <gracefully close start>
      - [pid=9886] <kill>
      - [pid=9886] <will force kill>
      - [pid=9886] exception while trying to kill process: Error: kill EPERM
      - [pid=9886] <process did exit: exitCode=null, signal=SIGTRAP>
      - [pid=9886] starting temporary directories cleanup
      - [pid=9886] finished temporary directories cleanup
      - [pid=9886] <gracefully close end>


    Error Context: ../../../../../../private/tmp/tab10-stage3-aggregate-ci-j6WviZ/browser-prodlike/playwright-output/wave-c-Wave-C-AT-JUDGE-001-a672a-club-judge-retains-the-slot-chromium-desktop/error-context.md

    attachment #2: trace (application/zip) ─────────────────────────────────────────────────────────
    ../../../../../../private/tmp/tab10-stage3-aggregate-ci-j6WviZ/browser-prodlike/playwright-output/wave-c-Wave-C-AT-JUDGE-001-a672a-club-judge-retains-the-slot-chromium-desktop/trace.zip
    Usage:

        pnpm exec playwright show-trace ../../../../../../private/tmp/tab10-stage3-aggregate-ci-j6WviZ/browser-prodlike/playwright-output/wave-c-Wave-C-AT-JUDGE-001-a672a-club-judge-retains-the-slot-chromium-desktop/trace.zip

    ────────────────────────────────────────────────────────────────────────────────────────────────

  15) [chromium-desktop] › tests/e2e/wave-d-teams.spec.ts:23:5 › Wave D AT-TEAM-001..007 create, accept welcome, transfer, leave and automatic archive 

    Error: browserType.launch: Target page, context or browser has been closed
    Browser logs:

    <launching> /Users/liubavskii/Library/Caches/ms-playwright/chromium_headless_shell-1243/chrome-headless-shell-mac-arm64/chrome-headless-shell --disable-field-trial-config --disable-background-networking --disable-background-timer-throttling --disable-backgrounding-occluded-windows --disable-back-forward-cache --disable-breakpad --disable-client-side-phishing-detection --disable-component-extensions-with-background-pages --disable-component-update --no-default-browser-check --disable-default-apps --disable-dev-shm-usage --disable-edgeupdater --disable-extensions --disable-features=AvoidUnnecessaryBeforeUnloadCheckSync,DestroyProfileOnBrowserClose,DialMediaRouteProvider,GlobalMediaControls,HttpsUpgrades,LensOverlay,MediaRouter,PaintHolding,ThirdPartyStoragePartitioning,BlockOriginHeaderModificationOnRedirect,Translate,AutoDeElevate,OptimizationHints,msForceBrowserSignIn,msEdgeUpdateLaunchServicesPreferredVersion --enable-features=CDPScreenshotNewSurface --allow-pre-commit-input --disable-hang-monitor --disable-ipc-flooding-protection --disable-popup-blocking --disable-prompt-on-repost --disable-renderer-backgrounding --disable-updater-scheduler --force-color-profile=srgb --metrics-recording-only --no-first-run --password-store=basic --use-mock-keychain --no-service-autorun --export-tagged-pdf --disable-search-engine-choice-screen --unsafely-disable-devtools-self-xss-warnings --edge-skip-compat-layer-relaunch --disable-infobars --disable-search-engine-choice-screen --disable-sync --enable-unsafe-swiftshader --headless --hide-scrollbars --mute-audio --blink-settings=primaryHoverType=2,availableHoverTypes=2,primaryPointerType=4,availablePointerTypes=4 --no-sandbox --user-data-dir=/var/folders/9c/gv6xyvzs3nn2yb2pnl0j00zr0000gn/T/playwright_chromiumdev_profile-BKGsAm --remote-debugging-pipe --no-startup-window
    <launched> pid=9888
    [pid=9888][err] [0919/031144.304107:ERROR:base/power_monitor/thermal_state_observer_mac.mm:140] ThermalStateObserverMac unable to register to power notifications. Result: 9
    [pid=9888][err] [0919/031144.305810:ERROR:net/dns/dns_config_service_posix.cc:138] DNS config watch failed to start.
    [pid=9888][err] [0919/031144.306407:FATAL:base/apple/mach_port_rendezvous_mac.cc:159] Check failed: kr == KERN_SUCCESS. bootstrap_check_in org.chromium.Chromium.MachPortRendezvousServer.9888: Permission denied (1100)
    [pid=9888] <process did exit: exitCode=null, signal=SIGTRAP>
    [pid=9888] starting temporary directories cleanup
    Call log:
      - <launching> /Users/liubavskii/Library/Caches/ms-playwright/chromium_headless_shell-1243/chrome-headless-shell-mac-arm64/chrome-headless-shell --disable-field-trial-config --disable-background-networking --disable-background-timer-throttling --disable-backgrounding-occluded-windows --disable-back-forward-cache --disable-breakpad --disable-client-side-phishing-detection --disable-component-extensions-with-background-pages --disable-component-update --no-default-browser-check --disable-default-apps --disable-dev-shm-usage --disable-edgeupdater --disable-extensions --disable-features=AvoidUnnecessaryBeforeUnloadCheckSync,DestroyProfileOnBrowserClose,DialMediaRouteProvider,GlobalMediaControls,HttpsUpgrades,LensOverlay,MediaRouter,PaintHolding,ThirdPartyStoragePartitioning,BlockOriginHeaderModificationOnRedirect,Translate,AutoDeElevate,OptimizationHints,msForceBrowserSignIn,msEdgeUpdateLaunchServicesPreferredVersion --enable-features=CDPScreenshotNewSurface --allow-pre-commit-input --disable-hang-monitor --disable-ipc-flooding-protection --disable-popup-blocking --disable-prompt-on-repost --disable-renderer-backgrounding --disable-updater-scheduler --force-color-profile=srgb --metrics-recording-only --no-first-run --password-store=basic --use-mock-keychain --no-service-autorun --export-tagged-pdf --disable-search-engine-choice-screen --unsafely-disable-devtools-self-xss-warnings --edge-skip-compat-layer-relaunch --disable-infobars --disable-search-engine-choice-screen --disable-sync --enable-unsafe-swiftshader --headless --hide-scrollbars --mute-audio --blink-settings=primaryHoverType=2,availableHoverTypes=2,primaryPointerType=4,availablePointerTypes=4 --no-sandbox --user-data-dir=/var/folders/9c/gv6xyvzs3nn2yb2pnl0j00zr0000gn/T/playwright_chromiumdev_profile-BKGsAm --remote-debugging-pipe --no-startup-window
      - <launched> pid=9888
      - [pid=9888][err] [0919/031144.304107:ERROR:base/power_monitor/thermal_state_observer_mac.mm:140] ThermalStateObserverMac unable to register to power notifications. Result: 9
      - [pid=9888][err] [0919/031144.305810:ERROR:net/dns/dns_config_service_posix.cc:138] DNS config watch failed to start.
      - [pid=9888][err] [0919/031144.306407:FATAL:base/apple/mach_port_rendezvous_mac.cc:159] Check failed: kr == KERN_SUCCESS. bootstrap_check_in org.chromium.Chromium.MachPortRendezvousServer.9888: Permission denied (1100)
      - [pid=9888] <process did exit: exitCode=null, signal=SIGTRAP>
      - [pid=9888] starting temporary directories cleanup
      - [pid=9888] <gracefully close start>
      - [pid=9888] <kill>
      - [pid=9888] <skipped force kill spawnedProcess.killed=false processClosed=true>
      - [pid=9888] finished temporary directories cleanup
      - [pid=9888] <gracefully close end>


    Error Context: ../../../../../../private/tmp/tab10-stage3-aggregate-ci-j6WviZ/browser-prodlike/playwright-output/wave-d-teams-Wave-D-AT-TEA-f08ec-leave-and-automatic-archive-chromium-desktop/error-context.md

    attachment #2: trace (application/zip) ─────────────────────────────────────────────────────────
    ../../../../../../private/tmp/tab10-stage3-aggregate-ci-j6WviZ/browser-prodlike/playwright-output/wave-d-teams-Wave-D-AT-TEA-f08ec-leave-and-automatic-archive-chromium-desktop/trace.zip
    Usage:

        pnpm exec playwright show-trace ../../../../../../private/tmp/tab10-stage3-aggregate-ci-j6WviZ/browser-prodlike/playwright-output/wave-d-teams-Wave-D-AT-TEA-f08ec-leave-and-automatic-archive-chromium-desktop/trace.zip

    ────────────────────────────────────────────────────────────────────────────────────────────────

  16) [chromium-desktop] › tests/e2e/wave-d-tournaments.spec.ts:19:7 › Wave D tournament single_elimination/3 roster, seed edit, complete and results 

    Error: browserType.launch: Target page, context or browser has been closed
    Browser logs:

    <launching> /Users/liubavskii/Library/Caches/ms-playwright/chromium_headless_shell-1243/chrome-headless-shell-mac-arm64/chrome-headless-shell --disable-field-trial-config --disable-background-networking --disable-background-timer-throttling --disable-backgrounding-occluded-windows --disable-back-forward-cache --disable-breakpad --disable-client-side-phishing-detection --disable-component-extensions-with-background-pages --disable-component-update --no-default-browser-check --disable-default-apps --disable-dev-shm-usage --disable-edgeupdater --disable-extensions --disable-features=AvoidUnnecessaryBeforeUnloadCheckSync,DestroyProfileOnBrowserClose,DialMediaRouteProvider,GlobalMediaControls,HttpsUpgrades,LensOverlay,MediaRouter,PaintHolding,ThirdPartyStoragePartitioning,BlockOriginHeaderModificationOnRedirect,Translate,AutoDeElevate,OptimizationHints,msForceBrowserSignIn,msEdgeUpdateLaunchServicesPreferredVersion --enable-features=CDPScreenshotNewSurface --allow-pre-commit-input --disable-hang-monitor --disable-ipc-flooding-protection --disable-popup-blocking --disable-prompt-on-repost --disable-renderer-backgrounding --disable-updater-scheduler --force-color-profile=srgb --metrics-recording-only --no-first-run --password-store=basic --use-mock-keychain --no-service-autorun --export-tagged-pdf --disable-search-engine-choice-screen --unsafely-disable-devtools-self-xss-warnings --edge-skip-compat-layer-relaunch --disable-infobars --disable-search-engine-choice-screen --disable-sync --enable-unsafe-swiftshader --headless --hide-scrollbars --mute-audio --blink-settings=primaryHoverType=2,availableHoverTypes=2,primaryPointerType=4,availablePointerTypes=4 --no-sandbox --user-data-dir=/var/folders/9c/gv6xyvzs3nn2yb2pnl0j00zr0000gn/T/playwright_chromiumdev_profile-AONYFn --remote-debugging-pipe --no-startup-window
    <launched> pid=9890
    [pid=9890][err] [0919/031144.873076:ERROR:base/power_monitor/thermal_state_observer_mac.mm:140] ThermalStateObserverMac unable to register to power notifications. Result: 9
    [pid=9890][err] [0919/031144.874708:ERROR:net/dns/dns_config_service_posix.cc:138] DNS config watch failed to start.
    [pid=9890][err] [0919/031144.875270:FATAL:base/apple/mach_port_rendezvous_mac.cc:159] Check failed: kr == KERN_SUCCESS. bootstrap_check_in org.chromium.Chromium.MachPortRendezvousServer.9890: Permission denied (1100)
    [pid=9890] <process did exit: exitCode=null, signal=SIGTRAP>
    [pid=9890] starting temporary directories cleanup
    Call log:
      - <launching> /Users/liubavskii/Library/Caches/ms-playwright/chromium_headless_shell-1243/chrome-headless-shell-mac-arm64/chrome-headless-shell --disable-field-trial-config --disable-background-networking --disable-background-timer-throttling --disable-backgrounding-occluded-windows --disable-back-forward-cache --disable-breakpad --disable-client-side-phishing-detection --disable-component-extensions-with-background-pages --disable-component-update --no-default-browser-check --disable-default-apps --disable-dev-shm-usage --disable-edgeupdater --disable-extensions --disable-features=AvoidUnnecessaryBeforeUnloadCheckSync,DestroyProfileOnBrowserClose,DialMediaRouteProvider,GlobalMediaControls,HttpsUpgrades,LensOverlay,MediaRouter,PaintHolding,ThirdPartyStoragePartitioning,BlockOriginHeaderModificationOnRedirect,Translate,AutoDeElevate,OptimizationHints,msForceBrowserSignIn,msEdgeUpdateLaunchServicesPreferredVersion --enable-features=CDPScreenshotNewSurface --allow-pre-commit-input --disable-hang-monitor --disable-ipc-flooding-protection --disable-popup-blocking --disable-prompt-on-repost --disable-renderer-backgrounding --disable-updater-scheduler --force-color-profile=srgb --metrics-recording-only --no-first-run --password-store=basic --use-mock-keychain --no-service-autorun --export-tagged-pdf --disable-search-engine-choice-screen --unsafely-disable-devtools-self-xss-warnings --edge-skip-compat-layer-relaunch --disable-infobars --disable-search-engine-choice-screen --disable-sync --enable-unsafe-swiftshader --headless --hide-scrollbars --mute-audio --blink-settings=primaryHoverType=2,availableHoverTypes=2,primaryPointerType=4,availablePointerTypes=4 --no-sandbox --user-data-dir=/var/folders/9c/gv6xyvzs3nn2yb2pnl0j00zr0000gn/T/playwright_chromiumdev_profile-AONYFn --remote-debugging-pipe --no-startup-window
      - <launched> pid=9890
      - [pid=9890][err] [0919/031144.873076:ERROR:base/power_monitor/thermal_state_observer_mac.mm:140] ThermalStateObserverMac unable to register to power notifications. Result: 9
      - [pid=9890][err] [0919/031144.874708:ERROR:net/dns/dns_config_service_posix.cc:138] DNS config watch failed to start.
      - [pid=9890][err] [0919/031144.875270:FATAL:base/apple/mach_port_rendezvous_mac.cc:159] Check failed: kr == KERN_SUCCESS. bootstrap_check_in org.chromium.Chromium.MachPortRendezvousServer.9890: Permission denied (1100)
      - [pid=9890] <process did exit: exitCode=null, signal=SIGTRAP>
      - [pid=9890] starting temporary directories cleanup
      - [pid=9890] <gracefully close start>
      - [pid=9890] <kill>
      - [pid=9890] <skipped force kill spawnedProcess.killed=false processClosed=true>
      - [pid=9890] finished temporary directories cleanup
      - [pid=9890] <gracefully close end>


    Error Context: ../../../../../../private/tmp/tab10-stage3-aggregate-ci-j6WviZ/browser-prodlike/playwright-output/wave-d-tournaments-Wave-D--fbd55-d-edit-complete-and-results-chromium-desktop/error-context.md

    attachment #2: trace (application/zip) ─────────────────────────────────────────────────────────
    ../../../../../../private/tmp/tab10-stage3-aggregate-ci-j6WviZ/browser-prodlike/playwright-output/wave-d-tournaments-Wave-D--fbd55-d-edit-complete-and-results-chromium-desktop/trace.zip
    Usage:

        pnpm exec playwright show-trace ../../../../../../private/tmp/tab10-stage3-aggregate-ci-j6WviZ/browser-prodlike/playwright-output/wave-d-tournaments-Wave-D--fbd55-d-edit-complete-and-results-chromium-desktop/trace.zip

    ────────────────────────────────────────────────────────────────────────────────────────────────

  17) [chromium-desktop] › tests/e2e/wave-d-tournaments.spec.ts:19:7 › Wave D tournament single_elimination/5 roster, seed edit, complete and results 

    Error: browserType.launch: Target page, context or browser has been closed
    Browser logs:

    <launching> /Users/liubavskii/Library/Caches/ms-playwright/chromium_headless_shell-1243/chrome-headless-shell-mac-arm64/chrome-headless-shell --disable-field-trial-config --disable-background-networking --disable-background-timer-throttling --disable-backgrounding-occluded-windows --disable-back-forward-cache --disable-breakpad --disable-client-side-phishing-detection --disable-component-extensions-with-background-pages --disable-component-update --no-default-browser-check --disable-default-apps --disable-dev-shm-usage --disable-edgeupdater --disable-extensions --disable-features=AvoidUnnecessaryBeforeUnloadCheckSync,DestroyProfileOnBrowserClose,DialMediaRouteProvider,GlobalMediaControls,HttpsUpgrades,LensOverlay,MediaRouter,PaintHolding,ThirdPartyStoragePartitioning,BlockOriginHeaderModificationOnRedirect,Translate,AutoDeElevate,OptimizationHints,msForceBrowserSignIn,msEdgeUpdateLaunchServicesPreferredVersion --enable-features=CDPScreenshotNewSurface --allow-pre-commit-input --disable-hang-monitor --disable-ipc-flooding-protection --disable-popup-blocking --disable-prompt-on-repost --disable-renderer-backgrounding --disable-updater-scheduler --force-color-profile=srgb --metrics-recording-only --no-first-run --password-store=basic --use-mock-keychain --no-service-autorun --export-tagged-pdf --disable-search-engine-choice-screen --unsafely-disable-devtools-self-xss-warnings --edge-skip-compat-layer-relaunch --disable-infobars --disable-search-engine-choice-screen --disable-sync --enable-unsafe-swiftshader --headless --hide-scrollbars --mute-audio --blink-settings=primaryHoverType=2,availableHoverTypes=2,primaryPointerType=4,availablePointerTypes=4 --no-sandbox --user-data-dir=/var/folders/9c/gv6xyvzs3nn2yb2pnl0j00zr0000gn/T/playwright_chromiumdev_profile-45urhR --remote-debugging-pipe --no-startup-window
    <launched> pid=9892
    [pid=9892][err] [0919/031145.444592:ERROR:base/power_monitor/thermal_state_observer_mac.mm:140] ThermalStateObserverMac unable to register to power notifications. Result: 9
    [pid=9892][err] [0919/031145.446161:ERROR:net/dns/dns_config_service_posix.cc:138] DNS config watch failed to start.
    [pid=9892][err] [0919/031145.446695:FATAL:base/apple/mach_port_rendezvous_mac.cc:159] Check failed: kr == KERN_SUCCESS. bootstrap_check_in org.chromium.Chromium.MachPortRendezvousServer.9892: Permission denied (1100)
    [pid=9892] <process did exit: exitCode=null, signal=SIGTRAP>
    [pid=9892] starting temporary directories cleanup
    Call log:
      - <launching> /Users/liubavskii/Library/Caches/ms-playwright/chromium_headless_shell-1243/chrome-headless-shell-mac-arm64/chrome-headless-shell --disable-field-trial-config --disable-background-networking --disable-background-timer-throttling --disable-backgrounding-occluded-windows --disable-back-forward-cache --disable-breakpad --disable-client-side-phishing-detection --disable-component-extensions-with-background-pages --disable-component-update --no-default-browser-check --disable-default-apps --disable-dev-shm-usage --disable-edgeupdater --disable-extensions --disable-features=AvoidUnnecessaryBeforeUnloadCheckSync,DestroyProfileOnBrowserClose,DialMediaRouteProvider,GlobalMediaControls,HttpsUpgrades,LensOverlay,MediaRouter,PaintHolding,ThirdPartyStoragePartitioning,BlockOriginHeaderModificationOnRedirect,Translate,AutoDeElevate,OptimizationHints,msForceBrowserSignIn,msEdgeUpdateLaunchServicesPreferredVersion --enable-features=CDPScreenshotNewSurface --allow-pre-commit-input --disable-hang-monitor --disable-ipc-flooding-protection --disable-popup-blocking --disable-prompt-on-repost --disable-renderer-backgrounding --disable-updater-scheduler --force-color-profile=srgb --metrics-recording-only --no-first-run --password-store=basic --use-mock-keychain --no-service-autorun --export-tagged-pdf --disable-search-engine-choice-screen --unsafely-disable-devtools-self-xss-warnings --edge-skip-compat-layer-relaunch --disable-infobars --disable-search-engine-choice-screen --disable-sync --enable-unsafe-swiftshader --headless --hide-scrollbars --mute-audio --blink-settings=primaryHoverType=2,availableHoverTypes=2,primaryPointerType=4,availablePointerTypes=4 --no-sandbox --user-data-dir=/var/folders/9c/gv6xyvzs3nn2yb2pnl0j00zr0000gn/T/playwright_chromiumdev_profile-45urhR --remote-debugging-pipe --no-startup-window
      - <launched> pid=9892
      - [pid=9892][err] [0919/031145.444592:ERROR:base/power_monitor/thermal_state_observer_mac.mm:140] ThermalStateObserverMac unable to register to power notifications. Result: 9
      - [pid=9892][err] [0919/031145.446161:ERROR:net/dns/dns_config_service_posix.cc:138] DNS config watch failed to start.
      - [pid=9892][err] [0919/031145.446695:FATAL:base/apple/mach_port_rendezvous_mac.cc:159] Check failed: kr == KERN_SUCCESS. bootstrap_check_in org.chromium.Chromium.MachPortRendezvousServer.9892: Permission denied (1100)
      - [pid=9892] <process did exit: exitCode=null, signal=SIGTRAP>
      - [pid=9892] starting temporary directories cleanup
      - [pid=9892] <gracefully close start>
      - [pid=9892] <kill>
      - [pid=9892] <skipped force kill spawnedProcess.killed=false processClosed=true>
      - [pid=9892] finished temporary directories cleanup
      - [pid=9892] <gracefully close end>


    Error Context: ../../../../../../private/tmp/tab10-stage3-aggregate-ci-j6WviZ/browser-prodlike/playwright-output/wave-d-tournaments-Wave-D--7537f-d-edit-complete-and-results-chromium-desktop/error-context.md

    attachment #2: trace (application/zip) ─────────────────────────────────────────────────────────
    ../../../../../../private/tmp/tab10-stage3-aggregate-ci-j6WviZ/browser-prodlike/playwright-output/wave-d-tournaments-Wave-D--7537f-d-edit-complete-and-results-chromium-desktop/trace.zip
    Usage:

        pnpm exec playwright show-trace ../../../../../../private/tmp/tab10-stage3-aggregate-ci-j6WviZ/browser-prodlike/playwright-output/wave-d-tournaments-Wave-D--7537f-d-edit-complete-and-results-chromium-desktop/trace.zip

    ────────────────────────────────────────────────────────────────────────────────────────────────

  18) [chromium-desktop] › tests/e2e/wave-d-tournaments.spec.ts:19:7 › Wave D tournament single_elimination/8 roster, seed edit, complete and results 

    Error: browserType.launch: Target page, context or browser has been closed
    Browser logs:

    <launching> /Users/liubavskii/Library/Caches/ms-playwright/chromium_headless_shell-1243/chrome-headless-shell-mac-arm64/chrome-headless-shell --disable-field-trial-config --disable-background-networking --disable-background-timer-throttling --disable-backgrounding-occluded-windows --disable-back-forward-cache --disable-breakpad --disable-client-side-phishing-detection --disable-component-extensions-with-background-pages --disable-component-update --no-default-browser-check --disable-default-apps --disable-dev-shm-usage --disable-edgeupdater --disable-extensions --disable-features=AvoidUnnecessaryBeforeUnloadCheckSync,DestroyProfileOnBrowserClose,DialMediaRouteProvider,GlobalMediaControls,HttpsUpgrades,LensOverlay,MediaRouter,PaintHolding,ThirdPartyStoragePartitioning,BlockOriginHeaderModificationOnRedirect,Translate,AutoDeElevate,OptimizationHints,msForceBrowserSignIn,msEdgeUpdateLaunchServicesPreferredVersion --enable-features=CDPScreenshotNewSurface --allow-pre-commit-input --disable-hang-monitor --disable-ipc-flooding-protection --disable-popup-blocking --disable-prompt-on-repost --disable-renderer-backgrounding --disable-updater-scheduler --force-color-profile=srgb --metrics-recording-only --no-first-run --password-store=basic --use-mock-keychain --no-service-autorun --export-tagged-pdf --disable-search-engine-choice-screen --unsafely-disable-devtools-self-xss-warnings --edge-skip-compat-layer-relaunch --disable-infobars --disable-search-engine-choice-screen --disable-sync --enable-unsafe-swiftshader --headless --hide-scrollbars --mute-audio --blink-settings=primaryHoverType=2,availableHoverTypes=2,primaryPointerType=4,availablePointerTypes=4 --no-sandbox --user-data-dir=/var/folders/9c/gv6xyvzs3nn2yb2pnl0j00zr0000gn/T/playwright_chromiumdev_profile-cUHDjY --remote-debugging-pipe --no-startup-window
    <launched> pid=9894
    [pid=9894][err] [0919/031146.009786:ERROR:base/power_monitor/thermal_state_observer_mac.mm:140] ThermalStateObserverMac unable to register to power notifications. Result: 9
    [pid=9894][err] [0919/031146.011374:ERROR:net/dns/dns_config_service_posix.cc:138] DNS config watch failed to start.
    [pid=9894][err] [0919/031146.011910:FATAL:base/apple/mach_port_rendezvous_mac.cc:159] Check failed: kr == KERN_SUCCESS. bootstrap_check_in org.chromium.Chromium.MachPortRendezvousServer.9894: Permission denied (1100)
    [pid=9894] <process did exit: exitCode=null, signal=SIGTRAP>
    [pid=9894] starting temporary directories cleanup
    Call log:
      - <launching> /Users/liubavskii/Library/Caches/ms-playwright/chromium_headless_shell-1243/chrome-headless-shell-mac-arm64/chrome-headless-shell --disable-field-trial-config --disable-background-networking --disable-background-timer-throttling --disable-backgrounding-occluded-windows --disable-back-forward-cache --disable-breakpad --disable-client-side-phishing-detection --disable-component-extensions-with-background-pages --disable-component-update --no-default-browser-check --disable-default-apps --disable-dev-shm-usage --disable-edgeupdater --disable-extensions --disable-features=AvoidUnnecessaryBeforeUnloadCheckSync,DestroyProfileOnBrowserClose,DialMediaRouteProvider,GlobalMediaControls,HttpsUpgrades,LensOverlay,MediaRouter,PaintHolding,ThirdPartyStoragePartitioning,BlockOriginHeaderModificationOnRedirect,Translate,AutoDeElevate,OptimizationHints,msForceBrowserSignIn,msEdgeUpdateLaunchServicesPreferredVersion --enable-features=CDPScreenshotNewSurface --allow-pre-commit-input --disable-hang-monitor --disable-ipc-flooding-protection --disable-popup-blocking --disable-prompt-on-repost --disable-renderer-backgrounding --disable-updater-scheduler --force-color-profile=srgb --metrics-recording-only --no-first-run --password-store=basic --use-mock-keychain --no-service-autorun --export-tagged-pdf --disable-search-engine-choice-screen --unsafely-disable-devtools-self-xss-warnings --edge-skip-compat-layer-relaunch --disable-infobars --disable-search-engine-choice-screen --disable-sync --enable-unsafe-swiftshader --headless --hide-scrollbars --mute-audio --blink-settings=primaryHoverType=2,availableHoverTypes=2,primaryPointerType=4,availablePointerTypes=4 --no-sandbox --user-data-dir=/var/folders/9c/gv6xyvzs3nn2yb2pnl0j00zr0000gn/T/playwright_chromiumdev_profile-cUHDjY --remote-debugging-pipe --no-startup-window
      - <launched> pid=9894
      - [pid=9894][err] [0919/031146.009786:ERROR:base/power_monitor/thermal_state_observer_mac.mm:140] ThermalStateObserverMac unable to register to power notifications. Result: 9
      - [pid=9894][err] [0919/031146.011374:ERROR:net/dns/dns_config_service_posix.cc:138] DNS config watch failed to start.
      - [pid=9894][err] [0919/031146.011910:FATAL:base/apple/mach_port_rendezvous_mac.cc:159] Check failed: kr == KERN_SUCCESS. bootstrap_check_in org.chromium.Chromium.MachPortRendezvousServer.9894: Permission denied (1100)
      - [pid=9894] <process did exit: exitCode=null, signal=SIGTRAP>
      - [pid=9894] starting temporary directories cleanup
      - [pid=9894] <gracefully close start>
      - [pid=9894] <kill>
      - [pid=9894] <skipped force kill spawnedProcess.killed=false processClosed=true>
      - [pid=9894] finished temporary directories cleanup
      - [pid=9894] <gracefully close end>


    Error Context: ../../../../../../private/tmp/tab10-stage3-aggregate-ci-j6WviZ/browser-prodlike/playwright-output/wave-d-tournaments-Wave-D--16223-d-edit-complete-and-results-chromium-desktop/error-context.md

    attachment #2: trace (application/zip) ─────────────────────────────────────────────────────────
    ../../../../../../private/tmp/tab10-stage3-aggregate-ci-j6WviZ/browser-prodlike/playwright-output/wave-d-tournaments-Wave-D--16223-d-edit-complete-and-results-chromium-desktop/trace.zip
    Usage:

        pnpm exec playwright show-trace ../../../../../../private/tmp/tab10-stage3-aggregate-ci-j6WviZ/browser-prodlike/playwright-output/wave-d-tournaments-Wave-D--16223-d-edit-complete-and-results-chromium-desktop/trace.zip

    ────────────────────────────────────────────────────────────────────────────────────────────────

  19) [chromium-desktop] › tests/e2e/wave-d-tournaments.spec.ts:19:7 › Wave D tournament double_elimination/3 roster, seed edit, complete and results 

    Error: browserType.launch: Target page, context or browser has been closed
    Browser logs:

    <launching> /Users/liubavskii/Library/Caches/ms-playwright/chromium_headless_shell-1243/chrome-headless-shell-mac-arm64/chrome-headless-shell --disable-field-trial-config --disable-background-networking --disable-background-timer-throttling --disable-backgrounding-occluded-windows --disable-back-forward-cache --disable-breakpad --disable-client-side-phishing-detection --disable-component-extensions-with-background-pages --disable-component-update --no-default-browser-check --disable-default-apps --disable-dev-shm-usage --disable-edgeupdater --disable-extensions --disable-features=AvoidUnnecessaryBeforeUnloadCheckSync,DestroyProfileOnBrowserClose,DialMediaRouteProvider,GlobalMediaControls,HttpsUpgrades,LensOverlay,MediaRouter,PaintHolding,ThirdPartyStoragePartitioning,BlockOriginHeaderModificationOnRedirect,Translate,AutoDeElevate,OptimizationHints,msForceBrowserSignIn,msEdgeUpdateLaunchServicesPreferredVersion --enable-features=CDPScreenshotNewSurface --allow-pre-commit-input --disable-hang-monitor --disable-ipc-flooding-protection --disable-popup-blocking --disable-prompt-on-repost --disable-renderer-backgrounding --disable-updater-scheduler --force-color-profile=srgb --metrics-recording-only --no-first-run --password-store=basic --use-mock-keychain --no-service-autorun --export-tagged-pdf --disable-search-engine-choice-screen --unsafely-disable-devtools-self-xss-warnings --edge-skip-compat-layer-relaunch --disable-infobars --disable-search-engine-choice-screen --disable-sync --enable-unsafe-swiftshader --headless --hide-scrollbars --mute-audio --blink-settings=primaryHoverType=2,availableHoverTypes=2,primaryPointerType=4,availablePointerTypes=4 --no-sandbox --user-data-dir=/var/folders/9c/gv6xyvzs3nn2yb2pnl0j00zr0000gn/T/playwright_chromiumdev_profile-Q95e0x --remote-debugging-pipe --no-startup-window
    <launched> pid=9896
    [pid=9896][err] [0919/031146.563966:ERROR:base/power_monitor/thermal_state_observer_mac.mm:140] ThermalStateObserverMac unable to register to power notifications. Result: 9
    [pid=9896][err] [0919/031146.565472:ERROR:net/dns/dns_config_service_posix.cc:138] DNS config watch failed to start.
    [pid=9896][err] [0919/031146.566143:FATAL:base/apple/mach_port_rendezvous_mac.cc:159] Check failed: kr == KERN_SUCCESS. bootstrap_check_in org.chromium.Chromium.MachPortRendezvousServer.9896: Permission denied (1100)
    [pid=9896] <process did exit: exitCode=null, signal=SIGTRAP>
    [pid=9896] starting temporary directories cleanup
    Call log:
      - <launching> /Users/liubavskii/Library/Caches/ms-playwright/chromium_headless_shell-1243/chrome-headless-shell-mac-arm64/chrome-headless-shell --disable-field-trial-config --disable-background-networking --disable-background-timer-throttling --disable-backgrounding-occluded-windows --disable-back-forward-cache --disable-breakpad --disable-client-side-phishing-detection --disable-component-extensions-with-background-pages --disable-component-update --no-default-browser-check --disable-default-apps --disable-dev-shm-usage --disable-edgeupdater --disable-extensions --disable-features=AvoidUnnecessaryBeforeUnloadCheckSync,DestroyProfileOnBrowserClose,DialMediaRouteProvider,GlobalMediaControls,HttpsUpgrades,LensOverlay,MediaRouter,PaintHolding,ThirdPartyStoragePartitioning,BlockOriginHeaderModificationOnRedirect,Translate,AutoDeElevate,OptimizationHints,msForceBrowserSignIn,msEdgeUpdateLaunchServicesPreferredVersion --enable-features=CDPScreenshotNewSurface --allow-pre-commit-input --disable-hang-monitor --disable-ipc-flooding-protection --disable-popup-blocking --disable-prompt-on-repost --disable-renderer-backgrounding --disable-updater-scheduler --force-color-profile=srgb --metrics-recording-only --no-first-run --password-store=basic --use-mock-keychain --no-service-autorun --export-tagged-pdf --disable-search-engine-choice-screen --unsafely-disable-devtools-self-xss-warnings --edge-skip-compat-layer-relaunch --disable-infobars --disable-search-engine-choice-screen --disable-sync --enable-unsafe-swiftshader --headless --hide-scrollbars --mute-audio --blink-settings=primaryHoverType=2,availableHoverTypes=2,primaryPointerType=4,availablePointerTypes=4 --no-sandbox --user-data-dir=/var/folders/9c/gv6xyvzs3nn2yb2pnl0j00zr0000gn/T/playwright_chromiumdev_profile-Q95e0x --remote-debugging-pipe --no-startup-window
      - <launched> pid=9896
      - [pid=9896][err] [0919/031146.563966:ERROR:base/power_monitor/thermal_state_observer_mac.mm:140] ThermalStateObserverMac unable to register to power notifications. Result: 9
      - [pid=9896][err] [0919/031146.565472:ERROR:net/dns/dns_config_service_posix.cc:138] DNS config watch failed to start.
      - [pid=9896][err] [0919/031146.566143:FATAL:base/apple/mach_port_rendezvous_mac.cc:159] Check failed: kr == KERN_SUCCESS. bootstrap_check_in org.chromium.Chromium.MachPortRendezvousServer.9896: Permission denied (1100)
      - [pid=9896] <process did exit: exitCode=null, signal=SIGTRAP>
      - [pid=9896] starting temporary directories cleanup
      - [pid=9896] <gracefully close start>
      - [pid=9896] <kill>
      - [pid=9896] <skipped force kill spawnedProcess.killed=false processClosed=true>
      - [pid=9896] finished temporary directories cleanup
      - [pid=9896] <gracefully close end>


    Error Context: ../../../../../../private/tmp/tab10-stage3-aggregate-ci-j6WviZ/browser-prodlike/playwright-output/wave-d-tournaments-Wave-D--f8e27-d-edit-complete-and-results-chromium-desktop/error-context.md

    attachment #2: trace (application/zip) ─────────────────────────────────────────────────────────
    ../../../../../../private/tmp/tab10-stage3-aggregate-ci-j6WviZ/browser-prodlike/playwright-output/wave-d-tournaments-Wave-D--f8e27-d-edit-complete-and-results-chromium-desktop/trace.zip
    Usage:

        pnpm exec playwright show-trace ../../../../../../private/tmp/tab10-stage3-aggregate-ci-j6WviZ/browser-prodlike/playwright-output/wave-d-tournaments-Wave-D--f8e27-d-edit-complete-and-results-chromium-desktop/trace.zip

    ────────────────────────────────────────────────────────────────────────────────────────────────

  20) [chromium-desktop] › tests/e2e/wave-d-tournaments.spec.ts:19:7 › Wave D tournament double_elimination/5 roster, seed edit, complete and results 

    Error: browserType.launch: Target page, context or browser has been closed
    Browser logs:

    <launching> /Users/liubavskii/Library/Caches/ms-playwright/chromium_headless_shell-1243/chrome-headless-shell-mac-arm64/chrome-headless-shell --disable-field-trial-config --disable-background-networking --disable-background-timer-throttling --disable-backgrounding-occluded-windows --disable-back-forward-cache --disable-breakpad --disable-client-side-phishing-detection --disable-component-extensions-with-background-pages --disable-component-update --no-default-browser-check --disable-default-apps --disable-dev-shm-usage --disable-edgeupdater --disable-extensions --disable-features=AvoidUnnecessaryBeforeUnloadCheckSync,DestroyProfileOnBrowserClose,DialMediaRouteProvider,GlobalMediaControls,HttpsUpgrades,LensOverlay,MediaRouter,PaintHolding,ThirdPartyStoragePartitioning,BlockOriginHeaderModificationOnRedirect,Translate,AutoDeElevate,OptimizationHints,msForceBrowserSignIn,msEdgeUpdateLaunchServicesPreferredVersion --enable-features=CDPScreenshotNewSurface --allow-pre-commit-input --disable-hang-monitor --disable-ipc-flooding-protection --disable-popup-blocking --disable-prompt-on-repost --disable-renderer-backgrounding --disable-updater-scheduler --force-color-profile=srgb --metrics-recording-only --no-first-run --password-store=basic --use-mock-keychain --no-service-autorun --export-tagged-pdf --disable-search-engine-choice-screen --unsafely-disable-devtools-self-xss-warnings --edge-skip-compat-layer-relaunch --disable-infobars --disable-search-engine-choice-screen --disable-sync --enable-unsafe-swiftshader --headless --hide-scrollbars --mute-audio --blink-settings=primaryHoverType=2,availableHoverTypes=2,primaryPointerType=4,availablePointerTypes=4 --no-sandbox --user-data-dir=/var/folders/9c/gv6xyvzs3nn2yb2pnl0j00zr0000gn/T/playwright_chromiumdev_profile-mQhSjS --remote-debugging-pipe --no-startup-window
    <launched> pid=9898
    [pid=9898][err] [0919/031147.126184:ERROR:base/power_monitor/thermal_state_observer_mac.mm:140] ThermalStateObserverMac unable to register to power notifications. Result: 9
    [pid=9898][err] [0919/031147.128071:ERROR:net/dns/dns_config_service_posix.cc:138] DNS config watch failed to start.
    [pid=9898][err] [0919/031147.128665:FATAL:base/apple/mach_port_rendezvous_mac.cc:159] Check failed: kr == KERN_SUCCESS. bootstrap_check_in org.chromium.Chromium.MachPortRendezvousServer.9898: Permission denied (1100)
    Call log:
      - <launching> /Users/liubavskii/Library/Caches/ms-playwright/chromium_headless_shell-1243/chrome-headless-shell-mac-arm64/chrome-headless-shell --disable-field-trial-config --disable-background-networking --disable-background-timer-throttling --disable-backgrounding-occluded-windows --disable-back-forward-cache --disable-breakpad --disable-client-side-phishing-detection --disable-component-extensions-with-background-pages --disable-component-update --no-default-browser-check --disable-default-apps --disable-dev-shm-usage --disable-edgeupdater --disable-extensions --disable-features=AvoidUnnecessaryBeforeUnloadCheckSync,DestroyProfileOnBrowserClose,DialMediaRouteProvider,GlobalMediaControls,HttpsUpgrades,LensOverlay,MediaRouter,PaintHolding,ThirdPartyStoragePartitioning,BlockOriginHeaderModificationOnRedirect,Translate,AutoDeElevate,OptimizationHints,msForceBrowserSignIn,msEdgeUpdateLaunchServicesPreferredVersion --enable-features=CDPScreenshotNewSurface --allow-pre-commit-input --disable-hang-monitor --disable-ipc-flooding-protection --disable-popup-blocking --disable-prompt-on-repost --disable-renderer-backgrounding --disable-updater-scheduler --force-color-profile=srgb --metrics-recording-only --no-first-run --password-store=basic --use-mock-keychain --no-service-autorun --export-tagged-pdf --disable-search-engine-choice-screen --unsafely-disable-devtools-self-xss-warnings --edge-skip-compat-layer-relaunch --disable-infobars --disable-search-engine-choice-screen --disable-sync --enable-unsafe-swiftshader --headless --hide-scrollbars --mute-audio --blink-settings=primaryHoverType=2,availableHoverTypes=2,primaryPointerType=4,availablePointerTypes=4 --no-sandbox --user-data-dir=/var/folders/9c/gv6xyvzs3nn2yb2pnl0j00zr0000gn/T/playwright_chromiumdev_profile-mQhSjS --remote-debugging-pipe --no-startup-window
      - <launched> pid=9898
      - [pid=9898][err] [0919/031147.126184:ERROR:base/power_monitor/thermal_state_observer_mac.mm:140] ThermalStateObserverMac unable to register to power notifications. Result: 9
      - [pid=9898][err] [0919/031147.128071:ERROR:net/dns/dns_config_service_posix.cc:138] DNS config watch failed to start.
      - [pid=9898][err] [0919/031147.128665:FATAL:base/apple/mach_port_rendezvous_mac.cc:159] Check failed: kr == KERN_SUCCESS. bootstrap_check_in org.chromium.Chromium.MachPortRendezvousServer.9898: Permission denied (1100)
      - [pid=9898] <gracefully close start>
      - [pid=9898] <kill>
      - [pid=9898] <will force kill>
      - [pid=9898] exception while trying to kill process: Error: kill EPERM
      - [pid=9898] <process did exit: exitCode=null, signal=SIGTRAP>
      - [pid=9898] starting temporary directories cleanup
      - [pid=9898] finished temporary directories cleanup
      - [pid=9898] <gracefully close end>


    Error Context: ../../../../../../private/tmp/tab10-stage3-aggregate-ci-j6WviZ/browser-prodlike/playwright-output/wave-d-tournaments-Wave-D--40b31-d-edit-complete-and-results-chromium-desktop/error-context.md

    attachment #2: trace (application/zip) ─────────────────────────────────────────────────────────
    ../../../../../../private/tmp/tab10-stage3-aggregate-ci-j6WviZ/browser-prodlike/playwright-output/wave-d-tournaments-Wave-D--40b31-d-edit-complete-and-results-chromium-desktop/trace.zip
    Usage:

        pnpm exec playwright show-trace ../../../../../../private/tmp/tab10-stage3-aggregate-ci-j6WviZ/browser-prodlike/playwright-output/wave-d-tournaments-Wave-D--40b31-d-edit-complete-and-results-chromium-desktop/trace.zip

    ────────────────────────────────────────────────────────────────────────────────────────────────

  21) [chromium-desktop] › tests/e2e/wave-d-tournaments.spec.ts:19:7 › Wave D tournament double_elimination/8 roster, seed edit, complete and results 

    Error: browserType.launch: Target page, context or browser has been closed
    Browser logs:

    <launching> /Users/liubavskii/Library/Caches/ms-playwright/chromium_headless_shell-1243/chrome-headless-shell-mac-arm64/chrome-headless-shell --disable-field-trial-config --disable-background-networking --disable-background-timer-throttling --disable-backgrounding-occluded-windows --disable-back-forward-cache --disable-breakpad --disable-client-side-phishing-detection --disable-component-extensions-with-background-pages --disable-component-update --no-default-browser-check --disable-default-apps --disable-dev-shm-usage --disable-edgeupdater --disable-extensions --disable-features=AvoidUnnecessaryBeforeUnloadCheckSync,DestroyProfileOnBrowserClose,DialMediaRouteProvider,GlobalMediaControls,HttpsUpgrades,LensOverlay,MediaRouter,PaintHolding,ThirdPartyStoragePartitioning,BlockOriginHeaderModificationOnRedirect,Translate,AutoDeElevate,OptimizationHints,msForceBrowserSignIn,msEdgeUpdateLaunchServicesPreferredVersion --enable-features=CDPScreenshotNewSurface --allow-pre-commit-input --disable-hang-monitor --disable-ipc-flooding-protection --disable-popup-blocking --disable-prompt-on-repost --disable-renderer-backgrounding --disable-updater-scheduler --force-color-profile=srgb --metrics-recording-only --no-first-run --password-store=basic --use-mock-keychain --no-service-autorun --export-tagged-pdf --disable-search-engine-choice-screen --unsafely-disable-devtools-self-xss-warnings --edge-skip-compat-layer-relaunch --disable-infobars --disable-search-engine-choice-screen --disable-sync --enable-unsafe-swiftshader --headless --hide-scrollbars --mute-audio --blink-settings=primaryHoverType=2,availableHoverTypes=2,primaryPointerType=4,availablePointerTypes=4 --no-sandbox --user-data-dir=/var/folders/9c/gv6xyvzs3nn2yb2pnl0j00zr0000gn/T/playwright_chromiumdev_profile-YYDZsi --remote-debugging-pipe --no-startup-window
    <launched> pid=9900
    [pid=9900][err] [0919/031147.683711:ERROR:base/power_monitor/thermal_state_observer_mac.mm:140] ThermalStateObserverMac unable to register to power notifications. Result: 9
    [pid=9900][err] [0919/031147.685231:ERROR:net/dns/dns_config_service_posix.cc:138] DNS config watch failed to start.
    [pid=9900][err] [0919/031147.685748:FATAL:base/apple/mach_port_rendezvous_mac.cc:159] Check failed: kr == KERN_SUCCESS. bootstrap_check_in org.chromium.Chromium.MachPortRendezvousServer.9900: Permission denied (1100)
    Call log:
      - <launching> /Users/liubavskii/Library/Caches/ms-playwright/chromium_headless_shell-1243/chrome-headless-shell-mac-arm64/chrome-headless-shell --disable-field-trial-config --disable-background-networking --disable-background-timer-throttling --disable-backgrounding-occluded-windows --disable-back-forward-cache --disable-breakpad --disable-client-side-phishing-detection --disable-component-extensions-with-background-pages --disable-component-update --no-default-browser-check --disable-default-apps --disable-dev-shm-usage --disable-edgeupdater --disable-extensions --disable-features=AvoidUnnecessaryBeforeUnloadCheckSync,DestroyProfileOnBrowserClose,DialMediaRouteProvider,GlobalMediaControls,HttpsUpgrades,LensOverlay,MediaRouter,PaintHolding,ThirdPartyStoragePartitioning,BlockOriginHeaderModificationOnRedirect,Translate,AutoDeElevate,OptimizationHints,msForceBrowserSignIn,msEdgeUpdateLaunchServicesPreferredVersion --enable-features=CDPScreenshotNewSurface --allow-pre-commit-input --disable-hang-monitor --disable-ipc-flooding-protection --disable-popup-blocking --disable-prompt-on-repost --disable-renderer-backgrounding --disable-updater-scheduler --force-color-profile=srgb --metrics-recording-only --no-first-run --password-store=basic --use-mock-keychain --no-service-autorun --export-tagged-pdf --disable-search-engine-choice-screen --unsafely-disable-devtools-self-xss-warnings --edge-skip-compat-layer-relaunch --disable-infobars --disable-search-engine-choice-screen --disable-sync --enable-unsafe-swiftshader --headless --hide-scrollbars --mute-audio --blink-settings=primaryHoverType=2,availableHoverTypes=2,primaryPointerType=4,availablePointerTypes=4 --no-sandbox --user-data-dir=/var/folders/9c/gv6xyvzs3nn2yb2pnl0j00zr0000gn/T/playwright_chromiumdev_profile-YYDZsi --remote-debugging-pipe --no-startup-window
      - <launched> pid=9900
      - [pid=9900][err] [0919/031147.683711:ERROR:base/power_monitor/thermal_state_observer_mac.mm:140] ThermalStateObserverMac unable to register to power notifications. Result: 9
      - [pid=9900][err] [0919/031147.685231:ERROR:net/dns/dns_config_service_posix.cc:138] DNS config watch failed to start.
      - [pid=9900][err] [0919/031147.685748:FATAL:base/apple/mach_port_rendezvous_mac.cc:159] Check failed: kr == KERN_SUCCESS. bootstrap_check_in org.chromium.Chromium.MachPortRendezvousServer.9900: Permission denied (1100)
      - [pid=9900] <gracefully close start>
      - [pid=9900] <kill>
      - [pid=9900] <will force kill>
      - [pid=9900] exception while trying to kill process: Error: kill EPERM
      - [pid=9900] <process did exit: exitCode=null, signal=SIGTRAP>
      - [pid=9900] starting temporary directories cleanup
      - [pid=9900] finished temporary directories cleanup
      - [pid=9900] <gracefully close end>


    Error Context: ../../../../../../private/tmp/tab10-stage3-aggregate-ci-j6WviZ/browser-prodlike/playwright-output/wave-d-tournaments-Wave-D--d5b59-d-edit-complete-and-results-chromium-desktop/error-context.md

    attachment #2: trace (application/zip) ─────────────────────────────────────────────────────────
    ../../../../../../private/tmp/tab10-stage3-aggregate-ci-j6WviZ/browser-prodlike/playwright-output/wave-d-tournaments-Wave-D--d5b59-d-edit-complete-and-results-chromium-desktop/trace.zip
    Usage:

        pnpm exec playwright show-trace ../../../../../../private/tmp/tab10-stage3-aggregate-ci-j6WviZ/browser-prodlike/playwright-output/wave-d-tournaments-Wave-D--d5b59-d-edit-complete-and-results-chromium-desktop/trace.zip

    ────────────────────────────────────────────────────────────────────────────────────────────────

  22) [chromium-desktop] › tests/e2e/wave-d-tournaments.spec.ts:103:5 › Wave D tournament invalidation, dissolve, cancel and reasoned stop 

    Error: browserType.launch: Target page, context or browser has been closed
    Browser logs:

    <launching> /Users/liubavskii/Library/Caches/ms-playwright/chromium_headless_shell-1243/chrome-headless-shell-mac-arm64/chrome-headless-shell --disable-field-trial-config --disable-background-networking --disable-background-timer-throttling --disable-backgrounding-occluded-windows --disable-back-forward-cache --disable-breakpad --disable-client-side-phishing-detection --disable-component-extensions-with-background-pages --disable-component-update --no-default-browser-check --disable-default-apps --disable-dev-shm-usage --disable-edgeupdater --disable-extensions --disable-features=AvoidUnnecessaryBeforeUnloadCheckSync,DestroyProfileOnBrowserClose,DialMediaRouteProvider,GlobalMediaControls,HttpsUpgrades,LensOverlay,MediaRouter,PaintHolding,ThirdPartyStoragePartitioning,BlockOriginHeaderModificationOnRedirect,Translate,AutoDeElevate,OptimizationHints,msForceBrowserSignIn,msEdgeUpdateLaunchServicesPreferredVersion --enable-features=CDPScreenshotNewSurface --allow-pre-commit-input --disable-hang-monitor --disable-ipc-flooding-protection --disable-popup-blocking --disable-prompt-on-repost --disable-renderer-backgrounding --disable-updater-scheduler --force-color-profile=srgb --metrics-recording-only --no-first-run --password-store=basic --use-mock-keychain --no-service-autorun --export-tagged-pdf --disable-search-engine-choice-screen --unsafely-disable-devtools-self-xss-warnings --edge-skip-compat-layer-relaunch --disable-infobars --disable-search-engine-choice-screen --disable-sync --enable-unsafe-swiftshader --headless --hide-scrollbars --mute-audio --blink-settings=primaryHoverType=2,availableHoverTypes=2,primaryPointerType=4,availablePointerTypes=4 --no-sandbox --user-data-dir=/var/folders/9c/gv6xyvzs3nn2yb2pnl0j00zr0000gn/T/playwright_chromiumdev_profile-1buHlW --remote-debugging-pipe --no-startup-window
    <launched> pid=9904
    [pid=9904][err] [0919/031148.250192:ERROR:base/power_monitor/thermal_state_observer_mac.mm:140] ThermalStateObserverMac unable to register to power notifications. Result: 9
    [pid=9904][err] [0919/031148.252128:ERROR:net/dns/dns_config_service_posix.cc:138] DNS config watch failed to start.
    [pid=9904][err] [0919/031148.252632:FATAL:base/apple/mach_port_rendezvous_mac.cc:159] Check failed: kr == KERN_SUCCESS. bootstrap_check_in org.chromium.Chromium.MachPortRendezvousServer.9904: Permission denied (1100)
    [pid=9904] <process did exit: exitCode=null, signal=SIGTRAP>
    [pid=9904] starting temporary directories cleanup
    Call log:
      - <launching> /Users/liubavskii/Library/Caches/ms-playwright/chromium_headless_shell-1243/chrome-headless-shell-mac-arm64/chrome-headless-shell --disable-field-trial-config --disable-background-networking --disable-background-timer-throttling --disable-backgrounding-occluded-windows --disable-back-forward-cache --disable-breakpad --disable-client-side-phishing-detection --disable-component-extensions-with-background-pages --disable-component-update --no-default-browser-check --disable-default-apps --disable-dev-shm-usage --disable-edgeupdater --disable-extensions --disable-features=AvoidUnnecessaryBeforeUnloadCheckSync,DestroyProfileOnBrowserClose,DialMediaRouteProvider,GlobalMediaControls,HttpsUpgrades,LensOverlay,MediaRouter,PaintHolding,ThirdPartyStoragePartitioning,BlockOriginHeaderModificationOnRedirect,Translate,AutoDeElevate,OptimizationHints,msForceBrowserSignIn,msEdgeUpdateLaunchServicesPreferredVersion --enable-features=CDPScreenshotNewSurface --allow-pre-commit-input --disable-hang-monitor --disable-ipc-flooding-protection --disable-popup-blocking --disable-prompt-on-repost --disable-renderer-backgrounding --disable-updater-scheduler --force-color-profile=srgb --metrics-recording-only --no-first-run --password-store=basic --use-mock-keychain --no-service-autorun --export-tagged-pdf --disable-search-engine-choice-screen --unsafely-disable-devtools-self-xss-warnings --edge-skip-compat-layer-relaunch --disable-infobars --disable-search-engine-choice-screen --disable-sync --enable-unsafe-swiftshader --headless --hide-scrollbars --mute-audio --blink-settings=primaryHoverType=2,availableHoverTypes=2,primaryPointerType=4,availablePointerTypes=4 --no-sandbox --user-data-dir=/var/folders/9c/gv6xyvzs3nn2yb2pnl0j00zr0000gn/T/playwright_chromiumdev_profile-1buHlW --remote-debugging-pipe --no-startup-window
      - <launched> pid=9904
      - [pid=9904][err] [0919/031148.250192:ERROR:base/power_monitor/thermal_state_observer_mac.mm:140] ThermalStateObserverMac unable to register to power notifications. Result: 9
      - [pid=9904][err] [0919/031148.252128:ERROR:net/dns/dns_config_service_posix.cc:138] DNS config watch failed to start.
      - [pid=9904][err] [0919/031148.252632:FATAL:base/apple/mach_port_rendezvous_mac.cc:159] Check failed: kr == KERN_SUCCESS. bootstrap_check_in org.chromium.Chromium.MachPortRendezvousServer.9904: Permission denied (1100)
      - [pid=9904] <process did exit: exitCode=null, signal=SIGTRAP>
      - [pid=9904] starting temporary directories cleanup
      - [pid=9904] <gracefully close start>
      - [pid=9904] <kill>
      - [pid=9904] <skipped force kill spawnedProcess.killed=false processClosed=true>
      - [pid=9904] finished temporary directories cleanup
      - [pid=9904] <gracefully close end>


    Error Context: ../../../../../../private/tmp/tab10-stage3-aggregate-ci-j6WviZ/browser-prodlike/playwright-output/wave-d-tournaments-Wave-D--548dd-ve-cancel-and-reasoned-stop-chromium-desktop/error-context.md

    attachment #2: trace (application/zip) ─────────────────────────────────────────────────────────
    ../../../../../../private/tmp/tab10-stage3-aggregate-ci-j6WviZ/browser-prodlike/playwright-output/wave-d-tournaments-Wave-D--548dd-ve-cancel-and-reasoned-stop-chromium-desktop/trace.zip
    Usage:

        pnpm exec playwright show-trace ../../../../../../private/tmp/tab10-stage3-aggregate-ci-j6WviZ/browser-prodlike/playwright-output/wave-d-tournaments-Wave-D--548dd-ve-cancel-and-reasoned-stop-chromium-desktop/trace.zip

    ────────────────────────────────────────────────────────────────────────────────────────────────

  23) [chromium-desktop] › tests/e2e/wave-e-admin.spec.ts:10:5 › Wave E ADM catalog, first login, profile, role and block lifecycle 

    Error: browserType.launch: Target page, context or browser has been closed
    Browser logs:

    <launching> /Users/liubavskii/Library/Caches/ms-playwright/chromium_headless_shell-1243/chrome-headless-shell-mac-arm64/chrome-headless-shell --disable-field-trial-config --disable-background-networking --disable-background-timer-throttling --disable-backgrounding-occluded-windows --disable-back-forward-cache --disable-breakpad --disable-client-side-phishing-detection --disable-component-extensions-with-background-pages --disable-component-update --no-default-browser-check --disable-default-apps --disable-dev-shm-usage --disable-edgeupdater --disable-extensions --disable-features=AvoidUnnecessaryBeforeUnloadCheckSync,DestroyProfileOnBrowserClose,DialMediaRouteProvider,GlobalMediaControls,HttpsUpgrades,LensOverlay,MediaRouter,PaintHolding,ThirdPartyStoragePartitioning,BlockOriginHeaderModificationOnRedirect,Translate,AutoDeElevate,OptimizationHints,msForceBrowserSignIn,msEdgeUpdateLaunchServicesPreferredVersion --enable-features=CDPScreenshotNewSurface --allow-pre-commit-input --disable-hang-monitor --disable-ipc-flooding-protection --disable-popup-blocking --disable-prompt-on-repost --disable-renderer-backgrounding --disable-updater-scheduler --force-color-profile=srgb --metrics-recording-only --no-first-run --password-store=basic --use-mock-keychain --no-service-autorun --export-tagged-pdf --disable-search-engine-choice-screen --unsafely-disable-devtools-self-xss-warnings --edge-skip-compat-layer-relaunch --disable-infobars --disable-search-engine-choice-screen --disable-sync --enable-unsafe-swiftshader --headless --hide-scrollbars --mute-audio --blink-settings=primaryHoverType=2,availableHoverTypes=2,primaryPointerType=4,availablePointerTypes=4 --no-sandbox --user-data-dir=/var/folders/9c/gv6xyvzs3nn2yb2pnl0j00zr0000gn/T/playwright_chromiumdev_profile-jqOo2Q --remote-debugging-pipe --no-startup-window
    <launched> pid=9906
    [pid=9906][err] [0919/031148.808402:ERROR:base/power_monitor/thermal_state_observer_mac.mm:140] ThermalStateObserverMac unable to register to power notifications. Result: 9
    [pid=9906][err] [0919/031148.810212:ERROR:net/dns/dns_config_service_posix.cc:138] DNS config watch failed to start.
    [pid=9906][err] [0919/031148.810722:FATAL:base/apple/mach_port_rendezvous_mac.cc:159] Check failed: kr == KERN_SUCCESS. bootstrap_check_in org.chromium.Chromium.MachPortRendezvousServer.9906: Permission denied (1100)
    [pid=9906] <process did exit: exitCode=null, signal=SIGTRAP>
    [pid=9906] starting temporary directories cleanup
    Call log:
      - <launching> /Users/liubavskii/Library/Caches/ms-playwright/chromium_headless_shell-1243/chrome-headless-shell-mac-arm64/chrome-headless-shell --disable-field-trial-config --disable-background-networking --disable-background-timer-throttling --disable-backgrounding-occluded-windows --disable-back-forward-cache --disable-breakpad --disable-client-side-phishing-detection --disable-component-extensions-with-background-pages --disable-component-update --no-default-browser-check --disable-default-apps --disable-dev-shm-usage --disable-edgeupdater --disable-extensions --disable-features=AvoidUnnecessaryBeforeUnloadCheckSync,DestroyProfileOnBrowserClose,DialMediaRouteProvider,GlobalMediaControls,HttpsUpgrades,LensOverlay,MediaRouter,PaintHolding,ThirdPartyStoragePartitioning,BlockOriginHeaderModificationOnRedirect,Translate,AutoDeElevate,OptimizationHints,msForceBrowserSignIn,msEdgeUpdateLaunchServicesPreferredVersion --enable-features=CDPScreenshotNewSurface --allow-pre-commit-input --disable-hang-monitor --disable-ipc-flooding-protection --disable-popup-blocking --disable-prompt-on-repost --disable-renderer-backgrounding --disable-updater-scheduler --force-color-profile=srgb --metrics-recording-only --no-first-run --password-store=basic --use-mock-keychain --no-service-autorun --export-tagged-pdf --disable-search-engine-choice-screen --unsafely-disable-devtools-self-xss-warnings --edge-skip-compat-layer-relaunch --disable-infobars --disable-search-engine-choice-screen --disable-sync --enable-unsafe-swiftshader --headless --hide-scrollbars --mute-audio --blink-settings=primaryHoverType=2,availableHoverTypes=2,primaryPointerType=4,availablePointerTypes=4 --no-sandbox --user-data-dir=/var/folders/9c/gv6xyvzs3nn2yb2pnl0j00zr0000gn/T/playwright_chromiumdev_profile-jqOo2Q --remote-debugging-pipe --no-startup-window
      - <launched> pid=9906
      - [pid=9906][err] [0919/031148.808402:ERROR:base/power_monitor/thermal_state_observer_mac.mm:140] ThermalStateObserverMac unable to register to power notifications. Result: 9
      - [pid=9906][err] [0919/031148.810212:ERROR:net/dns/dns_config_service_posix.cc:138] DNS config watch failed to start.
      - [pid=9906][err] [0919/031148.810722:FATAL:base/apple/mach_port_rendezvous_mac.cc:159] Check failed: kr == KERN_SUCCESS. bootstrap_check_in org.chromium.Chromium.MachPortRendezvousServer.9906: Permission denied (1100)
      - [pid=9906] <process did exit: exitCode=null, signal=SIGTRAP>
      - [pid=9906] starting temporary directories cleanup
      - [pid=9906] <gracefully close start>
      - [pid=9906] <kill>
      - [pid=9906] <skipped force kill spawnedProcess.killed=false processClosed=true>
      - [pid=9906] finished temporary directories cleanup
      - [pid=9906] <gracefully close end>


    Error Context: ../../../../../../private/tmp/tab10-stage3-aggregate-ci-j6WviZ/browser-prodlike/playwright-output/wave-e-admin-Wave-E-ADM-ca-0ec6e-le-role-and-block-lifecycle-chromium-desktop/error-context.md

    attachment #2: trace (application/zip) ─────────────────────────────────────────────────────────
    ../../../../../../private/tmp/tab10-stage3-aggregate-ci-j6WviZ/browser-prodlike/playwright-output/wave-e-admin-Wave-E-ADM-ca-0ec6e-le-role-and-block-lifecycle-chromium-desktop/trace.zip
    Usage:

        pnpm exec playwright show-trace ../../../../../../private/tmp/tab10-stage3-aggregate-ci-j6WviZ/browser-prodlike/playwright-output/wave-e-admin-Wave-E-ADM-ca-0ec6e-le-role-and-block-lifecycle-chromium-desktop/trace.zip

    ────────────────────────────────────────────────────────────────────────────────────────────────

  24) [chromium-desktop] › tests/e2e/wave-e-user.spec.ts:95:5 › GAP-012 operator creates A-vs-B, edits it and starts without player consent 

    Error: browserType.launch: Target page, context or browser has been closed
    Browser logs:

    <launching> /Users/liubavskii/Library/Caches/ms-playwright/chromium_headless_shell-1243/chrome-headless-shell-mac-arm64/chrome-headless-shell --disable-field-trial-config --disable-background-networking --disable-background-timer-throttling --disable-backgrounding-occluded-windows --disable-back-forward-cache --disable-breakpad --disable-client-side-phishing-detection --disable-component-extensions-with-background-pages --disable-component-update --no-default-browser-check --disable-default-apps --disable-dev-shm-usage --disable-edgeupdater --disable-extensions --disable-features=AvoidUnnecessaryBeforeUnloadCheckSync,DestroyProfileOnBrowserClose,DialMediaRouteProvider,GlobalMediaControls,HttpsUpgrades,LensOverlay,MediaRouter,PaintHolding,ThirdPartyStoragePartitioning,BlockOriginHeaderModificationOnRedirect,Translate,AutoDeElevate,OptimizationHints,msForceBrowserSignIn,msEdgeUpdateLaunchServicesPreferredVersion --enable-features=CDPScreenshotNewSurface --allow-pre-commit-input --disable-hang-monitor --disable-ipc-flooding-protection --disable-popup-blocking --disable-prompt-on-repost --disable-renderer-backgrounding --disable-updater-scheduler --force-color-profile=srgb --metrics-recording-only --no-first-run --password-store=basic --use-mock-keychain --no-service-autorun --export-tagged-pdf --disable-search-engine-choice-screen --unsafely-disable-devtools-self-xss-warnings --edge-skip-compat-layer-relaunch --disable-infobars --disable-search-engine-choice-screen --disable-sync --enable-unsafe-swiftshader --headless --hide-scrollbars --mute-audio --blink-settings=primaryHoverType=2,availableHoverTypes=2,primaryPointerType=4,availablePointerTypes=4 --no-sandbox --user-data-dir=/var/folders/9c/gv6xyvzs3nn2yb2pnl0j00zr0000gn/T/playwright_chromiumdev_profile-IiMso6 --remote-debugging-pipe --no-startup-window
    <launched> pid=9908
    [pid=9908][err] [0919/031149.369430:ERROR:base/power_monitor/thermal_state_observer_mac.mm:140] ThermalStateObserverMac unable to register to power notifications. Result: 9
    [pid=9908][err] [0919/031149.371277:ERROR:net/dns/dns_config_service_posix.cc:138] DNS config watch failed to start.
    [pid=9908][err] [0919/031149.371826:FATAL:base/apple/mach_port_rendezvous_mac.cc:159] Check failed: kr == KERN_SUCCESS. bootstrap_check_in org.chromium.Chromium.MachPortRendezvousServer.9908: Permission denied (1100)
    [pid=9908] <process did exit: exitCode=null, signal=SIGTRAP>
    [pid=9908] starting temporary directories cleanup
    Call log:
      - <launching> /Users/liubavskii/Library/Caches/ms-playwright/chromium_headless_shell-1243/chrome-headless-shell-mac-arm64/chrome-headless-shell --disable-field-trial-config --disable-background-networking --disable-background-timer-throttling --disable-backgrounding-occluded-windows --disable-back-forward-cache --disable-breakpad --disable-client-side-phishing-detection --disable-component-extensions-with-background-pages --disable-component-update --no-default-browser-check --disable-default-apps --disable-dev-shm-usage --disable-edgeupdater --disable-extensions --disable-features=AvoidUnnecessaryBeforeUnloadCheckSync,DestroyProfileOnBrowserClose,DialMediaRouteProvider,GlobalMediaControls,HttpsUpgrades,LensOverlay,MediaRouter,PaintHolding,ThirdPartyStoragePartitioning,BlockOriginHeaderModificationOnRedirect,Translate,AutoDeElevate,OptimizationHints,msForceBrowserSignIn,msEdgeUpdateLaunchServicesPreferredVersion --enable-features=CDPScreenshotNewSurface --allow-pre-commit-input --disable-hang-monitor --disable-ipc-flooding-protection --disable-popup-blocking --disable-prompt-on-repost --disable-renderer-backgrounding --disable-updater-scheduler --force-color-profile=srgb --metrics-recording-only --no-first-run --password-store=basic --use-mock-keychain --no-service-autorun --export-tagged-pdf --disable-search-engine-choice-screen --unsafely-disable-devtools-self-xss-warnings --edge-skip-compat-layer-relaunch --disable-infobars --disable-search-engine-choice-screen --disable-sync --enable-unsafe-swiftshader --headless --hide-scrollbars --mute-audio --blink-settings=primaryHoverType=2,availableHoverTypes=2,primaryPointerType=4,availablePointerTypes=4 --no-sandbox --user-data-dir=/var/folders/9c/gv6xyvzs3nn2yb2pnl0j00zr0000gn/T/playwright_chromiumdev_profile-IiMso6 --remote-debugging-pipe --no-startup-window
      - <launched> pid=9908
      - [pid=9908][err] [0919/031149.369430:ERROR:base/power_monitor/thermal_state_observer_mac.mm:140] ThermalStateObserverMac unable to register to power notifications. Result: 9
      - [pid=9908][err] [0919/031149.371277:ERROR:net/dns/dns_config_service_posix.cc:138] DNS config watch failed to start.
      - [pid=9908][err] [0919/031149.371826:FATAL:base/apple/mach_port_rendezvous_mac.cc:159] Check failed: kr == KERN_SUCCESS. bootstrap_check_in org.chromium.Chromium.MachPortRendezvousServer.9908: Permission denied (1100)
      - [pid=9908] <process did exit: exitCode=null, signal=SIGTRAP>
      - [pid=9908] starting temporary directories cleanup
      - [pid=9908] <gracefully close start>
      - [pid=9908] <kill>
      - [pid=9908] <skipped force kill spawnedProcess.killed=false processClosed=true>
      - [pid=9908] finished temporary directories cleanup
      - [pid=9908] <gracefully close end>


    Error Context: ../../../../../../private/tmp/tab10-stage3-aggregate-ci-j6WviZ/browser-prodlike/playwright-output/wave-e-user-GAP-012-operat-b890e-arts-without-player-consent-chromium-desktop/error-context.md

    attachment #2: trace (application/zip) ─────────────────────────────────────────────────────────
    ../../../../../../private/tmp/tab10-stage3-aggregate-ci-j6WviZ/browser-prodlike/playwright-output/wave-e-user-GAP-012-operat-b890e-arts-without-player-consent-chromium-desktop/trace.zip
    Usage:

        pnpm exec playwright show-trace ../../../../../../private/tmp/tab10-stage3-aggregate-ci-j6WviZ/browser-prodlike/playwright-output/wave-e-user-GAP-012-operat-b890e-arts-without-player-consent-chromium-desktop/trace.zip

    ────────────────────────────────────────────────────────────────────────────────────────────────

  25) [chromium-desktop] › tests/e2e/wave-e-user.spec.ts:182:5 › Wave E onboarding resume, tutorial return, restart and Help feedback 

    Error: browserType.launch: Target page, context or browser has been closed
    Browser logs:

    <launching> /Users/liubavskii/Library/Caches/ms-playwright/chromium_headless_shell-1243/chrome-headless-shell-mac-arm64/chrome-headless-shell --disable-field-trial-config --disable-background-networking --disable-background-timer-throttling --disable-backgrounding-occluded-windows --disable-back-forward-cache --disable-breakpad --disable-client-side-phishing-detection --disable-component-extensions-with-background-pages --disable-component-update --no-default-browser-check --disable-default-apps --disable-dev-shm-usage --disable-edgeupdater --disable-extensions --disable-features=AvoidUnnecessaryBeforeUnloadCheckSync,DestroyProfileOnBrowserClose,DialMediaRouteProvider,GlobalMediaControls,HttpsUpgrades,LensOverlay,MediaRouter,PaintHolding,ThirdPartyStoragePartitioning,BlockOriginHeaderModificationOnRedirect,Translate,AutoDeElevate,OptimizationHints,msForceBrowserSignIn,msEdgeUpdateLaunchServicesPreferredVersion --enable-features=CDPScreenshotNewSurface --allow-pre-commit-input --disable-hang-monitor --disable-ipc-flooding-protection --disable-popup-blocking --disable-prompt-on-repost --disable-renderer-backgrounding --disable-updater-scheduler --force-color-profile=srgb --metrics-recording-only --no-first-run --password-store=basic --use-mock-keychain --no-service-autorun --export-tagged-pdf --disable-search-engine-choice-screen --unsafely-disable-devtools-self-xss-warnings --edge-skip-compat-layer-relaunch --disable-infobars --disable-search-engine-choice-screen --disable-sync --enable-unsafe-swiftshader --headless --hide-scrollbars --mute-audio --blink-settings=primaryHoverType=2,availableHoverTypes=2,primaryPointerType=4,availablePointerTypes=4 --no-sandbox --user-data-dir=/var/folders/9c/gv6xyvzs3nn2yb2pnl0j00zr0000gn/T/playwright_chromiumdev_profile-4xVyfr --remote-debugging-pipe --no-startup-window
    <launched> pid=9914
    [pid=9914][err] [0919/031149.940226:ERROR:base/power_monitor/thermal_state_observer_mac.mm:140] ThermalStateObserverMac unable to register to power notifications. Result: 9
    [pid=9914][err] [0919/031149.942160:ERROR:net/dns/dns_config_service_posix.cc:138] DNS config watch failed to start.
    [pid=9914][err] [0919/031149.942764:FATAL:base/apple/mach_port_rendezvous_mac.cc:159] Check failed: kr == KERN_SUCCESS. bootstrap_check_in org.chromium.Chromium.MachPortRendezvousServer.9914: Permission denied (1100)
    Call log:
      - <launching> /Users/liubavskii/Library/Caches/ms-playwright/chromium_headless_shell-1243/chrome-headless-shell-mac-arm64/chrome-headless-shell --disable-field-trial-config --disable-background-networking --disable-background-timer-throttling --disable-backgrounding-occluded-windows --disable-back-forward-cache --disable-breakpad --disable-client-side-phishing-detection --disable-component-extensions-with-background-pages --disable-component-update --no-default-browser-check --disable-default-apps --disable-dev-shm-usage --disable-edgeupdater --disable-extensions --disable-features=AvoidUnnecessaryBeforeUnloadCheckSync,DestroyProfileOnBrowserClose,DialMediaRouteProvider,GlobalMediaControls,HttpsUpgrades,LensOverlay,MediaRouter,PaintHolding,ThirdPartyStoragePartitioning,BlockOriginHeaderModificationOnRedirect,Translate,AutoDeElevate,OptimizationHints,msForceBrowserSignIn,msEdgeUpdateLaunchServicesPreferredVersion --enable-features=CDPScreenshotNewSurface --allow-pre-commit-input --disable-hang-monitor --disable-ipc-flooding-protection --disable-popup-blocking --disable-prompt-on-repost --disable-renderer-backgrounding --disable-updater-scheduler --force-color-profile=srgb --metrics-recording-only --no-first-run --password-store=basic --use-mock-keychain --no-service-autorun --export-tagged-pdf --disable-search-engine-choice-screen --unsafely-disable-devtools-self-xss-warnings --edge-skip-compat-layer-relaunch --disable-infobars --disable-search-engine-choice-screen --disable-sync --enable-unsafe-swiftshader --headless --hide-scrollbars --mute-audio --blink-settings=primaryHoverType=2,availableHoverTypes=2,primaryPointerType=4,availablePointerTypes=4 --no-sandbox --user-data-dir=/var/folders/9c/gv6xyvzs3nn2yb2pnl0j00zr0000gn/T/playwright_chromiumdev_profile-4xVyfr --remote-debugging-pipe --no-startup-window
      - <launched> pid=9914
      - [pid=9914][err] [0919/031149.940226:ERROR:base/power_monitor/thermal_state_observer_mac.mm:140] ThermalStateObserverMac unable to register to power notifications. Result: 9
      - [pid=9914][err] [0919/031149.942160:ERROR:net/dns/dns_config_service_posix.cc:138] DNS config watch failed to start.
      - [pid=9914][err] [0919/031149.942764:FATAL:base/apple/mach_port_rendezvous_mac.cc:159] Check failed: kr == KERN_SUCCESS. bootstrap_check_in org.chromium.Chromium.MachPortRendezvousServer.9914: Permission denied (1100)
      - [pid=9914] <gracefully close start>
      - [pid=9914] <kill>
      - [pid=9914] <will force kill>
      - [pid=9914] exception while trying to kill process: Error: kill EPERM
      - [pid=9914] <process did exit: exitCode=null, signal=SIGTRAP>
      - [pid=9914] starting temporary directories cleanup
      - [pid=9914] finished temporary directories cleanup
      - [pid=9914] <gracefully close end>


    Error Context: ../../../../../../private/tmp/tab10-stage3-aggregate-ci-j6WviZ/browser-prodlike/playwright-output/wave-e-user-Wave-E-onboard-89f4d-n-restart-and-Help-feedback-chromium-desktop/error-context.md

    attachment #2: trace (application/zip) ─────────────────────────────────────────────────────────
    ../../../../../../private/tmp/tab10-stage3-aggregate-ci-j6WviZ/browser-prodlike/playwright-output/wave-e-user-Wave-E-onboard-89f4d-n-restart-and-Help-feedback-chromium-desktop/trace.zip
    Usage:

        pnpm exec playwright show-trace ../../../../../../private/tmp/tab10-stage3-aggregate-ci-j6WviZ/browser-prodlike/playwright-output/wave-e-user-Wave-E-onboard-89f4d-n-restart-and-Help-feedback-chromium-desktop/trace.zip

    ────────────────────────────────────────────────────────────────────────────────────────────────

  26) [chromium-desktop] › tests/e2e/wave-f-a11y.spec.ts:55:5 › Wave F auth geometry contrast and admin readable rows 

    Error: browserType.launch: Target page, context or browser has been closed
    Browser logs:

    <launching> /Users/liubavskii/Library/Caches/ms-playwright/chromium_headless_shell-1243/chrome-headless-shell-mac-arm64/chrome-headless-shell --disable-field-trial-config --disable-background-networking --disable-background-timer-throttling --disable-backgrounding-occluded-windows --disable-back-forward-cache --disable-breakpad --disable-client-side-phishing-detection --disable-component-extensions-with-background-pages --disable-component-update --no-default-browser-check --disable-default-apps --disable-dev-shm-usage --disable-edgeupdater --disable-extensions --disable-features=AvoidUnnecessaryBeforeUnloadCheckSync,DestroyProfileOnBrowserClose,DialMediaRouteProvider,GlobalMediaControls,HttpsUpgrades,LensOverlay,MediaRouter,PaintHolding,ThirdPartyStoragePartitioning,BlockOriginHeaderModificationOnRedirect,Translate,AutoDeElevate,OptimizationHints,msForceBrowserSignIn,msEdgeUpdateLaunchServicesPreferredVersion --enable-features=CDPScreenshotNewSurface --allow-pre-commit-input --disable-hang-monitor --disable-ipc-flooding-protection --disable-popup-blocking --disable-prompt-on-repost --disable-renderer-backgrounding --disable-updater-scheduler --force-color-profile=srgb --metrics-recording-only --no-first-run --password-store=basic --use-mock-keychain --no-service-autorun --export-tagged-pdf --disable-search-engine-choice-screen --unsafely-disable-devtools-self-xss-warnings --edge-skip-compat-layer-relaunch --disable-infobars --disable-search-engine-choice-screen --disable-sync --enable-unsafe-swiftshader --headless --hide-scrollbars --mute-audio --blink-settings=primaryHoverType=2,availableHoverTypes=2,primaryPointerType=4,availablePointerTypes=4 --no-sandbox --user-data-dir=/var/folders/9c/gv6xyvzs3nn2yb2pnl0j00zr0000gn/T/playwright_chromiumdev_profile-yEkATP --remote-debugging-pipe --no-startup-window
    <launched> pid=9916
    [pid=9916][err] [0919/031150.583993:ERROR:base/power_monitor/thermal_state_observer_mac.mm:140] ThermalStateObserverMac unable to register to power notifications. Result: 9
    [pid=9916][err] [0919/031150.586626:ERROR:net/dns/dns_config_service_posix.cc:138] DNS config watch failed to start.
    [pid=9916][err] [0919/031150.587598:FATAL:base/apple/mach_port_rendezvous_mac.cc:159] Check failed: kr == KERN_SUCCESS. bootstrap_check_in org.chromium.Chromium.MachPortRendezvousServer.9916: Permission denied (1100)
    [pid=9916] <process did exit: exitCode=null, signal=SIGTRAP>
    [pid=9916] starting temporary directories cleanup
    Call log:
      - <launching> /Users/liubavskii/Library/Caches/ms-playwright/chromium_headless_shell-1243/chrome-headless-shell-mac-arm64/chrome-headless-shell --disable-field-trial-config --disable-background-networking --disable-background-timer-throttling --disable-backgrounding-occluded-windows --disable-back-forward-cache --disable-breakpad --disable-client-side-phishing-detection --disable-component-extensions-with-background-pages --disable-component-update --no-default-browser-check --disable-default-apps --disable-dev-shm-usage --disable-edgeupdater --disable-extensions --disable-features=AvoidUnnecessaryBeforeUnloadCheckSync,DestroyProfileOnBrowserClose,DialMediaRouteProvider,GlobalMediaControls,HttpsUpgrades,LensOverlay,MediaRouter,PaintHolding,ThirdPartyStoragePartitioning,BlockOriginHeaderModificationOnRedirect,Translate,AutoDeElevate,OptimizationHints,msForceBrowserSignIn,msEdgeUpdateLaunchServicesPreferredVersion --enable-features=CDPScreenshotNewSurface --allow-pre-commit-input --disable-hang-monitor --disable-ipc-flooding-protection --disable-popup-blocking --disable-prompt-on-repost --disable-renderer-backgrounding --disable-updater-scheduler --force-color-profile=srgb --metrics-recording-only --no-first-run --password-store=basic --use-mock-keychain --no-service-autorun --export-tagged-pdf --disable-search-engine-choice-screen --unsafely-disable-devtools-self-xss-warnings --edge-skip-compat-layer-relaunch --disable-infobars --disable-search-engine-choice-screen --disable-sync --enable-unsafe-swiftshader --headless --hide-scrollbars --mute-audio --blink-settings=primaryHoverType=2,availableHoverTypes=2,primaryPointerType=4,availablePointerTypes=4 --no-sandbox --user-data-dir=/var/folders/9c/gv6xyvzs3nn2yb2pnl0j00zr0000gn/T/playwright_chromiumdev_profile-yEkATP --remote-debugging-pipe --no-startup-window
      - <launched> pid=9916
      - [pid=9916][err] [0919/031150.583993:ERROR:base/power_monitor/thermal_state_observer_mac.mm:140] ThermalStateObserverMac unable to register to power notifications. Result: 9
      - [pid=9916][err] [0919/031150.586626:ERROR:net/dns/dns_config_service_posix.cc:138] DNS config watch failed to start.
      - [pid=9916][err] [0919/031150.587598:FATAL:base/apple/mach_port_rendezvous_mac.cc:159] Check failed: kr == KERN_SUCCESS. bootstrap_check_in org.chromium.Chromium.MachPortRendezvousServer.9916: Permission denied (1100)
      - [pid=9916] <process did exit: exitCode=null, signal=SIGTRAP>
      - [pid=9916] starting temporary directories cleanup
      - [pid=9916] <gracefully close start>
      - [pid=9916] <kill>
      - [pid=9916] <skipped force kill spawnedProcess.killed=false processClosed=true>
      - [pid=9916] finished temporary directories cleanup
      - [pid=9916] <gracefully close end>


    Error Context: ../../../../../../private/tmp/tab10-stage3-aggregate-ci-j6WviZ/browser-prodlike/playwright-output/wave-f-a11y-Wave-F-auth-ge-05098-ast-and-admin-readable-rows-chromium-desktop/error-context.md

    attachment #2: trace (application/zip) ─────────────────────────────────────────────────────────
    ../../../../../../private/tmp/tab10-stage3-aggregate-ci-j6WviZ/browser-prodlike/playwright-output/wave-f-a11y-Wave-F-auth-ge-05098-ast-and-admin-readable-rows-chromium-desktop/trace.zip
    Usage:

        pnpm exec playwright show-trace ../../../../../../private/tmp/tab10-stage3-aggregate-ci-j6WviZ/browser-prodlike/playwright-output/wave-f-a11y-Wave-F-auth-ge-05098-ast-and-admin-readable-rows-chromium-desktop/trace.zip

    ────────────────────────────────────────────────────────────────────────────────────────────────

  27) [chromium-desktop] › tests/e2e/wave-f-a11y.spec.ts:113:5 › Wave F algorithm focus and bracket keyboard geometry 

    Error: browserType.launch: Target page, context or browser has been closed
    Browser logs:

    <launching> /Users/liubavskii/Library/Caches/ms-playwright/chromium_headless_shell-1243/chrome-headless-shell-mac-arm64/chrome-headless-shell --disable-field-trial-config --disable-background-networking --disable-background-timer-throttling --disable-backgrounding-occluded-windows --disable-back-forward-cache --disable-breakpad --disable-client-side-phishing-detection --disable-component-extensions-with-background-pages --disable-component-update --no-default-browser-check --disable-default-apps --disable-dev-shm-usage --disable-edgeupdater --disable-extensions --disable-features=AvoidUnnecessaryBeforeUnloadCheckSync,DestroyProfileOnBrowserClose,DialMediaRouteProvider,GlobalMediaControls,HttpsUpgrades,LensOverlay,MediaRouter,PaintHolding,ThirdPartyStoragePartitioning,BlockOriginHeaderModificationOnRedirect,Translate,AutoDeElevate,OptimizationHints,msForceBrowserSignIn,msEdgeUpdateLaunchServicesPreferredVersion --enable-features=CDPScreenshotNewSurface --allow-pre-commit-input --disable-hang-monitor --disable-ipc-flooding-protection --disable-popup-blocking --disable-prompt-on-repost --disable-renderer-backgrounding --disable-updater-scheduler --force-color-profile=srgb --metrics-recording-only --no-first-run --password-store=basic --use-mock-keychain --no-service-autorun --export-tagged-pdf --disable-search-engine-choice-screen --unsafely-disable-devtools-self-xss-warnings --edge-skip-compat-layer-relaunch --disable-infobars --disable-search-engine-choice-screen --disable-sync --enable-unsafe-swiftshader --headless --hide-scrollbars --mute-audio --blink-settings=primaryHoverType=2,availableHoverTypes=2,primaryPointerType=4,availablePointerTypes=4 --no-sandbox --user-data-dir=/var/folders/9c/gv6xyvzs3nn2yb2pnl0j00zr0000gn/T/playwright_chromiumdev_profile-FlM848 --remote-debugging-pipe --no-startup-window
    <launched> pid=9918
    [pid=9918][err] [0919/031151.170403:ERROR:base/power_monitor/thermal_state_observer_mac.mm:140] ThermalStateObserverMac unable to register to power notifications. Result: 9
    [pid=9918][err] [0919/031151.172373:ERROR:net/dns/dns_config_service_posix.cc:138] DNS config watch failed to start.
    [pid=9918][err] [0919/031151.172883:FATAL:base/apple/mach_port_rendezvous_mac.cc:159] Check failed: kr == KERN_SUCCESS. bootstrap_check_in org.chromium.Chromium.MachPortRendezvousServer.9918: Permission denied (1100)
    [pid=9918] <process did exit: exitCode=null, signal=SIGTRAP>
    [pid=9918] starting temporary directories cleanup
    Call log:
      - <launching> /Users/liubavskii/Library/Caches/ms-playwright/chromium_headless_shell-1243/chrome-headless-shell-mac-arm64/chrome-headless-shell --disable-field-trial-config --disable-background-networking --disable-background-timer-throttling --disable-backgrounding-occluded-windows --disable-back-forward-cache --disable-breakpad --disable-client-side-phishing-detection --disable-component-extensions-with-background-pages --disable-component-update --no-default-browser-check --disable-default-apps --disable-dev-shm-usage --disable-edgeupdater --disable-extensions --disable-features=AvoidUnnecessaryBeforeUnloadCheckSync,DestroyProfileOnBrowserClose,DialMediaRouteProvider,GlobalMediaControls,HttpsUpgrades,LensOverlay,MediaRouter,PaintHolding,ThirdPartyStoragePartitioning,BlockOriginHeaderModificationOnRedirect,Translate,AutoDeElevate,OptimizationHints,msForceBrowserSignIn,msEdgeUpdateLaunchServicesPreferredVersion --enable-features=CDPScreenshotNewSurface --allow-pre-commit-input --disable-hang-monitor --disable-ipc-flooding-protection --disable-popup-blocking --disable-prompt-on-repost --disable-renderer-backgrounding --disable-updater-scheduler --force-color-profile=srgb --metrics-recording-only --no-first-run --password-store=basic --use-mock-keychain --no-service-autorun --export-tagged-pdf --disable-search-engine-choice-screen --unsafely-disable-devtools-self-xss-warnings --edge-skip-compat-layer-relaunch --disable-infobars --disable-search-engine-choice-screen --disable-sync --enable-unsafe-swiftshader --headless --hide-scrollbars --mute-audio --blink-settings=primaryHoverType=2,availableHoverTypes=2,primaryPointerType=4,availablePointerTypes=4 --no-sandbox --user-data-dir=/var/folders/9c/gv6xyvzs3nn2yb2pnl0j00zr0000gn/T/playwright_chromiumdev_profile-FlM848 --remote-debugging-pipe --no-startup-window
      - <launched> pid=9918
      - [pid=9918][err] [0919/031151.170403:ERROR:base/power_monitor/thermal_state_observer_mac.mm:140] ThermalStateObserverMac unable to register to power notifications. Result: 9
      - [pid=9918][err] [0919/031151.172373:ERROR:net/dns/dns_config_service_posix.cc:138] DNS config watch failed to start.
      - [pid=9918][err] [0919/031151.172883:FATAL:base/apple/mach_port_rendezvous_mac.cc:159] Check failed: kr == KERN_SUCCESS. bootstrap_check_in org.chromium.Chromium.MachPortRendezvousServer.9918: Permission denied (1100)
      - [pid=9918] <process did exit: exitCode=null, signal=SIGTRAP>
      - [pid=9918] starting temporary directories cleanup
      - [pid=9918] <gracefully close start>
      - [pid=9918] <kill>
      - [pid=9918] <skipped force kill spawnedProcess.killed=false processClosed=true>
      - [pid=9918] finished temporary directories cleanup
      - [pid=9918] <gracefully close end>


    Error Context: ../../../../../../private/tmp/tab10-stage3-aggregate-ci-j6WviZ/browser-prodlike/playwright-output/wave-f-a11y-Wave-F-algorit-dd3bc-d-bracket-keyboard-geometry-chromium-desktop/error-context.md

    attachment #2: trace (application/zip) ─────────────────────────────────────────────────────────
    ../../../../../../private/tmp/tab10-stage3-aggregate-ci-j6WviZ/browser-prodlike/playwright-output/wave-f-a11y-Wave-F-algorit-dd3bc-d-bracket-keyboard-geometry-chromium-desktop/trace.zip
    Usage:

        pnpm exec playwright show-trace ../../../../../../private/tmp/tab10-stage3-aggregate-ci-j6WviZ/browser-prodlike/playwright-output/wave-f-a11y-Wave-F-algorit-dd3bc-d-bracket-keyboard-geometry-chromium-desktop/trace.zip

    ────────────────────────────────────────────────────────────────────────────────────────────────

  28) [chromium-desktop] › tests/e2e/wave-f-a11y.spec.ts:149:5 › Wave F judge disclosure score and landscape 

    Error: browserType.launch: Target page, context or browser has been closed
    Browser logs:

    <launching> /Users/liubavskii/Library/Caches/ms-playwright/chromium_headless_shell-1243/chrome-headless-shell-mac-arm64/chrome-headless-shell --disable-field-trial-config --disable-background-networking --disable-background-timer-throttling --disable-backgrounding-occluded-windows --disable-back-forward-cache --disable-breakpad --disable-client-side-phishing-detection --disable-component-extensions-with-background-pages --disable-component-update --no-default-browser-check --disable-default-apps --disable-dev-shm-usage --disable-edgeupdater --disable-extensions --disable-features=AvoidUnnecessaryBeforeUnloadCheckSync,DestroyProfileOnBrowserClose,DialMediaRouteProvider,GlobalMediaControls,HttpsUpgrades,LensOverlay,MediaRouter,PaintHolding,ThirdPartyStoragePartitioning,BlockOriginHeaderModificationOnRedirect,Translate,AutoDeElevate,OptimizationHints,msForceBrowserSignIn,msEdgeUpdateLaunchServicesPreferredVersion --enable-features=CDPScreenshotNewSurface --allow-pre-commit-input --disable-hang-monitor --disable-ipc-flooding-protection --disable-popup-blocking --disable-prompt-on-repost --disable-renderer-backgrounding --disable-updater-scheduler --force-color-profile=srgb --metrics-recording-only --no-first-run --password-store=basic --use-mock-keychain --no-service-autorun --export-tagged-pdf --disable-search-engine-choice-screen --unsafely-disable-devtools-self-xss-warnings --edge-skip-compat-layer-relaunch --disable-infobars --disable-search-engine-choice-screen --disable-sync --enable-unsafe-swiftshader --headless --hide-scrollbars --mute-audio --blink-settings=primaryHoverType=2,availableHoverTypes=2,primaryPointerType=4,availablePointerTypes=4 --no-sandbox --user-data-dir=/var/folders/9c/gv6xyvzs3nn2yb2pnl0j00zr0000gn/T/playwright_chromiumdev_profile-ZeTtvZ --remote-debugging-pipe --no-startup-window
    <launched> pid=9920
    [pid=9920][err] [0919/031151.761417:ERROR:base/power_monitor/thermal_state_observer_mac.mm:140] ThermalStateObserverMac unable to register to power notifications. Result: 9
    [pid=9920][err] [0919/031151.763246:ERROR:net/dns/dns_config_service_posix.cc:138] DNS config watch failed to start.
    [pid=9920][err] [0919/031151.763901:FATAL:base/apple/mach_port_rendezvous_mac.cc:159] Check failed: kr == KERN_SUCCESS. bootstrap_check_in org.chromium.Chromium.MachPortRendezvousServer.9920: Permission denied (1100)
    Call log:
      - <launching> /Users/liubavskii/Library/Caches/ms-playwright/chromium_headless_shell-1243/chrome-headless-shell-mac-arm64/chrome-headless-shell --disable-field-trial-config --disable-background-networking --disable-background-timer-throttling --disable-backgrounding-occluded-windows --disable-back-forward-cache --disable-breakpad --disable-client-side-phishing-detection --disable-component-extensions-with-background-pages --disable-component-update --no-default-browser-check --disable-default-apps --disable-dev-shm-usage --disable-edgeupdater --disable-extensions --disable-features=AvoidUnnecessaryBeforeUnloadCheckSync,DestroyProfileOnBrowserClose,DialMediaRouteProvider,GlobalMediaControls,HttpsUpgrades,LensOverlay,MediaRouter,PaintHolding,ThirdPartyStoragePartitioning,BlockOriginHeaderModificationOnRedirect,Translate,AutoDeElevate,OptimizationHints,msForceBrowserSignIn,msEdgeUpdateLaunchServicesPreferredVersion --enable-features=CDPScreenshotNewSurface --allow-pre-commit-input --disable-hang-monitor --disable-ipc-flooding-protection --disable-popup-blocking --disable-prompt-on-repost --disable-renderer-backgrounding --disable-updater-scheduler --force-color-profile=srgb --metrics-recording-only --no-first-run --password-store=basic --use-mock-keychain --no-service-autorun --export-tagged-pdf --disable-search-engine-choice-screen --unsafely-disable-devtools-self-xss-warnings --edge-skip-compat-layer-relaunch --disable-infobars --disable-search-engine-choice-screen --disable-sync --enable-unsafe-swiftshader --headless --hide-scrollbars --mute-audio --blink-settings=primaryHoverType=2,availableHoverTypes=2,primaryPointerType=4,availablePointerTypes=4 --no-sandbox --user-data-dir=/var/folders/9c/gv6xyvzs3nn2yb2pnl0j00zr0000gn/T/playwright_chromiumdev_profile-ZeTtvZ --remote-debugging-pipe --no-startup-window
      - <launched> pid=9920
      - [pid=9920][err] [0919/031151.761417:ERROR:base/power_monitor/thermal_state_observer_mac.mm:140] ThermalStateObserverMac unable to register to power notifications. Result: 9
      - [pid=9920][err] [0919/031151.763246:ERROR:net/dns/dns_config_service_posix.cc:138] DNS config watch failed to start.
      - [pid=9920][err] [0919/031151.763901:FATAL:base/apple/mach_port_rendezvous_mac.cc:159] Check failed: kr == KERN_SUCCESS. bootstrap_check_in org.chromium.Chromium.MachPortRendezvousServer.9920: Permission denied (1100)
      - [pid=9920] <gracefully close start>
      - [pid=9920] <kill>
      - [pid=9920] <will force kill>
      - [pid=9920] exception while trying to kill process: Error: kill EPERM
      - [pid=9920] <process did exit: exitCode=null, signal=SIGTRAP>
      - [pid=9920] starting temporary directories cleanup
      - [pid=9920] finished temporary directories cleanup
      - [pid=9920] <gracefully close end>


    Error Context: ../../../../../../private/tmp/tab10-stage3-aggregate-ci-j6WviZ/browser-prodlike/playwright-output/wave-f-a11y-Wave-F-judge-disclosure-score-and-landscape-chromium-desktop/error-context.md

    attachment #2: trace (application/zip) ─────────────────────────────────────────────────────────
    ../../../../../../private/tmp/tab10-stage3-aggregate-ci-j6WviZ/browser-prodlike/playwright-output/wave-f-a11y-Wave-F-judge-disclosure-score-and-landscape-chromium-desktop/trace.zip
    Usage:

        pnpm exec playwright show-trace ../../../../../../private/tmp/tab10-stage3-aggregate-ci-j6WviZ/browser-prodlike/playwright-output/wave-f-a11y-Wave-F-judge-disclosure-score-and-landscape-chromium-desktop/trace.zip

    ────────────────────────────────────────────────────────────────────────────────────────────────

  29) [chromium-desktop] › tests/e2e/wave-f-a11y.spec.ts:165:5 › Wave F onboarding heading and recovery states keep keyboard context 

    Error: browserType.launch: Target page, context or browser has been closed
    Browser logs:

    <launching> /Users/liubavskii/Library/Caches/ms-playwright/chromium_headless_shell-1243/chrome-headless-shell-mac-arm64/chrome-headless-shell --disable-field-trial-config --disable-background-networking --disable-background-timer-throttling --disable-backgrounding-occluded-windows --disable-back-forward-cache --disable-breakpad --disable-client-side-phishing-detection --disable-component-extensions-with-background-pages --disable-component-update --no-default-browser-check --disable-default-apps --disable-dev-shm-usage --disable-edgeupdater --disable-extensions --disable-features=AvoidUnnecessaryBeforeUnloadCheckSync,DestroyProfileOnBrowserClose,DialMediaRouteProvider,GlobalMediaControls,HttpsUpgrades,LensOverlay,MediaRouter,PaintHolding,ThirdPartyStoragePartitioning,BlockOriginHeaderModificationOnRedirect,Translate,AutoDeElevate,OptimizationHints,msForceBrowserSignIn,msEdgeUpdateLaunchServicesPreferredVersion --enable-features=CDPScreenshotNewSurface --allow-pre-commit-input --disable-hang-monitor --disable-ipc-flooding-protection --disable-popup-blocking --disable-prompt-on-repost --disable-renderer-backgrounding --disable-updater-scheduler --force-color-profile=srgb --metrics-recording-only --no-first-run --password-store=basic --use-mock-keychain --no-service-autorun --export-tagged-pdf --disable-search-engine-choice-screen --unsafely-disable-devtools-self-xss-warnings --edge-skip-compat-layer-relaunch --disable-infobars --disable-search-engine-choice-screen --disable-sync --enable-unsafe-swiftshader --headless --hide-scrollbars --mute-audio --blink-settings=primaryHoverType=2,availableHoverTypes=2,primaryPointerType=4,availablePointerTypes=4 --no-sandbox --user-data-dir=/var/folders/9c/gv6xyvzs3nn2yb2pnl0j00zr0000gn/T/playwright_chromiumdev_profile-F2hwna --remote-debugging-pipe --no-startup-window
    <launched> pid=9924
    [pid=9924][err] [0919/031152.352717:ERROR:base/power_monitor/thermal_state_observer_mac.mm:140] ThermalStateObserverMac unable to register to power notifications. Result: 9
    [pid=9924][err] [0919/031152.354226:ERROR:net/dns/dns_config_service_posix.cc:138] DNS config watch failed to start.
    [pid=9924][err] [0919/031152.354732:FATAL:base/apple/mach_port_rendezvous_mac.cc:159] Check failed: kr == KERN_SUCCESS. bootstrap_check_in org.chromium.Chromium.MachPortRendezvousServer.9924: Permission denied (1100)
    [pid=9924] <process did exit: exitCode=null, signal=SIGTRAP>
    [pid=9924] starting temporary directories cleanup
    Call log:
      - <launching> /Users/liubavskii/Library/Caches/ms-playwright/chromium_headless_shell-1243/chrome-headless-shell-mac-arm64/chrome-headless-shell --disable-field-trial-config --disable-background-networking --disable-background-timer-throttling --disable-backgrounding-occluded-windows --disable-back-forward-cache --disable-breakpad --disable-client-side-phishing-detection --disable-component-extensions-with-background-pages --disable-component-update --no-default-browser-check --disable-default-apps --disable-dev-shm-usage --disable-edgeupdater --disable-extensions --disable-features=AvoidUnnecessaryBeforeUnloadCheckSync,DestroyProfileOnBrowserClose,DialMediaRouteProvider,GlobalMediaControls,HttpsUpgrades,LensOverlay,MediaRouter,PaintHolding,ThirdPartyStoragePartitioning,BlockOriginHeaderModificationOnRedirect,Translate,AutoDeElevate,OptimizationHints,msForceBrowserSignIn,msEdgeUpdateLaunchServicesPreferredVersion --enable-features=CDPScreenshotNewSurface --allow-pre-commit-input --disable-hang-monitor --disable-ipc-flooding-protection --disable-popup-blocking --disable-prompt-on-repost --disable-renderer-backgrounding --disable-updater-scheduler --force-color-profile=srgb --metrics-recording-only --no-first-run --password-store=basic --use-mock-keychain --no-service-autorun --export-tagged-pdf --disable-search-engine-choice-screen --unsafely-disable-devtools-self-xss-warnings --edge-skip-compat-layer-relaunch --disable-infobars --disable-search-engine-choice-screen --disable-sync --enable-unsafe-swiftshader --headless --hide-scrollbars --mute-audio --blink-settings=primaryHoverType=2,availableHoverTypes=2,primaryPointerType=4,availablePointerTypes=4 --no-sandbox --user-data-dir=/var/folders/9c/gv6xyvzs3nn2yb2pnl0j00zr0000gn/T/playwright_chromiumdev_profile-F2hwna --remote-debugging-pipe --no-startup-window
      - <launched> pid=9924
      - [pid=9924][err] [0919/031152.352717:ERROR:base/power_monitor/thermal_state_observer_mac.mm:140] ThermalStateObserverMac unable to register to power notifications. Result: 9
      - [pid=9924][err] [0919/031152.354226:ERROR:net/dns/dns_config_service_posix.cc:138] DNS config watch failed to start.
      - [pid=9924][err] [0919/031152.354732:FATAL:base/apple/mach_port_rendezvous_mac.cc:159] Check failed: kr == KERN_SUCCESS. bootstrap_check_in org.chromium.Chromium.MachPortRendezvousServer.9924: Permission denied (1100)
      - [pid=9924] <process did exit: exitCode=null, signal=SIGTRAP>
      - [pid=9924] starting temporary directories cleanup
      - [pid=9924] <gracefully close start>
      - [pid=9924] <kill>
      - [pid=9924] <skipped force kill spawnedProcess.killed=false processClosed=true>
      - [pid=9924] finished temporary directories cleanup
      - [pid=9924] <gracefully close end>


    Error Context: ../../../../../../private/tmp/tab10-stage3-aggregate-ci-j6WviZ/browser-prodlike/playwright-output/wave-f-a11y-Wave-F-onboard-5d5fa-tates-keep-keyboard-context-chromium-desktop/error-context.md

    attachment #2: trace (application/zip) ─────────────────────────────────────────────────────────
    ../../../../../../private/tmp/tab10-stage3-aggregate-ci-j6WviZ/browser-prodlike/playwright-output/wave-f-a11y-Wave-F-onboard-5d5fa-tates-keep-keyboard-context-chromium-desktop/trace.zip
    Usage:

        pnpm exec playwright show-trace ../../../../../../private/tmp/tab10-stage3-aggregate-ci-j6WviZ/browser-prodlike/playwright-output/wave-f-a11y-Wave-F-onboard-5d5fa-tates-keep-keyboard-context-chromium-desktop/trace.zip

    ────────────────────────────────────────────────────────────────────────────────────────────────

  30) [chromium-desktop] › tests/e2e/wave-f-a11y.spec.ts:187:5 › Wave F dialog review recovers hidden removed and busy focus 

    Error: browserType.launch: Target page, context or browser has been closed
    Browser logs:

    <launching> /Users/liubavskii/Library/Caches/ms-playwright/chromium_headless_shell-1243/chrome-headless-shell-mac-arm64/chrome-headless-shell --disable-field-trial-config --disable-background-networking --disable-background-timer-throttling --disable-backgrounding-occluded-windows --disable-back-forward-cache --disable-breakpad --disable-client-side-phishing-detection --disable-component-extensions-with-background-pages --disable-component-update --no-default-browser-check --disable-default-apps --disable-dev-shm-usage --disable-edgeupdater --disable-extensions --disable-features=AvoidUnnecessaryBeforeUnloadCheckSync,DestroyProfileOnBrowserClose,DialMediaRouteProvider,GlobalMediaControls,HttpsUpgrades,LensOverlay,MediaRouter,PaintHolding,ThirdPartyStoragePartitioning,BlockOriginHeaderModificationOnRedirect,Translate,AutoDeElevate,OptimizationHints,msForceBrowserSignIn,msEdgeUpdateLaunchServicesPreferredVersion --enable-features=CDPScreenshotNewSurface --allow-pre-commit-input --disable-hang-monitor --disable-ipc-flooding-protection --disable-popup-blocking --disable-prompt-on-repost --disable-renderer-backgrounding --disable-updater-scheduler --force-color-profile=srgb --metrics-recording-only --no-first-run --password-store=basic --use-mock-keychain --no-service-autorun --export-tagged-pdf --disable-search-engine-choice-screen --unsafely-disable-devtools-self-xss-warnings --edge-skip-compat-layer-relaunch --disable-infobars --disable-search-engine-choice-screen --disable-sync --enable-unsafe-swiftshader --headless --hide-scrollbars --mute-audio --blink-settings=primaryHoverType=2,availableHoverTypes=2,primaryPointerType=4,availablePointerTypes=4 --no-sandbox --user-data-dir=/var/folders/9c/gv6xyvzs3nn2yb2pnl0j00zr0000gn/T/playwright_chromiumdev_profile-aDoeF6 --remote-debugging-pipe --no-startup-window
    <launched> pid=9928
    [pid=9928][err] [0919/031152.944415:ERROR:base/power_monitor/thermal_state_observer_mac.mm:140] ThermalStateObserverMac unable to register to power notifications. Result: 9
    [pid=9928][err] [0919/031152.946097:ERROR:net/dns/dns_config_service_posix.cc:138] DNS config watch failed to start.
    [pid=9928][err] [0919/031152.947052:FATAL:base/apple/mach_port_rendezvous_mac.cc:159] Check failed: kr == KERN_SUCCESS. bootstrap_check_in org.chromium.Chromium.MachPortRendezvousServer.9928: Permission denied (1100)
    [pid=9928] <process did exit: exitCode=null, signal=SIGTRAP>
    [pid=9928] starting temporary directories cleanup
    Call log:
      - <launching> /Users/liubavskii/Library/Caches/ms-playwright/chromium_headless_shell-1243/chrome-headless-shell-mac-arm64/chrome-headless-shell --disable-field-trial-config --disable-background-networking --disable-background-timer-throttling --disable-backgrounding-occluded-windows --disable-back-forward-cache --disable-breakpad --disable-client-side-phishing-detection --disable-component-extensions-with-background-pages --disable-component-update --no-default-browser-check --disable-default-apps --disable-dev-shm-usage --disable-edgeupdater --disable-extensions --disable-features=AvoidUnnecessaryBeforeUnloadCheckSync,DestroyProfileOnBrowserClose,DialMediaRouteProvider,GlobalMediaControls,HttpsUpgrades,LensOverlay,MediaRouter,PaintHolding,ThirdPartyStoragePartitioning,BlockOriginHeaderModificationOnRedirect,Translate,AutoDeElevate,OptimizationHints,msForceBrowserSignIn,msEdgeUpdateLaunchServicesPreferredVersion --enable-features=CDPScreenshotNewSurface --allow-pre-commit-input --disable-hang-monitor --disable-ipc-flooding-protection --disable-popup-blocking --disable-prompt-on-repost --disable-renderer-backgrounding --disable-updater-scheduler --force-color-profile=srgb --metrics-recording-only --no-first-run --password-store=basic --use-mock-keychain --no-service-autorun --export-tagged-pdf --disable-search-engine-choice-screen --unsafely-disable-devtools-self-xss-warnings --edge-skip-compat-layer-relaunch --disable-infobars --disable-search-engine-choice-screen --disable-sync --enable-unsafe-swiftshader --headless --hide-scrollbars --mute-audio --blink-settings=primaryHoverType=2,availableHoverTypes=2,primaryPointerType=4,availablePointerTypes=4 --no-sandbox --user-data-dir=/var/folders/9c/gv6xyvzs3nn2yb2pnl0j00zr0000gn/T/playwright_chromiumdev_profile-aDoeF6 --remote-debugging-pipe --no-startup-window
      - <launched> pid=9928
      - [pid=9928][err] [0919/031152.944415:ERROR:base/power_monitor/thermal_state_observer_mac.mm:140] ThermalStateObserverMac unable to register to power notifications. Result: 9
      - [pid=9928][err] [0919/031152.946097:ERROR:net/dns/dns_config_service_posix.cc:138] DNS config watch failed to start.
      - [pid=9928][err] [0919/031152.947052:FATAL:base/apple/mach_port_rendezvous_mac.cc:159] Check failed: kr == KERN_SUCCESS. bootstrap_check_in org.chromium.Chromium.MachPortRendezvousServer.9928: Permission denied (1100)
      - [pid=9928] <process did exit: exitCode=null, signal=SIGTRAP>
      - [pid=9928] starting temporary directories cleanup
      - [pid=9928] <gracefully close start>
      - [pid=9928] <kill>
      - [pid=9928] <skipped force kill spawnedProcess.killed=false processClosed=true>
      - [pid=9928] finished temporary directories cleanup
      - [pid=9928] <gracefully close end>


    Error Context: ../../../../../../private/tmp/tab10-stage3-aggregate-ci-j6WviZ/browser-prodlike/playwright-output/wave-f-a11y-Wave-F-dialog--ff63b-dden-removed-and-busy-focus-chromium-desktop/error-context.md

    attachment #2: trace (application/zip) ─────────────────────────────────────────────────────────
    ../../../../../../private/tmp/tab10-stage3-aggregate-ci-j6WviZ/browser-prodlike/playwright-output/wave-f-a11y-Wave-F-dialog--ff63b-dden-removed-and-busy-focus-chromium-desktop/trace.zip
    Usage:

        pnpm exec playwright show-trace ../../../../../../private/tmp/tab10-stage3-aggregate-ci-j6WviZ/browser-prodlike/playwright-output/wave-f-a11y-Wave-F-dialog--ff63b-dden-removed-and-busy-focus-chromium-desktop/trace.zip

    ────────────────────────────────────────────────────────────────────────────────────────────────

  31) [chromium-mobile-390] › tests/e2e/critical.spec.ts:109:5 › E2E_auth_match_judge__AT-MATCH-001_005_008_AT-JUDGE-001_003_006_007__finishes_disposable_match 

    Error: browserType.launch: Target page, context or browser has been closed
    Browser logs:

    <launching> /Users/liubavskii/Library/Caches/ms-playwright/chromium_headless_shell-1243/chrome-headless-shell-mac-arm64/chrome-headless-shell --disable-field-trial-config --disable-background-networking --disable-background-timer-throttling --disable-backgrounding-occluded-windows --disable-back-forward-cache --disable-breakpad --disable-client-side-phishing-detection --disable-component-extensions-with-background-pages --disable-component-update --no-default-browser-check --disable-default-apps --disable-dev-shm-usage --disable-edgeupdater --disable-extensions --disable-features=AvoidUnnecessaryBeforeUnloadCheckSync,DestroyProfileOnBrowserClose,DialMediaRouteProvider,GlobalMediaControls,HttpsUpgrades,LensOverlay,MediaRouter,PaintHolding,ThirdPartyStoragePartitioning,BlockOriginHeaderModificationOnRedirect,Translate,AutoDeElevate,OptimizationHints,msForceBrowserSignIn,msEdgeUpdateLaunchServicesPreferredVersion --enable-features=CDPScreenshotNewSurface --allow-pre-commit-input --disable-hang-monitor --disable-ipc-flooding-protection --disable-popup-blocking --disable-prompt-on-repost --disable-renderer-backgrounding --disable-updater-scheduler --force-color-profile=srgb --metrics-recording-only --no-first-run --password-store=basic --use-mock-keychain --no-service-autorun --export-tagged-pdf --disable-search-engine-choice-screen --unsafely-disable-devtools-self-xss-warnings --edge-skip-compat-layer-relaunch --disable-infobars --disable-search-engine-choice-screen --disable-sync --enable-unsafe-swiftshader --headless --hide-scrollbars --mute-audio --blink-settings=primaryHoverType=2,availableHoverTypes=2,primaryPointerType=4,availablePointerTypes=4 --no-sandbox --user-data-dir=/var/folders/9c/gv6xyvzs3nn2yb2pnl0j00zr0000gn/T/playwright_chromiumdev_profile-LqVBea --remote-debugging-pipe --no-startup-window
    <launched> pid=9933
    [pid=9933][err] [0919/031153.538863:ERROR:base/power_monitor/thermal_state_observer_mac.mm:140] ThermalStateObserverMac unable to register to power notifications. Result: 9
    [pid=9933][err] [0919/031153.540444:ERROR:net/dns/dns_config_service_posix.cc:138] DNS config watch failed to start.
    [pid=9933][err] [0919/031153.540942:FATAL:base/apple/mach_port_rendezvous_mac.cc:159] Check failed: kr == KERN_SUCCESS. bootstrap_check_in org.chromium.Chromium.MachPortRendezvousServer.9933: Permission denied (1100)
    Call log:
      - <launching> /Users/liubavskii/Library/Caches/ms-playwright/chromium_headless_shell-1243/chrome-headless-shell-mac-arm64/chrome-headless-shell --disable-field-trial-config --disable-background-networking --disable-background-timer-throttling --disable-backgrounding-occluded-windows --disable-back-forward-cache --disable-breakpad --disable-client-side-phishing-detection --disable-component-extensions-with-background-pages --disable-component-update --no-default-browser-check --disable-default-apps --disable-dev-shm-usage --disable-edgeupdater --disable-extensions --disable-features=AvoidUnnecessaryBeforeUnloadCheckSync,DestroyProfileOnBrowserClose,DialMediaRouteProvider,GlobalMediaControls,HttpsUpgrades,LensOverlay,MediaRouter,PaintHolding,ThirdPartyStoragePartitioning,BlockOriginHeaderModificationOnRedirect,Translate,AutoDeElevate,OptimizationHints,msForceBrowserSignIn,msEdgeUpdateLaunchServicesPreferredVersion --enable-features=CDPScreenshotNewSurface --allow-pre-commit-input --disable-hang-monitor --disable-ipc-flooding-protection --disable-popup-blocking --disable-prompt-on-repost --disable-renderer-backgrounding --disable-updater-scheduler --force-color-profile=srgb --metrics-recording-only --no-first-run --password-store=basic --use-mock-keychain --no-service-autorun --export-tagged-pdf --disable-search-engine-choice-screen --unsafely-disable-devtools-self-xss-warnings --edge-skip-compat-layer-relaunch --disable-infobars --disable-search-engine-choice-screen --disable-sync --enable-unsafe-swiftshader --headless --hide-scrollbars --mute-audio --blink-settings=primaryHoverType=2,availableHoverTypes=2,primaryPointerType=4,availablePointerTypes=4 --no-sandbox --user-data-dir=/var/folders/9c/gv6xyvzs3nn2yb2pnl0j00zr0000gn/T/playwright_chromiumdev_profile-LqVBea --remote-debugging-pipe --no-startup-window
      - <launched> pid=9933
      - [pid=9933][err] [0919/031153.538863:ERROR:base/power_monitor/thermal_state_observer_mac.mm:140] ThermalStateObserverMac unable to register to power notifications. Result: 9
      - [pid=9933][err] [0919/031153.540444:ERROR:net/dns/dns_config_service_posix.cc:138] DNS config watch failed to start.
      - [pid=9933][err] [0919/031153.540942:FATAL:base/apple/mach_port_rendezvous_mac.cc:159] Check failed: kr == KERN_SUCCESS. bootstrap_check_in org.chromium.Chromium.MachPortRendezvousServer.9933: Permission denied (1100)
      - [pid=9933] <gracefully close start>
      - [pid=9933] <kill>
      - [pid=9933] <will force kill>
      - [pid=9933] exception while trying to kill process: Error: kill EPERM
      - [pid=9933] <process did exit: exitCode=null, signal=SIGTRAP>
      - [pid=9933] starting temporary directories cleanup
      - [pid=9933] finished temporary directories cleanup
      - [pid=9933] <gracefully close end>


    Error Context: ../../../../../../private/tmp/tab10-stage3-aggregate-ci-j6WviZ/browser-prodlike/playwright-output/critical-E2E-auth-match-ju-72f78-7-finishes-disposable-match-chromium-mobile-390/error-context.md

    attachment #2: trace (application/zip) ─────────────────────────────────────────────────────────
    ../../../../../../private/tmp/tab10-stage3-aggregate-ci-j6WviZ/browser-prodlike/playwright-output/critical-E2E-auth-match-ju-72f78-7-finishes-disposable-match-chromium-mobile-390/trace.zip
    Usage:

        pnpm exec playwright show-trace ../../../../../../private/tmp/tab10-stage3-aggregate-ci-j6WviZ/browser-prodlike/playwright-output/critical-E2E-auth-match-ju-72f78-7-finishes-disposable-match-chromium-mobile-390/trace.zip

    ────────────────────────────────────────────────────────────────────────────────────────────────

  32) [chromium-mobile-390] › tests/e2e/critical.spec.ts:157:5 › E2E_runtime_session_recovery__AT-AUTH-009__preserves_route_and_draft_without_replaying_mutation 

    Error: browserType.launch: Target page, context or browser has been closed
    Browser logs:

    <launching> /Users/liubavskii/Library/Caches/ms-playwright/chromium_headless_shell-1243/chrome-headless-shell-mac-arm64/chrome-headless-shell --disable-field-trial-config --disable-background-networking --disable-background-timer-throttling --disable-backgrounding-occluded-windows --disable-back-forward-cache --disable-breakpad --disable-client-side-phishing-detection --disable-component-extensions-with-background-pages --disable-component-update --no-default-browser-check --disable-default-apps --disable-dev-shm-usage --disable-edgeupdater --disable-extensions --disable-features=AvoidUnnecessaryBeforeUnloadCheckSync,DestroyProfileOnBrowserClose,DialMediaRouteProvider,GlobalMediaControls,HttpsUpgrades,LensOverlay,MediaRouter,PaintHolding,ThirdPartyStoragePartitioning,BlockOriginHeaderModificationOnRedirect,Translate,AutoDeElevate,OptimizationHints,msForceBrowserSignIn,msEdgeUpdateLaunchServicesPreferredVersion --enable-features=CDPScreenshotNewSurface --allow-pre-commit-input --disable-hang-monitor --disable-ipc-flooding-protection --disable-popup-blocking --disable-prompt-on-repost --disable-renderer-backgrounding --disable-updater-scheduler --force-color-profile=srgb --metrics-recording-only --no-first-run --password-store=basic --use-mock-keychain --no-service-autorun --export-tagged-pdf --disable-search-engine-choice-screen --unsafely-disable-devtools-self-xss-warnings --edge-skip-compat-layer-relaunch --disable-infobars --disable-search-engine-choice-screen --disable-sync --enable-unsafe-swiftshader --headless --hide-scrollbars --mute-audio --blink-settings=primaryHoverType=2,availableHoverTypes=2,primaryPointerType=4,availablePointerTypes=4 --no-sandbox --user-data-dir=/var/folders/9c/gv6xyvzs3nn2yb2pnl0j00zr0000gn/T/playwright_chromiumdev_profile-K3EIlV --remote-debugging-pipe --no-startup-window
    <launched> pid=9935
    [pid=9935][err] [0919/031154.129865:ERROR:base/power_monitor/thermal_state_observer_mac.mm:140] ThermalStateObserverMac unable to register to power notifications. Result: 9
    [pid=9935][err] [0919/031154.131506:ERROR:net/dns/dns_config_service_posix.cc:138] DNS config watch failed to start.
    [pid=9935][err] [0919/031154.132073:FATAL:base/apple/mach_port_rendezvous_mac.cc:159] Check failed: kr == KERN_SUCCESS. bootstrap_check_in org.chromium.Chromium.MachPortRendezvousServer.9935: Permission denied (1100)
    Call log:
      - <launching> /Users/liubavskii/Library/Caches/ms-playwright/chromium_headless_shell-1243/chrome-headless-shell-mac-arm64/chrome-headless-shell --disable-field-trial-config --disable-background-networking --disable-background-timer-throttling --disable-backgrounding-occluded-windows --disable-back-forward-cache --disable-breakpad --disable-client-side-phishing-detection --disable-component-extensions-with-background-pages --disable-component-update --no-default-browser-check --disable-default-apps --disable-dev-shm-usage --disable-edgeupdater --disable-extensions --disable-features=AvoidUnnecessaryBeforeUnloadCheckSync,DestroyProfileOnBrowserClose,DialMediaRouteProvider,GlobalMediaControls,HttpsUpgrades,LensOverlay,MediaRouter,PaintHolding,ThirdPartyStoragePartitioning,BlockOriginHeaderModificationOnRedirect,Translate,AutoDeElevate,OptimizationHints,msForceBrowserSignIn,msEdgeUpdateLaunchServicesPreferredVersion --enable-features=CDPScreenshotNewSurface --allow-pre-commit-input --disable-hang-monitor --disable-ipc-flooding-protection --disable-popup-blocking --disable-prompt-on-repost --disable-renderer-backgrounding --disable-updater-scheduler --force-color-profile=srgb --metrics-recording-only --no-first-run --password-store=basic --use-mock-keychain --no-service-autorun --export-tagged-pdf --disable-search-engine-choice-screen --unsafely-disable-devtools-self-xss-warnings --edge-skip-compat-layer-relaunch --disable-infobars --disable-search-engine-choice-screen --disable-sync --enable-unsafe-swiftshader --headless --hide-scrollbars --mute-audio --blink-settings=primaryHoverType=2,availableHoverTypes=2,primaryPointerType=4,availablePointerTypes=4 --no-sandbox --user-data-dir=/var/folders/9c/gv6xyvzs3nn2yb2pnl0j00zr0000gn/T/playwright_chromiumdev_profile-K3EIlV --remote-debugging-pipe --no-startup-window
      - <launched> pid=9935
      - [pid=9935][err] [0919/031154.129865:ERROR:base/power_monitor/thermal_state_observer_mac.mm:140] ThermalStateObserverMac unable to register to power notifications. Result: 9
      - [pid=9935][err] [0919/031154.131506:ERROR:net/dns/dns_config_service_posix.cc:138] DNS config watch failed to start.
      - [pid=9935][err] [0919/031154.132073:FATAL:base/apple/mach_port_rendezvous_mac.cc:159] Check failed: kr == KERN_SUCCESS. bootstrap_check_in org.chromium.Chromium.MachPortRendezvousServer.9935: Permission denied (1100)
      - [pid=9935] <gracefully close start>
      - [pid=9935] <kill>
      - [pid=9935] <will force kill>
      - [pid=9935] exception while trying to kill process: Error: kill EPERM
      - [pid=9935] <process did exit: exitCode=null, signal=SIGTRAP>
      - [pid=9935] starting temporary directories cleanup
      - [pid=9935] finished temporary directories cleanup
      - [pid=9935] <gracefully close end>


    Error Context: ../../../../../../private/tmp/tab10-stage3-aggregate-ci-j6WviZ/browser-prodlike/playwright-output/critical-E2E-runtime-sessi-72798--without-replaying-mutation-chromium-mobile-390/error-context.md

    attachment #2: trace (application/zip) ─────────────────────────────────────────────────────────
    ../../../../../../private/tmp/tab10-stage3-aggregate-ci-j6WviZ/browser-prodlike/playwright-output/critical-E2E-runtime-sessi-72798--without-replaying-mutation-chromium-mobile-390/trace.zip
    Usage:

        pnpm exec playwright show-trace ../../../../../../private/tmp/tab10-stage3-aggregate-ci-j6WviZ/browser-prodlike/playwright-output/critical-E2E-runtime-sessi-72798--without-replaying-mutation-chromium-mobile-390/trace.zip

    ────────────────────────────────────────────────────────────────────────────────────────────────

  33) [chromium-mobile-390] › tests/e2e/gap-012.spec.ts:53:5 › GAP-012 immutable consent policy and scoped admin post-bracket add 

    Error: browserType.launch: Target page, context or browser has been closed
    Browser logs:

    <launching> /Users/liubavskii/Library/Caches/ms-playwright/chromium_headless_shell-1243/chrome-headless-shell-mac-arm64/chrome-headless-shell --disable-field-trial-config --disable-background-networking --disable-background-timer-throttling --disable-backgrounding-occluded-windows --disable-back-forward-cache --disable-breakpad --disable-client-side-phishing-detection --disable-component-extensions-with-background-pages --disable-component-update --no-default-browser-check --disable-default-apps --disable-dev-shm-usage --disable-edgeupdater --disable-extensions --disable-features=AvoidUnnecessaryBeforeUnloadCheckSync,DestroyProfileOnBrowserClose,DialMediaRouteProvider,GlobalMediaControls,HttpsUpgrades,LensOverlay,MediaRouter,PaintHolding,ThirdPartyStoragePartitioning,BlockOriginHeaderModificationOnRedirect,Translate,AutoDeElevate,OptimizationHints,msForceBrowserSignIn,msEdgeUpdateLaunchServicesPreferredVersion --enable-features=CDPScreenshotNewSurface --allow-pre-commit-input --disable-hang-monitor --disable-ipc-flooding-protection --disable-popup-blocking --disable-prompt-on-repost --disable-renderer-backgrounding --disable-updater-scheduler --force-color-profile=srgb --metrics-recording-only --no-first-run --password-store=basic --use-mock-keychain --no-service-autorun --export-tagged-pdf --disable-search-engine-choice-screen --unsafely-disable-devtools-self-xss-warnings --edge-skip-compat-layer-relaunch --disable-infobars --disable-search-engine-choice-screen --disable-sync --enable-unsafe-swiftshader --headless --hide-scrollbars --mute-audio --blink-settings=primaryHoverType=2,availableHoverTypes=2,primaryPointerType=4,availablePointerTypes=4 --no-sandbox --user-data-dir=/var/folders/9c/gv6xyvzs3nn2yb2pnl0j00zr0000gn/T/playwright_chromiumdev_profile-RUBk0f --remote-debugging-pipe --no-startup-window
    <launched> pid=9937
    [pid=9937][err] [0919/031154.695498:ERROR:base/power_monitor/thermal_state_observer_mac.mm:140] ThermalStateObserverMac unable to register to power notifications. Result: 9
    [pid=9937][err] [0919/031154.697125:ERROR:net/dns/dns_config_service_posix.cc:138] DNS config watch failed to start.
    [pid=9937][err] [0919/031154.697814:FATAL:base/apple/mach_port_rendezvous_mac.cc:159] Check failed: kr == KERN_SUCCESS. bootstrap_check_in org.chromium.Chromium.MachPortRendezvousServer.9937: Permission denied (1100)
    [pid=9937] <process did exit: exitCode=null, signal=SIGTRAP>
    [pid=9937] starting temporary directories cleanup
    Call log:
      - <launching> /Users/liubavskii/Library/Caches/ms-playwright/chromium_headless_shell-1243/chrome-headless-shell-mac-arm64/chrome-headless-shell --disable-field-trial-config --disable-background-networking --disable-background-timer-throttling --disable-backgrounding-occluded-windows --disable-back-forward-cache --disable-breakpad --disable-client-side-phishing-detection --disable-component-extensions-with-background-pages --disable-component-update --no-default-browser-check --disable-default-apps --disable-dev-shm-usage --disable-edgeupdater --disable-extensions --disable-features=AvoidUnnecessaryBeforeUnloadCheckSync,DestroyProfileOnBrowserClose,DialMediaRouteProvider,GlobalMediaControls,HttpsUpgrades,LensOverlay,MediaRouter,PaintHolding,ThirdPartyStoragePartitioning,BlockOriginHeaderModificationOnRedirect,Translate,AutoDeElevate,OptimizationHints,msForceBrowserSignIn,msEdgeUpdateLaunchServicesPreferredVersion --enable-features=CDPScreenshotNewSurface --allow-pre-commit-input --disable-hang-monitor --disable-ipc-flooding-protection --disable-popup-blocking --disable-prompt-on-repost --disable-renderer-backgrounding --disable-updater-scheduler --force-color-profile=srgb --metrics-recording-only --no-first-run --password-store=basic --use-mock-keychain --no-service-autorun --export-tagged-pdf --disable-search-engine-choice-screen --unsafely-disable-devtools-self-xss-warnings --edge-skip-compat-layer-relaunch --disable-infobars --disable-search-engine-choice-screen --disable-sync --enable-unsafe-swiftshader --headless --hide-scrollbars --mute-audio --blink-settings=primaryHoverType=2,availableHoverTypes=2,primaryPointerType=4,availablePointerTypes=4 --no-sandbox --user-data-dir=/var/folders/9c/gv6xyvzs3nn2yb2pnl0j00zr0000gn/T/playwright_chromiumdev_profile-RUBk0f --remote-debugging-pipe --no-startup-window
      - <launched> pid=9937
      - [pid=9937][err] [0919/031154.695498:ERROR:base/power_monitor/thermal_state_observer_mac.mm:140] ThermalStateObserverMac unable to register to power notifications. Result: 9
      - [pid=9937][err] [0919/031154.697125:ERROR:net/dns/dns_config_service_posix.cc:138] DNS config watch failed to start.
      - [pid=9937][err] [0919/031154.697814:FATAL:base/apple/mach_port_rendezvous_mac.cc:159] Check failed: kr == KERN_SUCCESS. bootstrap_check_in org.chromium.Chromium.MachPortRendezvousServer.9937: Permission denied (1100)
      - [pid=9937] <process did exit: exitCode=null, signal=SIGTRAP>
      - [pid=9937] starting temporary directories cleanup
      - [pid=9937] <gracefully close start>
      - [pid=9937] <kill>
      - [pid=9937] <skipped force kill spawnedProcess.killed=false processClosed=true>
      - [pid=9937] finished temporary directories cleanup
      - [pid=9937] <gracefully close end>


    Error Context: ../../../../../../private/tmp/tab10-stage3-aggregate-ci-j6WviZ/browser-prodlike/playwright-output/gap-012-GAP-012-immutable--3c83c-oped-admin-post-bracket-add-chromium-mobile-390/error-context.md

    attachment #2: trace (application/zip) ─────────────────────────────────────────────────────────
    ../../../../../../private/tmp/tab10-stage3-aggregate-ci-j6WviZ/browser-prodlike/playwright-output/gap-012-GAP-012-immutable--3c83c-oped-admin-post-bracket-add-chromium-mobile-390/trace.zip
    Usage:

        pnpm exec playwright show-trace ../../../../../../private/tmp/tab10-stage3-aggregate-ci-j6WviZ/browser-prodlike/playwright-output/gap-012-GAP-012-immutable--3c83c-oped-admin-post-bracket-add-chromium-mobile-390/trace.zip

    ────────────────────────────────────────────────────────────────────────────────────────────────

  34) [chromium-mobile-390] › tests/e2e/production-smoke.spec.ts:13:5 › compiled web and API work through the same-origin production-like proxy 

    Error: browserType.launch: Target page, context or browser has been closed
    Browser logs:

    <launching> /Users/liubavskii/Library/Caches/ms-playwright/chromium_headless_shell-1243/chrome-headless-shell-mac-arm64/chrome-headless-shell --disable-field-trial-config --disable-background-networking --disable-background-timer-throttling --disable-backgrounding-occluded-windows --disable-back-forward-cache --disable-breakpad --disable-client-side-phishing-detection --disable-component-extensions-with-background-pages --disable-component-update --no-default-browser-check --disable-default-apps --disable-dev-shm-usage --disable-edgeupdater --disable-extensions --disable-features=AvoidUnnecessaryBeforeUnloadCheckSync,DestroyProfileOnBrowserClose,DialMediaRouteProvider,GlobalMediaControls,HttpsUpgrades,LensOverlay,MediaRouter,PaintHolding,ThirdPartyStoragePartitioning,BlockOriginHeaderModificationOnRedirect,Translate,AutoDeElevate,OptimizationHints,msForceBrowserSignIn,msEdgeUpdateLaunchServicesPreferredVersion --enable-features=CDPScreenshotNewSurface --allow-pre-commit-input --disable-hang-monitor --disable-ipc-flooding-protection --disable-popup-blocking --disable-prompt-on-repost --disable-renderer-backgrounding --disable-updater-scheduler --force-color-profile=srgb --metrics-recording-only --no-first-run --password-store=basic --use-mock-keychain --no-service-autorun --export-tagged-pdf --disable-search-engine-choice-screen --unsafely-disable-devtools-self-xss-warnings --edge-skip-compat-layer-relaunch --disable-infobars --disable-search-engine-choice-screen --disable-sync --enable-unsafe-swiftshader --headless --hide-scrollbars --mute-audio --blink-settings=primaryHoverType=2,availableHoverTypes=2,primaryPointerType=4,availablePointerTypes=4 --no-sandbox --user-data-dir=/var/folders/9c/gv6xyvzs3nn2yb2pnl0j00zr0000gn/T/playwright_chromiumdev_profile-E5zSRA --remote-debugging-pipe --no-startup-window
    <launched> pid=9939
    [pid=9939][err] [0919/031155.255911:ERROR:base/power_monitor/thermal_state_observer_mac.mm:140] ThermalStateObserverMac unable to register to power notifications. Result: 9
    [pid=9939][err] [0919/031155.257602:ERROR:net/dns/dns_config_service_posix.cc:138] DNS config watch failed to start.
    [pid=9939][err] [0919/031155.258400:FATAL:base/apple/mach_port_rendezvous_mac.cc:159] Check failed: kr == KERN_SUCCESS. bootstrap_check_in org.chromium.Chromium.MachPortRendezvousServer.9939: Permission denied (1100)
    [pid=9939] <process did exit: exitCode=null, signal=SIGTRAP>
    [pid=9939] starting temporary directories cleanup
    Call log:
      - <launching> /Users/liubavskii/Library/Caches/ms-playwright/chromium_headless_shell-1243/chrome-headless-shell-mac-arm64/chrome-headless-shell --disable-field-trial-config --disable-background-networking --disable-background-timer-throttling --disable-backgrounding-occluded-windows --disable-back-forward-cache --disable-breakpad --disable-client-side-phishing-detection --disable-component-extensions-with-background-pages --disable-component-update --no-default-browser-check --disable-default-apps --disable-dev-shm-usage --disable-edgeupdater --disable-extensions --disable-features=AvoidUnnecessaryBeforeUnloadCheckSync,DestroyProfileOnBrowserClose,DialMediaRouteProvider,GlobalMediaControls,HttpsUpgrades,LensOverlay,MediaRouter,PaintHolding,ThirdPartyStoragePartitioning,BlockOriginHeaderModificationOnRedirect,Translate,AutoDeElevate,OptimizationHints,msForceBrowserSignIn,msEdgeUpdateLaunchServicesPreferredVersion --enable-features=CDPScreenshotNewSurface --allow-pre-commit-input --disable-hang-monitor --disable-ipc-flooding-protection --disable-popup-blocking --disable-prompt-on-repost --disable-renderer-backgrounding --disable-updater-scheduler --force-color-profile=srgb --metrics-recording-only --no-first-run --password-store=basic --use-mock-keychain --no-service-autorun --export-tagged-pdf --disable-search-engine-choice-screen --unsafely-disable-devtools-self-xss-warnings --edge-skip-compat-layer-relaunch --disable-infobars --disable-search-engine-choice-screen --disable-sync --enable-unsafe-swiftshader --headless --hide-scrollbars --mute-audio --blink-settings=primaryHoverType=2,availableHoverTypes=2,primaryPointerType=4,availablePointerTypes=4 --no-sandbox --user-data-dir=/var/folders/9c/gv6xyvzs3nn2yb2pnl0j00zr0000gn/T/playwright_chromiumdev_profile-E5zSRA --remote-debugging-pipe --no-startup-window
      - <launched> pid=9939
      - [pid=9939][err] [0919/031155.255911:ERROR:base/power_monitor/thermal_state_observer_mac.mm:140] ThermalStateObserverMac unable to register to power notifications. Result: 9
      - [pid=9939][err] [0919/031155.257602:ERROR:net/dns/dns_config_service_posix.cc:138] DNS config watch failed to start.
      - [pid=9939][err] [0919/031155.258400:FATAL:base/apple/mach_port_rendezvous_mac.cc:159] Check failed: kr == KERN_SUCCESS. bootstrap_check_in org.chromium.Chromium.MachPortRendezvousServer.9939: Permission denied (1100)
      - [pid=9939] <process did exit: exitCode=null, signal=SIGTRAP>
      - [pid=9939] starting temporary directories cleanup
      - [pid=9939] <gracefully close start>
      - [pid=9939] <kill>
      - [pid=9939] <skipped force kill spawnedProcess.killed=false processClosed=true>
      - [pid=9939] finished temporary directories cleanup
      - [pid=9939] <gracefully close end>


    Error Context: ../../../../../../private/tmp/tab10-stage3-aggregate-ci-j6WviZ/browser-prodlike/playwright-output/production-smoke-compiled--829f0-rigin-production-like-proxy-chromium-mobile-390/error-context.md

    attachment #2: trace (application/zip) ─────────────────────────────────────────────────────────
    ../../../../../../private/tmp/tab10-stage3-aggregate-ci-j6WviZ/browser-prodlike/playwright-output/production-smoke-compiled--829f0-rigin-production-like-proxy-chromium-mobile-390/trace.zip
    Usage:

        pnpm exec playwright show-trace ../../../../../../private/tmp/tab10-stage3-aggregate-ci-j6WviZ/browser-prodlike/playwright-output/production-smoke-compiled--829f0-rigin-production-like-proxy-chromium-mobile-390/trace.zip

    ────────────────────────────────────────────────────────────────────────────────────────────────

  35) [chromium-mobile-390] › tests/e2e/stage2-home.spec.ts:7:5 › AT-HOME-003 Home keeps direct actions and all secondary routes at mobile and desktop 

    Error: browserType.launch: Target page, context or browser has been closed
    Browser logs:

    <launching> /Users/liubavskii/Library/Caches/ms-playwright/chromium_headless_shell-1243/chrome-headless-shell-mac-arm64/chrome-headless-shell --disable-field-trial-config --disable-background-networking --disable-background-timer-throttling --disable-backgrounding-occluded-windows --disable-back-forward-cache --disable-breakpad --disable-client-side-phishing-detection --disable-component-extensions-with-background-pages --disable-component-update --no-default-browser-check --disable-default-apps --disable-dev-shm-usage --disable-edgeupdater --disable-extensions --disable-features=AvoidUnnecessaryBeforeUnloadCheckSync,DestroyProfileOnBrowserClose,DialMediaRouteProvider,GlobalMediaControls,HttpsUpgrades,LensOverlay,MediaRouter,PaintHolding,ThirdPartyStoragePartitioning,BlockOriginHeaderModificationOnRedirect,Translate,AutoDeElevate,OptimizationHints,msForceBrowserSignIn,msEdgeUpdateLaunchServicesPreferredVersion --enable-features=CDPScreenshotNewSurface --allow-pre-commit-input --disable-hang-monitor --disable-ipc-flooding-protection --disable-popup-blocking --disable-prompt-on-repost --disable-renderer-backgrounding --disable-updater-scheduler --force-color-profile=srgb --metrics-recording-only --no-first-run --password-store=basic --use-mock-keychain --no-service-autorun --export-tagged-pdf --disable-search-engine-choice-screen --unsafely-disable-devtools-self-xss-warnings --edge-skip-compat-layer-relaunch --disable-infobars --disable-search-engine-choice-screen --disable-sync --enable-unsafe-swiftshader --headless --hide-scrollbars --mute-audio --blink-settings=primaryHoverType=2,availableHoverTypes=2,primaryPointerType=4,availablePointerTypes=4 --no-sandbox --user-data-dir=/var/folders/9c/gv6xyvzs3nn2yb2pnl0j00zr0000gn/T/playwright_chromiumdev_profile-ay1TJP --remote-debugging-pipe --no-startup-window
    <launched> pid=9941
    [pid=9941][err] [0919/031155.818104:ERROR:base/power_monitor/thermal_state_observer_mac.mm:140] ThermalStateObserverMac unable to register to power notifications. Result: 9
    [pid=9941][err] [0919/031155.820027:ERROR:net/dns/dns_config_service_posix.cc:138] DNS config watch failed to start.
    [pid=9941][err] [0919/031155.820590:FATAL:base/apple/mach_port_rendezvous_mac.cc:159] Check failed: kr == KERN_SUCCESS. bootstrap_check_in org.chromium.Chromium.MachPortRendezvousServer.9941: Permission denied (1100)
    [pid=9941] <process did exit: exitCode=null, signal=SIGTRAP>
    [pid=9941] starting temporary directories cleanup
    Call log:
      - <launching> /Users/liubavskii/Library/Caches/ms-playwright/chromium_headless_shell-1243/chrome-headless-shell-mac-arm64/chrome-headless-shell --disable-field-trial-config --disable-background-networking --disable-background-timer-throttling --disable-backgrounding-occluded-windows --disable-back-forward-cache --disable-breakpad --disable-client-side-phishing-detection --disable-component-extensions-with-background-pages --disable-component-update --no-default-browser-check --disable-default-apps --disable-dev-shm-usage --disable-edgeupdater --disable-extensions --disable-features=AvoidUnnecessaryBeforeUnloadCheckSync,DestroyProfileOnBrowserClose,DialMediaRouteProvider,GlobalMediaControls,HttpsUpgrades,LensOverlay,MediaRouter,PaintHolding,ThirdPartyStoragePartitioning,BlockOriginHeaderModificationOnRedirect,Translate,AutoDeElevate,OptimizationHints,msForceBrowserSignIn,msEdgeUpdateLaunchServicesPreferredVersion --enable-features=CDPScreenshotNewSurface --allow-pre-commit-input --disable-hang-monitor --disable-ipc-flooding-protection --disable-popup-blocking --disable-prompt-on-repost --disable-renderer-backgrounding --disable-updater-scheduler --force-color-profile=srgb --metrics-recording-only --no-first-run --password-store=basic --use-mock-keychain --no-service-autorun --export-tagged-pdf --disable-search-engine-choice-screen --unsafely-disable-devtools-self-xss-warnings --edge-skip-compat-layer-relaunch --disable-infobars --disable-search-engine-choice-screen --disable-sync --enable-unsafe-swiftshader --headless --hide-scrollbars --mute-audio --blink-settings=primaryHoverType=2,availableHoverTypes=2,primaryPointerType=4,availablePointerTypes=4 --no-sandbox --user-data-dir=/var/folders/9c/gv6xyvzs3nn2yb2pnl0j00zr0000gn/T/playwright_chromiumdev_profile-ay1TJP --remote-debugging-pipe --no-startup-window
      - <launched> pid=9941
      - [pid=9941][err] [0919/031155.818104:ERROR:base/power_monitor/thermal_state_observer_mac.mm:140] ThermalStateObserverMac unable to register to power notifications. Result: 9
      - [pid=9941][err] [0919/031155.820027:ERROR:net/dns/dns_config_service_posix.cc:138] DNS config watch failed to start.
      - [pid=9941][err] [0919/031155.820590:FATAL:base/apple/mach_port_rendezvous_mac.cc:159] Check failed: kr == KERN_SUCCESS. bootstrap_check_in org.chromium.Chromium.MachPortRendezvousServer.9941: Permission denied (1100)
      - [pid=9941] <process did exit: exitCode=null, signal=SIGTRAP>
      - [pid=9941] starting temporary directories cleanup
      - [pid=9941] <gracefully close start>
      - [pid=9941] <kill>
      - [pid=9941] <skipped force kill spawnedProcess.killed=false processClosed=true>
      - [pid=9941] finished temporary directories cleanup
      - [pid=9941] <gracefully close end>


    Error Context: ../../../../../../private/tmp/tab10-stage3-aggregate-ci-j6WviZ/browser-prodlike/playwright-output/stage2-home-AT-HOME-003-Ho-53897-outes-at-mobile-and-desktop-chromium-mobile-390/error-context.md

    attachment #2: trace (application/zip) ─────────────────────────────────────────────────────────
    ../../../../../../private/tmp/tab10-stage3-aggregate-ci-j6WviZ/browser-prodlike/playwright-output/stage2-home-AT-HOME-003-Ho-53897-outes-at-mobile-and-desktop-chromium-mobile-390/trace.zip
    Usage:

        pnpm exec playwright show-trace ../../../../../../private/tmp/tab10-stage3-aggregate-ci-j6WviZ/browser-prodlike/playwright-output/stage2-home-AT-HOME-003-Ho-53897-outes-at-mobile-and-desktop-chromium-mobile-390/trace.zip

    ────────────────────────────────────────────────────────────────────────────────────────────────

  36) [chromium-mobile-390] › tests/e2e/stage2-home.spec.ts:63:5 › AT-HOME-003 Home keeps navigation after a fetch error 

    Error: browserType.launch: Target page, context or browser has been closed
    Browser logs:

    <launching> /Users/liubavskii/Library/Caches/ms-playwright/chromium_headless_shell-1243/chrome-headless-shell-mac-arm64/chrome-headless-shell --disable-field-trial-config --disable-background-networking --disable-background-timer-throttling --disable-backgrounding-occluded-windows --disable-back-forward-cache --disable-breakpad --disable-client-side-phishing-detection --disable-component-extensions-with-background-pages --disable-component-update --no-default-browser-check --disable-default-apps --disable-dev-shm-usage --disable-edgeupdater --disable-extensions --disable-features=AvoidUnnecessaryBeforeUnloadCheckSync,DestroyProfileOnBrowserClose,DialMediaRouteProvider,GlobalMediaControls,HttpsUpgrades,LensOverlay,MediaRouter,PaintHolding,ThirdPartyStoragePartitioning,BlockOriginHeaderModificationOnRedirect,Translate,AutoDeElevate,OptimizationHints,msForceBrowserSignIn,msEdgeUpdateLaunchServicesPreferredVersion --enable-features=CDPScreenshotNewSurface --allow-pre-commit-input --disable-hang-monitor --disable-ipc-flooding-protection --disable-popup-blocking --disable-prompt-on-repost --disable-renderer-backgrounding --disable-updater-scheduler --force-color-profile=srgb --metrics-recording-only --no-first-run --password-store=basic --use-mock-keychain --no-service-autorun --export-tagged-pdf --disable-search-engine-choice-screen --unsafely-disable-devtools-self-xss-warnings --edge-skip-compat-layer-relaunch --disable-infobars --disable-search-engine-choice-screen --disable-sync --enable-unsafe-swiftshader --headless --hide-scrollbars --mute-audio --blink-settings=primaryHoverType=2,availableHoverTypes=2,primaryPointerType=4,availablePointerTypes=4 --no-sandbox --user-data-dir=/var/folders/9c/gv6xyvzs3nn2yb2pnl0j00zr0000gn/T/playwright_chromiumdev_profile-HajGZj --remote-debugging-pipe --no-startup-window
    <launched> pid=9943
    [pid=9943][err] [0919/031156.410730:ERROR:base/power_monitor/thermal_state_observer_mac.mm:140] ThermalStateObserverMac unable to register to power notifications. Result: 9
    [pid=9943][err] [0919/031156.412866:ERROR:net/dns/dns_config_service_posix.cc:138] DNS config watch failed to start.
    [pid=9943][err] [0919/031156.413669:FATAL:base/apple/mach_port_rendezvous_mac.cc:159] Check failed: kr == KERN_SUCCESS. bootstrap_check_in org.chromium.Chromium.MachPortRendezvousServer.9943: Permission denied (1100)
    [pid=9943] <process did exit: exitCode=null, signal=SIGTRAP>
    [pid=9943] starting temporary directories cleanup
    Call log:
      - <launching> /Users/liubavskii/Library/Caches/ms-playwright/chromium_headless_shell-1243/chrome-headless-shell-mac-arm64/chrome-headless-shell --disable-field-trial-config --disable-background-networking --disable-background-timer-throttling --disable-backgrounding-occluded-windows --disable-back-forward-cache --disable-breakpad --disable-client-side-phishing-detection --disable-component-extensions-with-background-pages --disable-component-update --no-default-browser-check --disable-default-apps --disable-dev-shm-usage --disable-edgeupdater --disable-extensions --disable-features=AvoidUnnecessaryBeforeUnloadCheckSync,DestroyProfileOnBrowserClose,DialMediaRouteProvider,GlobalMediaControls,HttpsUpgrades,LensOverlay,MediaRouter,PaintHolding,ThirdPartyStoragePartitioning,BlockOriginHeaderModificationOnRedirect,Translate,AutoDeElevate,OptimizationHints,msForceBrowserSignIn,msEdgeUpdateLaunchServicesPreferredVersion --enable-features=CDPScreenshotNewSurface --allow-pre-commit-input --disable-hang-monitor --disable-ipc-flooding-protection --disable-popup-blocking --disable-prompt-on-repost --disable-renderer-backgrounding --disable-updater-scheduler --force-color-profile=srgb --metrics-recording-only --no-first-run --password-store=basic --use-mock-keychain --no-service-autorun --export-tagged-pdf --disable-search-engine-choice-screen --unsafely-disable-devtools-self-xss-warnings --edge-skip-compat-layer-relaunch --disable-infobars --disable-search-engine-choice-screen --disable-sync --enable-unsafe-swiftshader --headless --hide-scrollbars --mute-audio --blink-settings=primaryHoverType=2,availableHoverTypes=2,primaryPointerType=4,availablePointerTypes=4 --no-sandbox --user-data-dir=/var/folders/9c/gv6xyvzs3nn2yb2pnl0j00zr0000gn/T/playwright_chromiumdev_profile-HajGZj --remote-debugging-pipe --no-startup-window
      - <launched> pid=9943
      - [pid=9943][err] [0919/031156.410730:ERROR:base/power_monitor/thermal_state_observer_mac.mm:140] ThermalStateObserverMac unable to register to power notifications. Result: 9
      - [pid=9943][err] [0919/031156.412866:ERROR:net/dns/dns_config_service_posix.cc:138] DNS config watch failed to start.
      - [pid=9943][err] [0919/031156.413669:FATAL:base/apple/mach_port_rendezvous_mac.cc:159] Check failed: kr == KERN_SUCCESS. bootstrap_check_in org.chromium.Chromium.MachPortRendezvousServer.9943: Permission denied (1100)
      - [pid=9943] <process did exit: exitCode=null, signal=SIGTRAP>
      - [pid=9943] starting temporary directories cleanup
      - [pid=9943] <gracefully close start>
      - [pid=9943] <kill>
      - [pid=9943] <skipped force kill spawnedProcess.killed=false processClosed=true>
      - [pid=9943] finished temporary directories cleanup
      - [pid=9943] <gracefully close end>


    Error Context: ../../../../../../private/tmp/tab10-stage3-aggregate-ci-j6WviZ/browser-prodlike/playwright-output/stage2-home-AT-HOME-003-Ho-9742a-igation-after-a-fetch-error-chromium-mobile-390/error-context.md

    attachment #2: trace (application/zip) ─────────────────────────────────────────────────────────
    ../../../../../../private/tmp/tab10-stage3-aggregate-ci-j6WviZ/browser-prodlike/playwright-output/stage2-home-AT-HOME-003-Ho-9742a-igation-after-a-fetch-error-chromium-mobile-390/trace.zip
    Usage:

        pnpm exec playwright show-trace ../../../../../../private/tmp/tab10-stage3-aggregate-ci-j6WviZ/browser-prodlike/playwright-output/stage2-home-AT-HOME-003-Ho-9742a-igation-after-a-fetch-error-chromium-mobile-390/trace.zip

    ────────────────────────────────────────────────────────────────────────────────────────────────

  37) [chromium-mobile-390] › tests/e2e/stage2-home.spec.ts:83:5 › HOME-007 finished match keeps sides and score first with a side-specific winner mark 

    Error: browserType.launch: Target page, context or browser has been closed
    Browser logs:

    <launching> /Users/liubavskii/Library/Caches/ms-playwright/chromium_headless_shell-1243/chrome-headless-shell-mac-arm64/chrome-headless-shell --disable-field-trial-config --disable-background-networking --disable-background-timer-throttling --disable-backgrounding-occluded-windows --disable-back-forward-cache --disable-breakpad --disable-client-side-phishing-detection --disable-component-extensions-with-background-pages --disable-component-update --no-default-browser-check --disable-default-apps --disable-dev-shm-usage --disable-edgeupdater --disable-extensions --disable-features=AvoidUnnecessaryBeforeUnloadCheckSync,DestroyProfileOnBrowserClose,DialMediaRouteProvider,GlobalMediaControls,HttpsUpgrades,LensOverlay,MediaRouter,PaintHolding,ThirdPartyStoragePartitioning,BlockOriginHeaderModificationOnRedirect,Translate,AutoDeElevate,OptimizationHints,msForceBrowserSignIn,msEdgeUpdateLaunchServicesPreferredVersion --enable-features=CDPScreenshotNewSurface --allow-pre-commit-input --disable-hang-monitor --disable-ipc-flooding-protection --disable-popup-blocking --disable-prompt-on-repost --disable-renderer-backgrounding --disable-updater-scheduler --force-color-profile=srgb --metrics-recording-only --no-first-run --password-store=basic --use-mock-keychain --no-service-autorun --export-tagged-pdf --disable-search-engine-choice-screen --unsafely-disable-devtools-self-xss-warnings --edge-skip-compat-layer-relaunch --disable-infobars --disable-search-engine-choice-screen --disable-sync --enable-unsafe-swiftshader --headless --hide-scrollbars --mute-audio --blink-settings=primaryHoverType=2,availableHoverTypes=2,primaryPointerType=4,availablePointerTypes=4 --no-sandbox --user-data-dir=/var/folders/9c/gv6xyvzs3nn2yb2pnl0j00zr0000gn/T/playwright_chromiumdev_profile-JcaqX4 --remote-debugging-pipe --no-startup-window
    <launched> pid=9946
    [pid=9946][err] [0919/031156.986196:ERROR:base/power_monitor/thermal_state_observer_mac.mm:140] ThermalStateObserverMac unable to register to power notifications. Result: 9
    [pid=9946][err] [0919/031156.988020:ERROR:net/dns/dns_config_service_posix.cc:138] DNS config watch failed to start.
    [pid=9946][err] [0919/031156.988543:FATAL:base/apple/mach_port_rendezvous_mac.cc:159] Check failed: kr == KERN_SUCCESS. bootstrap_check_in org.chromium.Chromium.MachPortRendezvousServer.9946: Permission denied (1100)
    [pid=9946] <process did exit: exitCode=null, signal=SIGTRAP>
    [pid=9946] starting temporary directories cleanup
    Call log:
      - <launching> /Users/liubavskii/Library/Caches/ms-playwright/chromium_headless_shell-1243/chrome-headless-shell-mac-arm64/chrome-headless-shell --disable-field-trial-config --disable-background-networking --disable-background-timer-throttling --disable-backgrounding-occluded-windows --disable-back-forward-cache --disable-breakpad --disable-client-side-phishing-detection --disable-component-extensions-with-background-pages --disable-component-update --no-default-browser-check --disable-default-apps --disable-dev-shm-usage --disable-edgeupdater --disable-extensions --disable-features=AvoidUnnecessaryBeforeUnloadCheckSync,DestroyProfileOnBrowserClose,DialMediaRouteProvider,GlobalMediaControls,HttpsUpgrades,LensOverlay,MediaRouter,PaintHolding,ThirdPartyStoragePartitioning,BlockOriginHeaderModificationOnRedirect,Translate,AutoDeElevate,OptimizationHints,msForceBrowserSignIn,msEdgeUpdateLaunchServicesPreferredVersion --enable-features=CDPScreenshotNewSurface --allow-pre-commit-input --disable-hang-monitor --disable-ipc-flooding-protection --disable-popup-blocking --disable-prompt-on-repost --disable-renderer-backgrounding --disable-updater-scheduler --force-color-profile=srgb --metrics-recording-only --no-first-run --password-store=basic --use-mock-keychain --no-service-autorun --export-tagged-pdf --disable-search-engine-choice-screen --unsafely-disable-devtools-self-xss-warnings --edge-skip-compat-layer-relaunch --disable-infobars --disable-search-engine-choice-screen --disable-sync --enable-unsafe-swiftshader --headless --hide-scrollbars --mute-audio --blink-settings=primaryHoverType=2,availableHoverTypes=2,primaryPointerType=4,availablePointerTypes=4 --no-sandbox --user-data-dir=/var/folders/9c/gv6xyvzs3nn2yb2pnl0j00zr0000gn/T/playwright_chromiumdev_profile-JcaqX4 --remote-debugging-pipe --no-startup-window
      - <launched> pid=9946
      - [pid=9946][err] [0919/031156.986196:ERROR:base/power_monitor/thermal_state_observer_mac.mm:140] ThermalStateObserverMac unable to register to power notifications. Result: 9
      - [pid=9946][err] [0919/031156.988020:ERROR:net/dns/dns_config_service_posix.cc:138] DNS config watch failed to start.
      - [pid=9946][err] [0919/031156.988543:FATAL:base/apple/mach_port_rendezvous_mac.cc:159] Check failed: kr == KERN_SUCCESS. bootstrap_check_in org.chromium.Chromium.MachPortRendezvousServer.9946: Permission denied (1100)
      - [pid=9946] <process did exit: exitCode=null, signal=SIGTRAP>
      - [pid=9946] starting temporary directories cleanup
      - [pid=9946] <gracefully close start>
      - [pid=9946] <kill>
      - [pid=9946] <skipped force kill spawnedProcess.killed=false processClosed=true>
      - [pid=9946] finished temporary directories cleanup
      - [pid=9946] <gracefully close end>


    Error Context: ../../../../../../private/tmp/tab10-stage3-aggregate-ci-j6WviZ/browser-prodlike/playwright-output/stage2-home-HOME-007-finis-f820d-a-side-specific-winner-mark-chromium-mobile-390/error-context.md

    attachment #2: trace (application/zip) ─────────────────────────────────────────────────────────
    ../../../../../../private/tmp/tab10-stage3-aggregate-ci-j6WviZ/browser-prodlike/playwright-output/stage2-home-HOME-007-finis-f820d-a-side-specific-winner-mark-chromium-mobile-390/trace.zip
    Usage:

        pnpm exec playwright show-trace ../../../../../../private/tmp/tab10-stage3-aggregate-ci-j6WviZ/browser-prodlike/playwright-output/stage2-home-HOME-007-finis-f820d-a-side-specific-winner-mark-chromium-mobile-390/trace.zip

    ────────────────────────────────────────────────────────────────────────────────────────────────

  38) [chromium-mobile-390] › tests/e2e/stage2-home.spec.ts:139:5 › GAP-031 keeps overflow tasks collapsed until requested 

    Error: browserType.launch: Target page, context or browser has been closed
    Browser logs:

    <launching> /Users/liubavskii/Library/Caches/ms-playwright/chromium_headless_shell-1243/chrome-headless-shell-mac-arm64/chrome-headless-shell --disable-field-trial-config --disable-background-networking --disable-background-timer-throttling --disable-backgrounding-occluded-windows --disable-back-forward-cache --disable-breakpad --disable-client-side-phishing-detection --disable-component-extensions-with-background-pages --disable-component-update --no-default-browser-check --disable-default-apps --disable-dev-shm-usage --disable-edgeupdater --disable-extensions --disable-features=AvoidUnnecessaryBeforeUnloadCheckSync,DestroyProfileOnBrowserClose,DialMediaRouteProvider,GlobalMediaControls,HttpsUpgrades,LensOverlay,MediaRouter,PaintHolding,ThirdPartyStoragePartitioning,BlockOriginHeaderModificationOnRedirect,Translate,AutoDeElevate,OptimizationHints,msForceBrowserSignIn,msEdgeUpdateLaunchServicesPreferredVersion --enable-features=CDPScreenshotNewSurface --allow-pre-commit-input --disable-hang-monitor --disable-ipc-flooding-protection --disable-popup-blocking --disable-prompt-on-repost --disable-renderer-backgrounding --disable-updater-scheduler --force-color-profile=srgb --metrics-recording-only --no-first-run --password-store=basic --use-mock-keychain --no-service-autorun --export-tagged-pdf --disable-search-engine-choice-screen --unsafely-disable-devtools-self-xss-warnings --edge-skip-compat-layer-relaunch --disable-infobars --disable-search-engine-choice-screen --disable-sync --enable-unsafe-swiftshader --headless --hide-scrollbars --mute-audio --blink-settings=primaryHoverType=2,availableHoverTypes=2,primaryPointerType=4,availablePointerTypes=4 --no-sandbox --user-data-dir=/var/folders/9c/gv6xyvzs3nn2yb2pnl0j00zr0000gn/T/playwright_chromiumdev_profile-5SRq70 --remote-debugging-pipe --no-startup-window
    <launched> pid=9948
    [pid=9948][err] [0919/031157.567771:ERROR:base/power_monitor/thermal_state_observer_mac.mm:140] ThermalStateObserverMac unable to register to power notifications. Result: 9
    [pid=9948][err] [0919/031157.569554:ERROR:net/dns/dns_config_service_posix.cc:138] DNS config watch failed to start.
    [pid=9948][err] [0919/031157.570114:FATAL:base/apple/mach_port_rendezvous_mac.cc:159] Check failed: kr == KERN_SUCCESS. bootstrap_check_in org.chromium.Chromium.MachPortRendezvousServer.9948: Permission denied (1100)
    Call log:
      - <launching> /Users/liubavskii/Library/Caches/ms-playwright/chromium_headless_shell-1243/chrome-headless-shell-mac-arm64/chrome-headless-shell --disable-field-trial-config --disable-background-networking --disable-background-timer-throttling --disable-backgrounding-occluded-windows --disable-back-forward-cache --disable-breakpad --disable-client-side-phishing-detection --disable-component-extensions-with-background-pages --disable-component-update --no-default-browser-check --disable-default-apps --disable-dev-shm-usage --disable-edgeupdater --disable-extensions --disable-features=AvoidUnnecessaryBeforeUnloadCheckSync,DestroyProfileOnBrowserClose,DialMediaRouteProvider,GlobalMediaControls,HttpsUpgrades,LensOverlay,MediaRouter,PaintHolding,ThirdPartyStoragePartitioning,BlockOriginHeaderModificationOnRedirect,Translate,AutoDeElevate,OptimizationHints,msForceBrowserSignIn,msEdgeUpdateLaunchServicesPreferredVersion --enable-features=CDPScreenshotNewSurface --allow-pre-commit-input --disable-hang-monitor --disable-ipc-flooding-protection --disable-popup-blocking --disable-prompt-on-repost --disable-renderer-backgrounding --disable-updater-scheduler --force-color-profile=srgb --metrics-recording-only --no-first-run --password-store=basic --use-mock-keychain --no-service-autorun --export-tagged-pdf --disable-search-engine-choice-screen --unsafely-disable-devtools-self-xss-warnings --edge-skip-compat-layer-relaunch --disable-infobars --disable-search-engine-choice-screen --disable-sync --enable-unsafe-swiftshader --headless --hide-scrollbars --mute-audio --blink-settings=primaryHoverType=2,availableHoverTypes=2,primaryPointerType=4,availablePointerTypes=4 --no-sandbox --user-data-dir=/var/folders/9c/gv6xyvzs3nn2yb2pnl0j00zr0000gn/T/playwright_chromiumdev_profile-5SRq70 --remote-debugging-pipe --no-startup-window
      - <launched> pid=9948
      - [pid=9948][err] [0919/031157.567771:ERROR:base/power_monitor/thermal_state_observer_mac.mm:140] ThermalStateObserverMac unable to register to power notifications. Result: 9
      - [pid=9948][err] [0919/031157.569554:ERROR:net/dns/dns_config_service_posix.cc:138] DNS config watch failed to start.
      - [pid=9948][err] [0919/031157.570114:FATAL:base/apple/mach_port_rendezvous_mac.cc:159] Check failed: kr == KERN_SUCCESS. bootstrap_check_in org.chromium.Chromium.MachPortRendezvousServer.9948: Permission denied (1100)
      - [pid=9948] <gracefully close start>
      - [pid=9948] <kill>
      - [pid=9948] <will force kill>
      - [pid=9948] exception while trying to kill process: Error: kill EPERM
      - [pid=9948] <process did exit: exitCode=null, signal=SIGTRAP>
      - [pid=9948] starting temporary directories cleanup
      - [pid=9948] finished temporary directories cleanup
      - [pid=9948] <gracefully close end>


    Error Context: ../../../../../../private/tmp/tab10-stage3-aggregate-ci-j6WviZ/browser-prodlike/playwright-output/stage2-home-GAP-031-keeps--337de-s-collapsed-until-requested-chromium-mobile-390/error-context.md

    attachment #2: trace (application/zip) ─────────────────────────────────────────────────────────
    ../../../../../../private/tmp/tab10-stage3-aggregate-ci-j6WviZ/browser-prodlike/playwright-output/stage2-home-GAP-031-keeps--337de-s-collapsed-until-requested-chromium-mobile-390/trace.zip
    Usage:

        pnpm exec playwright show-trace ../../../../../../private/tmp/tab10-stage3-aggregate-ci-j6WviZ/browser-prodlike/playwright-output/stage2-home-GAP-031-keeps--337de-s-collapsed-until-requested-chromium-mobile-390/trace.zip

    ────────────────────────────────────────────────────────────────────────────────────────────────

  39) [chromium-mobile-390] › tests/e2e/stage2-home.spec.ts:161:5 › GAP-030 explicit Home releases judge slot; Browser Back is measured separately 

    Error: browserType.launch: Target page, context or browser has been closed
    Browser logs:

    <launching> /Users/liubavskii/Library/Caches/ms-playwright/chromium_headless_shell-1243/chrome-headless-shell-mac-arm64/chrome-headless-shell --disable-field-trial-config --disable-background-networking --disable-background-timer-throttling --disable-backgrounding-occluded-windows --disable-back-forward-cache --disable-breakpad --disable-client-side-phishing-detection --disable-component-extensions-with-background-pages --disable-component-update --no-default-browser-check --disable-default-apps --disable-dev-shm-usage --disable-edgeupdater --disable-extensions --disable-features=AvoidUnnecessaryBeforeUnloadCheckSync,DestroyProfileOnBrowserClose,DialMediaRouteProvider,GlobalMediaControls,HttpsUpgrades,LensOverlay,MediaRouter,PaintHolding,ThirdPartyStoragePartitioning,BlockOriginHeaderModificationOnRedirect,Translate,AutoDeElevate,OptimizationHints,msForceBrowserSignIn,msEdgeUpdateLaunchServicesPreferredVersion --enable-features=CDPScreenshotNewSurface --allow-pre-commit-input --disable-hang-monitor --disable-ipc-flooding-protection --disable-popup-blocking --disable-prompt-on-repost --disable-renderer-backgrounding --disable-updater-scheduler --force-color-profile=srgb --metrics-recording-only --no-first-run --password-store=basic --use-mock-keychain --no-service-autorun --export-tagged-pdf --disable-search-engine-choice-screen --unsafely-disable-devtools-self-xss-warnings --edge-skip-compat-layer-relaunch --disable-infobars --disable-search-engine-choice-screen --disable-sync --enable-unsafe-swiftshader --headless --hide-scrollbars --mute-audio --blink-settings=primaryHoverType=2,availableHoverTypes=2,primaryPointerType=4,availablePointerTypes=4 --no-sandbox --user-data-dir=/var/folders/9c/gv6xyvzs3nn2yb2pnl0j00zr0000gn/T/playwright_chromiumdev_profile-yIGCWk --remote-debugging-pipe --no-startup-window
    <launched> pid=9950
    [pid=9950][err] [0919/031158.142653:ERROR:base/power_monitor/thermal_state_observer_mac.mm:140] ThermalStateObserverMac unable to register to power notifications. Result: 9
    [pid=9950][err] [0919/031158.144408:ERROR:net/dns/dns_config_service_posix.cc:138] DNS config watch failed to start.
    [pid=9950][err] [0919/031158.144988:FATAL:base/apple/mach_port_rendezvous_mac.cc:159] Check failed: kr == KERN_SUCCESS. bootstrap_check_in org.chromium.Chromium.MachPortRendezvousServer.9950: Permission denied (1100)
    Call log:
      - <launching> /Users/liubavskii/Library/Caches/ms-playwright/chromium_headless_shell-1243/chrome-headless-shell-mac-arm64/chrome-headless-shell --disable-field-trial-config --disable-background-networking --disable-background-timer-throttling --disable-backgrounding-occluded-windows --disable-back-forward-cache --disable-breakpad --disable-client-side-phishing-detection --disable-component-extensions-with-background-pages --disable-component-update --no-default-browser-check --disable-default-apps --disable-dev-shm-usage --disable-edgeupdater --disable-extensions --disable-features=AvoidUnnecessaryBeforeUnloadCheckSync,DestroyProfileOnBrowserClose,DialMediaRouteProvider,GlobalMediaControls,HttpsUpgrades,LensOverlay,MediaRouter,PaintHolding,ThirdPartyStoragePartitioning,BlockOriginHeaderModificationOnRedirect,Translate,AutoDeElevate,OptimizationHints,msForceBrowserSignIn,msEdgeUpdateLaunchServicesPreferredVersion --enable-features=CDPScreenshotNewSurface --allow-pre-commit-input --disable-hang-monitor --disable-ipc-flooding-protection --disable-popup-blocking --disable-prompt-on-repost --disable-renderer-backgrounding --disable-updater-scheduler --force-color-profile=srgb --metrics-recording-only --no-first-run --password-store=basic --use-mock-keychain --no-service-autorun --export-tagged-pdf --disable-search-engine-choice-screen --unsafely-disable-devtools-self-xss-warnings --edge-skip-compat-layer-relaunch --disable-infobars --disable-search-engine-choice-screen --disable-sync --enable-unsafe-swiftshader --headless --hide-scrollbars --mute-audio --blink-settings=primaryHoverType=2,availableHoverTypes=2,primaryPointerType=4,availablePointerTypes=4 --no-sandbox --user-data-dir=/var/folders/9c/gv6xyvzs3nn2yb2pnl0j00zr0000gn/T/playwright_chromiumdev_profile-yIGCWk --remote-debugging-pipe --no-startup-window
      - <launched> pid=9950
      - [pid=9950][err] [0919/031158.142653:ERROR:base/power_monitor/thermal_state_observer_mac.mm:140] ThermalStateObserverMac unable to register to power notifications. Result: 9
      - [pid=9950][err] [0919/031158.144408:ERROR:net/dns/dns_config_service_posix.cc:138] DNS config watch failed to start.
      - [pid=9950][err] [0919/031158.144988:FATAL:base/apple/mach_port_rendezvous_mac.cc:159] Check failed: kr == KERN_SUCCESS. bootstrap_check_in org.chromium.Chromium.MachPortRendezvousServer.9950: Permission denied (1100)
      - [pid=9950] <gracefully close start>
      - [pid=9950] <kill>
      - [pid=9950] <will force kill>
      - [pid=9950] exception while trying to kill process: Error: kill EPERM
      - [pid=9950] <process did exit: exitCode=null, signal=SIGTRAP>
      - [pid=9950] starting temporary directories cleanup
      - [pid=9950] finished temporary directories cleanup
      - [pid=9950] <gracefully close end>


    Error Context: ../../../../../../private/tmp/tab10-stage3-aggregate-ci-j6WviZ/browser-prodlike/playwright-output/stage2-home-GAP-030-explic-9bb09-Back-is-measured-separately-chromium-mobile-390/error-context.md

    attachment #2: trace (application/zip) ─────────────────────────────────────────────────────────
    ../../../../../../private/tmp/tab10-stage3-aggregate-ci-j6WviZ/browser-prodlike/playwright-output/stage2-home-GAP-030-explic-9bb09-Back-is-measured-separately-chromium-mobile-390/trace.zip
    Usage:

        pnpm exec playwright show-trace ../../../../../../private/tmp/tab10-stage3-aggregate-ci-j6WviZ/browser-prodlike/playwright-output/stage2-home-GAP-030-explic-9bb09-Back-is-measured-separately-chromium-mobile-390/trace.zip

    ────────────────────────────────────────────────────────────────────────────────────────────────

  40) [chromium-mobile-390] › tests/e2e/wave-b.spec.ts:44:5 › Wave B AT-PROFILE-001..005 AT-RANK-005..006 own edit, revoke, team and private public card 

    Error: browserType.launch: Target page, context or browser has been closed
    Browser logs:

    <launching> /Users/liubavskii/Library/Caches/ms-playwright/chromium_headless_shell-1243/chrome-headless-shell-mac-arm64/chrome-headless-shell --disable-field-trial-config --disable-background-networking --disable-background-timer-throttling --disable-backgrounding-occluded-windows --disable-back-forward-cache --disable-breakpad --disable-client-side-phishing-detection --disable-component-extensions-with-background-pages --disable-component-update --no-default-browser-check --disable-default-apps --disable-dev-shm-usage --disable-edgeupdater --disable-extensions --disable-features=AvoidUnnecessaryBeforeUnloadCheckSync,DestroyProfileOnBrowserClose,DialMediaRouteProvider,GlobalMediaControls,HttpsUpgrades,LensOverlay,MediaRouter,PaintHolding,ThirdPartyStoragePartitioning,BlockOriginHeaderModificationOnRedirect,Translate,AutoDeElevate,OptimizationHints,msForceBrowserSignIn,msEdgeUpdateLaunchServicesPreferredVersion --enable-features=CDPScreenshotNewSurface --allow-pre-commit-input --disable-hang-monitor --disable-ipc-flooding-protection --disable-popup-blocking --disable-prompt-on-repost --disable-renderer-backgrounding --disable-updater-scheduler --force-color-profile=srgb --metrics-recording-only --no-first-run --password-store=basic --use-mock-keychain --no-service-autorun --export-tagged-pdf --disable-search-engine-choice-screen --unsafely-disable-devtools-self-xss-warnings --edge-skip-compat-layer-relaunch --disable-infobars --disable-search-engine-choice-screen --disable-sync --enable-unsafe-swiftshader --headless --hide-scrollbars --mute-audio --blink-settings=primaryHoverType=2,availableHoverTypes=2,primaryPointerType=4,availablePointerTypes=4 --no-sandbox --user-data-dir=/var/folders/9c/gv6xyvzs3nn2yb2pnl0j00zr0000gn/T/playwright_chromiumdev_profile-4OZsKK --remote-debugging-pipe --no-startup-window
    <launched> pid=9955
    [pid=9955][err] [0919/031158.705656:ERROR:base/power_monitor/thermal_state_observer_mac.mm:140] ThermalStateObserverMac unable to register to power notifications. Result: 9
    [pid=9955][err] [0919/031158.707125:ERROR:net/dns/dns_config_service_posix.cc:138] DNS config watch failed to start.
    [pid=9955][err] [0919/031158.707749:FATAL:base/apple/mach_port_rendezvous_mac.cc:159] Check failed: kr == KERN_SUCCESS. bootstrap_check_in org.chromium.Chromium.MachPortRendezvousServer.9955: Permission denied (1100)
    Call log:
      - <launching> /Users/liubavskii/Library/Caches/ms-playwright/chromium_headless_shell-1243/chrome-headless-shell-mac-arm64/chrome-headless-shell --disable-field-trial-config --disable-background-networking --disable-background-timer-throttling --disable-backgrounding-occluded-windows --disable-back-forward-cache --disable-breakpad --disable-client-side-phishing-detection --disable-component-extensions-with-background-pages --disable-component-update --no-default-browser-check --disable-default-apps --disable-dev-shm-usage --disable-edgeupdater --disable-extensions --disable-features=AvoidUnnecessaryBeforeUnloadCheckSync,DestroyProfileOnBrowserClose,DialMediaRouteProvider,GlobalMediaControls,HttpsUpgrades,LensOverlay,MediaRouter,PaintHolding,ThirdPartyStoragePartitioning,BlockOriginHeaderModificationOnRedirect,Translate,AutoDeElevate,OptimizationHints,msForceBrowserSignIn,msEdgeUpdateLaunchServicesPreferredVersion --enable-features=CDPScreenshotNewSurface --allow-pre-commit-input --disable-hang-monitor --disable-ipc-flooding-protection --disable-popup-blocking --disable-prompt-on-repost --disable-renderer-backgrounding --disable-updater-scheduler --force-color-profile=srgb --metrics-recording-only --no-first-run --password-store=basic --use-mock-keychain --no-service-autorun --export-tagged-pdf --disable-search-engine-choice-screen --unsafely-disable-devtools-self-xss-warnings --edge-skip-compat-layer-relaunch --disable-infobars --disable-search-engine-choice-screen --disable-sync --enable-unsafe-swiftshader --headless --hide-scrollbars --mute-audio --blink-settings=primaryHoverType=2,availableHoverTypes=2,primaryPointerType=4,availablePointerTypes=4 --no-sandbox --user-data-dir=/var/folders/9c/gv6xyvzs3nn2yb2pnl0j00zr0000gn/T/playwright_chromiumdev_profile-4OZsKK --remote-debugging-pipe --no-startup-window
      - <launched> pid=9955
      - [pid=9955][err] [0919/031158.705656:ERROR:base/power_monitor/thermal_state_observer_mac.mm:140] ThermalStateObserverMac unable to register to power notifications. Result: 9
      - [pid=9955][err] [0919/031158.707125:ERROR:net/dns/dns_config_service_posix.cc:138] DNS config watch failed to start.
      - [pid=9955][err] [0919/031158.707749:FATAL:base/apple/mach_port_rendezvous_mac.cc:159] Check failed: kr == KERN_SUCCESS. bootstrap_check_in org.chromium.Chromium.MachPortRendezvousServer.9955: Permission denied (1100)
      - [pid=9955] <gracefully close start>
      - [pid=9955] <kill>
      - [pid=9955] <will force kill>
      - [pid=9955] exception while trying to kill process: Error: kill EPERM
      - [pid=9955] <process did exit: exitCode=null, signal=SIGTRAP>
      - [pid=9955] starting temporary directories cleanup
      - [pid=9955] finished temporary directories cleanup
      - [pid=9955] <gracefully close end>


    Error Context: ../../../../../../private/tmp/tab10-stage3-aggregate-ci-j6WviZ/browser-prodlike/playwright-output/wave-b-Wave-B-AT-PROFILE-0-f046a-eam-and-private-public-card-chromium-mobile-390/error-context.md

    attachment #2: trace (application/zip) ─────────────────────────────────────────────────────────
    ../../../../../../private/tmp/tab10-stage3-aggregate-ci-j6WviZ/browser-prodlike/playwright-output/wave-b-Wave-B-AT-PROFILE-0-f046a-eam-and-private-public-card-chromium-mobile-390/trace.zip
    Usage:

        pnpm exec playwright show-trace ../../../../../../private/tmp/tab10-stage3-aggregate-ci-j6WviZ/browser-prodlike/playwright-output/wave-b-Wave-B-AT-PROFILE-0-f046a-eam-and-private-public-card-chromium-mobile-390/trace.zip

    ────────────────────────────────────────────────────────────────────────────────────────────────

  41) [chromium-mobile-390] › tests/e2e/wave-b.spec.ts:124:5 › Wave B AT-VIS-003 history pagination and detail return keep context 

    Error: browserType.launch: Target page, context or browser has been closed
    Browser logs:

    <launching> /Users/liubavskii/Library/Caches/ms-playwright/chromium_headless_shell-1243/chrome-headless-shell-mac-arm64/chrome-headless-shell --disable-field-trial-config --disable-background-networking --disable-background-timer-throttling --disable-backgrounding-occluded-windows --disable-back-forward-cache --disable-breakpad --disable-client-side-phishing-detection --disable-component-extensions-with-background-pages --disable-component-update --no-default-browser-check --disable-default-apps --disable-dev-shm-usage --disable-edgeupdater --disable-extensions --disable-features=AvoidUnnecessaryBeforeUnloadCheckSync,DestroyProfileOnBrowserClose,DialMediaRouteProvider,GlobalMediaControls,HttpsUpgrades,LensOverlay,MediaRouter,PaintHolding,ThirdPartyStoragePartitioning,BlockOriginHeaderModificationOnRedirect,Translate,AutoDeElevate,OptimizationHints,msForceBrowserSignIn,msEdgeUpdateLaunchServicesPreferredVersion --enable-features=CDPScreenshotNewSurface --allow-pre-commit-input --disable-hang-monitor --disable-ipc-flooding-protection --disable-popup-blocking --disable-prompt-on-repost --disable-renderer-backgrounding --disable-updater-scheduler --force-color-profile=srgb --metrics-recording-only --no-first-run --password-store=basic --use-mock-keychain --no-service-autorun --export-tagged-pdf --disable-search-engine-choice-screen --unsafely-disable-devtools-self-xss-warnings --edge-skip-compat-layer-relaunch --disable-infobars --disable-search-engine-choice-screen --disable-sync --enable-unsafe-swiftshader --headless --hide-scrollbars --mute-audio --blink-settings=primaryHoverType=2,availableHoverTypes=2,primaryPointerType=4,availablePointerTypes=4 --no-sandbox --user-data-dir=/var/folders/9c/gv6xyvzs3nn2yb2pnl0j00zr0000gn/T/playwright_chromiumdev_profile-devzVb --remote-debugging-pipe --no-startup-window
    <launched> pid=9957
    [pid=9957][err] [0919/031159.283722:ERROR:base/power_monitor/thermal_state_observer_mac.mm:140] ThermalStateObserverMac unable to register to power notifications. Result: 9
    [pid=9957][err] [0919/031159.285306:ERROR:net/dns/dns_config_service_posix.cc:138] DNS config watch failed to start.
    [pid=9957][err] [0919/031159.285850:FATAL:base/apple/mach_port_rendezvous_mac.cc:159] Check failed: kr == KERN_SUCCESS. bootstrap_check_in org.chromium.Chromium.MachPortRendezvousServer.9957: Permission denied (1100)
    Call log:
      - <launching> /Users/liubavskii/Library/Caches/ms-playwright/chromium_headless_shell-1243/chrome-headless-shell-mac-arm64/chrome-headless-shell --disable-field-trial-config --disable-background-networking --disable-background-timer-throttling --disable-backgrounding-occluded-windows --disable-back-forward-cache --disable-breakpad --disable-client-side-phishing-detection --disable-component-extensions-with-background-pages --disable-component-update --no-default-browser-check --disable-default-apps --disable-dev-shm-usage --disable-edgeupdater --disable-extensions --disable-features=AvoidUnnecessaryBeforeUnloadCheckSync,DestroyProfileOnBrowserClose,DialMediaRouteProvider,GlobalMediaControls,HttpsUpgrades,LensOverlay,MediaRouter,PaintHolding,ThirdPartyStoragePartitioning,BlockOriginHeaderModificationOnRedirect,Translate,AutoDeElevate,OptimizationHints,msForceBrowserSignIn,msEdgeUpdateLaunchServicesPreferredVersion --enable-features=CDPScreenshotNewSurface --allow-pre-commit-input --disable-hang-monitor --disable-ipc-flooding-protection --disable-popup-blocking --disable-prompt-on-repost --disable-renderer-backgrounding --disable-updater-scheduler --force-color-profile=srgb --metrics-recording-only --no-first-run --password-store=basic --use-mock-keychain --no-service-autorun --export-tagged-pdf --disable-search-engine-choice-screen --unsafely-disable-devtools-self-xss-warnings --edge-skip-compat-layer-relaunch --disable-infobars --disable-search-engine-choice-screen --disable-sync --enable-unsafe-swiftshader --headless --hide-scrollbars --mute-audio --blink-settings=primaryHoverType=2,availableHoverTypes=2,primaryPointerType=4,availablePointerTypes=4 --no-sandbox --user-data-dir=/var/folders/9c/gv6xyvzs3nn2yb2pnl0j00zr0000gn/T/playwright_chromiumdev_profile-devzVb --remote-debugging-pipe --no-startup-window
      - <launched> pid=9957
      - [pid=9957][err] [0919/031159.283722:ERROR:base/power_monitor/thermal_state_observer_mac.mm:140] ThermalStateObserverMac unable to register to power notifications. Result: 9
      - [pid=9957][err] [0919/031159.285306:ERROR:net/dns/dns_config_service_posix.cc:138] DNS config watch failed to start.
      - [pid=9957][err] [0919/031159.285850:FATAL:base/apple/mach_port_rendezvous_mac.cc:159] Check failed: kr == KERN_SUCCESS. bootstrap_check_in org.chromium.Chromium.MachPortRendezvousServer.9957: Permission denied (1100)
      - [pid=9957] <gracefully close start>
      - [pid=9957] <kill>
      - [pid=9957] <will force kill>
      - [pid=9957] exception while trying to kill process: Error: kill EPERM
      - [pid=9957] <process did exit: exitCode=null, signal=SIGTRAP>
      - [pid=9957] starting temporary directories cleanup
      - [pid=9957] finished temporary directories cleanup
      - [pid=9957] <gracefully close end>


    Error Context: ../../../../../../private/tmp/tab10-stage3-aggregate-ci-j6WviZ/browser-prodlike/playwright-output/wave-b-Wave-B-AT-VIS-003-h-3e075--detail-return-keep-context-chromium-mobile-390/error-context.md

    attachment #2: trace (application/zip) ─────────────────────────────────────────────────────────
    ../../../../../../private/tmp/tab10-stage3-aggregate-ci-j6WviZ/browser-prodlike/playwright-output/wave-b-Wave-B-AT-VIS-003-h-3e075--detail-return-keep-context-chromium-mobile-390/trace.zip
    Usage:

        pnpm exec playwright show-trace ../../../../../../private/tmp/tab10-stage3-aggregate-ci-j6WviZ/browser-prodlike/playwright-output/wave-b-Wave-B-AT-VIS-003-h-3e075--detail-return-keep-context-chromium-mobile-390/trace.zip

    ────────────────────────────────────────────────────────────────────────────────────────────────

  42) [chromium-mobile-390] › tests/e2e/wave-c.spec.ts:38:5 › Wave C AT-MATCH-013_016 2v2 team selection, rules, no-show and hidden revenge 

    Error: browserType.launch: Target page, context or browser has been closed
    Browser logs:

    <launching> /Users/liubavskii/Library/Caches/ms-playwright/chromium_headless_shell-1243/chrome-headless-shell-mac-arm64/chrome-headless-shell --disable-field-trial-config --disable-background-networking --disable-background-timer-throttling --disable-backgrounding-occluded-windows --disable-back-forward-cache --disable-breakpad --disable-client-side-phishing-detection --disable-component-extensions-with-background-pages --disable-component-update --no-default-browser-check --disable-default-apps --disable-dev-shm-usage --disable-edgeupdater --disable-extensions --disable-features=AvoidUnnecessaryBeforeUnloadCheckSync,DestroyProfileOnBrowserClose,DialMediaRouteProvider,GlobalMediaControls,HttpsUpgrades,LensOverlay,MediaRouter,PaintHolding,ThirdPartyStoragePartitioning,BlockOriginHeaderModificationOnRedirect,Translate,AutoDeElevate,OptimizationHints,msForceBrowserSignIn,msEdgeUpdateLaunchServicesPreferredVersion --enable-features=CDPScreenshotNewSurface --allow-pre-commit-input --disable-hang-monitor --disable-ipc-flooding-protection --disable-popup-blocking --disable-prompt-on-repost --disable-renderer-backgrounding --disable-updater-scheduler --force-color-profile=srgb --metrics-recording-only --no-first-run --password-store=basic --use-mock-keychain --no-service-autorun --export-tagged-pdf --disable-search-engine-choice-screen --unsafely-disable-devtools-self-xss-warnings --edge-skip-compat-layer-relaunch --disable-infobars --disable-search-engine-choice-screen --disable-sync --enable-unsafe-swiftshader --headless --hide-scrollbars --mute-audio --blink-settings=primaryHoverType=2,availableHoverTypes=2,primaryPointerType=4,availablePointerTypes=4 --no-sandbox --user-data-dir=/var/folders/9c/gv6xyvzs3nn2yb2pnl0j00zr0000gn/T/playwright_chromiumdev_profile-qipnCH --remote-debugging-pipe --no-startup-window
    <launched> pid=9959
    [pid=9959][err] [0919/031159.856234:ERROR:base/power_monitor/thermal_state_observer_mac.mm:140] ThermalStateObserverMac unable to register to power notifications. Result: 9
    [pid=9959][err] [0919/031159.857933:ERROR:net/dns/dns_config_service_posix.cc:138] DNS config watch failed to start.
    [pid=9959][err] [0919/031159.858542:FATAL:base/apple/mach_port_rendezvous_mac.cc:159] Check failed: kr == KERN_SUCCESS. bootstrap_check_in org.chromium.Chromium.MachPortRendezvousServer.9959: Permission denied (1100)
    Call log:
      - <launching> /Users/liubavskii/Library/Caches/ms-playwright/chromium_headless_shell-1243/chrome-headless-shell-mac-arm64/chrome-headless-shell --disable-field-trial-config --disable-background-networking --disable-background-timer-throttling --disable-backgrounding-occluded-windows --disable-back-forward-cache --disable-breakpad --disable-client-side-phishing-detection --disable-component-extensions-with-background-pages --disable-component-update --no-default-browser-check --disable-default-apps --disable-dev-shm-usage --disable-edgeupdater --disable-extensions --disable-features=AvoidUnnecessaryBeforeUnloadCheckSync,DestroyProfileOnBrowserClose,DialMediaRouteProvider,GlobalMediaControls,HttpsUpgrades,LensOverlay,MediaRouter,PaintHolding,ThirdPartyStoragePartitioning,BlockOriginHeaderModificationOnRedirect,Translate,AutoDeElevate,OptimizationHints,msForceBrowserSignIn,msEdgeUpdateLaunchServicesPreferredVersion --enable-features=CDPScreenshotNewSurface --allow-pre-commit-input --disable-hang-monitor --disable-ipc-flooding-protection --disable-popup-blocking --disable-prompt-on-repost --disable-renderer-backgrounding --disable-updater-scheduler --force-color-profile=srgb --metrics-recording-only --no-first-run --password-store=basic --use-mock-keychain --no-service-autorun --export-tagged-pdf --disable-search-engine-choice-screen --unsafely-disable-devtools-self-xss-warnings --edge-skip-compat-layer-relaunch --disable-infobars --disable-search-engine-choice-screen --disable-sync --enable-unsafe-swiftshader --headless --hide-scrollbars --mute-audio --blink-settings=primaryHoverType=2,availableHoverTypes=2,primaryPointerType=4,availablePointerTypes=4 --no-sandbox --user-data-dir=/var/folders/9c/gv6xyvzs3nn2yb2pnl0j00zr0000gn/T/playwright_chromiumdev_profile-qipnCH --remote-debugging-pipe --no-startup-window
      - <launched> pid=9959
      - [pid=9959][err] [0919/031159.856234:ERROR:base/power_monitor/thermal_state_observer_mac.mm:140] ThermalStateObserverMac unable to register to power notifications. Result: 9
      - [pid=9959][err] [0919/031159.857933:ERROR:net/dns/dns_config_service_posix.cc:138] DNS config watch failed to start.
      - [pid=9959][err] [0919/031159.858542:FATAL:base/apple/mach_port_rendezvous_mac.cc:159] Check failed: kr == KERN_SUCCESS. bootstrap_check_in org.chromium.Chromium.MachPortRendezvousServer.9959: Permission denied (1100)
      - [pid=9959] <gracefully close start>
      - [pid=9959] <kill>
      - [pid=9959] <will force kill>
      - [pid=9959] exception while trying to kill process: Error: kill EPERM
      - [pid=9959] <process did exit: exitCode=null, signal=SIGTRAP>
      - [pid=9959] starting temporary directories cleanup
      - [pid=9959] finished temporary directories cleanup
      - [pid=9959] <gracefully close end>


    Error Context: ../../../../../../private/tmp/tab10-stage3-aggregate-ci-j6WviZ/browser-prodlike/playwright-output/wave-c-Wave-C-AT-MATCH-013-8ab72--no-show-and-hidden-revenge-chromium-mobile-390/error-context.md

    attachment #2: trace (application/zip) ─────────────────────────────────────────────────────────
    ../../../../../../private/tmp/tab10-stage3-aggregate-ci-j6WviZ/browser-prodlike/playwright-output/wave-c-Wave-C-AT-MATCH-013-8ab72--no-show-and-hidden-revenge-chromium-mobile-390/trace.zip
    Usage:

        pnpm exec playwright show-trace ../../../../../../private/tmp/tab10-stage3-aggregate-ci-j6WviZ/browser-prodlike/playwright-output/wave-c-Wave-C-AT-MATCH-013-8ab72--no-show-and-hidden-revenge-chromium-mobile-390/trace.zip

    ────────────────────────────────────────────────────────────────────────────────────────────────

  43) [chromium-mobile-390] › tests/e2e/wave-c.spec.ts:79:5 › Wave C AT-JUDGE-004_010 correction, undo and two-client handover preserve authority 

    Error: browserType.launch: Target page, context or browser has been closed
    Browser logs:

    <launching> /Users/liubavskii/Library/Caches/ms-playwright/chromium_headless_shell-1243/chrome-headless-shell-mac-arm64/chrome-headless-shell --disable-field-trial-config --disable-background-networking --disable-background-timer-throttling --disable-backgrounding-occluded-windows --disable-back-forward-cache --disable-breakpad --disable-client-side-phishing-detection --disable-component-extensions-with-background-pages --disable-component-update --no-default-browser-check --disable-default-apps --disable-dev-shm-usage --disable-edgeupdater --disable-extensions --disable-features=AvoidUnnecessaryBeforeUnloadCheckSync,DestroyProfileOnBrowserClose,DialMediaRouteProvider,GlobalMediaControls,HttpsUpgrades,LensOverlay,MediaRouter,PaintHolding,ThirdPartyStoragePartitioning,BlockOriginHeaderModificationOnRedirect,Translate,AutoDeElevate,OptimizationHints,msForceBrowserSignIn,msEdgeUpdateLaunchServicesPreferredVersion --enable-features=CDPScreenshotNewSurface --allow-pre-commit-input --disable-hang-monitor --disable-ipc-flooding-protection --disable-popup-blocking --disable-prompt-on-repost --disable-renderer-backgrounding --disable-updater-scheduler --force-color-profile=srgb --metrics-recording-only --no-first-run --password-store=basic --use-mock-keychain --no-service-autorun --export-tagged-pdf --disable-search-engine-choice-screen --unsafely-disable-devtools-self-xss-warnings --edge-skip-compat-layer-relaunch --disable-infobars --disable-search-engine-choice-screen --disable-sync --enable-unsafe-swiftshader --headless --hide-scrollbars --mute-audio --blink-settings=primaryHoverType=2,availableHoverTypes=2,primaryPointerType=4,availablePointerTypes=4 --no-sandbox --user-data-dir=/var/folders/9c/gv6xyvzs3nn2yb2pnl0j00zr0000gn/T/playwright_chromiumdev_profile-HcbkDX --remote-debugging-pipe --no-startup-window
    <launched> pid=9961
    [pid=9961][err] [0919/031200.437872:ERROR:base/power_monitor/thermal_state_observer_mac.mm:140] ThermalStateObserverMac unable to register to power notifications. Result: 9
    [pid=9961][err] [0919/031200.440129:ERROR:net/dns/dns_config_service_posix.cc:138] DNS config watch failed to start.
    [pid=9961][err] [0919/031200.440848:FATAL:base/apple/mach_port_rendezvous_mac.cc:159] Check failed: kr == KERN_SUCCESS. bootstrap_check_in org.chromium.Chromium.MachPortRendezvousServer.9961: Permission denied (1100)
    [pid=9961] <process did exit: exitCode=null, signal=SIGTRAP>
    [pid=9961] starting temporary directories cleanup
    Call log:
      - <launching> /Users/liubavskii/Library/Caches/ms-playwright/chromium_headless_shell-1243/chrome-headless-shell-mac-arm64/chrome-headless-shell --disable-field-trial-config --disable-background-networking --disable-background-timer-throttling --disable-backgrounding-occluded-windows --disable-back-forward-cache --disable-breakpad --disable-client-side-phishing-detection --disable-component-extensions-with-background-pages --disable-component-update --no-default-browser-check --disable-default-apps --disable-dev-shm-usage --disable-edgeupdater --disable-extensions --disable-features=AvoidUnnecessaryBeforeUnloadCheckSync,DestroyProfileOnBrowserClose,DialMediaRouteProvider,GlobalMediaControls,HttpsUpgrades,LensOverlay,MediaRouter,PaintHolding,ThirdPartyStoragePartitioning,BlockOriginHeaderModificationOnRedirect,Translate,AutoDeElevate,OptimizationHints,msForceBrowserSignIn,msEdgeUpdateLaunchServicesPreferredVersion --enable-features=CDPScreenshotNewSurface --allow-pre-commit-input --disable-hang-monitor --disable-ipc-flooding-protection --disable-popup-blocking --disable-prompt-on-repost --disable-renderer-backgrounding --disable-updater-scheduler --force-color-profile=srgb --metrics-recording-only --no-first-run --password-store=basic --use-mock-keychain --no-service-autorun --export-tagged-pdf --disable-search-engine-choice-screen --unsafely-disable-devtools-self-xss-warnings --edge-skip-compat-layer-relaunch --disable-infobars --disable-search-engine-choice-screen --disable-sync --enable-unsafe-swiftshader --headless --hide-scrollbars --mute-audio --blink-settings=primaryHoverType=2,availableHoverTypes=2,primaryPointerType=4,availablePointerTypes=4 --no-sandbox --user-data-dir=/var/folders/9c/gv6xyvzs3nn2yb2pnl0j00zr0000gn/T/playwright_chromiumdev_profile-HcbkDX --remote-debugging-pipe --no-startup-window
      - <launched> pid=9961
      - [pid=9961][err] [0919/031200.437872:ERROR:base/power_monitor/thermal_state_observer_mac.mm:140] ThermalStateObserverMac unable to register to power notifications. Result: 9
      - [pid=9961][err] [0919/031200.440129:ERROR:net/dns/dns_config_service_posix.cc:138] DNS config watch failed to start.
      - [pid=9961][err] [0919/031200.440848:FATAL:base/apple/mach_port_rendezvous_mac.cc:159] Check failed: kr == KERN_SUCCESS. bootstrap_check_in org.chromium.Chromium.MachPortRendezvousServer.9961: Permission denied (1100)
      - [pid=9961] <process did exit: exitCode=null, signal=SIGTRAP>
      - [pid=9961] starting temporary directories cleanup
      - [pid=9961] <gracefully close start>
      - [pid=9961] <kill>
      - [pid=9961] <skipped force kill spawnedProcess.killed=false processClosed=true>
      - [pid=9961] finished temporary directories cleanup
      - [pid=9961] <gracefully close end>


    Error Context: ../../../../../../private/tmp/tab10-stage3-aggregate-ci-j6WviZ/browser-prodlike/playwright-output/wave-c-Wave-C-AT-JUDGE-004-a8521-handover-preserve-authority-chromium-mobile-390/error-context.md

    attachment #2: trace (application/zip) ─────────────────────────────────────────────────────────
    ../../../../../../private/tmp/tab10-stage3-aggregate-ci-j6WviZ/browser-prodlike/playwright-output/wave-c-Wave-C-AT-JUDGE-004-a8521-handover-preserve-authority-chromium-mobile-390/trace.zip
    Usage:

        pnpm exec playwright show-trace ../../../../../../private/tmp/tab10-stage3-aggregate-ci-j6WviZ/browser-prodlike/playwright-output/wave-c-Wave-C-AT-JUDGE-004-a8521-handover-preserve-authority-chromium-mobile-390/trace.zip

    ────────────────────────────────────────────────────────────────────────────────────────────────

  44) [chromium-mobile-390] › tests/e2e/wave-c.spec.ts:135:5 › Wave C AT-JUDGE-001 creator starts while another club judge retains the slot 

    Error: browserType.launch: Target page, context or browser has been closed
    Browser logs:

    <launching> /Users/liubavskii/Library/Caches/ms-playwright/chromium_headless_shell-1243/chrome-headless-shell-mac-arm64/chrome-headless-shell --disable-field-trial-config --disable-background-networking --disable-background-timer-throttling --disable-backgrounding-occluded-windows --disable-back-forward-cache --disable-breakpad --disable-client-side-phishing-detection --disable-component-extensions-with-background-pages --disable-component-update --no-default-browser-check --disable-default-apps --disable-dev-shm-usage --disable-edgeupdater --disable-extensions --disable-features=AvoidUnnecessaryBeforeUnloadCheckSync,DestroyProfileOnBrowserClose,DialMediaRouteProvider,GlobalMediaControls,HttpsUpgrades,LensOverlay,MediaRouter,PaintHolding,ThirdPartyStoragePartitioning,BlockOriginHeaderModificationOnRedirect,Translate,AutoDeElevate,OptimizationHints,msForceBrowserSignIn,msEdgeUpdateLaunchServicesPreferredVersion --enable-features=CDPScreenshotNewSurface --allow-pre-commit-input --disable-hang-monitor --disable-ipc-flooding-protection --disable-popup-blocking --disable-prompt-on-repost --disable-renderer-backgrounding --disable-updater-scheduler --force-color-profile=srgb --metrics-recording-only --no-first-run --password-store=basic --use-mock-keychain --no-service-autorun --export-tagged-pdf --disable-search-engine-choice-screen --unsafely-disable-devtools-self-xss-warnings --edge-skip-compat-layer-relaunch --disable-infobars --disable-search-engine-choice-screen --disable-sync --enable-unsafe-swiftshader --headless --hide-scrollbars --mute-audio --blink-settings=primaryHoverType=2,availableHoverTypes=2,primaryPointerType=4,availablePointerTypes=4 --no-sandbox --user-data-dir=/var/folders/9c/gv6xyvzs3nn2yb2pnl0j00zr0000gn/T/playwright_chromiumdev_profile-IyFw5i --remote-debugging-pipe --no-startup-window
    <launched> pid=9963
    [pid=9963][err] [0919/031201.016546:ERROR:base/power_monitor/thermal_state_observer_mac.mm:140] ThermalStateObserverMac unable to register to power notifications. Result: 9
    [pid=9963][err] [0919/031201.018515:ERROR:net/dns/dns_config_service_posix.cc:138] DNS config watch failed to start.
    [pid=9963][err] [0919/031201.019235:FATAL:base/apple/mach_port_rendezvous_mac.cc:159] Check failed: kr == KERN_SUCCESS. bootstrap_check_in org.chromium.Chromium.MachPortRendezvousServer.9963: Permission denied (1100)
    [pid=9963] <process did exit: exitCode=null, signal=SIGTRAP>
    [pid=9963] starting temporary directories cleanup
    Call log:
      - <launching> /Users/liubavskii/Library/Caches/ms-playwright/chromium_headless_shell-1243/chrome-headless-shell-mac-arm64/chrome-headless-shell --disable-field-trial-config --disable-background-networking --disable-background-timer-throttling --disable-backgrounding-occluded-windows --disable-back-forward-cache --disable-breakpad --disable-client-side-phishing-detection --disable-component-extensions-with-background-pages --disable-component-update --no-default-browser-check --disable-default-apps --disable-dev-shm-usage --disable-edgeupdater --disable-extensions --disable-features=AvoidUnnecessaryBeforeUnloadCheckSync,DestroyProfileOnBrowserClose,DialMediaRouteProvider,GlobalMediaControls,HttpsUpgrades,LensOverlay,MediaRouter,PaintHolding,ThirdPartyStoragePartitioning,BlockOriginHeaderModificationOnRedirect,Translate,AutoDeElevate,OptimizationHints,msForceBrowserSignIn,msEdgeUpdateLaunchServicesPreferredVersion --enable-features=CDPScreenshotNewSurface --allow-pre-commit-input --disable-hang-monitor --disable-ipc-flooding-protection --disable-popup-blocking --disable-prompt-on-repost --disable-renderer-backgrounding --disable-updater-scheduler --force-color-profile=srgb --metrics-recording-only --no-first-run --password-store=basic --use-mock-keychain --no-service-autorun --export-tagged-pdf --disable-search-engine-choice-screen --unsafely-disable-devtools-self-xss-warnings --edge-skip-compat-layer-relaunch --disable-infobars --disable-search-engine-choice-screen --disable-sync --enable-unsafe-swiftshader --headless --hide-scrollbars --mute-audio --blink-settings=primaryHoverType=2,availableHoverTypes=2,primaryPointerType=4,availablePointerTypes=4 --no-sandbox --user-data-dir=/var/folders/9c/gv6xyvzs3nn2yb2pnl0j00zr0000gn/T/playwright_chromiumdev_profile-IyFw5i --remote-debugging-pipe --no-startup-window
      - <launched> pid=9963
      - [pid=9963][err] [0919/031201.016546:ERROR:base/power_monitor/thermal_state_observer_mac.mm:140] ThermalStateObserverMac unable to register to power notifications. Result: 9
      - [pid=9963][err] [0919/031201.018515:ERROR:net/dns/dns_config_service_posix.cc:138] DNS config watch failed to start.
      - [pid=9963][err] [0919/031201.019235:FATAL:base/apple/mach_port_rendezvous_mac.cc:159] Check failed: kr == KERN_SUCCESS. bootstrap_check_in org.chromium.Chromium.MachPortRendezvousServer.9963: Permission denied (1100)
      - [pid=9963] <process did exit: exitCode=null, signal=SIGTRAP>
      - [pid=9963] starting temporary directories cleanup
      - [pid=9963] <gracefully close start>
      - [pid=9963] <kill>
      - [pid=9963] <skipped force kill spawnedProcess.killed=false processClosed=true>
      - [pid=9963] finished temporary directories cleanup
      - [pid=9963] <gracefully close end>


    Error Context: ../../../../../../private/tmp/tab10-stage3-aggregate-ci-j6WviZ/browser-prodlike/playwright-output/wave-c-Wave-C-AT-JUDGE-001-a672a-club-judge-retains-the-slot-chromium-mobile-390/error-context.md

    attachment #2: trace (application/zip) ─────────────────────────────────────────────────────────
    ../../../../../../private/tmp/tab10-stage3-aggregate-ci-j6WviZ/browser-prodlike/playwright-output/wave-c-Wave-C-AT-JUDGE-001-a672a-club-judge-retains-the-slot-chromium-mobile-390/trace.zip
    Usage:

        pnpm exec playwright show-trace ../../../../../../private/tmp/tab10-stage3-aggregate-ci-j6WviZ/browser-prodlike/playwright-output/wave-c-Wave-C-AT-JUDGE-001-a672a-club-judge-retains-the-slot-chromium-mobile-390/trace.zip

    ────────────────────────────────────────────────────────────────────────────────────────────────

  45) [chromium-mobile-390] › tests/e2e/wave-d-teams.spec.ts:23:5 › Wave D AT-TEAM-001..007 create, accept welcome, transfer, leave and automatic archive 

    Error: browserType.launch: Target page, context or browser has been closed
    Browser logs:

    <launching> /Users/liubavskii/Library/Caches/ms-playwright/chromium_headless_shell-1243/chrome-headless-shell-mac-arm64/chrome-headless-shell --disable-field-trial-config --disable-background-networking --disable-background-timer-throttling --disable-backgrounding-occluded-windows --disable-back-forward-cache --disable-breakpad --disable-client-side-phishing-detection --disable-component-extensions-with-background-pages --disable-component-update --no-default-browser-check --disable-default-apps --disable-dev-shm-usage --disable-edgeupdater --disable-extensions --disable-features=AvoidUnnecessaryBeforeUnloadCheckSync,DestroyProfileOnBrowserClose,DialMediaRouteProvider,GlobalMediaControls,HttpsUpgrades,LensOverlay,MediaRouter,PaintHolding,ThirdPartyStoragePartitioning,BlockOriginHeaderModificationOnRedirect,Translate,AutoDeElevate,OptimizationHints,msForceBrowserSignIn,msEdgeUpdateLaunchServicesPreferredVersion --enable-features=CDPScreenshotNewSurface --allow-pre-commit-input --disable-hang-monitor --disable-ipc-flooding-protection --disable-popup-blocking --disable-prompt-on-repost --disable-renderer-backgrounding --disable-updater-scheduler --force-color-profile=srgb --metrics-recording-only --no-first-run --password-store=basic --use-mock-keychain --no-service-autorun --export-tagged-pdf --disable-search-engine-choice-screen --unsafely-disable-devtools-self-xss-warnings --edge-skip-compat-layer-relaunch --disable-infobars --disable-search-engine-choice-screen --disable-sync --enable-unsafe-swiftshader --headless --hide-scrollbars --mute-audio --blink-settings=primaryHoverType=2,availableHoverTypes=2,primaryPointerType=4,availablePointerTypes=4 --no-sandbox --user-data-dir=/var/folders/9c/gv6xyvzs3nn2yb2pnl0j00zr0000gn/T/playwright_chromiumdev_profile-53ziRI --remote-debugging-pipe --no-startup-window
    <launched> pid=9965
    [pid=9965][err] [0919/031201.585949:ERROR:base/power_monitor/thermal_state_observer_mac.mm:140] ThermalStateObserverMac unable to register to power notifications. Result: 9
    [pid=9965][err] [0919/031201.587424:ERROR:net/dns/dns_config_service_posix.cc:138] DNS config watch failed to start.
    [pid=9965][err] [0919/031201.587975:FATAL:base/apple/mach_port_rendezvous_mac.cc:159] Check failed: kr == KERN_SUCCESS. bootstrap_check_in org.chromium.Chromium.MachPortRendezvousServer.9965: Permission denied (1100)
    Call log:
      - <launching> /Users/liubavskii/Library/Caches/ms-playwright/chromium_headless_shell-1243/chrome-headless-shell-mac-arm64/chrome-headless-shell --disable-field-trial-config --disable-background-networking --disable-background-timer-throttling --disable-backgrounding-occluded-windows --disable-back-forward-cache --disable-breakpad --disable-client-side-phishing-detection --disable-component-extensions-with-background-pages --disable-component-update --no-default-browser-check --disable-default-apps --disable-dev-shm-usage --disable-edgeupdater --disable-extensions --disable-features=AvoidUnnecessaryBeforeUnloadCheckSync,DestroyProfileOnBrowserClose,DialMediaRouteProvider,GlobalMediaControls,HttpsUpgrades,LensOverlay,MediaRouter,PaintHolding,ThirdPartyStoragePartitioning,BlockOriginHeaderModificationOnRedirect,Translate,AutoDeElevate,OptimizationHints,msForceBrowserSignIn,msEdgeUpdateLaunchServicesPreferredVersion --enable-features=CDPScreenshotNewSurface --allow-pre-commit-input --disable-hang-monitor --disable-ipc-flooding-protection --disable-popup-blocking --disable-prompt-on-repost --disable-renderer-backgrounding --disable-updater-scheduler --force-color-profile=srgb --metrics-recording-only --no-first-run --password-store=basic --use-mock-keychain --no-service-autorun --export-tagged-pdf --disable-search-engine-choice-screen --unsafely-disable-devtools-self-xss-warnings --edge-skip-compat-layer-relaunch --disable-infobars --disable-search-engine-choice-screen --disable-sync --enable-unsafe-swiftshader --headless --hide-scrollbars --mute-audio --blink-settings=primaryHoverType=2,availableHoverTypes=2,primaryPointerType=4,availablePointerTypes=4 --no-sandbox --user-data-dir=/var/folders/9c/gv6xyvzs3nn2yb2pnl0j00zr0000gn/T/playwright_chromiumdev_profile-53ziRI --remote-debugging-pipe --no-startup-window
      - <launched> pid=9965
      - [pid=9965][err] [0919/031201.585949:ERROR:base/power_monitor/thermal_state_observer_mac.mm:140] ThermalStateObserverMac unable to register to power notifications. Result: 9
      - [pid=9965][err] [0919/031201.587424:ERROR:net/dns/dns_config_service_posix.cc:138] DNS config watch failed to start.
      - [pid=9965][err] [0919/031201.587975:FATAL:base/apple/mach_port_rendezvous_mac.cc:159] Check failed: kr == KERN_SUCCESS. bootstrap_check_in org.chromium.Chromium.MachPortRendezvousServer.9965: Permission denied (1100)
      - [pid=9965] <gracefully close start>
      - [pid=9965] <kill>
      - [pid=9965] <will force kill>
      - [pid=9965] exception while trying to kill process: Error: kill EPERM
      - [pid=9965] <process did exit: exitCode=null, signal=SIGTRAP>
      - [pid=9965] starting temporary directories cleanup
      - [pid=9965] finished temporary directories cleanup
      - [pid=9965] <gracefully close end>


    Error Context: ../../../../../../private/tmp/tab10-stage3-aggregate-ci-j6WviZ/browser-prodlike/playwright-output/wave-d-teams-Wave-D-AT-TEA-f08ec-leave-and-automatic-archive-chromium-mobile-390/error-context.md

    attachment #2: trace (application/zip) ─────────────────────────────────────────────────────────
    ../../../../../../private/tmp/tab10-stage3-aggregate-ci-j6WviZ/browser-prodlike/playwright-output/wave-d-teams-Wave-D-AT-TEA-f08ec-leave-and-automatic-archive-chromium-mobile-390/trace.zip
    Usage:

        pnpm exec playwright show-trace ../../../../../../private/tmp/tab10-stage3-aggregate-ci-j6WviZ/browser-prodlike/playwright-output/wave-d-teams-Wave-D-AT-TEA-f08ec-leave-and-automatic-archive-chromium-mobile-390/trace.zip

    ────────────────────────────────────────────────────────────────────────────────────────────────

  46) [chromium-mobile-390] › tests/e2e/wave-d-tournaments.spec.ts:19:7 › Wave D tournament single_elimination/3 roster, seed edit, complete and results 

    Error: browserType.launch: Target page, context or browser has been closed
    Browser logs:

    <launching> /Users/liubavskii/Library/Caches/ms-playwright/chromium_headless_shell-1243/chrome-headless-shell-mac-arm64/chrome-headless-shell --disable-field-trial-config --disable-background-networking --disable-background-timer-throttling --disable-backgrounding-occluded-windows --disable-back-forward-cache --disable-breakpad --disable-client-side-phishing-detection --disable-component-extensions-with-background-pages --disable-component-update --no-default-browser-check --disable-default-apps --disable-dev-shm-usage --disable-edgeupdater --disable-extensions --disable-features=AvoidUnnecessaryBeforeUnloadCheckSync,DestroyProfileOnBrowserClose,DialMediaRouteProvider,GlobalMediaControls,HttpsUpgrades,LensOverlay,MediaRouter,PaintHolding,ThirdPartyStoragePartitioning,BlockOriginHeaderModificationOnRedirect,Translate,AutoDeElevate,OptimizationHints,msForceBrowserSignIn,msEdgeUpdateLaunchServicesPreferredVersion --enable-features=CDPScreenshotNewSurface --allow-pre-commit-input --disable-hang-monitor --disable-ipc-flooding-protection --disable-popup-blocking --disable-prompt-on-repost --disable-renderer-backgrounding --disable-updater-scheduler --force-color-profile=srgb --metrics-recording-only --no-first-run --password-store=basic --use-mock-keychain --no-service-autorun --export-tagged-pdf --disable-search-engine-choice-screen --unsafely-disable-devtools-self-xss-warnings --edge-skip-compat-layer-relaunch --disable-infobars --disable-search-engine-choice-screen --disable-sync --enable-unsafe-swiftshader --headless --hide-scrollbars --mute-audio --blink-settings=primaryHoverType=2,availableHoverTypes=2,primaryPointerType=4,availablePointerTypes=4 --no-sandbox --user-data-dir=/var/folders/9c/gv6xyvzs3nn2yb2pnl0j00zr0000gn/T/playwright_chromiumdev_profile-JgUW2f --remote-debugging-pipe --no-startup-window
    <launched> pid=9972
    [pid=9972][err] [0919/031202.169339:ERROR:base/power_monitor/thermal_state_observer_mac.mm:140] ThermalStateObserverMac unable to register to power notifications. Result: 9
    [pid=9972][err] [0919/031202.171601:ERROR:net/dns/dns_config_service_posix.cc:138] DNS config watch failed to start.
    [pid=9972][err] [0919/031202.172447:FATAL:base/apple/mach_port_rendezvous_mac.cc:159] Check failed: kr == KERN_SUCCESS. bootstrap_check_in org.chromium.Chromium.MachPortRendezvousServer.9972: Permission denied (1100)
    Call log:
      - <launching> /Users/liubavskii/Library/Caches/ms-playwright/chromium_headless_shell-1243/chrome-headless-shell-mac-arm64/chrome-headless-shell --disable-field-trial-config --disable-background-networking --disable-background-timer-throttling --disable-backgrounding-occluded-windows --disable-back-forward-cache --disable-breakpad --disable-client-side-phishing-detection --disable-component-extensions-with-background-pages --disable-component-update --no-default-browser-check --disable-default-apps --disable-dev-shm-usage --disable-edgeupdater --disable-extensions --disable-features=AvoidUnnecessaryBeforeUnloadCheckSync,DestroyProfileOnBrowserClose,DialMediaRouteProvider,GlobalMediaControls,HttpsUpgrades,LensOverlay,MediaRouter,PaintHolding,ThirdPartyStoragePartitioning,BlockOriginHeaderModificationOnRedirect,Translate,AutoDeElevate,OptimizationHints,msForceBrowserSignIn,msEdgeUpdateLaunchServicesPreferredVersion --enable-features=CDPScreenshotNewSurface --allow-pre-commit-input --disable-hang-monitor --disable-ipc-flooding-protection --disable-popup-blocking --disable-prompt-on-repost --disable-renderer-backgrounding --disable-updater-scheduler --force-color-profile=srgb --metrics-recording-only --no-first-run --password-store=basic --use-mock-keychain --no-service-autorun --export-tagged-pdf --disable-search-engine-choice-screen --unsafely-disable-devtools-self-xss-warnings --edge-skip-compat-layer-relaunch --disable-infobars --disable-search-engine-choice-screen --disable-sync --enable-unsafe-swiftshader --headless --hide-scrollbars --mute-audio --blink-settings=primaryHoverType=2,availableHoverTypes=2,primaryPointerType=4,availablePointerTypes=4 --no-sandbox --user-data-dir=/var/folders/9c/gv6xyvzs3nn2yb2pnl0j00zr0000gn/T/playwright_chromiumdev_profile-JgUW2f --remote-debugging-pipe --no-startup-window
      - <launched> pid=9972
      - [pid=9972][err] [0919/031202.169339:ERROR:base/power_monitor/thermal_state_observer_mac.mm:140] ThermalStateObserverMac unable to register to power notifications. Result: 9
      - [pid=9972][err] [0919/031202.171601:ERROR:net/dns/dns_config_service_posix.cc:138] DNS config watch failed to start.
      - [pid=9972][err] [0919/031202.172447:FATAL:base/apple/mach_port_rendezvous_mac.cc:159] Check failed: kr == KERN_SUCCESS. bootstrap_check_in org.chromium.Chromium.MachPortRendezvousServer.9972: Permission denied (1100)
      - [pid=9972] <gracefully close start>
      - [pid=9972] <kill>
      - [pid=9972] <will force kill>
      - [pid=9972] exception while trying to kill process: Error: kill EPERM
      - [pid=9972] <process did exit: exitCode=null, signal=SIGTRAP>
      - [pid=9972] starting temporary directories cleanup
      - [pid=9972] finished temporary directories cleanup
      - [pid=9972] <gracefully close end>


    Error Context: ../../../../../../private/tmp/tab10-stage3-aggregate-ci-j6WviZ/browser-prodlike/playwright-output/wave-d-tournaments-Wave-D--fbd55-d-edit-complete-and-results-chromium-mobile-390/error-context.md

    attachment #2: trace (application/zip) ─────────────────────────────────────────────────────────
    ../../../../../../private/tmp/tab10-stage3-aggregate-ci-j6WviZ/browser-prodlike/playwright-output/wave-d-tournaments-Wave-D--fbd55-d-edit-complete-and-results-chromium-mobile-390/trace.zip
    Usage:

        pnpm exec playwright show-trace ../../../../../../private/tmp/tab10-stage3-aggregate-ci-j6WviZ/browser-prodlike/playwright-output/wave-d-tournaments-Wave-D--fbd55-d-edit-complete-and-results-chromium-mobile-390/trace.zip

    ────────────────────────────────────────────────────────────────────────────────────────────────

  47) [chromium-mobile-390] › tests/e2e/wave-d-tournaments.spec.ts:19:7 › Wave D tournament single_elimination/5 roster, seed edit, complete and results 

    Error: browserType.launch: Target page, context or browser has been closed
    Browser logs:

    <launching> /Users/liubavskii/Library/Caches/ms-playwright/chromium_headless_shell-1243/chrome-headless-shell-mac-arm64/chrome-headless-shell --disable-field-trial-config --disable-background-networking --disable-background-timer-throttling --disable-backgrounding-occluded-windows --disable-back-forward-cache --disable-breakpad --disable-client-side-phishing-detection --disable-component-extensions-with-background-pages --disable-component-update --no-default-browser-check --disable-default-apps --disable-dev-shm-usage --disable-edgeupdater --disable-extensions --disable-features=AvoidUnnecessaryBeforeUnloadCheckSync,DestroyProfileOnBrowserClose,DialMediaRouteProvider,GlobalMediaControls,HttpsUpgrades,LensOverlay,MediaRouter,PaintHolding,ThirdPartyStoragePartitioning,BlockOriginHeaderModificationOnRedirect,Translate,AutoDeElevate,OptimizationHints,msForceBrowserSignIn,msEdgeUpdateLaunchServicesPreferredVersion --enable-features=CDPScreenshotNewSurface --allow-pre-commit-input --disable-hang-monitor --disable-ipc-flooding-protection --disable-popup-blocking --disable-prompt-on-repost --disable-renderer-backgrounding --disable-updater-scheduler --force-color-profile=srgb --metrics-recording-only --no-first-run --password-store=basic --use-mock-keychain --no-service-autorun --export-tagged-pdf --disable-search-engine-choice-screen --unsafely-disable-devtools-self-xss-warnings --edge-skip-compat-layer-relaunch --disable-infobars --disable-search-engine-choice-screen --disable-sync --enable-unsafe-swiftshader --headless --hide-scrollbars --mute-audio --blink-settings=primaryHoverType=2,availableHoverTypes=2,primaryPointerType=4,availablePointerTypes=4 --no-sandbox --user-data-dir=/var/folders/9c/gv6xyvzs3nn2yb2pnl0j00zr0000gn/T/playwright_chromiumdev_profile-6nDyQ3 --remote-debugging-pipe --no-startup-window
    <launched> pid=9974
    [pid=9974][err] [0919/031202.735966:ERROR:base/power_monitor/thermal_state_observer_mac.mm:140] ThermalStateObserverMac unable to register to power notifications. Result: 9
    [pid=9974][err] [0919/031202.737667:ERROR:net/dns/dns_config_service_posix.cc:138] DNS config watch failed to start.
    [pid=9974][err] [0919/031202.738203:FATAL:base/apple/mach_port_rendezvous_mac.cc:159] Check failed: kr == KERN_SUCCESS. bootstrap_check_in org.chromium.Chromium.MachPortRendezvousServer.9974: Permission denied (1100)
    [pid=9974] <process did exit: exitCode=null, signal=SIGTRAP>
    [pid=9974] starting temporary directories cleanup
    Call log:
      - <launching> /Users/liubavskii/Library/Caches/ms-playwright/chromium_headless_shell-1243/chrome-headless-shell-mac-arm64/chrome-headless-shell --disable-field-trial-config --disable-background-networking --disable-background-timer-throttling --disable-backgrounding-occluded-windows --disable-back-forward-cache --disable-breakpad --disable-client-side-phishing-detection --disable-component-extensions-with-background-pages --disable-component-update --no-default-browser-check --disable-default-apps --disable-dev-shm-usage --disable-edgeupdater --disable-extensions --disable-features=AvoidUnnecessaryBeforeUnloadCheckSync,DestroyProfileOnBrowserClose,DialMediaRouteProvider,GlobalMediaControls,HttpsUpgrades,LensOverlay,MediaRouter,PaintHolding,ThirdPartyStoragePartitioning,BlockOriginHeaderModificationOnRedirect,Translate,AutoDeElevate,OptimizationHints,msForceBrowserSignIn,msEdgeUpdateLaunchServicesPreferredVersion --enable-features=CDPScreenshotNewSurface --allow-pre-commit-input --disable-hang-monitor --disable-ipc-flooding-protection --disable-popup-blocking --disable-prompt-on-repost --disable-renderer-backgrounding --disable-updater-scheduler --force-color-profile=srgb --metrics-recording-only --no-first-run --password-store=basic --use-mock-keychain --no-service-autorun --export-tagged-pdf --disable-search-engine-choice-screen --unsafely-disable-devtools-self-xss-warnings --edge-skip-compat-layer-relaunch --disable-infobars --disable-search-engine-choice-screen --disable-sync --enable-unsafe-swiftshader --headless --hide-scrollbars --mute-audio --blink-settings=primaryHoverType=2,availableHoverTypes=2,primaryPointerType=4,availablePointerTypes=4 --no-sandbox --user-data-dir=/var/folders/9c/gv6xyvzs3nn2yb2pnl0j00zr0000gn/T/playwright_chromiumdev_profile-6nDyQ3 --remote-debugging-pipe --no-startup-window
      - <launched> pid=9974
      - [pid=9974][err] [0919/031202.735966:ERROR:base/power_monitor/thermal_state_observer_mac.mm:140] ThermalStateObserverMac unable to register to power notifications. Result: 9
      - [pid=9974][err] [0919/031202.737667:ERROR:net/dns/dns_config_service_posix.cc:138] DNS config watch failed to start.
      - [pid=9974][err] [0919/031202.738203:FATAL:base/apple/mach_port_rendezvous_mac.cc:159] Check failed: kr == KERN_SUCCESS. bootstrap_check_in org.chromium.Chromium.MachPortRendezvousServer.9974: Permission denied (1100)
      - [pid=9974] <process did exit: exitCode=null, signal=SIGTRAP>
      - [pid=9974] starting temporary directories cleanup
      - [pid=9974] <gracefully close start>
      - [pid=9974] <kill>
      - [pid=9974] <skipped force kill spawnedProcess.killed=false processClosed=true>
      - [pid=9974] finished temporary directories cleanup
      - [pid=9974] <gracefully close end>


    Error Context: ../../../../../../private/tmp/tab10-stage3-aggregate-ci-j6WviZ/browser-prodlike/playwright-output/wave-d-tournaments-Wave-D--7537f-d-edit-complete-and-results-chromium-mobile-390/error-context.md

    attachment #2: trace (application/zip) ─────────────────────────────────────────────────────────
    ../../../../../../private/tmp/tab10-stage3-aggregate-ci-j6WviZ/browser-prodlike/playwright-output/wave-d-tournaments-Wave-D--7537f-d-edit-complete-and-results-chromium-mobile-390/trace.zip
    Usage:

        pnpm exec playwright show-trace ../../../../../../private/tmp/tab10-stage3-aggregate-ci-j6WviZ/browser-prodlike/playwright-output/wave-d-tournaments-Wave-D--7537f-d-edit-complete-and-results-chromium-mobile-390/trace.zip

    ────────────────────────────────────────────────────────────────────────────────────────────────

  48) [chromium-mobile-390] › tests/e2e/wave-d-tournaments.spec.ts:19:7 › Wave D tournament single_elimination/8 roster, seed edit, complete and results 

    Error: browserType.launch: Target page, context or browser has been closed
    Browser logs:

    <launching> /Users/liubavskii/Library/Caches/ms-playwright/chromium_headless_shell-1243/chrome-headless-shell-mac-arm64/chrome-headless-shell --disable-field-trial-config --disable-background-networking --disable-background-timer-throttling --disable-backgrounding-occluded-windows --disable-back-forward-cache --disable-breakpad --disable-client-side-phishing-detection --disable-component-extensions-with-background-pages --disable-component-update --no-default-browser-check --disable-default-apps --disable-dev-shm-usage --disable-edgeupdater --disable-extensions --disable-features=AvoidUnnecessaryBeforeUnloadCheckSync,DestroyProfileOnBrowserClose,DialMediaRouteProvider,GlobalMediaControls,HttpsUpgrades,LensOverlay,MediaRouter,PaintHolding,ThirdPartyStoragePartitioning,BlockOriginHeaderModificationOnRedirect,Translate,AutoDeElevate,OptimizationHints,msForceBrowserSignIn,msEdgeUpdateLaunchServicesPreferredVersion --enable-features=CDPScreenshotNewSurface --allow-pre-commit-input --disable-hang-monitor --disable-ipc-flooding-protection --disable-popup-blocking --disable-prompt-on-repost --disable-renderer-backgrounding --disable-updater-scheduler --force-color-profile=srgb --metrics-recording-only --no-first-run --password-store=basic --use-mock-keychain --no-service-autorun --export-tagged-pdf --disable-search-engine-choice-screen --unsafely-disable-devtools-self-xss-warnings --edge-skip-compat-layer-relaunch --disable-infobars --disable-search-engine-choice-screen --disable-sync --enable-unsafe-swiftshader --headless --hide-scrollbars --mute-audio --blink-settings=primaryHoverType=2,availableHoverTypes=2,primaryPointerType=4,availablePointerTypes=4 --no-sandbox --user-data-dir=/var/folders/9c/gv6xyvzs3nn2yb2pnl0j00zr0000gn/T/playwright_chromiumdev_profile-lp4YQY --remote-debugging-pipe --no-startup-window
    <launched> pid=9976
    [pid=9976][err] [0919/031203.301239:ERROR:base/power_monitor/thermal_state_observer_mac.mm:140] ThermalStateObserverMac unable to register to power notifications. Result: 9
    [pid=9976][err] [0919/031203.302737:ERROR:net/dns/dns_config_service_posix.cc:138] DNS config watch failed to start.
    [pid=9976][err] [0919/031203.303221:FATAL:base/apple/mach_port_rendezvous_mac.cc:159] Check failed: kr == KERN_SUCCESS. bootstrap_check_in org.chromium.Chromium.MachPortRendezvousServer.9976: Permission denied (1100)
    [pid=9976] <process did exit: exitCode=null, signal=SIGTRAP>
    [pid=9976] starting temporary directories cleanup
    Call log:
      - <launching> /Users/liubavskii/Library/Caches/ms-playwright/chromium_headless_shell-1243/chrome-headless-shell-mac-arm64/chrome-headless-shell --disable-field-trial-config --disable-background-networking --disable-background-timer-throttling --disable-backgrounding-occluded-windows --disable-back-forward-cache --disable-breakpad --disable-client-side-phishing-detection --disable-component-extensions-with-background-pages --disable-component-update --no-default-browser-check --disable-default-apps --disable-dev-shm-usage --disable-edgeupdater --disable-extensions --disable-features=AvoidUnnecessaryBeforeUnloadCheckSync,DestroyProfileOnBrowserClose,DialMediaRouteProvider,GlobalMediaControls,HttpsUpgrades,LensOverlay,MediaRouter,PaintHolding,ThirdPartyStoragePartitioning,BlockOriginHeaderModificationOnRedirect,Translate,AutoDeElevate,OptimizationHints,msForceBrowserSignIn,msEdgeUpdateLaunchServicesPreferredVersion --enable-features=CDPScreenshotNewSurface --allow-pre-commit-input --disable-hang-monitor --disable-ipc-flooding-protection --disable-popup-blocking --disable-prompt-on-repost --disable-renderer-backgrounding --disable-updater-scheduler --force-color-profile=srgb --metrics-recording-only --no-first-run --password-store=basic --use-mock-keychain --no-service-autorun --export-tagged-pdf --disable-search-engine-choice-screen --unsafely-disable-devtools-self-xss-warnings --edge-skip-compat-layer-relaunch --disable-infobars --disable-search-engine-choice-screen --disable-sync --enable-unsafe-swiftshader --headless --hide-scrollbars --mute-audio --blink-settings=primaryHoverType=2,availableHoverTypes=2,primaryPointerType=4,availablePointerTypes=4 --no-sandbox --user-data-dir=/var/folders/9c/gv6xyvzs3nn2yb2pnl0j00zr0000gn/T/playwright_chromiumdev_profile-lp4YQY --remote-debugging-pipe --no-startup-window
      - <launched> pid=9976
      - [pid=9976][err] [0919/031203.301239:ERROR:base/power_monitor/thermal_state_observer_mac.mm:140] ThermalStateObserverMac unable to register to power notifications. Result: 9
      - [pid=9976][err] [0919/031203.302737:ERROR:net/dns/dns_config_service_posix.cc:138] DNS config watch failed to start.
      - [pid=9976][err] [0919/031203.303221:FATAL:base/apple/mach_port_rendezvous_mac.cc:159] Check failed: kr == KERN_SUCCESS. bootstrap_check_in org.chromium.Chromium.MachPortRendezvousServer.9976: Permission denied (1100)
      - [pid=9976] <process did exit: exitCode=null, signal=SIGTRAP>
      - [pid=9976] starting temporary directories cleanup
      - [pid=9976] <gracefully close start>
      - [pid=9976] <kill>
      - [pid=9976] <skipped force kill spawnedProcess.killed=false processClosed=true>
      - [pid=9976] finished temporary directories cleanup
      - [pid=9976] <gracefully close end>


    Error Context: ../../../../../../private/tmp/tab10-stage3-aggregate-ci-j6WviZ/browser-prodlike/playwright-output/wave-d-tournaments-Wave-D--16223-d-edit-complete-and-results-chromium-mobile-390/error-context.md

    attachment #2: trace (application/zip) ─────────────────────────────────────────────────────────
    ../../../../../../private/tmp/tab10-stage3-aggregate-ci-j6WviZ/browser-prodlike/playwright-output/wave-d-tournaments-Wave-D--16223-d-edit-complete-and-results-chromium-mobile-390/trace.zip
    Usage:

        pnpm exec playwright show-trace ../../../../../../private/tmp/tab10-stage3-aggregate-ci-j6WviZ/browser-prodlike/playwright-output/wave-d-tournaments-Wave-D--16223-d-edit-complete-and-results-chromium-mobile-390/trace.zip

    ────────────────────────────────────────────────────────────────────────────────────────────────

  49) [chromium-mobile-390] › tests/e2e/wave-d-tournaments.spec.ts:19:7 › Wave D tournament double_elimination/3 roster, seed edit, complete and results 

    Error: browserType.launch: Target page, context or browser has been closed
    Browser logs:

    <launching> /Users/liubavskii/Library/Caches/ms-playwright/chromium_headless_shell-1243/chrome-headless-shell-mac-arm64/chrome-headless-shell --disable-field-trial-config --disable-background-networking --disable-background-timer-throttling --disable-backgrounding-occluded-windows --disable-back-forward-cache --disable-breakpad --disable-client-side-phishing-detection --disable-component-extensions-with-background-pages --disable-component-update --no-default-browser-check --disable-default-apps --disable-dev-shm-usage --disable-edgeupdater --disable-extensions --disable-features=AvoidUnnecessaryBeforeUnloadCheckSync,DestroyProfileOnBrowserClose,DialMediaRouteProvider,GlobalMediaControls,HttpsUpgrades,LensOverlay,MediaRouter,PaintHolding,ThirdPartyStoragePartitioning,BlockOriginHeaderModificationOnRedirect,Translate,AutoDeElevate,OptimizationHints,msForceBrowserSignIn,msEdgeUpdateLaunchServicesPreferredVersion --enable-features=CDPScreenshotNewSurface --allow-pre-commit-input --disable-hang-monitor --disable-ipc-flooding-protection --disable-popup-blocking --disable-prompt-on-repost --disable-renderer-backgrounding --disable-updater-scheduler --force-color-profile=srgb --metrics-recording-only --no-first-run --password-store=basic --use-mock-keychain --no-service-autorun --export-tagged-pdf --disable-search-engine-choice-screen --unsafely-disable-devtools-self-xss-warnings --edge-skip-compat-layer-relaunch --disable-infobars --disable-search-engine-choice-screen --disable-sync --enable-unsafe-swiftshader --headless --hide-scrollbars --mute-audio --blink-settings=primaryHoverType=2,availableHoverTypes=2,primaryPointerType=4,availablePointerTypes=4 --no-sandbox --user-data-dir=/var/folders/9c/gv6xyvzs3nn2yb2pnl0j00zr0000gn/T/playwright_chromiumdev_profile-YFWrAq --remote-debugging-pipe --no-startup-window
    <launched> pid=9980
    [pid=9980][err] [0919/031203.860232:ERROR:base/power_monitor/thermal_state_observer_mac.mm:140] ThermalStateObserverMac unable to register to power notifications. Result: 9
    [pid=9980][err] [0919/031203.862061:ERROR:net/dns/dns_config_service_posix.cc:138] DNS config watch failed to start.
    [pid=9980][err] [0919/031203.862572:FATAL:base/apple/mach_port_rendezvous_mac.cc:159] Check failed: kr == KERN_SUCCESS. bootstrap_check_in org.chromium.Chromium.MachPortRendezvousServer.9980: Permission denied (1100)
    [pid=9980] <process did exit: exitCode=null, signal=SIGTRAP>
    [pid=9980] starting temporary directories cleanup
    Call log:
      - <launching> /Users/liubavskii/Library/Caches/ms-playwright/chromium_headless_shell-1243/chrome-headless-shell-mac-arm64/chrome-headless-shell --disable-field-trial-config --disable-background-networking --disable-background-timer-throttling --disable-backgrounding-occluded-windows --disable-back-forward-cache --disable-breakpad --disable-client-side-phishing-detection --disable-component-extensions-with-background-pages --disable-component-update --no-default-browser-check --disable-default-apps --disable-dev-shm-usage --disable-edgeupdater --disable-extensions --disable-features=AvoidUnnecessaryBeforeUnloadCheckSync,DestroyProfileOnBrowserClose,DialMediaRouteProvider,GlobalMediaControls,HttpsUpgrades,LensOverlay,MediaRouter,PaintHolding,ThirdPartyStoragePartitioning,BlockOriginHeaderModificationOnRedirect,Translate,AutoDeElevate,OptimizationHints,msForceBrowserSignIn,msEdgeUpdateLaunchServicesPreferredVersion --enable-features=CDPScreenshotNewSurface --allow-pre-commit-input --disable-hang-monitor --disable-ipc-flooding-protection --disable-popup-blocking --disable-prompt-on-repost --disable-renderer-backgrounding --disable-updater-scheduler --force-color-profile=srgb --metrics-recording-only --no-first-run --password-store=basic --use-mock-keychain --no-service-autorun --export-tagged-pdf --disable-search-engine-choice-screen --unsafely-disable-devtools-self-xss-warnings --edge-skip-compat-layer-relaunch --disable-infobars --disable-search-engine-choice-screen --disable-sync --enable-unsafe-swiftshader --headless --hide-scrollbars --mute-audio --blink-settings=primaryHoverType=2,availableHoverTypes=2,primaryPointerType=4,availablePointerTypes=4 --no-sandbox --user-data-dir=/var/folders/9c/gv6xyvzs3nn2yb2pnl0j00zr0000gn/T/playwright_chromiumdev_profile-YFWrAq --remote-debugging-pipe --no-startup-window
      - <launched> pid=9980
      - [pid=9980][err] [0919/031203.860232:ERROR:base/power_monitor/thermal_state_observer_mac.mm:140] ThermalStateObserverMac unable to register to power notifications. Result: 9
      - [pid=9980][err] [0919/031203.862061:ERROR:net/dns/dns_config_service_posix.cc:138] DNS config watch failed to start.
      - [pid=9980][err] [0919/031203.862572:FATAL:base/apple/mach_port_rendezvous_mac.cc:159] Check failed: kr == KERN_SUCCESS. bootstrap_check_in org.chromium.Chromium.MachPortRendezvousServer.9980: Permission denied (1100)
      - [pid=9980] <process did exit: exitCode=null, signal=SIGTRAP>
      - [pid=9980] starting temporary directories cleanup
      - [pid=9980] <gracefully close start>
      - [pid=9980] <kill>
      - [pid=9980] <skipped force kill spawnedProcess.killed=false processClosed=true>
      - [pid=9980] finished temporary directories cleanup
      - [pid=9980] <gracefully close end>


    Error Context: ../../../../../../private/tmp/tab10-stage3-aggregate-ci-j6WviZ/browser-prodlike/playwright-output/wave-d-tournaments-Wave-D--f8e27-d-edit-complete-and-results-chromium-mobile-390/error-context.md

    attachment #2: trace (application/zip) ─────────────────────────────────────────────────────────
    ../../../../../../private/tmp/tab10-stage3-aggregate-ci-j6WviZ/browser-prodlike/playwright-output/wave-d-tournaments-Wave-D--f8e27-d-edit-complete-and-results-chromium-mobile-390/trace.zip
    Usage:

        pnpm exec playwright show-trace ../../../../../../private/tmp/tab10-stage3-aggregate-ci-j6WviZ/browser-prodlike/playwright-output/wave-d-tournaments-Wave-D--f8e27-d-edit-complete-and-results-chromium-mobile-390/trace.zip

    ────────────────────────────────────────────────────────────────────────────────────────────────

  50) [chromium-mobile-390] › tests/e2e/wave-d-tournaments.spec.ts:19:7 › Wave D tournament double_elimination/5 roster, seed edit, complete and results 

    Error: browserType.launch: Target page, context or browser has been closed
    Browser logs:

    <launching> /Users/liubavskii/Library/Caches/ms-playwright/chromium_headless_shell-1243/chrome-headless-shell-mac-arm64/chrome-headless-shell --disable-field-trial-config --disable-background-networking --disable-background-timer-throttling --disable-backgrounding-occluded-windows --disable-back-forward-cache --disable-breakpad --disable-client-side-phishing-detection --disable-component-extensions-with-background-pages --disable-component-update --no-default-browser-check --disable-default-apps --disable-dev-shm-usage --disable-edgeupdater --disable-extensions --disable-features=AvoidUnnecessaryBeforeUnloadCheckSync,DestroyProfileOnBrowserClose,DialMediaRouteProvider,GlobalMediaControls,HttpsUpgrades,LensOverlay,MediaRouter,PaintHolding,ThirdPartyStoragePartitioning,BlockOriginHeaderModificationOnRedirect,Translate,AutoDeElevate,OptimizationHints,msForceBrowserSignIn,msEdgeUpdateLaunchServicesPreferredVersion --enable-features=CDPScreenshotNewSurface --allow-pre-commit-input --disable-hang-monitor --disable-ipc-flooding-protection --disable-popup-blocking --disable-prompt-on-repost --disable-renderer-backgrounding --disable-updater-scheduler --force-color-profile=srgb --metrics-recording-only --no-first-run --password-store=basic --use-mock-keychain --no-service-autorun --export-tagged-pdf --disable-search-engine-choice-screen --unsafely-disable-devtools-self-xss-warnings --edge-skip-compat-layer-relaunch --disable-infobars --disable-search-engine-choice-screen --disable-sync --enable-unsafe-swiftshader --headless --hide-scrollbars --mute-audio --blink-settings=primaryHoverType=2,availableHoverTypes=2,primaryPointerType=4,availablePointerTypes=4 --no-sandbox --user-data-dir=/var/folders/9c/gv6xyvzs3nn2yb2pnl0j00zr0000gn/T/playwright_chromiumdev_profile-6tadBi --remote-debugging-pipe --no-startup-window
    <launched> pid=9982
    [pid=9982][err] [0919/031204.425953:ERROR:base/power_monitor/thermal_state_observer_mac.mm:140] ThermalStateObserverMac unable to register to power notifications. Result: 9
    [pid=9982][err] [0919/031204.427731:ERROR:net/dns/dns_config_service_posix.cc:138] DNS config watch failed to start.
    [pid=9982][err] [0919/031204.428360:FATAL:base/apple/mach_port_rendezvous_mac.cc:159] Check failed: kr == KERN_SUCCESS. bootstrap_check_in org.chromium.Chromium.MachPortRendezvousServer.9982: Permission denied (1100)
    [pid=9982] <process did exit: exitCode=null, signal=SIGTRAP>
    [pid=9982] starting temporary directories cleanup
    Call log:
      - <launching> /Users/liubavskii/Library/Caches/ms-playwright/chromium_headless_shell-1243/chrome-headless-shell-mac-arm64/chrome-headless-shell --disable-field-trial-config --disable-background-networking --disable-background-timer-throttling --disable-backgrounding-occluded-windows --disable-back-forward-cache --disable-breakpad --disable-client-side-phishing-detection --disable-component-extensions-with-background-pages --disable-component-update --no-default-browser-check --disable-default-apps --disable-dev-shm-usage --disable-edgeupdater --disable-extensions --disable-features=AvoidUnnecessaryBeforeUnloadCheckSync,DestroyProfileOnBrowserClose,DialMediaRouteProvider,GlobalMediaControls,HttpsUpgrades,LensOverlay,MediaRouter,PaintHolding,ThirdPartyStoragePartitioning,BlockOriginHeaderModificationOnRedirect,Translate,AutoDeElevate,OptimizationHints,msForceBrowserSignIn,msEdgeUpdateLaunchServicesPreferredVersion --enable-features=CDPScreenshotNewSurface --allow-pre-commit-input --disable-hang-monitor --disable-ipc-flooding-protection --disable-popup-blocking --disable-prompt-on-repost --disable-renderer-backgrounding --disable-updater-scheduler --force-color-profile=srgb --metrics-recording-only --no-first-run --password-store=basic --use-mock-keychain --no-service-autorun --export-tagged-pdf --disable-search-engine-choice-screen --unsafely-disable-devtools-self-xss-warnings --edge-skip-compat-layer-relaunch --disable-infobars --disable-search-engine-choice-screen --disable-sync --enable-unsafe-swiftshader --headless --hide-scrollbars --mute-audio --blink-settings=primaryHoverType=2,availableHoverTypes=2,primaryPointerType=4,availablePointerTypes=4 --no-sandbox --user-data-dir=/var/folders/9c/gv6xyvzs3nn2yb2pnl0j00zr0000gn/T/playwright_chromiumdev_profile-6tadBi --remote-debugging-pipe --no-startup-window
      - <launched> pid=9982
      - [pid=9982][err] [0919/031204.425953:ERROR:base/power_monitor/thermal_state_observer_mac.mm:140] ThermalStateObserverMac unable to register to power notifications. Result: 9
      - [pid=9982][err] [0919/031204.427731:ERROR:net/dns/dns_config_service_posix.cc:138] DNS config watch failed to start.
      - [pid=9982][err] [0919/031204.428360:FATAL:base/apple/mach_port_rendezvous_mac.cc:159] Check failed: kr == KERN_SUCCESS. bootstrap_check_in org.chromium.Chromium.MachPortRendezvousServer.9982: Permission denied (1100)
      - [pid=9982] <process did exit: exitCode=null, signal=SIGTRAP>
      - [pid=9982] starting temporary directories cleanup
      - [pid=9982] <gracefully close start>
      - [pid=9982] <kill>
      - [pid=9982] <skipped force kill spawnedProcess.killed=false processClosed=true>
      - [pid=9982] finished temporary directories cleanup
      - [pid=9982] <gracefully close end>


    Error Context: ../../../../../../private/tmp/tab10-stage3-aggregate-ci-j6WviZ/browser-prodlike/playwright-output/wave-d-tournaments-Wave-D--40b31-d-edit-complete-and-results-chromium-mobile-390/error-context.md

    attachment #2: trace (application/zip) ─────────────────────────────────────────────────────────
    ../../../../../../private/tmp/tab10-stage3-aggregate-ci-j6WviZ/browser-prodlike/playwright-output/wave-d-tournaments-Wave-D--40b31-d-edit-complete-and-results-chromium-mobile-390/trace.zip
    Usage:

        pnpm exec playwright show-trace ../../../../../../private/tmp/tab10-stage3-aggregate-ci-j6WviZ/browser-prodlike/playwright-output/wave-d-tournaments-Wave-D--40b31-d-edit-complete-and-results-chromium-mobile-390/trace.zip

    ────────────────────────────────────────────────────────────────────────────────────────────────

  51) [chromium-mobile-390] › tests/e2e/wave-d-tournaments.spec.ts:19:7 › Wave D tournament double_elimination/8 roster, seed edit, complete and results 

    Error: browserType.launch: Target page, context or browser has been closed
    Browser logs:

    <launching> /Users/liubavskii/Library/Caches/ms-playwright/chromium_headless_shell-1243/chrome-headless-shell-mac-arm64/chrome-headless-shell --disable-field-trial-config --disable-background-networking --disable-background-timer-throttling --disable-backgrounding-occluded-windows --disable-back-forward-cache --disable-breakpad --disable-client-side-phishing-detection --disable-component-extensions-with-background-pages --disable-component-update --no-default-browser-check --disable-default-apps --disable-dev-shm-usage --disable-edgeupdater --disable-extensions --disable-features=AvoidUnnecessaryBeforeUnloadCheckSync,DestroyProfileOnBrowserClose,DialMediaRouteProvider,GlobalMediaControls,HttpsUpgrades,LensOverlay,MediaRouter,PaintHolding,ThirdPartyStoragePartitioning,BlockOriginHeaderModificationOnRedirect,Translate,AutoDeElevate,OptimizationHints,msForceBrowserSignIn,msEdgeUpdateLaunchServicesPreferredVersion --enable-features=CDPScreenshotNewSurface --allow-pre-commit-input --disable-hang-monitor --disable-ipc-flooding-protection --disable-popup-blocking --disable-prompt-on-repost --disable-renderer-backgrounding --disable-updater-scheduler --force-color-profile=srgb --metrics-recording-only --no-first-run --password-store=basic --use-mock-keychain --no-service-autorun --export-tagged-pdf --disable-search-engine-choice-screen --unsafely-disable-devtools-self-xss-warnings --edge-skip-compat-layer-relaunch --disable-infobars --disable-search-engine-choice-screen --disable-sync --enable-unsafe-swiftshader --headless --hide-scrollbars --mute-audio --blink-settings=primaryHoverType=2,availableHoverTypes=2,primaryPointerType=4,availablePointerTypes=4 --no-sandbox --user-data-dir=/var/folders/9c/gv6xyvzs3nn2yb2pnl0j00zr0000gn/T/playwright_chromiumdev_profile-9aKQqe --remote-debugging-pipe --no-startup-window
    <launched> pid=9984
    [pid=9984][err] [0919/031204.985309:ERROR:base/power_monitor/thermal_state_observer_mac.mm:140] ThermalStateObserverMac unable to register to power notifications. Result: 9
    [pid=9984][err] [0919/031204.986839:ERROR:net/dns/dns_config_service_posix.cc:138] DNS config watch failed to start.
    [pid=9984][err] [0919/031204.987441:FATAL:base/apple/mach_port_rendezvous_mac.cc:159] Check failed: kr == KERN_SUCCESS. bootstrap_check_in org.chromium.Chromium.MachPortRendezvousServer.9984: Permission denied (1100)
    Call log:
      - <launching> /Users/liubavskii/Library/Caches/ms-playwright/chromium_headless_shell-1243/chrome-headless-shell-mac-arm64/chrome-headless-shell --disable-field-trial-config --disable-background-networking --disable-background-timer-throttling --disable-backgrounding-occluded-windows --disable-back-forward-cache --disable-breakpad --disable-client-side-phishing-detection --disable-component-extensions-with-background-pages --disable-component-update --no-default-browser-check --disable-default-apps --disable-dev-shm-usage --disable-edgeupdater --disable-extensions --disable-features=AvoidUnnecessaryBeforeUnloadCheckSync,DestroyProfileOnBrowserClose,DialMediaRouteProvider,GlobalMediaControls,HttpsUpgrades,LensOverlay,MediaRouter,PaintHolding,ThirdPartyStoragePartitioning,BlockOriginHeaderModificationOnRedirect,Translate,AutoDeElevate,OptimizationHints,msForceBrowserSignIn,msEdgeUpdateLaunchServicesPreferredVersion --enable-features=CDPScreenshotNewSurface --allow-pre-commit-input --disable-hang-monitor --disable-ipc-flooding-protection --disable-popup-blocking --disable-prompt-on-repost --disable-renderer-backgrounding --disable-updater-scheduler --force-color-profile=srgb --metrics-recording-only --no-first-run --password-store=basic --use-mock-keychain --no-service-autorun --export-tagged-pdf --disable-search-engine-choice-screen --unsafely-disable-devtools-self-xss-warnings --edge-skip-compat-layer-relaunch --disable-infobars --disable-search-engine-choice-screen --disable-sync --enable-unsafe-swiftshader --headless --hide-scrollbars --mute-audio --blink-settings=primaryHoverType=2,availableHoverTypes=2,primaryPointerType=4,availablePointerTypes=4 --no-sandbox --user-data-dir=/var/folders/9c/gv6xyvzs3nn2yb2pnl0j00zr0000gn/T/playwright_chromiumdev_profile-9aKQqe --remote-debugging-pipe --no-startup-window
      - <launched> pid=9984
      - [pid=9984][err] [0919/031204.985309:ERROR:base/power_monitor/thermal_state_observer_mac.mm:140] ThermalStateObserverMac unable to register to power notifications. Result: 9
      - [pid=9984][err] [0919/031204.986839:ERROR:net/dns/dns_config_service_posix.cc:138] DNS config watch failed to start.
      - [pid=9984][err] [0919/031204.987441:FATAL:base/apple/mach_port_rendezvous_mac.cc:159] Check failed: kr == KERN_SUCCESS. bootstrap_check_in org.chromium.Chromium.MachPortRendezvousServer.9984: Permission denied (1100)
      - [pid=9984] <gracefully close start>
      - [pid=9984] <kill>
      - [pid=9984] <will force kill>
      - [pid=9984] exception while trying to kill process: Error: kill EPERM
      - [pid=9984] <process did exit: exitCode=null, signal=SIGTRAP>
      - [pid=9984] starting temporary directories cleanup
      - [pid=9984] finished temporary directories cleanup
      - [pid=9984] <gracefully close end>


    Error Context: ../../../../../../private/tmp/tab10-stage3-aggregate-ci-j6WviZ/browser-prodlike/playwright-output/wave-d-tournaments-Wave-D--d5b59-d-edit-complete-and-results-chromium-mobile-390/error-context.md

    attachment #2: trace (application/zip) ─────────────────────────────────────────────────────────
    ../../../../../../private/tmp/tab10-stage3-aggregate-ci-j6WviZ/browser-prodlike/playwright-output/wave-d-tournaments-Wave-D--d5b59-d-edit-complete-and-results-chromium-mobile-390/trace.zip
    Usage:

        pnpm exec playwright show-trace ../../../../../../private/tmp/tab10-stage3-aggregate-ci-j6WviZ/browser-prodlike/playwright-output/wave-d-tournaments-Wave-D--d5b59-d-edit-complete-and-results-chromium-mobile-390/trace.zip

    ────────────────────────────────────────────────────────────────────────────────────────────────

  52) [chromium-mobile-390] › tests/e2e/wave-d-tournaments.spec.ts:103:5 › Wave D tournament invalidation, dissolve, cancel and reasoned stop 

    Error: browserType.launch: Target page, context or browser has been closed
    Browser logs:

    <launching> /Users/liubavskii/Library/Caches/ms-playwright/chromium_headless_shell-1243/chrome-headless-shell-mac-arm64/chrome-headless-shell --disable-field-trial-config --disable-background-networking --disable-background-timer-throttling --disable-backgrounding-occluded-windows --disable-back-forward-cache --disable-breakpad --disable-client-side-phishing-detection --disable-component-extensions-with-background-pages --disable-component-update --no-default-browser-check --disable-default-apps --disable-dev-shm-usage --disable-edgeupdater --disable-extensions --disable-features=AvoidUnnecessaryBeforeUnloadCheckSync,DestroyProfileOnBrowserClose,DialMediaRouteProvider,GlobalMediaControls,HttpsUpgrades,LensOverlay,MediaRouter,PaintHolding,ThirdPartyStoragePartitioning,BlockOriginHeaderModificationOnRedirect,Translate,AutoDeElevate,OptimizationHints,msForceBrowserSignIn,msEdgeUpdateLaunchServicesPreferredVersion --enable-features=CDPScreenshotNewSurface --allow-pre-commit-input --disable-hang-monitor --disable-ipc-flooding-protection --disable-popup-blocking --disable-prompt-on-repost --disable-renderer-backgrounding --disable-updater-scheduler --force-color-profile=srgb --metrics-recording-only --no-first-run --password-store=basic --use-mock-keychain --no-service-autorun --export-tagged-pdf --disable-search-engine-choice-screen --unsafely-disable-devtools-self-xss-warnings --edge-skip-compat-layer-relaunch --disable-infobars --disable-search-engine-choice-screen --disable-sync --enable-unsafe-swiftshader --headless --hide-scrollbars --mute-audio --blink-settings=primaryHoverType=2,availableHoverTypes=2,primaryPointerType=4,availablePointerTypes=4 --no-sandbox --user-data-dir=/var/folders/9c/gv6xyvzs3nn2yb2pnl0j00zr0000gn/T/playwright_chromiumdev_profile-zWqKZ8 --remote-debugging-pipe --no-startup-window
    <launched> pid=9987
    [pid=9987][err] [0919/031205.549209:ERROR:base/power_monitor/thermal_state_observer_mac.mm:140] ThermalStateObserverMac unable to register to power notifications. Result: 9
    [pid=9987][err] [0919/031205.551073:ERROR:net/dns/dns_config_service_posix.cc:138] DNS config watch failed to start.
    [pid=9987][err] [0919/031205.551623:FATAL:base/apple/mach_port_rendezvous_mac.cc:159] Check failed: kr == KERN_SUCCESS. bootstrap_check_in org.chromium.Chromium.MachPortRendezvousServer.9987: Permission denied (1100)
    [pid=9987] <process did exit: exitCode=null, signal=SIGTRAP>
    [pid=9987] starting temporary directories cleanup
    Call log:
      - <launching> /Users/liubavskii/Library/Caches/ms-playwright/chromium_headless_shell-1243/chrome-headless-shell-mac-arm64/chrome-headless-shell --disable-field-trial-config --disable-background-networking --disable-background-timer-throttling --disable-backgrounding-occluded-windows --disable-back-forward-cache --disable-breakpad --disable-client-side-phishing-detection --disable-component-extensions-with-background-pages --disable-component-update --no-default-browser-check --disable-default-apps --disable-dev-shm-usage --disable-edgeupdater --disable-extensions --disable-features=AvoidUnnecessaryBeforeUnloadCheckSync,DestroyProfileOnBrowserClose,DialMediaRouteProvider,GlobalMediaControls,HttpsUpgrades,LensOverlay,MediaRouter,PaintHolding,ThirdPartyStoragePartitioning,BlockOriginHeaderModificationOnRedirect,Translate,AutoDeElevate,OptimizationHints,msForceBrowserSignIn,msEdgeUpdateLaunchServicesPreferredVersion --enable-features=CDPScreenshotNewSurface --allow-pre-commit-input --disable-hang-monitor --disable-ipc-flooding-protection --disable-popup-blocking --disable-prompt-on-repost --disable-renderer-backgrounding --disable-updater-scheduler --force-color-profile=srgb --metrics-recording-only --no-first-run --password-store=basic --use-mock-keychain --no-service-autorun --export-tagged-pdf --disable-search-engine-choice-screen --unsafely-disable-devtools-self-xss-warnings --edge-skip-compat-layer-relaunch --disable-infobars --disable-search-engine-choice-screen --disable-sync --enable-unsafe-swiftshader --headless --hide-scrollbars --mute-audio --blink-settings=primaryHoverType=2,availableHoverTypes=2,primaryPointerType=4,availablePointerTypes=4 --no-sandbox --user-data-dir=/var/folders/9c/gv6xyvzs3nn2yb2pnl0j00zr0000gn/T/playwright_chromiumdev_profile-zWqKZ8 --remote-debugging-pipe --no-startup-window
      - <launched> pid=9987
      - [pid=9987][err] [0919/031205.549209:ERROR:base/power_monitor/thermal_state_observer_mac.mm:140] ThermalStateObserverMac unable to register to power notifications. Result: 9
      - [pid=9987][err] [0919/031205.551073:ERROR:net/dns/dns_config_service_posix.cc:138] DNS config watch failed to start.
      - [pid=9987][err] [0919/031205.551623:FATAL:base/apple/mach_port_rendezvous_mac.cc:159] Check failed: kr == KERN_SUCCESS. bootstrap_check_in org.chromium.Chromium.MachPortRendezvousServer.9987: Permission denied (1100)
      - [pid=9987] <process did exit: exitCode=null, signal=SIGTRAP>
      - [pid=9987] starting temporary directories cleanup
      - [pid=9987] <gracefully close start>
      - [pid=9987] <kill>
      - [pid=9987] <skipped force kill spawnedProcess.killed=false processClosed=true>
      - [pid=9987] finished temporary directories cleanup
      - [pid=9987] <gracefully close end>


    Error Context: ../../../../../../private/tmp/tab10-stage3-aggregate-ci-j6WviZ/browser-prodlike/playwright-output/wave-d-tournaments-Wave-D--548dd-ve-cancel-and-reasoned-stop-chromium-mobile-390/error-context.md

    attachment #2: trace (application/zip) ─────────────────────────────────────────────────────────
    ../../../../../../private/tmp/tab10-stage3-aggregate-ci-j6WviZ/browser-prodlike/playwright-output/wave-d-tournaments-Wave-D--548dd-ve-cancel-and-reasoned-stop-chromium-mobile-390/trace.zip
    Usage:

        pnpm exec playwright show-trace ../../../../../../private/tmp/tab10-stage3-aggregate-ci-j6WviZ/browser-prodlike/playwright-output/wave-d-tournaments-Wave-D--548dd-ve-cancel-and-reasoned-stop-chromium-mobile-390/trace.zip

    ────────────────────────────────────────────────────────────────────────────────────────────────

  53) [chromium-mobile-390] › tests/e2e/wave-e-admin.spec.ts:10:5 › Wave E ADM catalog, first login, profile, role and block lifecycle 

    Error: browserType.launch: Target page, context or browser has been closed
    Browser logs:

    <launching> /Users/liubavskii/Library/Caches/ms-playwright/chromium_headless_shell-1243/chrome-headless-shell-mac-arm64/chrome-headless-shell --disable-field-trial-config --disable-background-networking --disable-background-timer-throttling --disable-backgrounding-occluded-windows --disable-back-forward-cache --disable-breakpad --disable-client-side-phishing-detection --disable-component-extensions-with-background-pages --disable-component-update --no-default-browser-check --disable-default-apps --disable-dev-shm-usage --disable-edgeupdater --disable-extensions --disable-features=AvoidUnnecessaryBeforeUnloadCheckSync,DestroyProfileOnBrowserClose,DialMediaRouteProvider,GlobalMediaControls,HttpsUpgrades,LensOverlay,MediaRouter,PaintHolding,ThirdPartyStoragePartitioning,BlockOriginHeaderModificationOnRedirect,Translate,AutoDeElevate,OptimizationHints,msForceBrowserSignIn,msEdgeUpdateLaunchServicesPreferredVersion --enable-features=CDPScreenshotNewSurface --allow-pre-commit-input --disable-hang-monitor --disable-ipc-flooding-protection --disable-popup-blocking --disable-prompt-on-repost --disable-renderer-backgrounding --disable-updater-scheduler --force-color-profile=srgb --metrics-recording-only --no-first-run --password-store=basic --use-mock-keychain --no-service-autorun --export-tagged-pdf --disable-search-engine-choice-screen --unsafely-disable-devtools-self-xss-warnings --edge-skip-compat-layer-relaunch --disable-infobars --disable-search-engine-choice-screen --disable-sync --enable-unsafe-swiftshader --headless --hide-scrollbars --mute-audio --blink-settings=primaryHoverType=2,availableHoverTypes=2,primaryPointerType=4,availablePointerTypes=4 --no-sandbox --user-data-dir=/var/folders/9c/gv6xyvzs3nn2yb2pnl0j00zr0000gn/T/playwright_chromiumdev_profile-emmgni --remote-debugging-pipe --no-startup-window
    <launched> pid=9989
    [pid=9989][err] [0919/031206.131160:ERROR:base/power_monitor/thermal_state_observer_mac.mm:140] ThermalStateObserverMac unable to register to power notifications. Result: 9
    [pid=9989][err] [0919/031206.132741:ERROR:net/dns/dns_config_service_posix.cc:138] DNS config watch failed to start.
    [pid=9989][err] [0919/031206.133264:FATAL:base/apple/mach_port_rendezvous_mac.cc:159] Check failed: kr == KERN_SUCCESS. bootstrap_check_in org.chromium.Chromium.MachPortRendezvousServer.9989: Permission denied (1100)
    Call log:
      - <launching> /Users/liubavskii/Library/Caches/ms-playwright/chromium_headless_shell-1243/chrome-headless-shell-mac-arm64/chrome-headless-shell --disable-field-trial-config --disable-background-networking --disable-background-timer-throttling --disable-backgrounding-occluded-windows --disable-back-forward-cache --disable-breakpad --disable-client-side-phishing-detection --disable-component-extensions-with-background-pages --disable-component-update --no-default-browser-check --disable-default-apps --disable-dev-shm-usage --disable-edgeupdater --disable-extensions --disable-features=AvoidUnnecessaryBeforeUnloadCheckSync,DestroyProfileOnBrowserClose,DialMediaRouteProvider,GlobalMediaControls,HttpsUpgrades,LensOverlay,MediaRouter,PaintHolding,ThirdPartyStoragePartitioning,BlockOriginHeaderModificationOnRedirect,Translate,AutoDeElevate,OptimizationHints,msForceBrowserSignIn,msEdgeUpdateLaunchServicesPreferredVersion --enable-features=CDPScreenshotNewSurface --allow-pre-commit-input --disable-hang-monitor --disable-ipc-flooding-protection --disable-popup-blocking --disable-prompt-on-repost --disable-renderer-backgrounding --disable-updater-scheduler --force-color-profile=srgb --metrics-recording-only --no-first-run --password-store=basic --use-mock-keychain --no-service-autorun --export-tagged-pdf --disable-search-engine-choice-screen --unsafely-disable-devtools-self-xss-warnings --edge-skip-compat-layer-relaunch --disable-infobars --disable-search-engine-choice-screen --disable-sync --enable-unsafe-swiftshader --headless --hide-scrollbars --mute-audio --blink-settings=primaryHoverType=2,availableHoverTypes=2,primaryPointerType=4,availablePointerTypes=4 --no-sandbox --user-data-dir=/var/folders/9c/gv6xyvzs3nn2yb2pnl0j00zr0000gn/T/playwright_chromiumdev_profile-emmgni --remote-debugging-pipe --no-startup-window
      - <launched> pid=9989
      - [pid=9989][err] [0919/031206.131160:ERROR:base/power_monitor/thermal_state_observer_mac.mm:140] ThermalStateObserverMac unable to register to power notifications. Result: 9
      - [pid=9989][err] [0919/031206.132741:ERROR:net/dns/dns_config_service_posix.cc:138] DNS config watch failed to start.
      - [pid=9989][err] [0919/031206.133264:FATAL:base/apple/mach_port_rendezvous_mac.cc:159] Check failed: kr == KERN_SUCCESS. bootstrap_check_in org.chromium.Chromium.MachPortRendezvousServer.9989: Permission denied (1100)
      - [pid=9989] <gracefully close start>
      - [pid=9989] <kill>
      - [pid=9989] <will force kill>
      - [pid=9989] exception while trying to kill process: Error: kill EPERM
      - [pid=9989] <process did exit: exitCode=null, signal=SIGTRAP>
      - [pid=9989] starting temporary directories cleanup
      - [pid=9989] finished temporary directories cleanup
      - [pid=9989] <gracefully close end>


    Error Context: ../../../../../../private/tmp/tab10-stage3-aggregate-ci-j6WviZ/browser-prodlike/playwright-output/wave-e-admin-Wave-E-ADM-ca-0ec6e-le-role-and-block-lifecycle-chromium-mobile-390/error-context.md

    attachment #2: trace (application/zip) ─────────────────────────────────────────────────────────
    ../../../../../../private/tmp/tab10-stage3-aggregate-ci-j6WviZ/browser-prodlike/playwright-output/wave-e-admin-Wave-E-ADM-ca-0ec6e-le-role-and-block-lifecycle-chromium-mobile-390/trace.zip
    Usage:

        pnpm exec playwright show-trace ../../../../../../private/tmp/tab10-stage3-aggregate-ci-j6WviZ/browser-prodlike/playwright-output/wave-e-admin-Wave-E-ADM-ca-0ec6e-le-role-and-block-lifecycle-chromium-mobile-390/trace.zip

    ────────────────────────────────────────────────────────────────────────────────────────────────

  54) [chromium-mobile-390] › tests/e2e/wave-e-user.spec.ts:95:5 › GAP-012 operator creates A-vs-B, edits it and starts without player consent 

    Error: browserType.launch: Target page, context or browser has been closed
    Browser logs:

    <launching> /Users/liubavskii/Library/Caches/ms-playwright/chromium_headless_shell-1243/chrome-headless-shell-mac-arm64/chrome-headless-shell --disable-field-trial-config --disable-background-networking --disable-background-timer-throttling --disable-backgrounding-occluded-windows --disable-back-forward-cache --disable-breakpad --disable-client-side-phishing-detection --disable-component-extensions-with-background-pages --disable-component-update --no-default-browser-check --disable-default-apps --disable-dev-shm-usage --disable-edgeupdater --disable-extensions --disable-features=AvoidUnnecessaryBeforeUnloadCheckSync,DestroyProfileOnBrowserClose,DialMediaRouteProvider,GlobalMediaControls,HttpsUpgrades,LensOverlay,MediaRouter,PaintHolding,ThirdPartyStoragePartitioning,BlockOriginHeaderModificationOnRedirect,Translate,AutoDeElevate,OptimizationHints,msForceBrowserSignIn,msEdgeUpdateLaunchServicesPreferredVersion --enable-features=CDPScreenshotNewSurface --allow-pre-commit-input --disable-hang-monitor --disable-ipc-flooding-protection --disable-popup-blocking --disable-prompt-on-repost --disable-renderer-backgrounding --disable-updater-scheduler --force-color-profile=srgb --metrics-recording-only --no-first-run --password-store=basic --use-mock-keychain --no-service-autorun --export-tagged-pdf --disable-search-engine-choice-screen --unsafely-disable-devtools-self-xss-warnings --edge-skip-compat-layer-relaunch --disable-infobars --disable-search-engine-choice-screen --disable-sync --enable-unsafe-swiftshader --headless --hide-scrollbars --mute-audio --blink-settings=primaryHoverType=2,availableHoverTypes=2,primaryPointerType=4,availablePointerTypes=4 --no-sandbox --user-data-dir=/var/folders/9c/gv6xyvzs3nn2yb2pnl0j00zr0000gn/T/playwright_chromiumdev_profile-tdfhDd --remote-debugging-pipe --no-startup-window
    <launched> pid=9991
    [pid=9991][err] [0919/031206.713017:ERROR:base/power_monitor/thermal_state_observer_mac.mm:140] ThermalStateObserverMac unable to register to power notifications. Result: 9
    [pid=9991][err] [0919/031206.714695:ERROR:net/dns/dns_config_service_posix.cc:138] DNS config watch failed to start.
    [pid=9991][err] [0919/031206.715273:FATAL:base/apple/mach_port_rendezvous_mac.cc:159] Check failed: kr == KERN_SUCCESS. bootstrap_check_in org.chromium.Chromium.MachPortRendezvousServer.9991: Permission denied (1100)
    Call log:
      - <launching> /Users/liubavskii/Library/Caches/ms-playwright/chromium_headless_shell-1243/chrome-headless-shell-mac-arm64/chrome-headless-shell --disable-field-trial-config --disable-background-networking --disable-background-timer-throttling --disable-backgrounding-occluded-windows --disable-back-forward-cache --disable-breakpad --disable-client-side-phishing-detection --disable-component-extensions-with-background-pages --disable-component-update --no-default-browser-check --disable-default-apps --disable-dev-shm-usage --disable-edgeupdater --disable-extensions --disable-features=AvoidUnnecessaryBeforeUnloadCheckSync,DestroyProfileOnBrowserClose,DialMediaRouteProvider,GlobalMediaControls,HttpsUpgrades,LensOverlay,MediaRouter,PaintHolding,ThirdPartyStoragePartitioning,BlockOriginHeaderModificationOnRedirect,Translate,AutoDeElevate,OptimizationHints,msForceBrowserSignIn,msEdgeUpdateLaunchServicesPreferredVersion --enable-features=CDPScreenshotNewSurface --allow-pre-commit-input --disable-hang-monitor --disable-ipc-flooding-protection --disable-popup-blocking --disable-prompt-on-repost --disable-renderer-backgrounding --disable-updater-scheduler --force-color-profile=srgb --metrics-recording-only --no-first-run --password-store=basic --use-mock-keychain --no-service-autorun --export-tagged-pdf --disable-search-engine-choice-screen --unsafely-disable-devtools-self-xss-warnings --edge-skip-compat-layer-relaunch --disable-infobars --disable-search-engine-choice-screen --disable-sync --enable-unsafe-swiftshader --headless --hide-scrollbars --mute-audio --blink-settings=primaryHoverType=2,availableHoverTypes=2,primaryPointerType=4,availablePointerTypes=4 --no-sandbox --user-data-dir=/var/folders/9c/gv6xyvzs3nn2yb2pnl0j00zr0000gn/T/playwright_chromiumdev_profile-tdfhDd --remote-debugging-pipe --no-startup-window
      - <launched> pid=9991
      - [pid=9991][err] [0919/031206.713017:ERROR:base/power_monitor/thermal_state_observer_mac.mm:140] ThermalStateObserverMac unable to register to power notifications. Result: 9
      - [pid=9991][err] [0919/031206.714695:ERROR:net/dns/dns_config_service_posix.cc:138] DNS config watch failed to start.
      - [pid=9991][err] [0919/031206.715273:FATAL:base/apple/mach_port_rendezvous_mac.cc:159] Check failed: kr == KERN_SUCCESS. bootstrap_check_in org.chromium.Chromium.MachPortRendezvousServer.9991: Permission denied (1100)
      - [pid=9991] <gracefully close start>
      - [pid=9991] <kill>
      - [pid=9991] <will force kill>
      - [pid=9991] exception while trying to kill process: Error: kill EPERM
      - [pid=9991] <process did exit: exitCode=null, signal=SIGTRAP>
      - [pid=9991] starting temporary directories cleanup
      - [pid=9991] finished temporary directories cleanup
      - [pid=9991] <gracefully close end>


    Error Context: ../../../../../../private/tmp/tab10-stage3-aggregate-ci-j6WviZ/browser-prodlike/playwright-output/wave-e-user-GAP-012-operat-b890e-arts-without-player-consent-chromium-mobile-390/error-context.md

    attachment #2: trace (application/zip) ─────────────────────────────────────────────────────────
    ../../../../../../private/tmp/tab10-stage3-aggregate-ci-j6WviZ/browser-prodlike/playwright-output/wave-e-user-GAP-012-operat-b890e-arts-without-player-consent-chromium-mobile-390/trace.zip
    Usage:

        pnpm exec playwright show-trace ../../../../../../private/tmp/tab10-stage3-aggregate-ci-j6WviZ/browser-prodlike/playwright-output/wave-e-user-GAP-012-operat-b890e-arts-without-player-consent-chromium-mobile-390/trace.zip

    ────────────────────────────────────────────────────────────────────────────────────────────────

  55) [chromium-mobile-390] › tests/e2e/wave-e-user.spec.ts:182:5 › Wave E onboarding resume, tutorial return, restart and Help feedback 

    Error: browserType.launch: Target page, context or browser has been closed
    Browser logs:

    <launching> /Users/liubavskii/Library/Caches/ms-playwright/chromium_headless_shell-1243/chrome-headless-shell-mac-arm64/chrome-headless-shell --disable-field-trial-config --disable-background-networking --disable-background-timer-throttling --disable-backgrounding-occluded-windows --disable-back-forward-cache --disable-breakpad --disable-client-side-phishing-detection --disable-component-extensions-with-background-pages --disable-component-update --no-default-browser-check --disable-default-apps --disable-dev-shm-usage --disable-edgeupdater --disable-extensions --disable-features=AvoidUnnecessaryBeforeUnloadCheckSync,DestroyProfileOnBrowserClose,DialMediaRouteProvider,GlobalMediaControls,HttpsUpgrades,LensOverlay,MediaRouter,PaintHolding,ThirdPartyStoragePartitioning,BlockOriginHeaderModificationOnRedirect,Translate,AutoDeElevate,OptimizationHints,msForceBrowserSignIn,msEdgeUpdateLaunchServicesPreferredVersion --enable-features=CDPScreenshotNewSurface --allow-pre-commit-input --disable-hang-monitor --disable-ipc-flooding-protection --disable-popup-blocking --disable-prompt-on-repost --disable-renderer-backgrounding --disable-updater-scheduler --force-color-profile=srgb --metrics-recording-only --no-first-run --password-store=basic --use-mock-keychain --no-service-autorun --export-tagged-pdf --disable-search-engine-choice-screen --unsafely-disable-devtools-self-xss-warnings --edge-skip-compat-layer-relaunch --disable-infobars --disable-search-engine-choice-screen --disable-sync --enable-unsafe-swiftshader --headless --hide-scrollbars --mute-audio --blink-settings=primaryHoverType=2,availableHoverTypes=2,primaryPointerType=4,availablePointerTypes=4 --no-sandbox --user-data-dir=/var/folders/9c/gv6xyvzs3nn2yb2pnl0j00zr0000gn/T/playwright_chromiumdev_profile-hE87Lw --remote-debugging-pipe --no-startup-window
    <launched> pid=9993
    [pid=9993][err] [0919/031207.276780:ERROR:base/power_monitor/thermal_state_observer_mac.mm:140] ThermalStateObserverMac unable to register to power notifications. Result: 9
    [pid=9993][err] [0919/031207.278476:ERROR:net/dns/dns_config_service_posix.cc:138] DNS config watch failed to start.
    [pid=9993][err] [0919/031207.279059:FATAL:base/apple/mach_port_rendezvous_mac.cc:159] Check failed: kr == KERN_SUCCESS. bootstrap_check_in org.chromium.Chromium.MachPortRendezvousServer.9993: Permission denied (1100)
    Call log:
      - <launching> /Users/liubavskii/Library/Caches/ms-playwright/chromium_headless_shell-1243/chrome-headless-shell-mac-arm64/chrome-headless-shell --disable-field-trial-config --disable-background-networking --disable-background-timer-throttling --disable-backgrounding-occluded-windows --disable-back-forward-cache --disable-breakpad --disable-client-side-phishing-detection --disable-component-extensions-with-background-pages --disable-component-update --no-default-browser-check --disable-default-apps --disable-dev-shm-usage --disable-edgeupdater --disable-extensions --disable-features=AvoidUnnecessaryBeforeUnloadCheckSync,DestroyProfileOnBrowserClose,DialMediaRouteProvider,GlobalMediaControls,HttpsUpgrades,LensOverlay,MediaRouter,PaintHolding,ThirdPartyStoragePartitioning,BlockOriginHeaderModificationOnRedirect,Translate,AutoDeElevate,OptimizationHints,msForceBrowserSignIn,msEdgeUpdateLaunchServicesPreferredVersion --enable-features=CDPScreenshotNewSurface --allow-pre-commit-input --disable-hang-monitor --disable-ipc-flooding-protection --disable-popup-blocking --disable-prompt-on-repost --disable-renderer-backgrounding --disable-updater-scheduler --force-color-profile=srgb --metrics-recording-only --no-first-run --password-store=basic --use-mock-keychain --no-service-autorun --export-tagged-pdf --disable-search-engine-choice-screen --unsafely-disable-devtools-self-xss-warnings --edge-skip-compat-layer-relaunch --disable-infobars --disable-search-engine-choice-screen --disable-sync --enable-unsafe-swiftshader --headless --hide-scrollbars --mute-audio --blink-settings=primaryHoverType=2,availableHoverTypes=2,primaryPointerType=4,availablePointerTypes=4 --no-sandbox --user-data-dir=/var/folders/9c/gv6xyvzs3nn2yb2pnl0j00zr0000gn/T/playwright_chromiumdev_profile-hE87Lw --remote-debugging-pipe --no-startup-window
      - <launched> pid=9993
      - [pid=9993][err] [0919/031207.276780:ERROR:base/power_monitor/thermal_state_observer_mac.mm:140] ThermalStateObserverMac unable to register to power notifications. Result: 9
      - [pid=9993][err] [0919/031207.278476:ERROR:net/dns/dns_config_service_posix.cc:138] DNS config watch failed to start.
      - [pid=9993][err] [0919/031207.279059:FATAL:base/apple/mach_port_rendezvous_mac.cc:159] Check failed: kr == KERN_SUCCESS. bootstrap_check_in org.chromium.Chromium.MachPortRendezvousServer.9993: Permission denied (1100)
      - [pid=9993] <gracefully close start>
      - [pid=9993] <kill>
      - [pid=9993] <will force kill>
      - [pid=9993] exception while trying to kill process: Error: kill EPERM
      - [pid=9993] <process did exit: exitCode=null, signal=SIGTRAP>
      - [pid=9993] starting temporary directories cleanup
      - [pid=9993] finished temporary directories cleanup
      - [pid=9993] <gracefully close end>


    Error Context: ../../../../../../private/tmp/tab10-stage3-aggregate-ci-j6WviZ/browser-prodlike/playwright-output/wave-e-user-Wave-E-onboard-89f4d-n-restart-and-Help-feedback-chromium-mobile-390/error-context.md

    attachment #2: trace (application/zip) ─────────────────────────────────────────────────────────
    ../../../../../../private/tmp/tab10-stage3-aggregate-ci-j6WviZ/browser-prodlike/playwright-output/wave-e-user-Wave-E-onboard-89f4d-n-restart-and-Help-feedback-chromium-mobile-390/trace.zip
    Usage:

        pnpm exec playwright show-trace ../../../../../../private/tmp/tab10-stage3-aggregate-ci-j6WviZ/browser-prodlike/playwright-output/wave-e-user-Wave-E-onboard-89f4d-n-restart-and-Help-feedback-chromium-mobile-390/trace.zip

    ────────────────────────────────────────────────────────────────────────────────────────────────

  56) [chromium-mobile-390] › tests/e2e/wave-f-a11y.spec.ts:55:5 › Wave F auth geometry contrast and admin readable rows 

    Error: browserType.launch: Target page, context or browser has been closed
    Browser logs:

    <launching> /Users/liubavskii/Library/Caches/ms-playwright/chromium_headless_shell-1243/chrome-headless-shell-mac-arm64/chrome-headless-shell --disable-field-trial-config --disable-background-networking --disable-background-timer-throttling --disable-backgrounding-occluded-windows --disable-back-forward-cache --disable-breakpad --disable-client-side-phishing-detection --disable-component-extensions-with-background-pages --disable-component-update --no-default-browser-check --disable-default-apps --disable-dev-shm-usage --disable-edgeupdater --disable-extensions --disable-features=AvoidUnnecessaryBeforeUnloadCheckSync,DestroyProfileOnBrowserClose,DialMediaRouteProvider,GlobalMediaControls,HttpsUpgrades,LensOverlay,MediaRouter,PaintHolding,ThirdPartyStoragePartitioning,BlockOriginHeaderModificationOnRedirect,Translate,AutoDeElevate,OptimizationHints,msForceBrowserSignIn,msEdgeUpdateLaunchServicesPreferredVersion --enable-features=CDPScreenshotNewSurface --allow-pre-commit-input --disable-hang-monitor --disable-ipc-flooding-protection --disable-popup-blocking --disable-prompt-on-repost --disable-renderer-backgrounding --disable-updater-scheduler --force-color-profile=srgb --metrics-recording-only --no-first-run --password-store=basic --use-mock-keychain --no-service-autorun --export-tagged-pdf --disable-search-engine-choice-screen --unsafely-disable-devtools-self-xss-warnings --edge-skip-compat-layer-relaunch --disable-infobars --disable-search-engine-choice-screen --disable-sync --enable-unsafe-swiftshader --headless --hide-scrollbars --mute-audio --blink-settings=primaryHoverType=2,availableHoverTypes=2,primaryPointerType=4,availablePointerTypes=4 --no-sandbox --user-data-dir=/var/folders/9c/gv6xyvzs3nn2yb2pnl0j00zr0000gn/T/playwright_chromiumdev_profile-mX1FFA --remote-debugging-pipe --no-startup-window
    <launched> pid=9995
    [pid=9995][err] [0919/031207.865454:ERROR:base/power_monitor/thermal_state_observer_mac.mm:140] ThermalStateObserverMac unable to register to power notifications. Result: 9
    [pid=9995][err] [0919/031207.867206:ERROR:net/dns/dns_config_service_posix.cc:138] DNS config watch failed to start.
    [pid=9995][err] [0919/031207.867744:FATAL:base/apple/mach_port_rendezvous_mac.cc:159] Check failed: kr == KERN_SUCCESS. bootstrap_check_in org.chromium.Chromium.MachPortRendezvousServer.9995: Permission denied (1100)
    [pid=9995] <process did exit: exitCode=null, signal=SIGTRAP>
    [pid=9995] starting temporary directories cleanup
    Call log:
      - <launching> /Users/liubavskii/Library/Caches/ms-playwright/chromium_headless_shell-1243/chrome-headless-shell-mac-arm64/chrome-headless-shell --disable-field-trial-config --disable-background-networking --disable-background-timer-throttling --disable-backgrounding-occluded-windows --disable-back-forward-cache --disable-breakpad --disable-client-side-phishing-detection --disable-component-extensions-with-background-pages --disable-component-update --no-default-browser-check --disable-default-apps --disable-dev-shm-usage --disable-edgeupdater --disable-extensions --disable-features=AvoidUnnecessaryBeforeUnloadCheckSync,DestroyProfileOnBrowserClose,DialMediaRouteProvider,GlobalMediaControls,HttpsUpgrades,LensOverlay,MediaRouter,PaintHolding,ThirdPartyStoragePartitioning,BlockOriginHeaderModificationOnRedirect,Translate,AutoDeElevate,OptimizationHints,msForceBrowserSignIn,msEdgeUpdateLaunchServicesPreferredVersion --enable-features=CDPScreenshotNewSurface --allow-pre-commit-input --disable-hang-monitor --disable-ipc-flooding-protection --disable-popup-blocking --disable-prompt-on-repost --disable-renderer-backgrounding --disable-updater-scheduler --force-color-profile=srgb --metrics-recording-only --no-first-run --password-store=basic --use-mock-keychain --no-service-autorun --export-tagged-pdf --disable-search-engine-choice-screen --unsafely-disable-devtools-self-xss-warnings --edge-skip-compat-layer-relaunch --disable-infobars --disable-search-engine-choice-screen --disable-sync --enable-unsafe-swiftshader --headless --hide-scrollbars --mute-audio --blink-settings=primaryHoverType=2,availableHoverTypes=2,primaryPointerType=4,availablePointerTypes=4 --no-sandbox --user-data-dir=/var/folders/9c/gv6xyvzs3nn2yb2pnl0j00zr0000gn/T/playwright_chromiumdev_profile-mX1FFA --remote-debugging-pipe --no-startup-window
      - <launched> pid=9995
      - [pid=9995][err] [0919/031207.865454:ERROR:base/power_monitor/thermal_state_observer_mac.mm:140] ThermalStateObserverMac unable to register to power notifications. Result: 9
      - [pid=9995][err] [0919/031207.867206:ERROR:net/dns/dns_config_service_posix.cc:138] DNS config watch failed to start.
      - [pid=9995][err] [0919/031207.867744:FATAL:base/apple/mach_port_rendezvous_mac.cc:159] Check failed: kr == KERN_SUCCESS. bootstrap_check_in org.chromium.Chromium.MachPortRendezvousServer.9995: Permission denied (1100)
      - [pid=9995] <process did exit: exitCode=null, signal=SIGTRAP>
      - [pid=9995] starting temporary directories cleanup
      - [pid=9995] <gracefully close start>
      - [pid=9995] <kill>
      - [pid=9995] <skipped force kill spawnedProcess.killed=false processClosed=true>
      - [pid=9995] finished temporary directories cleanup
      - [pid=9995] <gracefully close end>


    Error Context: ../../../../../../private/tmp/tab10-stage3-aggregate-ci-j6WviZ/browser-prodlike/playwright-output/wave-f-a11y-Wave-F-auth-ge-05098-ast-and-admin-readable-rows-chromium-mobile-390/error-context.md

    attachment #2: trace (application/zip) ─────────────────────────────────────────────────────────
    ../../../../../../private/tmp/tab10-stage3-aggregate-ci-j6WviZ/browser-prodlike/playwright-output/wave-f-a11y-Wave-F-auth-ge-05098-ast-and-admin-readable-rows-chromium-mobile-390/trace.zip
    Usage:

        pnpm exec playwright show-trace ../../../../../../private/tmp/tab10-stage3-aggregate-ci-j6WviZ/browser-prodlike/playwright-output/wave-f-a11y-Wave-F-auth-ge-05098-ast-and-admin-readable-rows-chromium-mobile-390/trace.zip

    ────────────────────────────────────────────────────────────────────────────────────────────────

  57) [chromium-mobile-390] › tests/e2e/wave-f-a11y.spec.ts:113:5 › Wave F algorithm focus and bracket keyboard geometry 

    Error: browserType.launch: Target page, context or browser has been closed
    Browser logs:

    <launching> /Users/liubavskii/Library/Caches/ms-playwright/chromium_headless_shell-1243/chrome-headless-shell-mac-arm64/chrome-headless-shell --disable-field-trial-config --disable-background-networking --disable-background-timer-throttling --disable-backgrounding-occluded-windows --disable-back-forward-cache --disable-breakpad --disable-client-side-phishing-detection --disable-component-extensions-with-background-pages --disable-component-update --no-default-browser-check --disable-default-apps --disable-dev-shm-usage --disable-edgeupdater --disable-extensions --disable-features=AvoidUnnecessaryBeforeUnloadCheckSync,DestroyProfileOnBrowserClose,DialMediaRouteProvider,GlobalMediaControls,HttpsUpgrades,LensOverlay,MediaRouter,PaintHolding,ThirdPartyStoragePartitioning,BlockOriginHeaderModificationOnRedirect,Translate,AutoDeElevate,OptimizationHints,msForceBrowserSignIn,msEdgeUpdateLaunchServicesPreferredVersion --enable-features=CDPScreenshotNewSurface --allow-pre-commit-input --disable-hang-monitor --disable-ipc-flooding-protection --disable-popup-blocking --disable-prompt-on-repost --disable-renderer-backgrounding --disable-updater-scheduler --force-color-profile=srgb --metrics-recording-only --no-first-run --password-store=basic --use-mock-keychain --no-service-autorun --export-tagged-pdf --disable-search-engine-choice-screen --unsafely-disable-devtools-self-xss-warnings --edge-skip-compat-layer-relaunch --disable-infobars --disable-search-engine-choice-screen --disable-sync --enable-unsafe-swiftshader --headless --hide-scrollbars --mute-audio --blink-settings=primaryHoverType=2,availableHoverTypes=2,primaryPointerType=4,availablePointerTypes=4 --no-sandbox --user-data-dir=/var/folders/9c/gv6xyvzs3nn2yb2pnl0j00zr0000gn/T/playwright_chromiumdev_profile-9CEJdS --remote-debugging-pipe --no-startup-window
    <launched> pid=9998
    [pid=9998][err] [0919/031208.457804:ERROR:base/power_monitor/thermal_state_observer_mac.mm:140] ThermalStateObserverMac unable to register to power notifications. Result: 9
    [pid=9998][err] [0919/031208.459673:ERROR:net/dns/dns_config_service_posix.cc:138] DNS config watch failed to start.
    [pid=9998][err] [0919/031208.460237:FATAL:base/apple/mach_port_rendezvous_mac.cc:159] Check failed: kr == KERN_SUCCESS. bootstrap_check_in org.chromium.Chromium.MachPortRendezvousServer.9998: Permission denied (1100)
    [pid=9998] <process did exit: exitCode=null, signal=SIGTRAP>
    [pid=9998] starting temporary directories cleanup
    Call log:
      - <launching> /Users/liubavskii/Library/Caches/ms-playwright/chromium_headless_shell-1243/chrome-headless-shell-mac-arm64/chrome-headless-shell --disable-field-trial-config --disable-background-networking --disable-background-timer-throttling --disable-backgrounding-occluded-windows --disable-back-forward-cache --disable-breakpad --disable-client-side-phishing-detection --disable-component-extensions-with-background-pages --disable-component-update --no-default-browser-check --disable-default-apps --disable-dev-shm-usage --disable-edgeupdater --disable-extensions --disable-features=AvoidUnnecessaryBeforeUnloadCheckSync,DestroyProfileOnBrowserClose,DialMediaRouteProvider,GlobalMediaControls,HttpsUpgrades,LensOverlay,MediaRouter,PaintHolding,ThirdPartyStoragePartitioning,BlockOriginHeaderModificationOnRedirect,Translate,AutoDeElevate,OptimizationHints,msForceBrowserSignIn,msEdgeUpdateLaunchServicesPreferredVersion --enable-features=CDPScreenshotNewSurface --allow-pre-commit-input --disable-hang-monitor --disable-ipc-flooding-protection --disable-popup-blocking --disable-prompt-on-repost --disable-renderer-backgrounding --disable-updater-scheduler --force-color-profile=srgb --metrics-recording-only --no-first-run --password-store=basic --use-mock-keychain --no-service-autorun --export-tagged-pdf --disable-search-engine-choice-screen --unsafely-disable-devtools-self-xss-warnings --edge-skip-compat-layer-relaunch --disable-infobars --disable-search-engine-choice-screen --disable-sync --enable-unsafe-swiftshader --headless --hide-scrollbars --mute-audio --blink-settings=primaryHoverType=2,availableHoverTypes=2,primaryPointerType=4,availablePointerTypes=4 --no-sandbox --user-data-dir=/var/folders/9c/gv6xyvzs3nn2yb2pnl0j00zr0000gn/T/playwright_chromiumdev_profile-9CEJdS --remote-debugging-pipe --no-startup-window
      - <launched> pid=9998
      - [pid=9998][err] [0919/031208.457804:ERROR:base/power_monitor/thermal_state_observer_mac.mm:140] ThermalStateObserverMac unable to register to power notifications. Result: 9
      - [pid=9998][err] [0919/031208.459673:ERROR:net/dns/dns_config_service_posix.cc:138] DNS config watch failed to start.
      - [pid=9998][err] [0919/031208.460237:FATAL:base/apple/mach_port_rendezvous_mac.cc:159] Check failed: kr == KERN_SUCCESS. bootstrap_check_in org.chromium.Chromium.MachPortRendezvousServer.9998: Permission denied (1100)
      - [pid=9998] <process did exit: exitCode=null, signal=SIGTRAP>
      - [pid=9998] starting temporary directories cleanup
      - [pid=9998] <gracefully close start>
      - [pid=9998] <kill>
      - [pid=9998] <skipped force kill spawnedProcess.killed=false processClosed=true>
      - [pid=9998] finished temporary directories cleanup
      - [pid=9998] <gracefully close end>


    Error Context: ../../../../../../private/tmp/tab10-stage3-aggregate-ci-j6WviZ/browser-prodlike/playwright-output/wave-f-a11y-Wave-F-algorit-dd3bc-d-bracket-keyboard-geometry-chromium-mobile-390/error-context.md

    attachment #2: trace (application/zip) ─────────────────────────────────────────────────────────
    ../../../../../../private/tmp/tab10-stage3-aggregate-ci-j6WviZ/browser-prodlike/playwright-output/wave-f-a11y-Wave-F-algorit-dd3bc-d-bracket-keyboard-geometry-chromium-mobile-390/trace.zip
    Usage:

        pnpm exec playwright show-trace ../../../../../../private/tmp/tab10-stage3-aggregate-ci-j6WviZ/browser-prodlike/playwright-output/wave-f-a11y-Wave-F-algorit-dd3bc-d-bracket-keyboard-geometry-chromium-mobile-390/trace.zip

    ────────────────────────────────────────────────────────────────────────────────────────────────

  58) [chromium-mobile-390] › tests/e2e/wave-f-a11y.spec.ts:149:5 › Wave F judge disclosure score and landscape 

    Error: browserType.launch: Target page, context or browser has been closed
    Browser logs:

    <launching> /Users/liubavskii/Library/Caches/ms-playwright/chromium_headless_shell-1243/chrome-headless-shell-mac-arm64/chrome-headless-shell --disable-field-trial-config --disable-background-networking --disable-background-timer-throttling --disable-backgrounding-occluded-windows --disable-back-forward-cache --disable-breakpad --disable-client-side-phishing-detection --disable-component-extensions-with-background-pages --disable-component-update --no-default-browser-check --disable-default-apps --disable-dev-shm-usage --disable-edgeupdater --disable-extensions --disable-features=AvoidUnnecessaryBeforeUnloadCheckSync,DestroyProfileOnBrowserClose,DialMediaRouteProvider,GlobalMediaControls,HttpsUpgrades,LensOverlay,MediaRouter,PaintHolding,ThirdPartyStoragePartitioning,BlockOriginHeaderModificationOnRedirect,Translate,AutoDeElevate,OptimizationHints,msForceBrowserSignIn,msEdgeUpdateLaunchServicesPreferredVersion --enable-features=CDPScreenshotNewSurface --allow-pre-commit-input --disable-hang-monitor --disable-ipc-flooding-protection --disable-popup-blocking --disable-prompt-on-repost --disable-renderer-backgrounding --disable-updater-scheduler --force-color-profile=srgb --metrics-recording-only --no-first-run --password-store=basic --use-mock-keychain --no-service-autorun --export-tagged-pdf --disable-search-engine-choice-screen --unsafely-disable-devtools-self-xss-warnings --edge-skip-compat-layer-relaunch --disable-infobars --disable-search-engine-choice-screen --disable-sync --enable-unsafe-swiftshader --headless --hide-scrollbars --mute-audio --blink-settings=primaryHoverType=2,availableHoverTypes=2,primaryPointerType=4,availablePointerTypes=4 --no-sandbox --user-data-dir=/var/folders/9c/gv6xyvzs3nn2yb2pnl0j00zr0000gn/T/playwright_chromiumdev_profile-LSEhsp --remote-debugging-pipe --no-startup-window
    <launched> pid=10002
    [pid=10002][err] [0919/031209.045874:ERROR:base/power_monitor/thermal_state_observer_mac.mm:140] ThermalStateObserverMac unable to register to power notifications. Result: 9
    [pid=10002][err] [0919/031209.047391:ERROR:net/dns/dns_config_service_posix.cc:138] DNS config watch failed to start.
    [pid=10002][err] [0919/031209.047879:FATAL:base/apple/mach_port_rendezvous_mac.cc:159] Check failed: kr == KERN_SUCCESS. bootstrap_check_in org.chromium.Chromium.MachPortRendezvousServer.10002: Permission denied (1100)
    Call log:
      - <launching> /Users/liubavskii/Library/Caches/ms-playwright/chromium_headless_shell-1243/chrome-headless-shell-mac-arm64/chrome-headless-shell --disable-field-trial-config --disable-background-networking --disable-background-timer-throttling --disable-backgrounding-occluded-windows --disable-back-forward-cache --disable-breakpad --disable-client-side-phishing-detection --disable-component-extensions-with-background-pages --disable-component-update --no-default-browser-check --disable-default-apps --disable-dev-shm-usage --disable-edgeupdater --disable-extensions --disable-features=AvoidUnnecessaryBeforeUnloadCheckSync,DestroyProfileOnBrowserClose,DialMediaRouteProvider,GlobalMediaControls,HttpsUpgrades,LensOverlay,MediaRouter,PaintHolding,ThirdPartyStoragePartitioning,BlockOriginHeaderModificationOnRedirect,Translate,AutoDeElevate,OptimizationHints,msForceBrowserSignIn,msEdgeUpdateLaunchServicesPreferredVersion --enable-features=CDPScreenshotNewSurface --allow-pre-commit-input --disable-hang-monitor --disable-ipc-flooding-protection --disable-popup-blocking --disable-prompt-on-repost --disable-renderer-backgrounding --disable-updater-scheduler --force-color-profile=srgb --metrics-recording-only --no-first-run --password-store=basic --use-mock-keychain --no-service-autorun --export-tagged-pdf --disable-search-engine-choice-screen --unsafely-disable-devtools-self-xss-warnings --edge-skip-compat-layer-relaunch --disable-infobars --disable-search-engine-choice-screen --disable-sync --enable-unsafe-swiftshader --headless --hide-scrollbars --mute-audio --blink-settings=primaryHoverType=2,availableHoverTypes=2,primaryPointerType=4,availablePointerTypes=4 --no-sandbox --user-data-dir=/var/folders/9c/gv6xyvzs3nn2yb2pnl0j00zr0000gn/T/playwright_chromiumdev_profile-LSEhsp --remote-debugging-pipe --no-startup-window
      - <launched> pid=10002
      - [pid=10002][err] [0919/031209.045874:ERROR:base/power_monitor/thermal_state_observer_mac.mm:140] ThermalStateObserverMac unable to register to power notifications. Result: 9
      - [pid=10002][err] [0919/031209.047391:ERROR:net/dns/dns_config_service_posix.cc:138] DNS config watch failed to start.
      - [pid=10002][err] [0919/031209.047879:FATAL:base/apple/mach_port_rendezvous_mac.cc:159] Check failed: kr == KERN_SUCCESS. bootstrap_check_in org.chromium.Chromium.MachPortRendezvousServer.10002: Permission denied (1100)
      - [pid=10002] <gracefully close start>
      - [pid=10002] <kill>
      - [pid=10002] <will force kill>
      - [pid=10002] exception while trying to kill process: Error: kill EPERM
      - [pid=10002] <process did exit: exitCode=null, signal=SIGTRAP>
      - [pid=10002] starting temporary directories cleanup
      - [pid=10002] finished temporary directories cleanup
      - [pid=10002] <gracefully close end>


    Error Context: ../../../../../../private/tmp/tab10-stage3-aggregate-ci-j6WviZ/browser-prodlike/playwright-output/wave-f-a11y-Wave-F-judge-disclosure-score-and-landscape-chromium-mobile-390/error-context.md

    attachment #2: trace (application/zip) ─────────────────────────────────────────────────────────
    ../../../../../../private/tmp/tab10-stage3-aggregate-ci-j6WviZ/browser-prodlike/playwright-output/wave-f-a11y-Wave-F-judge-disclosure-score-and-landscape-chromium-mobile-390/trace.zip
    Usage:

        pnpm exec playwright show-trace ../../../../../../private/tmp/tab10-stage3-aggregate-ci-j6WviZ/browser-prodlike/playwright-output/wave-f-a11y-Wave-F-judge-disclosure-score-and-landscape-chromium-mobile-390/trace.zip

    ────────────────────────────────────────────────────────────────────────────────────────────────

  59) [chromium-mobile-390] › tests/e2e/wave-f-a11y.spec.ts:165:5 › Wave F onboarding heading and recovery states keep keyboard context 

    Error: browserType.launch: Target page, context or browser has been closed
    Browser logs:

    <launching> /Users/liubavskii/Library/Caches/ms-playwright/chromium_headless_shell-1243/chrome-headless-shell-mac-arm64/chrome-headless-shell --disable-field-trial-config --disable-background-networking --disable-background-timer-throttling --disable-backgrounding-occluded-windows --disable-back-forward-cache --disable-breakpad --disable-client-side-phishing-detection --disable-component-extensions-with-background-pages --disable-component-update --no-default-browser-check --disable-default-apps --disable-dev-shm-usage --disable-edgeupdater --disable-extensions --disable-features=AvoidUnnecessaryBeforeUnloadCheckSync,DestroyProfileOnBrowserClose,DialMediaRouteProvider,GlobalMediaControls,HttpsUpgrades,LensOverlay,MediaRouter,PaintHolding,ThirdPartyStoragePartitioning,BlockOriginHeaderModificationOnRedirect,Translate,AutoDeElevate,OptimizationHints,msForceBrowserSignIn,msEdgeUpdateLaunchServicesPreferredVersion --enable-features=CDPScreenshotNewSurface --allow-pre-commit-input --disable-hang-monitor --disable-ipc-flooding-protection --disable-popup-blocking --disable-prompt-on-repost --disable-renderer-backgrounding --disable-updater-scheduler --force-color-profile=srgb --metrics-recording-only --no-first-run --password-store=basic --use-mock-keychain --no-service-autorun --export-tagged-pdf --disable-search-engine-choice-screen --unsafely-disable-devtools-self-xss-warnings --edge-skip-compat-layer-relaunch --disable-infobars --disable-search-engine-choice-screen --disable-sync --enable-unsafe-swiftshader --headless --hide-scrollbars --mute-audio --blink-settings=primaryHoverType=2,availableHoverTypes=2,primaryPointerType=4,availablePointerTypes=4 --no-sandbox --user-data-dir=/var/folders/9c/gv6xyvzs3nn2yb2pnl0j00zr0000gn/T/playwright_chromiumdev_profile-b16nvC --remote-debugging-pipe --no-startup-window
    <launched> pid=10004
    [pid=10004][err] [0919/031209.634233:ERROR:base/power_monitor/thermal_state_observer_mac.mm:140] ThermalStateObserverMac unable to register to power notifications. Result: 9
    [pid=10004][err] [0919/031209.636012:ERROR:net/dns/dns_config_service_posix.cc:138] DNS config watch failed to start.
    [pid=10004][err] [0919/031209.636623:FATAL:base/apple/mach_port_rendezvous_mac.cc:159] Check failed: kr == KERN_SUCCESS. bootstrap_check_in org.chromium.Chromium.MachPortRendezvousServer.10004: Permission denied (1100)
    [pid=10004] <process did exit: exitCode=null, signal=SIGTRAP>
    [pid=10004] starting temporary directories cleanup
    Call log:
      - <launching> /Users/liubavskii/Library/Caches/ms-playwright/chromium_headless_shell-1243/chrome-headless-shell-mac-arm64/chrome-headless-shell --disable-field-trial-config --disable-background-networking --disable-background-timer-throttling --disable-backgrounding-occluded-windows --disable-back-forward-cache --disable-breakpad --disable-client-side-phishing-detection --disable-component-extensions-with-background-pages --disable-component-update --no-default-browser-check --disable-default-apps --disable-dev-shm-usage --disable-edgeupdater --disable-extensions --disable-features=AvoidUnnecessaryBeforeUnloadCheckSync,DestroyProfileOnBrowserClose,DialMediaRouteProvider,GlobalMediaControls,HttpsUpgrades,LensOverlay,MediaRouter,PaintHolding,ThirdPartyStoragePartitioning,BlockOriginHeaderModificationOnRedirect,Translate,AutoDeElevate,OptimizationHints,msForceBrowserSignIn,msEdgeUpdateLaunchServicesPreferredVersion --enable-features=CDPScreenshotNewSurface --allow-pre-commit-input --disable-hang-monitor --disable-ipc-flooding-protection --disable-popup-blocking --disable-prompt-on-repost --disable-renderer-backgrounding --disable-updater-scheduler --force-color-profile=srgb --metrics-recording-only --no-first-run --password-store=basic --use-mock-keychain --no-service-autorun --export-tagged-pdf --disable-search-engine-choice-screen --unsafely-disable-devtools-self-xss-warnings --edge-skip-compat-layer-relaunch --disable-infobars --disable-search-engine-choice-screen --disable-sync --enable-unsafe-swiftshader --headless --hide-scrollbars --mute-audio --blink-settings=primaryHoverType=2,availableHoverTypes=2,primaryPointerType=4,availablePointerTypes=4 --no-sandbox --user-data-dir=/var/folders/9c/gv6xyvzs3nn2yb2pnl0j00zr0000gn/T/playwright_chromiumdev_profile-b16nvC --remote-debugging-pipe --no-startup-window
      - <launched> pid=10004
      - [pid=10004][err] [0919/031209.634233:ERROR:base/power_monitor/thermal_state_observer_mac.mm:140] ThermalStateObserverMac unable to register to power notifications. Result: 9
      - [pid=10004][err] [0919/031209.636012:ERROR:net/dns/dns_config_service_posix.cc:138] DNS config watch failed to start.
      - [pid=10004][err] [0919/031209.636623:FATAL:base/apple/mach_port_rendezvous_mac.cc:159] Check failed: kr == KERN_SUCCESS. bootstrap_check_in org.chromium.Chromium.MachPortRendezvousServer.10004: Permission denied (1100)
      - [pid=10004] <process did exit: exitCode=null, signal=SIGTRAP>
      - [pid=10004] starting temporary directories cleanup
      - [pid=10004] <gracefully close start>
      - [pid=10004] <kill>
      - [pid=10004] <skipped force kill spawnedProcess.killed=false processClosed=true>
      - [pid=10004] finished temporary directories cleanup
      - [pid=10004] <gracefully close end>


    Error Context: ../../../../../../private/tmp/tab10-stage3-aggregate-ci-j6WviZ/browser-prodlike/playwright-output/wave-f-a11y-Wave-F-onboard-5d5fa-tates-keep-keyboard-context-chromium-mobile-390/error-context.md

    attachment #2: trace (application/zip) ─────────────────────────────────────────────────────────
    ../../../../../../private/tmp/tab10-stage3-aggregate-ci-j6WviZ/browser-prodlike/playwright-output/wave-f-a11y-Wave-F-onboard-5d5fa-tates-keep-keyboard-context-chromium-mobile-390/trace.zip
    Usage:

        pnpm exec playwright show-trace ../../../../../../private/tmp/tab10-stage3-aggregate-ci-j6WviZ/browser-prodlike/playwright-output/wave-f-a11y-Wave-F-onboard-5d5fa-tates-keep-keyboard-context-chromium-mobile-390/trace.zip

    ────────────────────────────────────────────────────────────────────────────────────────────────

  60) [chromium-mobile-390] › tests/e2e/wave-f-a11y.spec.ts:187:5 › Wave F dialog review recovers hidden removed and busy focus 

    Error: browserType.launch: Target page, context or browser has been closed
    Browser logs:

    <launching> /Users/liubavskii/Library/Caches/ms-playwright/chromium_headless_shell-1243/chrome-headless-shell-mac-arm64/chrome-headless-shell --disable-field-trial-config --disable-background-networking --disable-background-timer-throttling --disable-backgrounding-occluded-windows --disable-back-forward-cache --disable-breakpad --disable-client-side-phishing-detection --disable-component-extensions-with-background-pages --disable-component-update --no-default-browser-check --disable-default-apps --disable-dev-shm-usage --disable-edgeupdater --disable-extensions --disable-features=AvoidUnnecessaryBeforeUnloadCheckSync,DestroyProfileOnBrowserClose,DialMediaRouteProvider,GlobalMediaControls,HttpsUpgrades,LensOverlay,MediaRouter,PaintHolding,ThirdPartyStoragePartitioning,BlockOriginHeaderModificationOnRedirect,Translate,AutoDeElevate,OptimizationHints,msForceBrowserSignIn,msEdgeUpdateLaunchServicesPreferredVersion --enable-features=CDPScreenshotNewSurface --allow-pre-commit-input --disable-hang-monitor --disable-ipc-flooding-protection --disable-popup-blocking --disable-prompt-on-repost --disable-renderer-backgrounding --disable-updater-scheduler --force-color-profile=srgb --metrics-recording-only --no-first-run --password-store=basic --use-mock-keychain --no-service-autorun --export-tagged-pdf --disable-search-engine-choice-screen --unsafely-disable-devtools-self-xss-warnings --edge-skip-compat-layer-relaunch --disable-infobars --disable-search-engine-choice-screen --disable-sync --enable-unsafe-swiftshader --headless --hide-scrollbars --mute-audio --blink-settings=primaryHoverType=2,availableHoverTypes=2,primaryPointerType=4,availablePointerTypes=4 --no-sandbox --user-data-dir=/var/folders/9c/gv6xyvzs3nn2yb2pnl0j00zr0000gn/T/playwright_chromiumdev_profile-8TTC15 --remote-debugging-pipe --no-startup-window
    <launched> pid=10006
    [pid=10006][err] [0919/031210.216381:ERROR:base/power_monitor/thermal_state_observer_mac.mm:140] ThermalStateObserverMac unable to register to power notifications. Result: 9
    [pid=10006][err] [0919/031210.218186:ERROR:net/dns/dns_config_service_posix.cc:138] DNS config watch failed to start.
    [pid=10006][err] [0919/031210.218664:FATAL:base/apple/mach_port_rendezvous_mac.cc:159] Check failed: kr == KERN_SUCCESS. bootstrap_check_in org.chromium.Chromium.MachPortRendezvousServer.10006: Permission denied (1100)
    [pid=10006] <process did exit: exitCode=null, signal=SIGTRAP>
    [pid=10006] starting temporary directories cleanup
    Call log:
      - <launching> /Users/liubavskii/Library/Caches/ms-playwright/chromium_headless_shell-1243/chrome-headless-shell-mac-arm64/chrome-headless-shell --disable-field-trial-config --disable-background-networking --disable-background-timer-throttling --disable-backgrounding-occluded-windows --disable-back-forward-cache --disable-breakpad --disable-client-side-phishing-detection --disable-component-extensions-with-background-pages --disable-component-update --no-default-browser-check --disable-default-apps --disable-dev-shm-usage --disable-edgeupdater --disable-extensions --disable-features=AvoidUnnecessaryBeforeUnloadCheckSync,DestroyProfileOnBrowserClose,DialMediaRouteProvider,GlobalMediaControls,HttpsUpgrades,LensOverlay,MediaRouter,PaintHolding,ThirdPartyStoragePartitioning,BlockOriginHeaderModificationOnRedirect,Translate,AutoDeElevate,OptimizationHints,msForceBrowserSignIn,msEdgeUpdateLaunchServicesPreferredVersion --enable-features=CDPScreenshotNewSurface --allow-pre-commit-input --disable-hang-monitor --disable-ipc-flooding-protection --disable-popup-blocking --disable-prompt-on-repost --disable-renderer-backgrounding --disable-updater-scheduler --force-color-profile=srgb --metrics-recording-only --no-first-run --password-store=basic --use-mock-keychain --no-service-autorun --export-tagged-pdf --disable-search-engine-choice-screen --unsafely-disable-devtools-self-xss-warnings --edge-skip-compat-layer-relaunch --disable-infobars --disable-search-engine-choice-screen --disable-sync --enable-unsafe-swiftshader --headless --hide-scrollbars --mute-audio --blink-settings=primaryHoverType=2,availableHoverTypes=2,primaryPointerType=4,availablePointerTypes=4 --no-sandbox --user-data-dir=/var/folders/9c/gv6xyvzs3nn2yb2pnl0j00zr0000gn/T/playwright_chromiumdev_profile-8TTC15 --remote-debugging-pipe --no-startup-window
      - <launched> pid=10006
      - [pid=10006][err] [0919/031210.216381:ERROR:base/power_monitor/thermal_state_observer_mac.mm:140] ThermalStateObserverMac unable to register to power notifications. Result: 9
      - [pid=10006][err] [0919/031210.218186:ERROR:net/dns/dns_config_service_posix.cc:138] DNS config watch failed to start.
      - [pid=10006][err] [0919/031210.218664:FATAL:base/apple/mach_port_rendezvous_mac.cc:159] Check failed: kr == KERN_SUCCESS. bootstrap_check_in org.chromium.Chromium.MachPortRendezvousServer.10006: Permission denied (1100)
      - [pid=10006] <process did exit: exitCode=null, signal=SIGTRAP>
      - [pid=10006] starting temporary directories cleanup
      - [pid=10006] <gracefully close start>
      - [pid=10006] <kill>
      - [pid=10006] <skipped force kill spawnedProcess.killed=false processClosed=true>
      - [pid=10006] finished temporary directories cleanup
      - [pid=10006] <gracefully close end>


    Error Context: ../../../../../../private/tmp/tab10-stage3-aggregate-ci-j6WviZ/browser-prodlike/playwright-output/wave-f-a11y-Wave-F-dialog--ff63b-dden-removed-and-busy-focus-chromium-mobile-390/error-context.md

    attachment #2: trace (application/zip) ─────────────────────────────────────────────────────────
    ../../../../../../private/tmp/tab10-stage3-aggregate-ci-j6WviZ/browser-prodlike/playwright-output/wave-f-a11y-Wave-F-dialog--ff63b-dden-removed-and-busy-focus-chromium-mobile-390/trace.zip
    Usage:

        pnpm exec playwright show-trace ../../../../../../private/tmp/tab10-stage3-aggregate-ci-j6WviZ/browser-prodlike/playwright-output/wave-f-a11y-Wave-F-dialog--ff63b-dden-removed-and-busy-focus-chromium-mobile-390/trace.zip

    ────────────────────────────────────────────────────────────────────────────────────────────────

  60 failed
    [chromium-desktop] › tests/e2e/critical.spec.ts:109:5 › E2E_auth_match_judge__AT-MATCH-001_005_008_AT-JUDGE-001_003_006_007__finishes_disposable_match 
    [chromium-desktop] › tests/e2e/critical.spec.ts:157:5 › E2E_runtime_session_recovery__AT-AUTH-009__preserves_route_and_draft_without_replaying_mutation 
    [chromium-desktop] › tests/e2e/gap-012.spec.ts:53:5 › GAP-012 immutable consent policy and scoped admin post-bracket add 
    [chromium-desktop] › tests/e2e/production-smoke.spec.ts:13:5 › compiled web and API work through the same-origin production-like proxy 
    [chromium-desktop] › tests/e2e/stage2-home.spec.ts:7:5 › AT-HOME-003 Home keeps direct actions and all secondary routes at mobile and desktop 
    [chromium-desktop] › tests/e2e/stage2-home.spec.ts:63:5 › AT-HOME-003 Home keeps navigation after a fetch error 
    [chromium-desktop] › tests/e2e/stage2-home.spec.ts:83:5 › HOME-007 finished match keeps sides and score first with a side-specific winner mark 
    [chromium-desktop] › tests/e2e/stage2-home.spec.ts:139:5 › GAP-031 keeps overflow tasks collapsed until requested 
    [chromium-desktop] › tests/e2e/stage2-home.spec.ts:161:5 › GAP-030 explicit Home releases judge slot; Browser Back is measured separately 
    [chromium-desktop] › tests/e2e/wave-b.spec.ts:44:5 › Wave B AT-PROFILE-001..005 AT-RANK-005..006 own edit, revoke, team and private public card 
    [chromium-desktop] › tests/e2e/wave-b.spec.ts:124:5 › Wave B AT-VIS-003 history pagination and detail return keep context 
    [chromium-desktop] › tests/e2e/wave-c.spec.ts:38:5 › Wave C AT-MATCH-013_016 2v2 team selection, rules, no-show and hidden revenge 
    [chromium-desktop] › tests/e2e/wave-c.spec.ts:79:5 › Wave C AT-JUDGE-004_010 correction, undo and two-client handover preserve authority 
    [chromium-desktop] › tests/e2e/wave-c.spec.ts:135:5 › Wave C AT-JUDGE-001 creator starts while another club judge retains the slot 
    [chromium-desktop] › tests/e2e/wave-d-teams.spec.ts:23:5 › Wave D AT-TEAM-001..007 create, accept welcome, transfer, leave and automatic archive 
    [chromium-desktop] › tests/e2e/wave-d-tournaments.spec.ts:19:7 › Wave D tournament single_elimination/3 roster, seed edit, complete and results 
    [chromium-desktop] › tests/e2e/wave-d-tournaments.spec.ts:19:7 › Wave D tournament single_elimination/5 roster, seed edit, complete and results 
    [chromium-desktop] › tests/e2e/wave-d-tournaments.spec.ts:19:7 › Wave D tournament single_elimination/8 roster, seed edit, complete and results 
    [chromium-desktop] › tests/e2e/wave-d-tournaments.spec.ts:19:7 › Wave D tournament double_elimination/3 roster, seed edit, complete and results 
    [chromium-desktop] › tests/e2e/wave-d-tournaments.spec.ts:19:7 › Wave D tournament double_elimination/5 roster, seed edit, complete and results 
    [chromium-desktop] › tests/e2e/wave-d-tournaments.spec.ts:19:7 › Wave D tournament double_elimination/8 roster, seed edit, complete and results 
    [chromium-desktop] › tests/e2e/wave-d-tournaments.spec.ts:103:5 › Wave D tournament invalidation, dissolve, cancel and reasoned stop 
    [chromium-desktop] › tests/e2e/wave-e-admin.spec.ts:10:5 › Wave E ADM catalog, first login, profile, role and block lifecycle 
    [chromium-desktop] › tests/e2e/wave-e-user.spec.ts:95:5 › GAP-012 operator creates A-vs-B, edits it and starts without player consent 
    [chromium-desktop] › tests/e2e/wave-e-user.spec.ts:182:5 › Wave E onboarding resume, tutorial return, restart and Help feedback 
    [chromium-desktop] › tests/e2e/wave-f-a11y.spec.ts:55:5 › Wave F auth geometry contrast and admin readable rows 
    [chromium-desktop] › tests/e2e/wave-f-a11y.spec.ts:113:5 › Wave F algorithm focus and bracket keyboard geometry 
    [chromium-desktop] › tests/e2e/wave-f-a11y.spec.ts:149:5 › Wave F judge disclosure score and landscape 
    [chromium-desktop] › tests/e2e/wave-f-a11y.spec.ts:165:5 › Wave F onboarding heading and recovery states keep keyboard context 
    [chromium-desktop] › tests/e2e/wave-f-a11y.spec.ts:187:5 › Wave F dialog review recovers hidden removed and busy focus 
    [chromium-mobile-390] › tests/e2e/critical.spec.ts:109:5 › E2E_auth_match_judge__AT-MATCH-001_005_008_AT-JUDGE-001_003_006_007__finishes_disposable_match 
    [chromium-mobile-390] › tests/e2e/critical.spec.ts:157:5 › E2E_runtime_session_recovery__AT-AUTH-009__preserves_route_and_draft_without_replaying_mutation 
    [chromium-mobile-390] › tests/e2e/gap-012.spec.ts:53:5 › GAP-012 immutable consent policy and scoped admin post-bracket add 
    [chromium-mobile-390] › tests/e2e/production-smoke.spec.ts:13:5 › compiled web and API work through the same-origin production-like proxy 
    [chromium-mobile-390] › tests/e2e/stage2-home.spec.ts:7:5 › AT-HOME-003 Home keeps direct actions and all secondary routes at mobile and desktop 
    [chromium-mobile-390] › tests/e2e/stage2-home.spec.ts:63:5 › AT-HOME-003 Home keeps navigation after a fetch error 
    [chromium-mobile-390] › tests/e2e/stage2-home.spec.ts:83:5 › HOME-007 finished match keeps sides and score first with a side-specific winner mark 
    [chromium-mobile-390] › tests/e2e/stage2-home.spec.ts:139:5 › GAP-031 keeps overflow tasks collapsed until requested 
    [chromium-mobile-390] › tests/e2e/stage2-home.spec.ts:161:5 › GAP-030 explicit Home releases judge slot; Browser Back is measured separately 
    [chromium-mobile-390] › tests/e2e/wave-b.spec.ts:44:5 › Wave B AT-PROFILE-001..005 AT-RANK-005..006 own edit, revoke, team and private public card 
    [chromium-mobile-390] › tests/e2e/wave-b.spec.ts:124:5 › Wave B AT-VIS-003 history pagination and detail return keep context 
    [chromium-mobile-390] › tests/e2e/wave-c.spec.ts:38:5 › Wave C AT-MATCH-013_016 2v2 team selection, rules, no-show and hidden revenge 
    [chromium-mobile-390] › tests/e2e/wave-c.spec.ts:79:5 › Wave C AT-JUDGE-004_010 correction, undo and two-client handover preserve authority 
    [chromium-mobile-390] › tests/e2e/wave-c.spec.ts:135:5 › Wave C AT-JUDGE-001 creator starts while another club judge retains the slot 
    [chromium-mobile-390] › tests/e2e/wave-d-teams.spec.ts:23:5 › Wave D AT-TEAM-001..007 create, accept welcome, transfer, leave and automatic archive 
    [chromium-mobile-390] › tests/e2e/wave-d-tournaments.spec.ts:19:7 › Wave D tournament single_elimination/3 roster, seed edit, complete and results 
    [chromium-mobile-390] › tests/e2e/wave-d-tournaments.spec.ts:19:7 › Wave D tournament single_elimination/5 roster, seed edit, complete and results 
    [chromium-mobile-390] › tests/e2e/wave-d-tournaments.spec.ts:19:7 › Wave D tournament single_elimination/8 roster, seed edit, complete and results 
    [chromium-mobile-390] › tests/e2e/wave-d-tournaments.spec.ts:19:7 › Wave D tournament double_elimination/3 roster, seed edit, complete and results 
    [chromium-mobile-390] › tests/e2e/wave-d-tournaments.spec.ts:19:7 › Wave D tournament double_elimination/5 roster, seed edit, complete and results 
    [chromium-mobile-390] › tests/e2e/wave-d-tournaments.spec.ts:19:7 › Wave D tournament double_elimination/8 roster, seed edit, complete and results 
    [chromium-mobile-390] › tests/e2e/wave-d-tournaments.spec.ts:103:5 › Wave D tournament invalidation, dissolve, cancel and reasoned stop 
    [chromium-mobile-390] › tests/e2e/wave-e-admin.spec.ts:10:5 › Wave E ADM catalog, first login, profile, role and block lifecycle 
    [chromium-mobile-390] › tests/e2e/wave-e-user.spec.ts:95:5 › GAP-012 operator creates A-vs-B, edits it and starts without player consent 
    [chromium-mobile-390] › tests/e2e/wave-e-user.spec.ts:182:5 › Wave E onboarding resume, tutorial return, restart and Help feedback 
    [chromium-mobile-390] › tests/e2e/wave-f-a11y.spec.ts:55:5 › Wave F auth geometry contrast and admin readable rows 
    [chromium-mobile-390] › tests/e2e/wave-f-a11y.spec.ts:113:5 › Wave F algorithm focus and bracket keyboard geometry 
    [chromium-mobile-390] › tests/e2e/wave-f-a11y.spec.ts:149:5 › Wave F judge disclosure score and landscape 
    [chromium-mobile-390] › tests/e2e/wave-f-a11y.spec.ts:165:5 › Wave F onboarding heading and recovery states keep keyboard context 
    [chromium-mobile-390] › tests/e2e/wave-f-a11y.spec.ts:187:5 › Wave F dialog review recovers hidden removed and busy focus 
file:///Users/liubavskii/.codex/worktrees/c870/tab10/scripts/verify/assert-test-report.mjs:24
    throw new Error(
          ^

Error: /private/tmp/tab10-stage3-aggregate-ci-j6WviZ/browser-prodlike/playwright-results.json: expected 0 failed/skipped/todo/interrupted, got {"total":60,"passed":0,"failed":60,"skipped":0,"todo":0,"interrupted":0}
    at ensureZero (file:///Users/liubavskii/.codex/worktrees/c870/tab10/scripts/verify/assert-test-report.mjs:24:11)
    at assertPlaywrightReport (file:///Users/liubavskii/.codex/worktrees/c870/tab10/scripts/verify/assert-test-report.mjs:136:10)
    at async file:///Users/liubavskii/.codex/worktrees/c870/tab10/scripts/verify/run-prodlike-e2e.mjs:207:3

Node.js v24.20.0
 ELIFECYCLE  Command failed with exit code 1.

> Stop disposable PostgreSQL (tab10-verify-94933)
 Container tab10-verify-94933-postgres-verify-1 Stopping 
 Container tab10-verify-94933-postgres-verify-1 Stopped 
 Container tab10-verify-94933-postgres-verify-1 Removing 
 Container tab10-verify-94933-postgres-verify-1 Removed 
 Network tab10-verify-94933_default Removing 
 Network tab10-verify-94933_default Removed 
file:///Users/liubavskii/.codex/worktrees/c870/tab10/scripts/verify/lib.mjs:161
      reject(new Error(`${printable} exited with ${code ?? signal}`));
             ^

Error: Compiled same-origin browser verification exited with 1
    at ChildProcess.<anonymous> (file:///Users/liubavskii/.codex/worktrees/c870/tab10/scripts/verify/lib.mjs:161:14)
    at ChildProcess.wrapper (node:events:639:12)
    at ChildProcess.emit (node:events:514:28)
    at maybeClose (node:internal/child_process:1141:16)
    at Socket.<anonymous> (node:internal/child_process:498:11)
    at Socket.emit (node:events:514:28)
    at Pipe.<anonymous> (node:net:362:12)

Node.js v24.20.0
 ELIFECYCLE  Command failed with exit code 1.
 ELIFECYCLE  Command failed with exit code 1.
